timestamp,energy_kwh,temperature,humidity,wind_speed,PowerConsumption_Zone1,PowerConsumption_Zone2,PowerConsumption_Zone3
2023-01-01 00:00:00,32.59,4.9,71.6,4.7,15.34,11.11,6.49
2023-01-01 01:00:00,30.25,2.0,75.9,1.7,14.25,9.57,6.35
2023-01-01 02:00:00,30.16,5.6,75.7,4.0,14.22,9.19,6.51
2023-01-01 03:00:00,29.54,0.2,76.9,3.4,13.64,10.18,6.13
2023-01-01 04:00:00,22.33,6.0,67.3,2.8,10.94,7.01,4.44
2023-01-01 05:00:00,20.27,4.5,71.1,4.9,8.97,6.6,3.96
2023-01-01 06:00:00,24.05,7.1,74.3,1.5,10.73,7.88,4.82
2023-01-01 07:00:00,22.77,7.4,78.3,3.7,9.91,8.85,4.34
2023-01-01 08:00:00,21.74,8.6,76.9,5.9,9.82,7.93,4.36
2023-01-01 09:00:00,27.08,10.2,79.7,2.0,12.19,9.33,5.41
2023-01-01 10:00:00,27.38,11.8,70.3,2.4,12.41,9.42,5.4
2023-01-01 11:00:00,29.43,11.1,71.8,4.4,13.23,10.16,6.16
2023-01-01 12:00:00,31.96,14.0,66.0,5.2,14.85,11.0,6.04
2023-01-01 13:00:00,25.82,11.3,69.4,2.4,11.65,9.17,5.37
2023-01-01 14:00:00,24.23,13.1,78.7,2.8,10.86,8.05,5.21
2023-01-01 15:00:00,24.32,14.2,68.3,4.9,11.15,7.86,4.79
2023-01-01 16:00:00,20.38,13.9,69.0,2.5,8.55,7.63,4.18
2023-01-01 17:00:00,21.64,12.3,63.5,4.4,9.14,7.12,4.51
2023-01-01 18:00:00,17.83,10.0,74.0,1.8,7.91,6.55,4.0
2023-01-01 19:00:00,17.33,10.7,74.4,3.1,8.11,5.57,3.17
2023-01-01 20:00:00,26.58,7.1,81.0,4.6,11.98,9.68,5.26
2023-01-01 21:00:00,25.16,9.4,75.8,3.3,11.18,8.59,5.15
2023-01-01 22:00:00,28.71,5.5,76.8,0.6,13.0,9.86,5.78
2023-01-01 23:00:00,27.04,2.3,80.4,3.1,12.75,9.78,5.77
2023-01-02 00:00:00,38.84,2.0,81.3,2.5,16.93,14.22,7.38
2023-01-02 01:00:00,39.48,3.3,80.6,1.4,17.82,14.01,8.01
2023-01-02 02:00:00,33.58,3.3,86.4,0.5,14.54,11.81,6.8
2023-01-02 03:00:00,33.64,6.2,81.9,0.9,14.71,11.4,6.59
2023-01-02 04:00:00,27.45,2.2,85.1,7.3,12.4,9.58,5.93
2023-01-02 05:00:00,25.48,4.6,88.6,5.0,11.89,9.01,5.1
2023-01-02 06:00:00,23.7,4.0,65.9,7.1,10.78,8.72,4.72
2023-01-02 07:00:00,30.84,6.0,74.4,1.5,14.21,11.12,5.53
2023-01-02 08:00:00,28.92,10.6,71.2,3.9,13.13,10.36,6.22
2023-01-02 09:00:00,30.06,7.7,71.4,1.3,14.23,9.81,5.89
2023-01-02 10:00:00,38.51,11.5,65.6,0.7,17.65,14.2,7.74
2023-01-02 11:00:00,36.15,12.2,60.8,3.4,16.22,12.26,7.15
2023-01-02 12:00:00,40.73,12.4,67.6,4.3,18.81,14.1,8.31
2023-01-02 13:00:00,34.3,13.7,72.0,1.1,15.47,11.83,6.79
2023-01-02 14:00:00,33.13,11.3,74.3,2.9,15.21,11.4,6.54
2023-01-02 15:00:00,33.2,15.4,61.8,1.3,15.42,11.3,7.05
2023-01-02 16:00:00,30.8,15.3,66.7,2.8,14.64,11.06,6.3
2023-01-02 17:00:00,26.64,11.7,76.8,3.4,12.88,9.0,5.47
2023-01-02 18:00:00,24.91,14.2,59.3,2.7,12.18,7.82,4.72
2023-01-02 19:00:00,25.46,8.8,72.7,3.9,11.96,9.52,5.23
2023-01-02 20:00:00,25.26,8.7,75.0,4.0,11.33,9.13,4.83
2023-01-02 21:00:00,30.9,8.9,73.3,2.7,14.09,10.53,6.42
2023-01-02 22:00:00,35.3,4.9,82.4,3.0,15.56,11.84,7.19
2023-01-02 23:00:00,41.84,2.5,73.5,3.2,18.61,15.62,8.22
2023-01-03 00:00:00,41.16,1.3,77.4,2.9,18.61,14.29,8.29
2023-01-03 01:00:00,34.89,6.3,79.8,5.1,16.03,12.83,7.11
2023-01-03 02:00:00,37.36,2.3,72.8,1.6,16.49,12.89,7.76
2023-01-03 03:00:00,31.84,3.0,84.5,5.9,14.54,11.54,6.31
2023-01-03 04:00:00,27.36,2.1,83.8,2.7,11.58,8.46,5.77
2023-01-03 05:00:00,27.84,5.9,80.6,4.8,12.38,8.31,6.08
2023-01-03 06:00:00,27.88,4.4,76.4,6.2,12.95,10.38,5.85
2023-01-03 07:00:00,28.64,6.0,79.3,6.3,12.84,10.41,5.6
2023-01-03 08:00:00,26.95,8.5,67.9,3.3,12.83,9.73,5.69
2023-01-03 09:00:00,32.03,7.8,72.6,2.3,14.76,11.11,6.76
2023-01-03 10:00:00,37.38,10.3,71.8,4.1,15.9,14.23,7.78
2023-01-03 11:00:00,41.74,13.7,63.1,1.9,18.95,13.93,8.02
2023-01-03 12:00:00,39.1,13.0,69.5,5.3,17.61,14.18,7.25
2023-01-03 13:00:00,38.83,13.1,62.6,4.7,18.11,13.71,7.21
2023-01-03 14:00:00,33.79,13.4,69.3,5.3,14.56,11.31,6.31
2023-01-03 15:00:00,29.81,12.3,77.9,3.2,13.91,11.11,5.78
2023-01-03 16:00:00,31.08,15.4,59.3,3.8,14.73,11.19,6.23
2023-01-03 17:00:00,29.7,10.4,71.4,1.4,14.11,10.56,5.4
2023-01-03 18:00:00,57.78,10.9,62.9,4.6,25.95,20.32,11.66
2023-01-03 19:00:00,28.82,9.5,68.4,3.5,13.43,9.85,5.75
2023-01-03 20:00:00,29.96,9.6,76.0,3.6,13.68,10.51,6.1
2023-01-03 21:00:00,31.19,8.4,71.7,5.8,14.97,11.05,6.59
2023-01-03 22:00:00,37.46,5.5,81.1,5.2,17.3,14.09,7.61
2023-01-03 23:00:00,43.14,5.0,79.8,3.7,19.52,14.32,8.52
2023-01-04 00:00:00,40.31,4.2,78.6,2.8,18.27,13.38,7.75
2023-01-04 01:00:00,43.31,-0.2,79.1,3.3,18.97,15.04,8.62
2023-01-04 02:00:00,30.1,0.7,86.6,2.8,13.29,10.05,5.44
2023-01-04 03:00:00,34.95,2.3,82.8,1.7,15.72,11.7,7.15
2023-01-04 04:00:00,29.37,2.9,72.9,4.3,13.6,10.86,6.24
2023-01-04 05:00:00,25.66,2.7,75.9,4.6,10.83,9.15,5.07
2023-01-04 06:00:00,25.63,6.7,62.2,8.0,11.75,8.99,5.04
2023-01-04 07:00:00,21.44,6.7,69.1,3.3,9.29,7.18,4.19
2023-01-04 08:00:00,28.6,7.7,73.2,10.3,12.19,10.29,5.59
2023-01-04 09:00:00,33.79,7.4,69.8,1.9,14.75,11.85,6.82
2023-01-04 10:00:00,40.34,10.5,67.3,4.4,18.22,13.92,8.42
2023-01-04 11:00:00,38.1,7.6,81.8,9.7,17.35,13.93,8.17
2023-01-04 12:00:00,38.38,12.1,74.6,4.3,17.48,14.24,8.07
2023-01-04 13:00:00,38.14,13.0,65.0,3.3,17.05,13.91,7.66
2023-01-04 14:00:00,38.94,13.4,71.9,3.6,17.37,13.95,8.12
2023-01-04 15:00:00,33.72,10.5,77.4,5.8,15.26,11.94,6.7
2023-01-04 16:00:00,27.83,12.7,71.8,7.1,11.7,9.03,5.44
2023-01-04 17:00:00,27.69,10.0,73.5,3.3,12.54,9.89,5.83
2023-01-04 18:00:00,25.64,9.3,78.3,5.2,11.75,8.35,5.44
2023-01-04 19:00:00,28.83,10.4,75.4,7.0,12.39,10.43,5.79
2023-01-04 20:00:00,27.39,11.1,64.7,2.4,12.83,9.72,5.4
2023-01-04 21:00:00,32.08,6.8,74.9,3.5,13.81,10.77,6.16
2023-01-04 22:00:00,35.67,4.3,76.1,9.8,16.32,12.9,6.89
2023-01-04 23:00:00,35.74,4.8,84.0,2.8,15.59,11.8,7.02
2023-01-05 00:00:00,8.25,5.1,75.0,4.2,4.1,2.73,1.67
2023-01-05 01:00:00,40.14,4.1,75.3,4.4,18.07,14.19,7.75
2023-01-05 02:00:00,36.76,7.1,80.6,1.7,16.38,12.9,7.12
2023-01-05 03:00:00,32.41,2.1,82.8,5.4,15.05,10.96,6.32
2023-01-05 04:00:00,25.71,4.1,89.7,3.1,10.85,7.68,5.11
2023-01-05 05:00:00,25.45,6.8,71.5,3.5,11.83,9.2,4.8
2023-01-05 06:00:00,24.64,7.8,72.1,4.3,11.38,10.13,4.77
2023-01-05 07:00:00,24.49,3.8,85.0,3.1,11.04,8.83,5.06
2023-01-05 08:00:00,28.84,8.0,68.0,2.7,13.15,9.77,5.63
2023-01-05 09:00:00,34.01,11.5,76.7,3.8,14.48,12.09,6.8
2023-01-05 10:00:00,41.46,14.9,60.1,2.8,18.6,14.78,8.33
2023-01-05 11:00:00,39.93,12.6,71.9,3.2,17.91,14.09,8.04
2023-01-05 12:00:00,41.14,11.8,60.6,1.4,19.35,14.26,8.15
2023-01-05 13:00:00,39.3,11.3,70.6,5.8,17.32,13.95,7.71
2023-01-05 14:00:00,31.95,16.4,57.5,3.1,13.45,11.21,6.64
2023-01-05 15:00:00,32.93,13.9,76.9,1.2,14.91,12.49,5.97
2023-01-05 16:00:00,29.4,11.1,65.3,5.3,13.2,10.12,5.67
2023-01-05 17:00:00,32.66,11.3,66.3,0.6,14.47,11.43,6.8
2023-01-05 18:00:00,25.01,11.0,73.5,4.1,10.54,8.3,4.64
2023-01-05 19:00:00,27.25,10.1,68.8,4.7,11.81,9.57,5.35
2023-01-05 20:00:00,29.16,6.7,79.5,2.0,12.86,10.56,6.53
2023-01-05 21:00:00,30.07,5.8,73.5,1.6,13.48,10.44,6.26
2023-01-05 22:00:00,39.6,3.0,76.4,1.5,16.87,14.36,8.08
2023-01-05 23:00:00,41.37,6.0,76.6,9.5,19.3,14.95,8.26
2023-01-06 00:00:00,42.57,3.2,74.1,5.0,19.92,15.23,8.71
2023-01-06 01:00:00,37.31,3.9,81.3,2.6,16.25,13.64,7.84
2023-01-06 02:00:00,40.35,5.1,82.2,2.7,17.48,14.22,8.31
2023-01-06 03:00:00,29.58,3.5,82.5,4.3,12.81,10.08,6.31
2023-01-06 04:00:00,30.81,3.5,83.0,3.3,14.19,11.0,6.17
2023-01-06 05:00:00,32.07,4.8,68.7,2.4,14.35,10.54,6.3
2023-01-06 06:00:00,23.11,5.6,75.0,1.0,10.35,7.74,4.26
2023-01-06 07:00:00,25.18,8.6,72.6,5.3,12.2,8.97,5.18
2023-01-06 08:00:00,29.59,8.5,81.1,6.3,13.44,9.57,6.07
2023-01-06 09:00:00,31.83,8.5,70.9,2.0,14.85,11.04,6.22
2023-01-06 10:00:00,32.96,12.1,58.0,1.1,15.26,12.95,6.58
2023-01-06 11:00:00,39.76,13.4,62.9,1.5,18.05,14.33,7.5
2023-01-06 12:00:00,37.93,10.3,68.3,3.1,16.47,13.18,7.23
2023-01-06 13:00:00,40.77,15.1,55.0,2.5,18.36,13.91,8.05
2023-01-06 14:00:00,34.54,13.6,72.6,1.2,15.27,12.31,6.82
2023-01-06 15:00:00,36.96,13.3,60.2,3.3,16.82,12.55,7.14
2023-01-06 16:00:00,27.38,13.9,69.6,2.0,12.82,10.38,4.96
2023-01-06 17:00:00,25.79,10.7,65.7,1.1,11.06,8.48,5.31
2023-01-06 18:00:00,27.62,11.9,77.2,4.4,12.42,9.47,6.02
2023-01-06 19:00:00,23.52,8.7,72.1,3.9,11.12,8.13,5.05
2023-01-06 20:00:00,29.91,5.8,74.6,5.6,14.29,10.98,6.04
2023-01-06 21:00:00,36.36,5.2,80.4,2.5,15.58,12.93,7.21
2023-01-06 22:00:00,32.82,6.4,71.3,1.6,14.65,10.85,6.82
2023-01-06 23:00:00,40.05,3.1,83.2,2.8,18.17,13.2,8.11
2023-01-07 00:00:00,32.58,6.1,74.3,5.2,14.67,11.67,6.63
2023-01-07 01:00:00,33.13,5.0,75.1,2.2,14.6,10.72,6.12
2023-01-07 02:00:00,26.02,5.0,77.6,2.3,10.85,9.0,5.52
2023-01-07 03:00:00,23.0,3.4,74.5,1.7,10.28,7.92,4.48
2023-01-07 04:00:00,24.8,4.1,78.2,8.8,10.51,8.51,5.0
2023-01-07 05:00:00,22.18,2.7,82.5,7.8,9.91,7.95,4.2
2023-01-07 06:00:00,21.31,7.0,64.1,4.4,10.05,8.41,4.46
2023-01-07 07:00:00,22.3,7.3,80.7,2.1,10.58,7.72,4.31
2023-01-07 08:00:00,21.79,8.9,77.5,5.1,10.06,7.52,5.22
2023-01-07 09:00:00,26.89,11.8,60.5,4.0,13.13,8.74,5.21
2023-01-07 10:00:00,29.85,9.6,62.4,5.0,14.29,10.49,5.79
2023-01-07 11:00:00,29.39,11.4,74.6,6.0,12.69,10.05,6.14
2023-01-07 12:00:00,65.87,12.8,72.4,2.6,29.68,23.19,13.34
2023-01-07 13:00:00,32.36,11.4,73.4,6.6,15.25,11.5,7.02
2023-01-07 14:00:00,26.14,12.7,61.6,6.4,12.18,9.26,5.29
2023-01-07 15:00:00,27.95,13.6,76.9,3.8,13.19,9.0,6.22
2023-01-07 16:00:00,21.06,11.8,66.0,4.6,9.55,7.31,4.35
2023-01-07 17:00:00,23.4,13.5,69.0,3.1,9.29,8.07,4.75
2023-01-07 18:00:00,23.58,8.2,75.4,4.4,11.23,7.91,4.53
2023-01-07 19:00:00,19.38,11.0,78.8,3.8,8.93,6.69,4.0
2023-01-07 20:00:00,25.9,9.0,73.8,2.6,11.25,9.22,4.6
2023-01-07 21:00:00,27.34,5.9,79.0,2.6,12.15,9.42,5.51
2023-01-07 22:00:00,31.17,4.1,78.7,4.4,14.22,11.26,5.91
2023-01-07 23:00:00,35.92,1.3,76.4,7.5,15.48,12.55,6.86
2023-01-08 00:00:00,31.41,2.5,69.4,2.0,14.95,11.22,6.46
2023-01-08 01:00:00,29.38,4.7,78.5,3.0,13.07,9.82,5.8
2023-01-08 02:00:00,26.98,2.9,73.4,5.4,11.64,9.82,5.16
2023-01-08 03:00:00,24.35,4.9,79.9,1.5,11.87,8.88,5.5
2023-01-08 04:00:00,23.39,2.7,81.5,9.6,9.93,7.86,4.47
2023-01-08 05:00:00,22.38,5.5,78.0,4.5,9.74,8.08,4.44
2023-01-08 06:00:00,21.46,4.4,73.4,6.6,9.74,7.99,3.9
2023-01-08 07:00:00,23.59,5.3,82.9,5.7,10.63,8.19,4.67
2023-01-08 08:00:00,23.61,7.8,77.0,5.2,10.57,7.29,4.96
2023-01-08 09:00:00,30.03,8.3,68.1,0.8,13.63,11.05,6.11
2023-01-08 10:00:00,28.54,8.2,84.5,3.1,12.71,10.01,5.61
2023-01-08 11:00:00,38.07,11.3,69.4,2.0,16.71,13.25,8.18
2023-01-08 12:00:00,33.58,12.5,62.3,6.1,16.37,11.68,6.38
2023-01-08 13:00:00,29.12,14.7,62.5,4.5,14.1,10.29,5.91
2023-01-08 14:00:00,26.53,14.4,59.2,1.4,11.71,8.91,5.58
2023-01-08 15:00:00,27.6,14.7,73.2,2.8,12.02,11.0,5.65
2023-01-08 16:00:00,23.02,13.4,73.3,1.1,10.67,8.03,4.9
2023-01-08 17:00:00,23.31,12.0,73.3,4.9,10.59,8.94,4.61
2023-01-08 18:00:00,21.95,8.7,76.4,3.1,8.59,7.83,4.79
2023-01-08 19:00:00,21.34,9.5,78.8,2.2,9.29,7.42,4.28
2023-01-08 20:00:00,21.46,8.9,72.1,3.6,8.55,7.23,4.41
2023-01-08 21:00:00,22.61,8.9,75.4,0.9,9.86,7.95,4.22
2023-01-08 22:00:00,28.09,6.5,72.1,2.3,12.98,9.87,5.79
2023-01-08 23:00:00,33.41,6.3,75.6,1.9,15.19,10.22,6.4
2023-01-09 00:00:00,41.39,2.1,83.7,6.9,17.61,13.98,7.55
2023-01-09 01:00:00,36.74,2.7,65.4,2.9,16.37,12.84,7.5
2023-01-09 02:00:00,37.54,3.6,76.5,4.0,17.09,13.14,7.69
2023-01-09 03:00:00,34.32,4.9,78.9,3.5,15.97,10.96,7.28
2023-01-09 04:00:00,27.4,3.5,79.5,4.4,12.36,9.53,5.54
2023-01-09 05:00:00,27.24,4.3,76.5,2.4,12.43,10.07,5.61
2023-01-09 06:00:00,26.0,6.5,79.1,1.5,11.41,9.21,5.52
2023-01-09 07:00:00,24.0,5.0,74.4,1.2,10.5,8.58,4.61
2023-01-09 08:00:00,30.5,10.4,65.4,2.0,13.47,11.31,5.75
2023-01-09 09:00:00,34.76,8.0,80.3,3.4,15.65,12.92,6.89
2023-01-09 10:00:00,39.81,7.6,80.1,2.2,17.12,13.73,7.66
2023-01-09 11:00:00,8.5,11.6,67.1,3.2,3.2,3.81,2.04
2023-01-09 12:00:00,37.41,14.9,65.8,0.7,17.05,12.39,7.29
2023-01-09 13:00:00,37.51,13.7,71.8,4.2,16.82,12.93,7.44
2023-01-09 14:00:00,38.39,14.1,67.3,6.2,16.78,14.35,8.09
2023-01-09 15:00:00,34.64,12.9,71.2,0.9,15.62,12.4,7.25
2023-01-09 16:00:00,30.89,12.1,71.9,2.1,13.56,10.37,6.19
2023-01-09 17:00:00,36.49,9.2,71.3,2.6,16.6,12.39,7.53
2023-01-09 18:00:00,27.28,7.1,78.0,2.5,12.35,9.72,5.47
2023-01-09 19:00:00,29.7,9.6,67.7,0.9,13.26,10.21,5.89
2023-01-09 20:00:00,31.99,10.0,74.0,1.4,13.84,11.89,6.77
2023-01-09 21:00:00,34.98,7.2,75.0,6.6,15.33,11.3,7.15
2023-01-09 22:00:00,36.32,6.4,74.5,4.7,15.99,13.65,7.33
2023-01-09 23:00:00,41.75,6.8,69.6,7.6,18.21,14.81,8.28
2023-01-10 00:00:00,39.01,4.2,79.7,3.2,17.58,12.92,7.51
2023-01-10 01:00:00,39.34,3.0,80.6,6.2,17.83,14.09,7.85
2023-01-10 02:00:00,35.98,1.8,77.7,5.5,16.73,11.84,7.52
2023-01-10 03:00:00,33.64,6.2,68.6,6.1,15.08,11.11,6.98
2023-01-10 04:00:00,35.48,4.5,70.4,0.8,15.99,12.28,7.0
2023-01-10 05:00:00,22.28,3.1,79.1,4.4,9.63,8.53,4.65
2023-01-10 06:00:00,27.65,3.7,81.0,3.9,12.32,9.23,5.25
2023-01-10 07:00:00,22.91,8.6,82.9,3.8,10.51,8.56,4.6
2023-01-10 08:00:00,5.7,6.4,76.0,3.6,2.52,2.98,1.5
2023-01-10 09:00:00,36.16,12.1,61.4,5.3,17.38,12.85,7.46
2023-01-10 10:00:00,37.35,6.4,75.3,7.9,16.37,13.51,8.14
2023-01-10 11:00:00,37.24,13.7,73.9,5.6,15.91,12.46,7.49
2023-01-10 12:00:00,39.15,13.1,64.9,6.1,17.2,13.86,8.31
2023-01-10 13:00:00,41.63,13.0,74.0,3.5,19.51,15.2,8.09
2023-01-10 14:00:00,35.36,12.7,69.6,4.6,16.63,12.65,7.43
2023-01-10 15:00:00,33.98,15.7,68.4,3.1,15.13,11.66,6.5
2023-01-10 16:00:00,29.8,13.4,77.2,2.8,13.45,10.63,6.04
2023-01-10 17:00:00,25.31,10.2,62.6,6.4,11.92,8.71,5.34
2023-01-10 18:00:00,31.3,7.9,79.0,6.5,14.68,11.64,5.58
2023-01-10 19:00:00,28.53,9.6,72.1,4.5,11.72,9.5,5.5
2023-01-10 20:00:00,24.63,8.0,69.7,5.7,11.24,8.6,4.85
2023-01-10 21:00:00,33.9,4.4,78.2,2.8,16.01,12.75,6.93
2023-01-10 22:00:00,35.53,5.4,86.0,3.2,16.21,12.23,7.04
2023-01-10 23:00:00,42.06,3.6,86.3,5.6,18.0,15.25,8.04
2023-01-11 00:00:00,39.04,3.7,69.6,3.0,18.66,13.77,7.94
2023-01-11 01:00:00,39.73,4.3,75.0,0.9,18.23,14.47,7.36
2023-01-11 02:00:00,38.53,5.2,82.4,2.8,16.62,13.46,8.23
2023-01-11 03:00:00,35.68,4.5,78.4,3.0,15.79,12.21,6.82
2023-01-11 04:00:00,26.77,2.6,80.8,1.7,12.42,9.08,5.22
2023-01-11 05:00:00,26.19,5.0,70.1,2.8,11.59,9.55,5.04
2023-01-11 06:00:00,24.83,5.6,73.5,7.0,11.86,8.49,4.96
2023-01-11 07:00:00,25.39,4.7,71.5,5.9,11.87,9.77,4.82
2023-01-11 08:00:00,34.18,8.6,65.4,3.3,15.62,12.3,6.27
2023-01-11 09:00:00,34.53,12.1,63.2,4.7,15.12,11.92,6.84
2023-01-11 10:00:00,6.82,10.6,66.7,1.7,3.24,3.21,1.02
2023-01-11 11:00:00,42.31,9.2,69.2,5.0,20.12,14.74,8.58
2023-01-11 12:00:00,46.33,12.4,64.9,3.4,21.18,15.27,8.87
2023-01-11 13:00:00,42.6,11.0,75.9,4.8,19.54,14.73,8.09
2023-01-11 14:00:00,33.47,14.3,62.3,4.3,14.38,11.06,6.48
2023-01-11 15:00:00,32.31,13.6,74.8,2.2,14.36,11.48,6.64
2023-01-11 16:00:00,32.94,12.1,67.1,5.7,14.85,11.14,6.54
2023-01-11 17:00:00,25.26,11.0,72.9,3.9,11.41,9.27,5.67
2023-01-11 18:00:00,27.13,10.2,74.1,5.3,12.72,9.35,5.94
2023-01-11 19:00:00,28.96,9.3,68.3,1.3,12.47,11.53,6.15
2023-01-11 20:00:00,27.45,6.9,74.1,4.1,12.49,9.79,5.52
2023-01-11 21:00:00,33.37,4.6,75.9,2.5,15.09,11.93,6.63
2023-01-11 22:00:00,29.17,7.2,77.2,6.0,13.82,10.51,6.42
2023-01-11 23:00:00,37.45,3.9,78.7,7.3,16.98,13.26,7.29
2023-01-12 00:00:00,40.47,3.9,75.5,1.0,17.94,14.8,8.19
2023-01-12 01:00:00,36.97,3.6,80.3,4.8,15.59,13.11,7.34
2023-01-12 02:00:00,41.43,3.5,81.5,1.4,18.57,14.67,8.13
2023-01-12 03:00:00,30.02,1.4,91.5,5.9,13.53,10.71,6.06
2023-01-12 04:00:00,28.75,1.2,82.9,1.5,12.89,10.66,5.71
2023-01-12 05:00:00,27.43,3.6,79.7,2.0,12.99,9.36,5.79
2023-01-12 06:00:00,29.7,6.1,78.8,2.3,13.71,9.34,5.56
2023-01-12 07:00:00,23.51,5.6,72.5,4.8,10.33,8.39,4.52
2023-01-12 08:00:00,32.76,7.5,66.4,2.5,14.46,11.79,6.41
2023-01-12 09:00:00,33.62,12.5,67.4,4.0,15.22,11.27,6.92
2023-01-12 10:00:00,34.89,7.8,80.1,3.9,15.16,11.67,6.98
2023-01-12 11:00:00,41.25,10.4,77.7,3.0,18.45,13.99,7.93
2023-01-12 12:00:00,41.6,15.2,56.4,3.7,18.72,13.8,7.97
2023-01-12 13:00:00,38.59,12.8,72.0,1.5,17.0,13.79,8.16
2023-01-12 14:00:00,37.52,12.0,58.7,6.1,16.77,13.71,7.75
2023-01-12 15:00:00,32.63,14.6,68.8,2.0,14.26,10.9,6.07
2023-01-12 16:00:00,30.13,12.4,71.1,6.2,14.83,10.8,6.1
2023-01-12 17:00:00,28.76,11.0,62.1,3.6,13.79,10.17,5.77
2023-01-12 18:00:00,30.06,10.8,76.0,4.1,13.38,10.23,6.29
2023-01-12 19:00:00,24.01,8.3,82.7,2.3,10.3,8.96,4.79
2023-01-12 20:00:00,35.18,6.5,75.9,2.1,14.35,13.52,7.24
2023-01-12 21:00:00,28.72,6.6,76.8,3.5,12.21,9.41,5.64
2023-01-12 22:00:00,36.97,4.0,86.6,2.4,17.11,13.03,7.11
2023-01-12 23:00:00,41.56,4.5,73.0,3.1,18.64,14.53,7.9
2023-01-13 00:00:00,41.88,4.2,73.4,3.2,18.98,14.7,8.43
2023-01-13 01:00:00,38.61,4.5,74.4,2.4,17.66,13.37,7.45
2023-01-13 02:00:00,36.9,4.7,78.5,2.5,16.39,13.24,7.32
2023-01-13 03:00:00,32.44,2.6,81.1,8.1,15.17,11.44,6.77
2023-01-13 04:00:00,28.45,4.5,75.9,4.0,13.06,9.27,5.66
2023-01-13 05:00:00,29.3,5.2,76.2,5.7,13.09,10.23,5.52
2023-01-13 06:00:00,27.07,6.0,74.1,0.9,12.13,9.62,5.19
2023-01-13 07:00:00,25.45,6.0,74.3,0.5,12.01,9.55,5.31
2023-01-13 08:00:00,32.17,6.5,72.4,3.6,14.88,11.06,6.22
2023-01-13 09:00:00,34.44,10.1,68.1,5.6,14.76,12.14,6.97
2023-01-13 10:00:00,39.46,8.0,64.4,4.1,18.38,13.37,8.28
2023-01-13 11:00:00,41.74,11.2,69.5,4.2,18.93,15.32,8.06
2023-01-13 12:00:00,39.1,8.5,64.0,1.6,17.38,13.75,8.12
2023-01-13 13:00:00,38.77,10.9,74.7,8.3,17.0,14.4,8.07
2023-01-13 14:00:00,39.29,11.7,67.1,3.7,17.56,13.66,8.1
2023-01-13 15:00:00,35.2,14.5,66.0,1.4,15.83,12.25,6.97
2023-01-13 16:00:00,29.87,13.4,66.1,3.1,12.98,10.56,6.05
2023-01-13 17:00:00,27.47,10.7,69.9,1.2,12.52,9.9,5.47
2023-01-13 18:00:00,29.37,11.6,76.4,3.1,12.62,11.07,5.87
2023-01-13 19:00:00,25.7,10.7,64.5,4.7,10.35,9.73,4.88
2023-01-13 20:00:00,31.29,7.8,66.5,2.7,14.11,10.56,5.77
2023-01-13 21:00:00,33.17,4.7,79.0,2.6,15.19,11.47,6.27
2023-01-13 22:00:00,36.88,5.2,75.3,3.6,17.04,11.67,7.84
2023-01-13 23:00:00,42.92,4.3,80.6,3.5,19.9,14.49,9.23
2023-01-14 00:00:00,34.56,1.9,85.3,3.4,14.74,12.1,7.71
2023-01-14 01:00:00,33.78,3.8,73.9,3.6,15.31,12.78,6.7
2023-01-14 02:00:00,32.95,3.5,82.9,0.9,15.28,10.77,6.38
2023-01-14 03:00:00,26.92,3.9,74.2,3.4,12.14,10.04,5.51
2023-01-14 04:00:00,25.76,4.1,79.4,9.3,11.56,8.93,4.96
2023-01-14 05:00:00,21.22,5.6,71.1,5.1,9.79,7.79,4.76
2023-01-14 06:00:00,22.06,5.3,78.3,2.5,10.48,7.64,4.44
2023-01-14 07:00:00,21.67,7.1,75.4,4.5,9.76,7.83,4.5
2023-01-14 08:00:00,24.3,7.5,69.5,2.7,11.08,8.11,4.4
2023-01-14 09:00:00,28.36,8.5,67.0,2.0,12.42,9.02,5.94
2023-01-14 10:00:00,27.64,12.6,72.7,5.2,12.04,9.92,5.17
2023-01-14 11:00:00,36.97,8.5,71.5,2.1,15.88,13.53,7.7
2023-01-14 12:00:00,29.98,13.7,72.6,5.9,12.57,10.68,5.71
2023-01-14 13:00:00,28.71,11.9,66.9,2.9,13.2,10.77,5.42
2023-01-14 14:00:00,32.58,11.9,76.2,5.0,14.59,10.88,6.65
2023-01-14 15:00:00,28.85,13.3,63.3,2.3,12.91,10.47,5.74
2023-01-14 16:00:00,46.11,10.1,79.2,4.4,21.11,15.99,8.76
2023-01-14 17:00:00,23.57,10.4,72.4,2.1,11.53,9.26,4.47
2023-01-14 18:00:00,21.22,9.3,74.9,0.6,9.6,6.72,4.39
2023-01-14 19:00:00,45.44,9.0,68.2,5.5,19.85,16.03,8.89
2023-01-14 20:00:00,24.25,6.8,79.4,5.9,10.94,8.22,4.74
2023-01-14 21:00:00,25.18,9.2,76.8,6.2,11.76,8.31,4.99
2023-01-14 22:00:00,32.12,8.2,72.5,0.8,13.58,11.88,6.17
2023-01-14 23:00:00,31.37,1.5,71.6,5.1,14.71,10.18,6.06
2023-01-15 00:00:00,30.5,4.6,73.0,5.7,13.27,10.37,5.81
2023-01-15 01:00:00,31.01,4.5,73.0,2.6,14.66,10.75,6.64
2023-01-15 02:00:00,30.79,3.9,81.6,3.4,13.78,10.55,6.48
2023-01-15 03:00:00,25.53,2.3,79.0,3.1,11.02,9.14,5.08
2023-01-15 04:00:00,22.07,3.4,77.7,3.2,10.21,7.64,4.34
2023-01-15 05:00:00,22.68,3.4,77.1,5.8,9.86,7.69,4.8
2023-01-15 06:00:00,21.93,4.9,85.4,3.1,8.7,8.16,4.29
2023-01-15 07:00:00,20.8,5.0,78.3,2.5,9.22,7.24,3.56
2023-01-15 08:00:00,22.95,7.9,75.5,1.6,11.15,8.29,4.4
2023-01-15 09:00:00,27.52,7.1,72.4,4.5,11.99,8.88,5.61
2023-01-15 10:00:00,26.13,10.3,71.5,1.3,10.9,8.84,5.13
2023-01-15 11:00:00,28.29,9.7,67.4,1.1,12.2,9.72,5.74
2023-01-15 12:00:00,30.77,12.7,70.5,4.5,13.55,11.43,6.27
2023-01-15 13:00:00,31.28,11.9,64.0,4.6,14.83,11.31,6.79
2023-01-15 14:00:00,30.53,13.5,71.5,2.0,12.86,9.68,6.09
2023-01-15 15:00:00,30.63,14.5,62.9,7.5,13.62,10.99,6.56
2023-01-15 16:00:00,26.27,14.8,71.0,5.3,11.16,10.17,5.43
2023-01-15 17:00:00,21.67,7.8,84.2,4.6,9.98,7.89,4.22
2023-01-15 18:00:00,21.27,9.3,72.8,5.0,10.1,6.92,4.8
2023-01-15 19:00:00,19.56,8.9,79.9,3.1,9.01,6.74,4.55
2023-01-15 20:00:00,24.08,8.8,77.2,3.3,10.92,8.68,4.7
2023-01-15 21:00:00,26.22,4.3,71.7,6.1,11.21,8.76,5.2
2023-01-15 22:00:00,30.56,4.1,79.6,0.7,13.53,10.79,6.44
2023-01-15 23:00:00,29.74,4.7,80.8,5.4,13.41,11.07,6.25
2023-01-16 00:00:00,42.68,3.9,82.3,3.3,19.9,15.21,8.43
2023-01-16 01:00:00,44.21,3.8,80.3,3.4,19.28,15.21,8.98
2023-01-16 02:00:00,37.36,3.8,80.3,2.7,16.44,13.82,7.4
2023-01-16 03:00:00,34.89,3.8,79.5,4.1,15.83,11.67,6.33
2023-01-16 04:00:00,31.86,4.1,79.8,4.5,14.97,11.32,6.56
2023-01-16 05:00:00,26.38,4.6,72.3,1.8,11.54,8.44,5.58
2023-01-16 06:00:00,26.94,6.6,74.9,3.9,13.23,8.85,4.71
2023-01-16 07:00:00,27.42,3.4,72.6,3.4,12.02,9.24,5.81
2023-01-16 08:00:00,30.38,10.4,69.0,5.2,13.11,10.95,5.86
2023-01-16 09:00:00,31.95,6.1,73.7,3.8,14.2,11.38,6.28
2023-01-16 10:00:00,37.69,9.0,70.0,3.2,16.54,13.11,7.3
2023-01-16 11:00:00,41.62,11.3,65.2,3.7,18.8,15.09,8.63
2023-01-16 12:00:00,45.01,13.4,69.2,3.5,20.67,15.78,9.01
2023-01-16 13:00:00,42.78,8.4,72.3,7.0,19.63,15.42,7.96
2023-01-16 14:00:00,43.01,13.1,66.2,2.6,19.75,15.68,8.48
2023-01-16 15:00:00,31.96,14.1,60.0,0.8,14.2,10.83,6.61
2023-01-16 16:00:00,32.31,13.9,65.8,4.4,14.59,10.98,6.72
2023-01-16 17:00:00,27.84,10.6,77.0,4.1,11.76,8.96,5.52
2023-01-16 18:00:00,31.86,10.1,77.6,6.6,13.82,11.13,6.31
2023-01-16 19:00:00,25.37,8.5,75.7,1.5,11.91,9.6,5.42
2023-01-16 20:00:00,28.03,7.5,73.5,3.6,12.51,10.02,5.61
2023-01-16 21:00:00,32.38,5.3,80.5,1.7,14.55,11.52,6.73
2023-01-16 22:00:00,32.32,4.3,75.6,3.3,14.73,11.82,6.05
2023-01-16 23:00:00,39.06,5.2,76.3,5.4,16.51,14.46,7.7
2023-01-17 00:00:00,39.55,4.0,75.5,5.9,17.95,14.1,7.89
2023-01-17 01:00:00,40.82,4.0,83.7,5.7,18.14,14.64,8.83
2023-01-17 02:00:00,38.55,3.4,83.8,3.8,17.74,13.48,7.56
2023-01-17 03:00:00,38.64,4.3,78.6,4.3,17.33,13.71,7.6
2023-01-17 04:00:00,32.57,5.1,86.5,3.8,14.17,11.89,6.73
2023-01-17 05:00:00,26.01,2.0,83.7,3.9,11.58,8.85,5.42
2023-01-17 06:00:00,24.2,4.3,80.6,6.2,10.28,8.45,4.89
2023-01-17 07:00:00,28.68,6.5,77.5,2.1,13.56,9.73,5.98
2023-01-17 08:00:00,26.89,8.1,68.0,3.2,12.29,9.75,5.44
2023-01-17 09:00:00,38.52,8.4,69.4,4.1,17.88,13.42,8.22
2023-01-17 10:00:00,40.64,12.0,69.3,5.1,18.73,14.42,8.56
2023-01-17 11:00:00,39.27,14.6,66.2,5.1,17.29,12.76,8.14
2023-01-17 12:00:00,37.16,12.7,71.7,1.5,16.81,12.27,7.68
2023-01-17 13:00:00,43.82,13.1,65.0,2.1,19.9,15.76,9.43
2023-01-17 14:00:00,37.41,14.4,67.1,6.6,17.18,12.68,7.52
2023-01-17 15:00:00,37.04,10.2,72.3,2.8,17.02,12.47,7.15
2023-01-17 16:00:00,26.21,12.5,69.6,0.5,11.57,8.74,5.39
2023-01-17 17:00:00,25.95,13.1,68.3,2.0,11.99,9.18,5.38
2023-01-17 18:00:00,26.46,9.7,65.4,7.9,12.08,9.02,5.2
2023-01-17 19:00:00,27.57,7.6,63.6,2.6,11.96,9.43,5.72
2023-01-17 20:00:00,29.07,7.8,69.9,4.1,12.78,9.85,5.43
2023-01-17 21:00:00,35.5,6.7,73.3,4.8,16.28,12.79,7.14
2023-01-17 22:00:00,35.03,4.3,73.0,4.3,15.72,12.05,7.78
2023-01-17 23:00:00,40.08,7.7,74.4,2.9,17.99,13.87,8.27
2023-01-18 00:00:00,41.81,3.1,85.7,3.2,18.47,14.24,8.6
2023-01-18 01:00:00,41.79,1.6,85.7,5.7,19.33,14.84,8.03
2023-01-18 02:00:00,39.53,3.0,82.7,4.4,18.45,14.72,7.46
2023-01-18 03:00:00,31.19,4.7,83.3,0.7,13.73,11.22,6.04
2023-01-18 04:00:00,26.42,3.8,74.8,2.0,12.3,9.55,5.62
2023-01-18 05:00:00,30.7,5.3,75.3,2.5,14.14,11.23,6.5
2023-01-18 06:00:00,27.34,4.3,81.9,2.9,12.04,9.35,5.85
2023-01-18 07:00:00,25.64,9.1,70.7,3.9,11.27,8.89,5.73
2023-01-18 08:00:00,34.13,9.0,71.1,2.9,15.71,11.02,7.15
2023-01-18 09:00:00,34.29,11.0,80.1,5.6,14.57,12.26,6.69
2023-01-18 10:00:00,40.7,11.2,71.0,3.4,17.25,14.24,8.01
2023-01-18 11:00:00,40.67,12.9,77.3,3.5,18.93,13.92,8.09
2023-01-18 12:00:00,46.66,11.2,61.5,3.2,21.02,16.42,8.7
2023-01-18 13:00:00,103.24,12.2,66.2,2.6,46.68,37.04,20.26
2023-01-18 14:00:00,37.13,15.2,67.8,4.8,17.94,13.02,7.47
2023-01-18 15:00:00,36.43,15.3,66.1,2.2,16.51,12.85,7.11
2023-01-18 16:00:00,31.87,10.8,60.8,4.6,14.56,12.06,6.46
2023-01-18 17:00:00,30.93,12.1,68.4,3.7,13.81,11.41,6.16
2023-01-18 18:00:00,24.09,10.0,84.4,1.4,10.62,8.88,5.09
2023-01-18 19:00:00,67.22,8.4,75.2,0.6,29.66,24.45,13.82
2023-01-18 20:00:00,32.9,8.6,76.7,1.8,15.1,11.08,6.55
2023-01-18 21:00:00,29.61,8.6,70.5,5.1,13.38,11.39,5.6
2023-01-18 22:00:00,34.8,6.3,77.6,3.0,15.18,12.68,7.14
2023-01-18 23:00:00,35.4,4.1,79.0,5.4,16.42,13.02,7.55
2023-01-19 00:00:00,40.89,4.6,84.0,3.5,18.14,14.64,7.97
2023-01-19 01:00:00,76.23,2.8,86.1,0.8,34.36,26.28,15.11
2023-01-19 02:00:00,41.57,3.8,81.5,5.8,18.99,13.64,8.04
2023-01-19 03:00:00,34.25,5.5,77.8,7.0,15.53,12.18,6.59
2023-01-19 04:00:00,34.38,0.7,74.7,1.2,15.39,11.74,6.35
2023-01-19 05:00:00,24.11,5.8,68.4,2.1,10.19,8.09,4.85
2023-01-19 06:00:00,22.3,3.4,80.4,4.8,10.16,7.6,4.84
2023-01-19 07:00:00,27.43,8.7,77.9,10.3,12.84,8.34,5.9
2023-01-19 08:00:00,31.27,7.2,82.0,6.1,13.51,10.44,6.09
2023-01-19 09:00:00,33.98,7.7,70.4,1.4,14.63,11.14,6.98
2023-01-19 10:00:00,32.64,11.7,62.4,4.1,15.43,10.82,6.14
2023-01-19 11:00:00,40.33,12.3,73.9,4.4,17.66,13.71,8.17
2023-01-19 12:00:00,38.3,11.0,66.7,4.2,16.96,13.33,6.8
2023-01-19 13:00:00,42.23,11.1,62.8,3.9,18.86,15.03,8.55
2023-01-19 14:00:00,38.73,12.9,66.0,2.5,17.84,14.47,7.66
2023-01-19 15:00:00,31.71,11.2,68.0,4.5,13.56,10.42,6.1
2023-01-19 16:00:00,29.03,10.9,77.5,4.8,12.92,10.74,6.31
2023-01-19 17:00:00,24.92,11.9,74.1,3.9,10.64,8.53,4.82
2023-01-19 18:00:00,5.28,9.2,69.2,3.5,3.41,0.78,1.01
2023-01-19 19:00:00,29.95,10.1,78.8,2.1,13.18,10.0,5.58
2023-01-19 20:00:00,27.85,10.4,72.1,3.8,12.04,10.11,5.41
2023-01-19 21:00:00,35.32,6.7,81.3,1.6,15.54,12.42,6.92
2023-01-19 22:00:00,36.48,5.9,83.6,1.2,16.33,11.81,7.54
2023-01-19 23:00:00,38.57,7.7,73.5,5.2,17.44,13.67,8.26
2023-01-20 00:00:00,41.35,2.1,84.3,4.5,18.96,13.92,8.57
2023-01-20 01:00:00,38.02,5.2,75.7,4.3,16.71,13.02,8.07
2023-01-20 02:00:00,36.48,4.8,82.9,6.9,16.04,12.62,7.73
2023-01-20 03:00:00,31.12,4.7,78.8,2.9,12.97,10.93,6.14
2023-01-20 04:00:00,35.27,5.8,81.8,3.0,15.33,12.67,7.48
2023-01-20 05:00:00,27.71,5.1,85.5,3.1,12.16,9.85,5.54
2023-01-20 06:00:00,24.86,4.8,80.9,3.4,11.96,9.19,4.61
2023-01-20 07:00:00,28.15,8.6,73.2,3.6,12.71,10.07,5.55
2023-01-20 08:00:00,30.08,9.9,71.7,5.2,13.36,10.64,5.86
2023-01-20 09:00:00,33.56,11.2,55.8,2.1,15.87,11.56,7.0
2023-01-20 10:00:00,39.4,10.8,67.5,3.2,17.6,13.42,7.76
2023-01-20 11:00:00,42.5,10.7,75.8,3.6,18.71,15.48,8.65
2023-01-20 12:00:00,40.29,12.8,73.4,1.8,17.72,13.81,8.17
2023-01-20 13:00:00,39.17,14.5,63.0,4.7,17.07,14.59,7.84
2023-01-20 14:00:00,37.18,14.8,67.1,1.0,16.33,13.5,7.47
2023-01-20 15:00:00,28.36,12.4,68.2,4.0,12.79,10.47,5.67
2023-01-20 16:00:00,26.57,13.0,71.8,2.0,11.86,8.94,4.96
2023-01-20 17:00:00,31.03,9.8,83.3,0.5,14.49,11.35,6.07
2023-01-20 18:00:00,30.73,12.2,72.9,2.6,13.99,11.7,6.38
2023-01-20 19:00:00,27.0,8.3,70.6,3.2,12.64,10.02,5.05
2023-01-20 20:00:00,31.8,9.4,72.3,5.5,15.0,12.23,6.44
2023-01-20 21:00:00,34.89,5.2,84.8,3.1,16.08,12.48,7.08
2023-01-20 22:00:00,45.56,7.3,68.2,6.7,20.07,16.64,8.78
2023-01-20 23:00:00,43.41,5.2,74.7,5.8,19.44,15.49,9.0
2023-01-21 00:00:00,32.59,2.8,84.2,2.0,15.23,10.71,6.72
2023-01-21 01:00:00,29.77,4.5,85.1,1.7,14.13,11.02,5.7
2023-01-21 02:00:00,26.08,2.4,84.2,2.2,11.84,8.77,4.98
2023-01-21 03:00:00,27.8,4.6,75.5,2.8,13.53,9.03,5.64
2023-01-21 04:00:00,22.58,3.5,82.5,4.0,9.95,7.74,3.91
2023-01-21 05:00:00,18.86,2.1,83.5,1.5,8.69,6.81,3.62
2023-01-21 06:00:00,20.05,4.3,80.6,3.7,8.33,6.75,3.92
2023-01-21 07:00:00,19.71,6.3,75.9,4.0,8.95,7.48,3.91
2023-01-21 08:00:00,28.69,10.3,71.9,4.4,13.29,9.6,6.02
2023-01-21 09:00:00,29.49,10.9,66.4,3.8,13.94,10.53,5.82
2023-01-21 10:00:00,30.08,13.2,80.6,5.6,12.17,10.46,6.16
2023-01-21 11:00:00,35.86,14.3,67.6,4.3,15.41,12.49,7.15
2023-01-21 12:00:00,33.11,11.8,72.6,6.8,14.66,11.83,6.56
2023-01-21 13:00:00,30.0,12.8,67.5,4.7,12.36,10.92,5.96
2023-01-21 14:00:00,33.91,12.6,73.0,3.2,15.36,12.01,6.5
2023-01-21 15:00:00,28.63,12.1,63.0,2.1,13.75,10.47,5.52
2023-01-21 16:00:00,21.88,9.8,63.5,0.5,9.69,7.87,4.41
2023-01-21 17:00:00,21.94,11.8,69.7,1.3,10.3,8.77,4.39
2023-01-21 18:00:00,19.47,8.8,83.7,1.9,8.77,5.84,4.02
2023-01-21 19:00:00,18.96,9.5,78.6,2.1,8.11,4.83,3.41
2023-01-21 20:00:00,26.79,11.4,66.2,4.9,11.47,9.6,5.61
2023-01-21 21:00:00,73.74,6.2,79.1,3.0,33.53,25.11,14.59
2023-01-21 22:00:00,26.6,6.1,73.6,2.7,12.31,9.39,6.06
2023-01-21 23:00:00,33.57,6.1,78.8,1.0,15.13,11.87,6.6
2023-01-22 00:00:00,31.33,4.4,81.2,3.7,14.21,10.16,6.41
2023-01-22 01:00:00,30.99,3.9,83.9,4.1,14.87,11.07,6.1
2023-01-22 02:00:00,28.66,2.8,72.9,6.2,13.67,10.36,5.29
2023-01-22 03:00:00,25.17,3.1,73.9,3.5,10.68,8.56,4.6
2023-01-22 04:00:00,56.67,2.5,80.6,0.5,24.73,20.51,11.1
2023-01-22 05:00:00,20.38,6.0,71.6,1.1,9.52,6.36,3.8
2023-01-22 06:00:00,22.38,3.2,74.6,2.4,9.29,7.69,4.28
2023-01-22 07:00:00,22.33,8.5,75.2,1.6,10.26,8.25,4.5
2023-01-22 08:00:00,23.92,6.2,72.0,5.1,11.29,8.84,4.67
2023-01-22 09:00:00,25.06,11.0,82.0,1.4,10.91,9.09,4.91
2023-01-22 10:00:00,28.7,10.3,69.0,1.8,12.89,9.88,6.03
2023-01-22 11:00:00,34.09,10.0,70.7,4.4,15.66,10.66,7.31
2023-01-22 12:00:00,34.21,13.5,69.3,2.2,15.16,11.57,7.25
2023-01-22 13:00:00,29.76,14.5,59.0,7.9,13.85,10.72,5.86
2023-01-22 14:00:00,30.39,12.7,71.4,6.0,13.55,11.29,5.96
2023-01-22 15:00:00,29.21,14.2,68.6,5.0,13.37,10.78,5.76
2023-01-22 16:00:00,20.35,9.2,71.2,2.8,8.4,7.9,4.01
2023-01-22 17:00:00,23.82,9.9,73.5,1.0,10.75,9.34,4.62
2023-01-22 18:00:00,20.05,12.7,70.8,2.7,9.28,7.05,4.62
2023-01-22 19:00:00,23.89,9.3,80.1,2.9,10.42,8.48,5.07
2023-01-22 20:00:00,22.61,5.5,89.9,1.6,9.82,7.7,4.42
2023-01-22 21:00:00,22.82,6.0,71.5,1.5,10.78,7.66,4.56
2023-01-22 22:00:00,26.08,4.4,72.2,4.5,12.08,8.68,5.41
2023-01-22 23:00:00,32.32,4.5,79.1,2.2,14.62,10.97,6.18
2023-01-23 00:00:00,42.4,3.5,69.4,4.5,19.37,14.87,8.8
2023-01-23 01:00:00,38.48,3.8,82.7,3.8,16.5,14.03,7.68
2023-01-23 02:00:00,39.59,3.3,80.7,6.5,17.85,14.02,7.82
2023-01-23 03:00:00,30.09,5.6,79.2,5.4,13.11,10.53,5.29
2023-01-23 04:00:00,30.33,4.7,76.9,1.7,13.63,10.59,5.94
2023-01-23 05:00:00,24.73,5.5,78.7,4.1,10.37,8.38,5.15
2023-01-23 06:00:00,25.12,7.6,77.2,4.4,11.59,8.61,4.89
2023-01-23 07:00:00,27.87,6.5,77.2,6.0,11.99,9.05,6.02
2023-01-23 08:00:00,28.35,6.5,69.5,4.3,14.06,9.82,5.68
2023-01-23 09:00:00,33.29,11.5,71.1,1.7,14.94,11.56,6.28
2023-01-23 10:00:00,40.51,11.1,80.0,2.3,17.98,13.88,7.79
2023-01-23 11:00:00,39.3,12.1,70.7,4.3,17.6,13.57,7.6
2023-01-23 12:00:00,43.84,11.7,70.6,6.6,18.87,16.1,9.14
2023-01-23 13:00:00,37.92,12.3,77.1,6.3,17.0,13.18,7.71
2023-01-23 14:00:00,39.32,14.6,62.7,2.8,18.14,12.84,8.58
2023-01-23 15:00:00,37.85,14.7,70.8,5.7,17.27,13.52,7.45
2023-01-23 16:00:00,24.32,13.9,64.7,3.6,10.69,9.1,4.9
2023-01-23 17:00:00,25.76,13.1,73.7,3.4,12.29,9.88,4.76
2023-01-23 18:00:00,28.19,11.7,73.9,2.8,12.38,8.99,5.92
2023-01-23 19:00:00,27.25,9.9,70.1,4.5,12.06,10.09,5.91
2023-01-23 20:00:00,31.43,8.1,73.0,4.1,13.7,11.07,5.74
2023-01-23 21:00:00,32.74,8.9,78.2,2.9,14.06,11.97,6.26
2023-01-23 22:00:00,38.21,5.3,68.4,5.1,17.67,12.74,7.45
2023-01-23 23:00:00,40.35,5.4,75.3,2.9,17.8,15.12,8.21
2023-01-24 00:00:00,44.71,2.9,83.7,4.0,20.21,15.28,8.74
2023-01-24 01:00:00,41.42,2.6,79.3,3.0,18.36,14.14,7.63
2023-01-24 02:00:00,38.88,3.1,81.0,1.5,18.07,13.55,7.97
2023-01-24 03:00:00,33.26,2.4,70.9,1.8,15.44,12.0,6.53
2023-01-24 04:00:00,29.32,5.3,73.4,4.4,12.45,10.16,5.86
2023-01-24 05:00:00,26.71,2.9,84.0,5.5,12.15,9.9,5.65
2023-01-24 06:00:00,27.77,6.1,73.0,3.4,12.51,9.52,6.04
2023-01-24 07:00:00,26.74,7.3,68.7,2.7,12.5,9.33,5.47
2023-01-24 08:00:00,31.26,5.7,82.5,2.7,14.19,10.4,6.23
2023-01-24 09:00:00,39.47,9.0,75.7,4.0,18.29,13.75,7.99
2023-01-24 10:00:00,40.21,11.3,65.0,3.4,18.48,15.2,7.68
2023-01-24 11:00:00,39.97,12.6,69.6,0.5,18.23,14.37,7.71
2023-01-24 12:00:00,44.79,12.4,63.8,5.2,20.61,17.33,9.0
2023-01-24 13:00:00,39.76,14.3,66.1,1.7,17.67,14.64,7.76
2023-01-24 14:00:00,32.94,13.2,69.0,4.5,14.66,11.7,6.58
2023-01-24 15:00:00,31.77,13.3,64.0,2.8,15.03,10.55,6.26
2023-01-24 16:00:00,25.86,13.1,72.0,3.9,12.17,9.7,5.16
2023-01-24 17:00:00,26.91,13.3,72.5,5.9,12.5,8.99,5.34
2023-01-24 18:00:00,26.83,9.9,73.4,1.7,12.31,8.84,5.01
2023-01-24 19:00:00,31.98,9.0,75.3,5.2,13.52,11.1,6.41
2023-01-24 20:00:00,31.35,7.4,67.8,0.8,14.34,10.57,6.77
2023-01-24 21:00:00,33.74,6.6,82.9,6.8,15.08,12.43,6.06
2023-01-24 22:00:00,40.11,8.1,73.9,2.0,18.6,13.73,8.2
2023-01-24 23:00:00,7.05,5.7,72.4,5.3,3.01,3.14,1.77
2023-01-25 00:00:00,42.41,2.4,81.8,1.1,17.67,14.99,8.6
2023-01-25 01:00:00,42.74,2.7,84.4,2.7,19.5,14.82,8.4
2023-01-25 02:00:00,34.37,4.0,81.7,4.3,15.33,11.96,6.97
2023-01-25 03:00:00,37.18,2.3,75.8,4.4,16.63,12.77,7.43
2023-01-25 04:00:00,31.42,3.0,84.1,4.6,14.14,11.37,5.93
2023-01-25 05:00:00,26.79,6.9,75.4,2.8,12.71,9.54,5.12
2023-01-25 06:00:00,28.4,5.0,80.5,4.4,13.89,9.41,5.79
2023-01-25 07:00:00,33.5,8.6,69.7,3.2,15.1,11.3,7.14
2023-01-25 08:00:00,31.02,10.3,76.8,3.9,13.51,10.33,5.67
2023-01-25 09:00:00,34.94,8.7,74.5,3.8,14.53,12.62,7.18
2023-01-25 10:00:00,36.92,9.6,78.4,1.8,17.54,13.67,7.1
2023-01-25 11:00:00,38.69,11.6,62.4,5.8,18.51,14.14,7.36
2023-01-25 12:00:00,43.89,11.2,63.6,6.0,19.08,15.58,8.52
2023-01-25 13:00:00,38.67,13.5,66.6,2.0,17.53,14.16,7.8
2023-01-25 14:00:00,38.25,13.2,75.5,3.1,17.26,13.5,7.5
2023-01-25 15:00:00,33.12,13.8,77.2,3.4,14.06,11.85,6.52
2023-01-25 16:00:00,31.77,14.9,61.7,3.8,14.46,10.87,6.27
2023-01-25 17:00:00,28.66,13.2,68.4,0.6,13.21,9.78,6.06
2023-01-25 18:00:00,29.41,11.7,70.7,5.1,13.09,10.36,5.61
2023-01-25 19:00:00,26.55,6.8,79.4,6.0,12.03,10.14,5.72
2023-01-25 20:00:00,29.89,9.1,77.5,1.7,13.7,11.25,6.53
2023-01-25 21:00:00,31.87,9.8,66.7,6.4,14.32,11.45,6.35
2023-01-25 22:00:00,36.96,1.5,82.6,5.9,16.48,12.78,7.42
2023-01-25 23:00:00,41.76,6.0,66.8,3.8,18.63,14.14,8.78
2023-01-26 00:00:00,43.74,4.0,83.3,2.4,19.99,15.56,8.85
2023-01-26 01:00:00,38.54,2.4,79.4,2.0,17.6,14.94,7.92
2023-01-26 02:00:00,40.27,4.7,72.3,3.5,18.61,13.71,8.41
2023-01-26 03:00:00,37.74,6.3,78.2,3.6,17.12,13.09,7.52
2023-01-26 04:00:00,31.63,5.4,75.7,4.4,14.64,11.51,6.48
2023-01-26 05:00:00,32.55,4.4,85.0,5.4,15.38,12.22,6.26
2023-01-26 06:00:00,24.91,4.6,74.0,7.0,10.53,9.09,5.09
2023-01-26 07:00:00,24.74,7.4,86.2,5.4,11.31,8.59,4.7
2023-01-26 08:00:00,26.15,9.8,76.5,6.6,11.93,8.81,5.14
2023-01-26 09:00:00,38.09,9.2,79.4,3.5,16.73,13.98,7.91
2023-01-26 10:00:00,39.73,10.6,66.1,0.8,18.25,13.31,8.0
2023-01-26 11:00:00,40.7,16.3,73.4,1.0,18.23,12.96,8.55
2023-01-26 12:00:00,42.55,14.5,60.6,2.4,19.05,15.77,8.21
2023-01-26 13:00:00,38.03,15.1,64.9,4.1,16.25,13.79,7.71
2023-01-26 14:00:00,44.21,11.3,76.9,2.7,19.9,14.72,8.36
2023-01-26 15:00:00,34.67,12.3,71.8,1.8,15.66,12.51,6.52
2023-01-26 16:00:00,30.87,13.0,62.2,5.8,14.41,10.57,6.41
2023-01-26 17:00:00,29.67,10.6,77.0,8.7,13.88,9.72,5.8
2023-01-26 18:00:00,28.05,13.4,69.6,0.5,12.55,9.95,5.69
2023-01-26 19:00:00,28.41,11.9,67.6,1.3,13.09,9.54,6.04
2023-01-26 20:00:00,28.62,7.7,67.0,3.5,13.38,9.66,5.88
2023-01-26 21:00:00,35.53,9.9,74.3,2.7,15.73,11.9,7.45
2023-01-26 22:00:00,42.8,6.0,76.0,5.2,18.88,15.09,8.79
2023-01-26 23:00:00,44.21,8.9,74.1,4.4,19.53,16.03,9.26
2023-01-27 00:00:00,45.86,4.5,70.7,1.1,20.73,15.55,9.07
2023-01-27 01:00:00,39.59,4.6,76.4,3.8,17.56,14.08,8.24
2023-01-27 02:00:00,35.65,5.7,79.6,2.7,15.77,12.69,6.86
2023-01-27 03:00:00,34.06,5.7,86.6,7.8,14.74,11.29,6.87
2023-01-27 04:00:00,30.76,5.0,76.9,3.4,14.5,10.81,5.98
2023-01-27 05:00:00,6.12,4.8,85.4,6.9,2.81,2.58,1.2
2023-01-27 06:00:00,22.64,6.9,79.7,0.7,9.74,8.5,4.77
2023-01-27 07:00:00,31.7,6.1,77.9,1.4,14.94,11.05,6.37
2023-01-27 08:00:00,30.23,8.8,68.4,3.0,13.97,10.04,5.99
2023-01-27 09:00:00,33.31,8.2,69.3,6.3,14.11,11.74,6.57
2023-01-27 10:00:00,35.59,8.4,77.0,3.8,16.01,12.61,7.37
2023-01-27 11:00:00,36.73,12.2,66.7,5.6,17.01,12.47,6.9
2023-01-27 12:00:00,43.93,14.8,63.2,2.4,19.11,14.5,8.45
2023-01-27 13:00:00,41.05,14.8,65.3,1.5,17.89,14.77,8.11
2023-01-27 14:00:00,34.9,13.5,67.0,2.3,15.58,12.34,6.79
2023-01-27 15:00:00,31.14,16.0,69.3,4.3,14.39,10.31,5.69
2023-01-27 16:00:00,29.78,12.1,67.0,6.1,14.0,11.25,5.46
2023-01-27 17:00:00,32.05,9.2,76.9,3.3,14.36,11.42,6.49
2023-01-27 18:00:00,26.22,7.8,76.8,2.0,11.35,8.38,4.82
2023-01-27 19:00:00,24.12,8.1,65.9,4.3,10.81,8.73,4.16
2023-01-27 20:00:00,30.01,9.8,73.7,2.0,12.92,11.19,6.23
2023-01-27 21:00:00,33.69,6.3,63.1,3.9,15.33,11.64,6.39
2023-01-27 22:00:00,31.38,6.8,71.4,1.4,13.77,11.92,6.57
2023-01-27 23:00:00,40.73,7.5,77.3,5.5,17.56,14.19,8.18
2023-01-28 00:00:00,32.57,2.7,80.7,5.4,14.93,11.96,6.59
2023-01-28 01:00:00,34.13,4.5,69.7,3.7,14.95,10.82,7.13
2023-01-28 02:00:00,34.95,4.5,73.1,0.8,15.06,12.23,6.94
2023-01-28 03:00:00,30.34,2.5,67.9,2.4,13.81,11.26,6.2
2023-01-28 04:00:00,24.04,6.4,69.7,1.6,10.13,7.43,4.53
2023-01-28 05:00:00,19.88,4.7,81.3,3.7,8.33,7.76,4.1
2023-01-28 06:00:00,28.33,5.6,74.5,1.4,12.22,10.41,5.15
2023-01-28 07:00:00,22.8,10.5,72.2,6.1,10.85,8.42,4.75
2023-01-28 08:00:00,24.74,9.4,72.7,5.8,10.97,8.86,4.45
2023-01-28 09:00:00,27.46,11.3,70.6,1.7,12.59,9.1,6.06
2023-01-28 10:00:00,30.83,13.2,73.3,4.6,14.35,10.88,5.69
2023-01-28 11:00:00,32.03,11.2,69.5,4.6,14.28,11.33,6.19
2023-01-28 12:00:00,31.71,14.9,70.7,3.0,14.29,10.03,6.61
2023-01-28 13:00:00,31.02,12.7,56.3,1.7,14.25,10.62,6.58
2023-01-28 14:00:00,30.25,12.8,74.2,1.6,13.65,10.51,6.33
2023-01-28 15:00:00,26.16,13.1,61.9,4.9,11.67,9.42,5.46
2023-01-28 16:00:00,22.93,12.0,64.2,2.1,10.41,7.74,4.72
2023-01-28 17:00:00,22.91,13.4,64.4,4.1,10.12,7.79,4.49
2023-01-28 18:00:00,21.26,11.6,75.6,6.0,9.23,6.97,4.36
2023-01-28 19:00:00,26.41,9.2,68.5,4.0,11.69,10.43,5.18
2023-01-28 20:00:00,18.08,9.7,69.1,8.1,7.88,5.73,3.63
2023-01-28 21:00:00,30.25,6.9,70.9,4.3,14.01,9.86,6.0
2023-01-28 22:00:00,33.45,5.7,78.5,2.6,14.21,12.03,6.44
2023-01-28 23:00:00,27.21,5.2,81.5,5.9,12.59,9.13,5.41
2023-01-29 00:00:00,32.3,5.1,86.4,2.6,15.68,10.61,6.37
2023-01-29 01:00:00,31.48,4.5,90.6,8.0,14.24,10.91,6.63
2023-01-29 02:00:00,26.83,3.2,83.4,3.4,12.04,9.38,5.51
2023-01-29 03:00:00,25.59,5.2,79.6,7.4,11.13,9.22,4.93
2023-01-29 04:00:00,21.95,4.1,73.0,1.9,9.08,7.79,3.56
2023-01-29 05:00:00,27.05,4.2,88.5,0.5,11.99,9.51,5.4
2023-01-29 06:00:00,24.25,4.0,80.3,2.0,10.88,8.74,4.95
2023-01-29 07:00:00,25.84,8.9,71.9,1.4,10.7,9.46,4.9
2023-01-29 08:00:00,26.53,8.7,75.4,4.9,11.53,9.0,5.14
2023-01-29 09:00:00,24.71,10.3,68.4,2.4,10.62,8.39,4.75
2023-01-29 10:00:00,29.04,12.8,57.0,4.3,13.56,10.54,6.28
2023-01-29 11:00:00,33.63,11.5,73.0,4.5,15.35,11.63,7.02
2023-01-29 12:00:00,30.11,11.0,77.5,4.6,13.42,10.15,5.5
2023-01-29 13:00:00,34.19,13.7,70.4,5.7,15.51,11.63,7.02
2023-01-29 14:00:00,29.75,14.2,66.9,1.7,13.28,9.68,6.22
2023-01-29 15:00:00,26.6,13.2,68.3,1.0,12.73,9.52,5.36
2023-01-29 16:00:00,26.5,15.3,66.5,0.7,12.04,10.19,5.71
2023-01-29 17:00:00,23.78,8.5,74.5,1.4,10.62,8.8,4.68
2023-01-29 18:00:00,21.01,12.9,68.2,2.9,9.03,7.03,4.21
2023-01-29 19:00:00,25.56,11.2,70.7,7.8,11.95,7.91,5.52
2023-01-29 20:00:00,22.02,9.4,80.5,2.8,8.47,7.19,4.31
2023-01-29 21:00:00,29.08,2.4,83.5,3.3,12.4,10.13,6.27
2023-01-29 22:00:00,31.83,8.1,74.7,5.5,15.11,11.53,6.65
2023-01-29 23:00:00,31.63,3.6,82.9,6.7,13.19,11.45,6.46
2023-01-30 00:00:00,42.74,3.7,82.9,8.0,18.81,14.75,8.63
2023-01-30 01:00:00,37.79,3.7,84.3,5.6,17.29,13.2,7.76
2023-01-30 02:00:00,40.48,4.4,74.9,3.5,18.35,13.87,7.6
2023-01-30 03:00:00,33.96,4.9,75.7,2.2,15.11,11.64,6.68
2023-01-30 04:00:00,29.37,5.8,73.0,4.1,12.9,10.4,6.27
2023-01-30 05:00:00,30.55,6.5,80.1,2.0,13.22,10.43,5.81
2023-01-30 06:00:00,25.16,6.7,79.6,1.0,11.46,8.18,4.52
2023-01-30 07:00:00,24.41,8.1,67.9,6.7,10.67,8.59,4.47
2023-01-30 08:00:00,26.78,7.2,77.4,3.5,10.84,9.68,5.78
2023-01-30 09:00:00,35.94,9.0,80.1,3.6,15.54,12.34,7.2
2023-01-30 10:00:00,34.97,12.6,67.7,4.1,16.01,13.45,6.54
2023-01-30 11:00:00,45.31,13.6,69.3,3.3,21.1,15.81,9.28
2023-01-30 12:00:00,36.72,14.2,70.6,3.3,16.53,12.44,7.53
2023-01-30 13:00:00,45.16,12.9,62.0,6.7,19.95,16.72,8.93
2023-01-30 14:00:00,38.7,15.2,66.6,5.5,17.56,14.26,7.85
2023-01-30 15:00:00,34.18,11.9,76.1,2.1,15.25,13.17,7.0
2023-01-30 16:00:00,29.31,14.7,63.3,2.5,13.52,10.24,5.71
2023-01-30 17:00:00,28.93,11.9,73.8,4.4,13.89,9.94,6.19
2023-01-30 18:00:00,26.83,13.8,67.6,3.9,11.73,9.35,5.25
2023-01-30 19:00:00,30.69,7.8,71.3,5.1,14.98,11.06,5.68
2023-01-30 20:00:00,30.96,11.4,69.8,4.8,13.41,11.44,5.99
2023-01-30 21:00:00,34.8,7.0,73.0,4.7,14.69,12.69,6.73
2023-01-30 22:00:00,37.27,5.7,72.7,6.2,16.66,13.05,7.54
2023-01-30 23:00:00,40.78,5.6,76.1,5.1,17.43,14.64,7.71
2023-01-31 00:00:00,42.7,3.5,80.1,2.2,18.93,14.46,7.59
2023-01-31 01:00:00,36.65,3.9,78.5,6.1,15.79,12.37,7.11
2023-01-31 02:00:00,34.81,2.8,79.4,2.7,15.54,12.25,7.16
2023-01-31 03:00:00,36.29,3.0,81.5,6.6,16.41,11.59,7.58
2023-01-31 04:00:00,31.11,5.3,80.3,5.6,13.83,10.89,6.38
2023-01-31 05:00:00,27.48,4.0,73.5,1.2,12.44,10.1,5.66
2023-01-31 06:00:00,26.98,5.2,76.5,5.2,12.06,9.64,5.78
2023-01-31 07:00:00,28.81,5.5,67.5,3.5,12.3,10.78,5.7
2023-01-31 08:00:00,29.33,8.1,73.5,8.2,12.84,10.06,5.76
2023-01-31 09:00:00,58.48,12.1,70.2,3.3,25.76,19.74,11.03
2023-01-31 10:00:00,38.67,10.1,74.7,1.1,17.26,13.14,7.9
2023-01-31 11:00:00,38.48,11.3,71.2,2.5,17.19,13.51,7.5
2023-01-31 12:00:00,42.95,13.5,70.6,3.2,19.47,15.88,8.7
2023-01-31 13:00:00,36.67,13.1,68.6,4.0,15.88,13.78,7.28
2023-01-31 14:00:00,40.76,17.2,60.0,1.7,18.33,13.26,8.29
2023-01-31 15:00:00,35.61,13.5,62.3,3.6,15.63,12.36,6.5
2023-01-31 16:00:00,31.32,13.7,66.2,3.4,14.15,10.58,6.33
2023-01-31 17:00:00,30.39,13.8,63.6,5.7,13.56,10.31,5.94
2023-01-31 18:00:00,31.1,12.8,68.1,2.5,14.43,10.77,6.34
2023-01-31 19:00:00,30.47,10.5,68.9,3.3,13.62,10.28,6.47
2023-01-31 20:00:00,26.08,8.6,75.7,3.0,10.36,9.43,4.75
2023-01-31 21:00:00,31.23,10.6,71.5,4.2,14.19,11.75,6.28
2023-01-31 22:00:00,36.62,6.2,78.8,5.7,15.73,13.62,7.17
2023-01-31 23:00:00,40.99,4.7,80.6,4.5,18.78,13.95,8.27
2023-02-01 00:00:00,43.23,3.6,78.7,3.4,19.2,15.06,8.68
2023-02-01 01:00:00,39.12,1.5,81.6,4.3,17.56,14.49,7.64
2023-02-01 02:00:00,38.65,5.2,80.3,2.6,18.04,13.77,7.8
2023-02-01 03:00:00,32.55,0.6,95.0,1.7,14.76,12.03,6.23
2023-02-01 04:00:00,29.16,4.6,73.5,2.6,13.13,10.52,6.2
2023-02-01 05:00:00,24.42,5.1,78.1,3.2,11.17,9.06,4.49
2023-02-01 06:00:00,24.63,9.8,66.3,3.2,10.49,8.37,4.96
2023-02-01 07:00:00,24.56,4.9,78.0,4.9,11.65,8.28,5.02
2023-02-01 08:00:00,28.25,7.6,71.5,7.0,12.46,8.94,6.45
2023-02-01 09:00:00,37.07,10.0,71.4,3.0,16.66,12.38,7.0
2023-02-01 10:00:00,35.81,11.2,71.4,1.3,15.98,12.35,7.35
2023-02-01 11:00:00,47.51,11.7,67.6,0.8,20.67,15.67,9.58
2023-02-01 12:00:00,43.17,13.2,59.3,0.5,18.43,15.55,8.53
2023-02-01 13:00:00,41.39,11.9,76.9,7.1,18.51,14.51,8.58
2023-02-01 14:00:00,36.04,14.5,70.8,9.9,16.69,12.47,7.12
2023-02-01 15:00:00,36.19,10.3,71.0,1.0,16.55,12.6,7.09
2023-02-01 16:00:00,29.25,13.2,63.6,2.8,13.76,10.8,5.54
2023-02-01 17:00:00,28.25,11.6,70.5,4.5,13.68,9.4,5.46
2023-02-01 18:00:00,33.34,13.0,70.2,1.9,14.94,11.06,6.55
2023-02-01 19:00:00,27.7,12.9,72.4,4.0,12.2,9.46,6.19
2023-02-01 20:00:00,33.56,8.5,78.2,5.5,14.9,12.49,6.94
2023-02-01 21:00:00,32.68,9.7,77.6,5.9,14.66,11.05,6.64
2023-02-01 22:00:00,38.1,6.0,68.1,4.7,17.34,13.47,7.87
2023-02-01 23:00:00,45.36,4.0,77.7,1.2,19.87,15.59,9.31
2023-02-02 00:00:00,40.37,7.3,80.2,2.8,17.72,13.07,7.85
2023-02-02 01:00:00,45.46,5.0,73.4,7.8,20.35,15.37,9.13
2023-02-02 02:00:00,39.96,4.0,85.3,2.0,18.42,13.44,7.83
2023-02-02 03:00:00,33.03,5.2,86.8,3.3,14.81,11.69,6.71
2023-02-02 04:00:00,32.27,5.1,83.8,2.7,15.0,11.69,7.21
2023-02-02 05:00:00,30.37,5.4,80.8,2.0,13.79,9.71,5.8
2023-02-02 06:00:00,28.49,4.5,76.3,2.7,12.75,9.92,5.06
2023-02-02 07:00:00,24.01,7.3,76.6,1.9,10.94,8.32,5.16
2023-02-02 08:00:00,28.87,10.0,65.3,6.1,12.96,11.13,6.15
2023-02-02 09:00:00,33.82,10.1,67.9,1.9,15.12,11.82,6.95
2023-02-02 10:00:00,87.4,12.9,65.0,4.2,39.91,31.08,17.7
2023-02-02 11:00:00,76.47,13.1,68.5,7.2,34.93,26.02,15.46
2023-02-02 12:00:00,42.38,12.0,67.6,7.4,19.01,14.63,8.53
2023-02-02 13:00:00,37.59,11.9,71.1,4.1,16.8,12.37,7.47
2023-02-02 14:00:00,39.14,13.8,71.8,2.4,18.2,13.46,7.79
2023-02-02 15:00:00,35.96,13.1,64.8,2.3,16.09,12.55,7.16
2023-02-02 16:00:00,32.09,13.9,68.1,5.0,14.79,10.36,6.33
2023-02-02 17:00:00,30.64,11.5,68.1,8.4,14.19,11.15,6.82
2023-02-02 18:00:00,29.02,10.6,72.2,1.2,13.6,10.43,5.9
2023-02-02 19:00:00,29.09,11.9,73.1,5.3,13.66,10.62,5.57
2023-02-02 20:00:00,30.51,9.3,77.5,1.5,13.69,10.78,6.05
2023-02-02 21:00:00,30.28,6.7,79.3,2.5,14.26,10.05,6.83
2023-02-02 22:00:00,39.26,6.6,78.2,3.9,18.07,14.19,7.4
2023-02-02 23:00:00,41.45,7.6,67.8,2.5,18.42,14.04,8.02
2023-02-03 00:00:00,42.61,5.2,72.3,4.3,19.46,14.14,8.38
2023-02-03 01:00:00,37.73,5.2,73.7,3.1,17.48,12.96,7.01
2023-02-03 02:00:00,35.48,3.0,82.2,2.1,15.56,12.3,7.14
2023-02-03 03:00:00,37.06,5.8,70.6,3.7,16.85,13.04,7.65
2023-02-03 04:00:00,30.58,8.3,75.8,0.7,14.35,10.23,5.84
2023-02-03 05:00:00,29.64,4.4,80.1,4.9,13.02,11.14,6.41
2023-02-03 06:00:00,27.0,4.8,68.5,3.6,12.52,9.69,5.52
2023-02-03 07:00:00,28.01,8.1,68.9,7.3,12.02,10.14,5.36
2023-02-03 08:00:00,33.03,10.4,76.7,1.4,14.16,12.1,6.58
2023-02-03 09:00:00,33.14,10.3,75.2,4.9,15.04,11.74,7.4
2023-02-03 10:00:00,38.42,10.0,67.7,2.5,17.07,13.6,7.62
2023-02-03 11:00:00,39.77,12.5,63.8,2.9,18.79,13.83,8.08
2023-02-03 12:00:00,40.84,14.3,54.5,2.8,17.73,14.22,8.59
2023-02-03 13:00:00,40.15,13.3,75.4,2.8,18.0,14.36,8.05
2023-02-03 14:00:00,38.74,15.0,66.2,3.2,17.25,12.94,8.18
2023-02-03 15:00:00,33.23,15.7,74.6,0.6,14.81,11.12,6.57
2023-02-03 16:00:00,33.82,13.8,66.5,5.8,16.28,12.89,6.78
2023-02-03 17:00:00,25.7,12.6,70.3,6.2,11.2,8.87,5.09
2023-02-03 18:00:00,26.46,12.9,73.0,0.9,11.53,10.91,5.35
2023-02-03 19:00:00,26.84,9.1,81.2,5.2,12.61,9.79,5.25
2023-02-03 20:00:00,34.3,7.7,77.3,1.2,14.43,12.28,7.35
2023-02-03 21:00:00,34.92,7.4,75.1,5.4,15.77,11.82,6.89
2023-02-03 22:00:00,93.75,5.9,77.1,4.1,41.36,32.67,18.94
2023-02-03 23:00:00,37.21,4.4,73.5,2.6,15.77,12.08,7.62
2023-02-04 00:00:00,33.84,7.6,72.9,4.1,15.11,11.89,6.81
2023-02-04 01:00:00,34.64,7.6,75.1,3.6,14.59,11.72,6.28
2023-02-04 02:00:00,30.56,3.7,86.5,4.3,13.19,10.46,6.3
2023-02-04 03:00:00,30.21,4.5,76.4,3.4,13.22,10.29,5.73
2023-02-04 04:00:00,23.44,4.6,83.8,5.2,11.08,7.65,4.93
2023-02-04 05:00:00,26.2,7.3,74.8,0.9,11.92,7.77,5.53
2023-02-04 06:00:00,27.67,8.7,79.8,2.8,12.34,9.62,5.55
2023-02-04 07:00:00,21.77,5.2,81.1,3.8,10.32,7.54,3.75
2023-02-04 08:00:00,23.62,9.9,75.1,4.0,9.06,7.41,4.25
2023-02-04 09:00:00,31.18,8.5,78.6,1.8,13.15,10.62,6.61
2023-02-04 10:00:00,34.31,14.3,71.0,1.2,14.66,11.82,6.48
2023-02-04 11:00:00,31.11,13.4,73.2,0.6,14.53,11.08,6.47
2023-02-04 12:00:00,32.12,12.3,79.9,3.1,14.85,10.91,6.24
2023-02-04 13:00:00,31.71,13.7,75.7,2.7,14.33,11.29,6.47
2023-02-04 14:00:00,27.0,13.8,69.8,3.9,12.88,9.91,5.44
2023-02-04 15:00:00,25.25,14.8,64.0,3.3,11.86,8.4,4.98
2023-02-04 16:00:00,22.22,15.1,67.7,3.0,10.36,7.2,4.6
2023-02-04 17:00:00,20.76,11.0,61.1,5.8,8.84,6.64,4.48
2023-02-04 18:00:00,21.83,14.5,70.8,4.2,10.12,7.89,4.15
2023-02-04 19:00:00,23.26,12.9,63.2,4.3,10.93,7.97,4.7
2023-02-04 20:00:00,28.61,7.9,80.1,2.9,13.54,9.81,5.51
2023-02-04 21:00:00,25.05,8.0,84.3,5.2,11.41,8.83,5.25
2023-02-04 22:00:00,32.82,9.3,65.6,1.7,14.4,10.54,6.86
2023-02-04 23:00:00,31.88,7.5,74.7,3.0,14.23,11.42,6.2
2023-02-05 00:00:00,33.03,4.5,73.3,0.9,15.36,11.31,6.75
2023-02-05 01:00:00,34.09,5.7,68.5,1.5,15.49,11.58,7.15
2023-02-05 02:00:00,27.54,8.8,72.9,1.2,11.9,9.51,5.27
2023-02-05 03:00:00,28.49,4.6,81.6,3.2,12.96,10.14,5.46
2023-02-05 04:00:00,25.14,4.0,83.0,4.6,10.53,8.58,5.08
2023-02-05 05:00:00,23.89,6.0,77.5,2.6,10.81,7.92,4.38
2023-02-05 06:00:00,22.63,7.2,67.1,0.7,11.22,8.45,4.65
2023-02-05 07:00:00,28.8,7.2,76.0,4.7,13.36,9.64,5.86
2023-02-05 08:00:00,23.13,10.0,64.6,2.0,10.19,7.47,5.0
2023-02-05 09:00:00,26.2,8.7,66.4,4.8,13.3,8.93,5.71
2023-02-05 10:00:00,28.79,10.8,66.1,0.5,12.44,10.07,5.58
2023-02-05 11:00:00,31.01,14.0,72.5,2.6,13.33,10.27,6.24
2023-02-05 12:00:00,31.56,11.0,73.5,4.2,13.75,10.99,6.29
2023-02-05 13:00:00,35.38,15.5,67.0,6.1,15.54,12.68,7.18
2023-02-05 14:00:00,33.9,11.3,66.2,5.0,15.93,12.4,6.4
2023-02-05 15:00:00,26.11,11.5,68.2,3.3,11.7,8.37,5.43
2023-02-05 16:00:00,22.64,12.9,61.7,4.8,9.66,8.2,4.78
2023-02-05 17:00:00,23.84,13.3,74.9,3.7,10.26,8.13,4.68
2023-02-05 18:00:00,20.53,13.8,78.4,5.5,9.79,7.25,3.5
2023-02-05 19:00:00,24.24,10.7,74.0,5.2,10.72,8.04,4.66
2023-02-05 20:00:00,25.23,8.9,76.9,8.2,10.92,8.41,4.91
2023-02-05 21:00:00,23.74,8.9,72.6,1.4,10.22,8.14,4.72
2023-02-05 22:00:00,34.21,5.5,69.3,2.7,15.45,11.66,6.79
2023-02-05 23:00:00,36.89,6.0,72.6,2.0,16.22,12.5,6.94
2023-02-06 00:00:00,40.36,3.3,77.8,4.2,18.1,13.61,8.12
2023-02-06 01:00:00,39.91,4.7,76.5,4.4,17.75,13.99,8.23
2023-02-06 02:00:00,38.85,4.2,75.9,2.0,17.38,13.39,7.6
2023-02-06 03:00:00,35.22,3.4,80.2,3.1,16.12,11.59,6.99
2023-02-06 04:00:00,32.28,5.3,73.4,4.1,13.97,10.83,6.44
2023-02-06 05:00:00,32.92,6.1,87.5,4.4,15.11,11.92,7.0
2023-02-06 06:00:00,26.45,8.7,66.8,1.4,11.06,8.58,5.12
2023-02-06 07:00:00,25.9,5.7,81.6,6.8,12.13,9.48,5.27
2023-02-06 08:00:00,27.19,9.3,71.6,0.8,12.13,9.25,5.61
2023-02-06 09:00:00,32.56,9.5,74.9,8.1,15.06,11.85,6.4
2023-02-06 10:00:00,38.06,13.2,70.7,2.6,17.35,13.05,7.31
2023-02-06 11:00:00,45.37,14.1,67.9,2.6,21.17,16.36,9.04
2023-02-06 12:00:00,40.59,14.5,61.0,3.3,18.32,14.92,7.45
2023-02-06 13:00:00,41.44,13.2,66.5,4.6,19.36,14.62,8.37
2023-02-06 14:00:00,38.1,15.7,66.0,1.8,17.48,13.35,7.35
2023-02-06 15:00:00,37.36,11.9,70.2,2.3,16.24,13.55,7.26
2023-02-06 16:00:00,36.96,11.1,65.5,7.7,17.16,12.91,8.02
2023-02-06 17:00:00,26.57,11.0,77.2,6.1,12.07,8.81,5.38
2023-02-06 18:00:00,25.66,11.8,57.3,2.1,11.41,8.4,5.03
2023-02-06 19:00:00,30.5,11.7,68.7,3.9,13.82,10.78,6.04
2023-02-06 20:00:00,32.34,4.9,73.5,2.0,14.19,11.1,6.65
2023-02-06 21:00:00,39.01,10.1,72.8,3.8,18.94,13.8,7.78
2023-02-06 22:00:00,39.6,7.1,80.6,2.9,17.73,13.94,7.58
2023-02-06 23:00:00,39.99,3.5,72.8,2.8,17.54,13.54,7.95
2023-02-07 00:00:00,43.34,5.3,89.4,4.3,18.48,15.36,8.69
2023-02-07 01:00:00,78.54,6.3,77.5,2.3,35.8,28.05,15.88
2023-02-07 02:00:00,40.17,5.4,79.4,3.1,18.24,14.02,8.34
2023-02-07 03:00:00,35.63,6.3,69.2,6.8,16.06,12.18,6.89
2023-02-07 04:00:00,33.28,3.1,80.0,5.0,15.28,11.17,6.86
2023-02-07 05:00:00,30.79,5.3,82.5,2.9,14.21,11.23,6.11
2023-02-07 06:00:00,30.32,5.6,78.3,2.2,14.07,10.19,6.05
2023-02-07 07:00:00,29.49,10.8,71.8,4.4,13.15,11.11,5.52
2023-02-07 08:00:00,30.2,10.4,71.2,5.4,12.78,10.56,5.58
2023-02-07 09:00:00,34.73,15.1,59.0,6.0,15.24,12.42,6.84
2023-02-07 10:00:00,41.13,11.3,63.5,3.9,18.7,14.19,8.41
2023-02-07 11:00:00,38.82,11.9,75.5,3.6,17.35,14.06,7.69
2023-02-07 12:00:00,8.56,13.6,72.1,4.8,4.32,2.57,1.77
2023-02-07 13:00:00,39.88,16.4,69.5,1.9,18.48,14.54,7.2
2023-02-07 14:00:00,38.19,13.9,63.2,5.9,17.12,12.95,7.73
2023-02-07 15:00:00,37.56,14.5,65.8,1.2,16.52,12.87,7.84
2023-02-07 16:00:00,31.09,14.0,73.4,4.1,13.76,10.71,6.01
2023-02-07 17:00:00,27.99,13.1,62.2,4.0,12.61,10.9,5.76
2023-02-07 18:00:00,23.47,11.0,76.4,2.6,10.7,7.96,4.73
2023-02-07 19:00:00,29.74,10.6,68.4,0.8,14.08,10.33,5.69
2023-02-07 20:00:00,32.23,9.2,68.7,4.8,14.66,11.92,6.35
2023-02-07 21:00:00,39.77,8.2,74.0,0.7,17.98,14.47,8.18
2023-02-07 22:00:00,37.35,8.4,68.3,1.9,15.96,13.64,7.14
2023-02-07 23:00:00,41.41,8.6,64.2,3.8,19.05,13.85,8.65
2023-02-08 00:00:00,42.46,4.0,79.6,7.1,19.05,14.7,8.93
2023-02-08 01:00:00,44.78,4.2,81.7,1.1,19.28,16.09,8.79
2023-02-08 02:00:00,37.85,3.4,86.1,3.9,15.97,13.62,7.66
2023-02-08 03:00:00,35.03,5.0,81.0,2.7,15.56,12.5,7.19
2023-02-08 04:00:00,32.11,4.5,88.5,4.5,14.8,10.65,5.91
2023-02-08 05:00:00,28.31,6.4,83.1,7.4,12.11,9.8,5.76
2023-02-08 06:00:00,25.72,8.7,77.2,2.4,11.56,8.35,4.29
2023-02-08 07:00:00,28.33,4.5,80.9,7.5,11.95,9.96,5.82
2023-02-08 08:00:00,33.27,10.3,77.8,6.1,14.66,11.63,6.26
2023-02-08 09:00:00,31.77,10.2,60.7,4.1,13.87,11.01,6.68
2023-02-08 10:00:00,38.42,12.8,66.3,5.1,16.88,13.66,7.51
2023-02-08 11:00:00,39.08,11.8,60.6,6.0,17.98,13.65,7.64
2023-02-08 12:00:00,44.82,15.7,68.5,5.4,20.04,15.55,9.0
2023-02-08 13:00:00,37.02,15.8,61.3,2.7,16.97,12.8,7.19
2023-02-08 14:00:00,36.69,15.4,80.6,5.5,16.68,13.06,7.1
2023-02-08 15:00:00,35.28,15.6,62.7,2.6,16.09,12.56,7.41
2023-02-08 16:00:00,34.5,12.8,69.2,6.0,15.34,11.77,7.04
2023-02-08 17:00:00,27.68,12.2,67.4,2.3,12.62,9.07,5.86
2023-02-08 18:00:00,25.45,13.2,65.7,3.9,11.43,9.03,5.17
2023-02-08 19:00:00,32.54,9.7,66.1,4.6,14.47,11.75,6.3
2023-02-08 20:00:00,26.97,11.8,63.5,3.2,13.41,9.62,5.46
2023-02-08 21:00:00,28.84,7.8,63.7,5.2,12.88,10.28,5.75
2023-02-08 22:00:00,39.19,7.8,77.3,6.8,17.97,13.35,7.7
2023-02-08 23:00:00,39.58,9.2,70.8,1.9,17.72,13.87,8.21
2023-02-09 00:00:00,39.25,4.3,88.5,0.8,18.49,13.51,7.97
2023-02-09 01:00:00,42.57,5.0,71.8,4.2,18.7,14.92,8.6
2023-02-09 02:00:00,38.66,6.3,83.9,4.1,17.87,13.13,7.61
2023-02-09 03:00:00,32.89,6.3,84.3,2.7,13.94,11.33,6.86
2023-02-09 04:00:00,27.35,4.9,84.5,5.3,11.79,9.15,5.35
2023-02-09 05:00:00,29.99,5.4,78.7,5.6,13.88,10.41,6.14
2023-02-09 06:00:00,28.43,6.8,74.1,2.7,13.07,9.74,6.0
2023-02-09 07:00:00,27.56,10.6,77.7,4.5,11.92,9.6,5.54
2023-02-09 08:00:00,35.17,9.3,68.9,4.3,15.62,11.85,7.29
2023-02-09 09:00:00,31.63,11.1,72.0,2.7,14.75,10.26,6.54
2023-02-09 10:00:00,34.24,11.6,69.9,7.9,16.11,12.39,6.48
2023-02-09 11:00:00,39.07,14.3,62.4,2.8,17.78,12.91,7.99
2023-02-09 12:00:00,41.69,14.3,68.3,4.2,18.65,15.03,8.13
2023-02-09 13:00:00,41.41,13.0,72.1,2.9,19.19,14.16,8.39
2023-02-09 14:00:00,37.45,13.2,63.5,0.5,16.6,13.63,7.73
2023-02-09 15:00:00,35.18,11.5,72.5,1.3,15.64,12.65,7.23
2023-02-09 16:00:00,27.43,12.8,57.5,2.2,12.0,9.38,5.48
2023-02-09 17:00:00,31.42,14.4,61.4,5.5,13.45,10.49,6.22
2023-02-09 18:00:00,26.6,14.2,64.7,3.2,12.28,9.63,5.75
2023-02-09 19:00:00,30.6,12.0,71.4,4.0,13.8,10.24,6.65
2023-02-09 20:00:00,31.41,10.5,75.7,7.2,14.42,10.44,6.4
2023-02-09 21:00:00,35.45,8.2,74.6,1.7,16.17,12.53,6.47
2023-02-09 22:00:00,39.48,8.4,76.8,6.0,18.59,14.48,7.51
2023-02-09 23:00:00,41.92,6.6,75.3,2.9,19.47,13.6,8.28
2023-02-10 00:00:00,43.37,8.2,76.2,2.7,19.34,15.05,8.95
2023-02-10 01:00:00,44.09,4.8,80.0,4.2,19.81,15.04,8.83
2023-02-10 02:00:00,38.51,6.8,73.3,6.4,17.14,12.57,8.2
2023-02-10 03:00:00,36.04,6.3,74.7,2.8,16.16,12.55,7.36
2023-02-10 04:00:00,30.29,6.6,79.1,5.1,13.86,10.86,6.27
2023-02-10 05:00:00,31.37,3.2,89.2,0.6,14.46,11.18,5.75
2023-02-10 06:00:00,25.08,8.7,79.6,4.2,11.96,8.63,5.03
2023-02-10 07:00:00,32.27,8.3,68.4,4.2,15.21,12.42,6.62
2023-02-10 08:00:00,30.42,9.1,67.4,3.8,13.67,10.8,6.03
2023-02-10 09:00:00,30.69,8.9,70.7,7.1,13.46,11.09,5.95
2023-02-10 10:00:00,38.34,12.3,69.7,7.1,17.38,13.34,7.78
2023-02-10 11:00:00,39.06,13.4,68.2,2.7,17.33,14.59,7.67
2023-02-10 12:00:00,43.87,12.2,75.6,3.3,20.12,15.48,8.69
2023-02-10 13:00:00,39.13,12.4,75.6,5.3,18.24,13.5,7.72
2023-02-10 14:00:00,36.9,15.5,65.4,5.8,16.91,12.72,7.67
2023-02-10 15:00:00,29.54,15.9,63.7,3.1,13.4,9.77,6.29
2023-02-10 16:00:00,29.39,14.4,69.3,2.8,13.52,10.75,6.2
2023-02-10 17:00:00,21.71,15.1,71.2,5.6,9.67,7.61,3.54
2023-02-10 18:00:00,22.81,12.2,72.2,2.9,9.88,8.33,4.5
2023-02-10 19:00:00,29.67,11.0,68.6,3.1,13.56,10.73,6.14
2023-02-10 20:00:00,32.48,8.4,70.8,1.6,15.28,10.32,6.44
2023-02-10 21:00:00,35.33,6.2,71.0,3.8,15.67,12.57,7.2
2023-02-10 22:00:00,35.6,10.1,72.9,2.7,15.86,12.32,7.09
2023-02-10 23:00:00,40.64,8.0,77.6,4.0,18.72,14.07,7.92
2023-02-11 00:00:00,6.59,3.5,83.5,3.3,2.93,2.57,1.54
2023-02-11 01:00:00,29.33,5.3,83.4,5.0,13.17,10.23,5.59
2023-02-11 02:00:00,33.92,4.8,85.7,2.4,14.94,12.37,6.66
2023-02-11 03:00:00,29.54,4.7,71.5,1.8,13.55,10.49,5.97
2023-02-11 04:00:00,55.17,5.0,80.1,4.7,24.76,19.01,10.68
2023-02-11 05:00:00,22.55,6.9,77.9,3.0,9.43,7.18,4.54
2023-02-11 06:00:00,22.25,8.6,73.3,3.9,10.3,7.66,4.43
2023-02-11 07:00:00,17.38,9.2,68.8,7.1,8.19,6.15,3.34
2023-02-11 08:00:00,23.92,9.7,79.5,3.5,10.65,8.61,4.74
2023-02-11 09:00:00,25.65,11.0,67.9,1.7,12.0,8.14,5.04
2023-02-11 10:00:00,27.66,13.8,56.5,3.2,11.84,9.4,5.27
2023-02-11 11:00:00,31.52,14.1,67.1,3.4,13.74,11.92,6.17
2023-02-11 12:00:00,37.47,14.4,65.6,5.1,16.64,13.23,7.5
2023-02-11 13:00:00,33.82,14.7,75.7,2.0,15.25,12.36,7.14
2023-02-11 14:00:00,28.74,15.4,67.9,2.8,13.11,9.41,5.5
2023-02-11 15:00:00,28.78,14.0,65.6,1.0,12.71,10.5,5.56
2023-02-11 16:00:00,28.04,15.5,64.4,4.7,12.95,9.68,5.52
2023-02-11 17:00:00,24.79,11.8,68.8,5.0,10.9,8.63,5.4
2023-02-11 18:00:00,21.87,11.8,80.9,3.3,8.64,7.14,4.14
2023-02-11 19:00:00,20.86,12.1,72.8,3.7,8.73,7.37,3.74
2023-02-11 20:00:00,26.28,8.2,67.1,5.0,12.64,9.71,5.38
2023-02-11 21:00:00,28.33,6.3,75.3,2.4,12.38,9.2,5.71
2023-02-11 22:00:00,32.4,7.5,74.9,4.1,14.28,10.97,6.48
2023-02-11 23:00:00,33.81,3.8,73.9,7.7,14.49,11.79,6.76
2023-02-12 00:00:00,35.55,3.7,70.6,4.4,16.29,13.32,6.73
2023-02-12 01:00:00,30.84,6.3,79.4,1.2,13.66,10.64,6.25
2023-02-12 02:00:00,33.41,4.7,74.3,2.5,14.99,11.32,7.04
2023-02-12 03:00:00,27.8,7.1,81.7,3.6,12.45,10.18,5.84
2023-02-12 04:00:00,29.68,3.9,79.4,1.2,12.51,10.55,6.16
2023-02-12 05:00:00,20.71,6.3,74.0,4.5,9.06,6.83,4.74
2023-02-12 06:00:00,26.02,8.1,62.2,4.4,12.32,9.54,5.05
2023-02-12 07:00:00,22.93,7.0,81.7,6.1,10.39,8.4,4.5
2023-02-12 08:00:00,22.86,11.6,71.6,3.5,9.35,7.55,4.29
2023-02-12 09:00:00,26.09,12.1,67.3,4.6,11.67,10.02,5.75
2023-02-12 10:00:00,29.32,10.1,67.4,1.9,12.97,10.35,5.89
2023-02-12 11:00:00,33.24,13.5,75.8,0.5,14.76,11.14,6.82
2023-02-12 12:00:00,34.24,14.9,60.8,1.8,15.11,12.86,6.83
2023-02-12 13:00:00,30.74,14.0,65.4,1.1,13.54,11.27,5.9
2023-02-12 14:00:00,30.06,12.8,71.5,3.2,13.45,10.47,5.84
2023-02-12 15:00:00,32.66,15.3,72.9,3.4,14.37,11.81,6.38
2023-02-12 16:00:00,28.81,17.7,61.7,4.3,13.4,9.8,5.4
2023-02-12 17:00:00,23.52,13.0,64.7,1.7,10.24,8.05,4.12
2023-02-12 18:00:00,21.77,14.9,65.6,2.1,9.2,7.59,4.45
2023-02-12 19:00:00,22.73,10.2,76.3,5.4,10.8,7.56,4.67
2023-02-12 20:00:00,26.03,10.3,77.2,3.9,11.47,8.47,5.43
2023-02-12 21:00:00,24.75,9.9,65.3,0.7,10.97,9.47,5.21
2023-02-12 22:00:00,29.47,7.5,75.6,5.8,12.37,9.23,5.66
2023-02-12 23:00:00,28.0,6.0,69.6,4.2,11.63,10.37,6.13
2023-02-13 00:00:00,42.63,6.9,80.1,1.9,19.17,15.32,8.74
2023-02-13 01:00:00,8.45,8.1,76.3,2.3,4.08,2.27,1.76
2023-02-13 02:00:00,36.67,5.6,72.7,3.8,17.14,12.72,7.48
2023-02-13 03:00:00,38.06,4.5,86.2,3.8,17.06,13.46,7.19
2023-02-13 04:00:00,27.31,5.5,79.0,5.4,12.32,9.93,5.38
2023-02-13 05:00:00,23.97,10.4,72.7,2.8,10.51,7.92,5.07
2023-02-13 06:00:00,27.19,7.8,73.7,3.8,12.58,9.45,5.16
2023-02-13 07:00:00,30.25,8.0,74.4,4.0,13.75,10.78,5.95
2023-02-13 08:00:00,34.59,8.4,72.0,3.8,15.23,11.56,6.65
2023-02-13 09:00:00,32.98,8.7,69.9,1.2,14.61,10.84,7.06
2023-02-13 10:00:00,40.58,13.2,74.3,3.1,17.57,14.19,8.67
2023-02-13 11:00:00,40.53,14.7,63.9,2.7,17.94,13.54,7.9
2023-02-13 12:00:00,41.2,13.9,64.7,9.4,18.69,13.82,8.83
2023-02-13 13:00:00,42.83,14.9,65.4,3.4,19.46,15.07,8.42
2023-02-13 14:00:00,39.51,13.4,75.1,3.2,17.36,13.49,7.9
2023-02-13 15:00:00,30.19,15.2,71.5,3.4,12.84,10.26,5.97
2023-02-13 16:00:00,34.07,15.2,63.8,6.7,15.2,12.7,7.03
2023-02-13 17:00:00,31.08,12.9,74.7,4.1,15.17,11.27,5.62
2023-02-13 18:00:00,25.06,15.2,66.3,3.0,11.44,9.29,5.5
2023-02-13 19:00:00,28.62,10.2,67.6,6.6,12.29,9.64,5.67
2023-02-13 20:00:00,31.61,10.6,68.9,6.9,14.05,11.08,6.02
2023-02-13 21:00:00,34.78,10.1,78.7,2.4,15.23,12.62,6.72
2023-02-13 22:00:00,36.5,7.5,85.4,3.0,16.59,12.89,7.04
2023-02-13 23:00:00,38.94,6.3,78.0,7.8,16.88,14.01,7.56
2023-02-14 00:00:00,41.51,3.8,76.6,3.7,19.11,14.22,8.67
2023-02-14 01:00:00,43.5,7.5,74.4,3.2,19.57,14.83,8.36
2023-02-14 02:00:00,39.18,5.0,74.2,2.0,17.61,13.01,7.61
2023-02-14 03:00:00,33.15,6.2,73.4,3.0,14.39,11.83,6.77
2023-02-14 04:00:00,32.25,6.9,72.1,4.2,14.14,11.59,6.91
2023-02-14 05:00:00,20.46,5.8,76.7,0.8,8.15,7.48,3.95
2023-02-14 06:00:00,29.44,7.5,75.6,1.3,13.24,9.97,6.01
2023-02-14 07:00:00,23.23,11.0,70.1,0.5,10.96,8.36,5.03
2023-02-14 08:00:00,29.42,8.6,72.6,2.1,12.85,10.99,6.15
2023-02-14 09:00:00,6.25,14.7,70.1,1.9,2.72,2.74,1.38
2023-02-14 10:00:00,34.59,11.6,68.9,5.9,15.18,12.7,7.49
2023-02-14 11:00:00,43.47,12.0,68.7,1.9,19.15,14.24,8.79
2023-02-14 12:00:00,40.4,14.8,65.4,4.4,17.69,14.79,8.35
2023-02-14 13:00:00,41.43,18.4,69.6,1.5,19.04,14.03,7.98
2023-02-14 14:00:00,37.71,12.4,66.7,4.0,16.91,13.39,6.92
2023-02-14 15:00:00,35.27,14.9,69.1,3.2,15.33,12.27,7.08
2023-02-14 16:00:00,30.51,15.3,61.9,3.1,14.01,10.25,6.56
2023-02-14 17:00:00,24.37,13.8,69.1,5.9,10.39,8.08,4.97
2023-02-14 18:00:00,29.06,13.3,70.7,1.8,13.2,10.53,5.85
2023-02-14 19:00:00,26.34,10.5,76.8,4.0,11.76,9.32,5.05
2023-02-14 20:00:00,26.43,9.4,70.8,5.6,12.38,8.94,5.14
2023-02-14 21:00:00,33.0,8.7,67.9,4.7,14.92,10.69,6.74
2023-02-14 22:00:00,41.57,6.1,72.8,8.6,18.91,13.77,8.56
2023-02-14 23:00:00,42.69,6.7,80.8,0.5,19.02,14.23,9.35
2023-02-15 00:00:00,40.64,5.5,87.8,6.2,18.49,15.13,7.93
2023-02-15 01:00:00,39.63,4.8,82.4,4.1,17.68,14.27,7.87
2023-02-15 02:00:00,36.96,5.9,70.7,0.5,16.81,13.56,7.35
2023-02-15 03:00:00,39.2,2.8,84.6,3.4,17.88,13.51,8.27
2023-02-15 04:00:00,31.22,5.7,72.4,5.1,15.0,10.14,6.13
2023-02-15 05:00:00,28.59,10.3,69.9,1.9,11.55,10.31,5.05
2023-02-15 06:00:00,29.09,6.3,77.4,4.5,12.69,10.37,6.06
2023-02-15 07:00:00,28.11,11.0,72.6,1.6,11.89,9.79,5.06
2023-02-15 08:00:00,29.61,10.5,71.8,5.4,12.88,10.37,6.2
2023-02-15 09:00:00,33.52,10.8,68.1,3.9,15.19,12.99,5.73
2023-02-15 10:00:00,37.58,10.9,76.2,0.8,16.93,13.26,7.77
2023-02-15 11:00:00,40.41,14.1,64.4,1.3,18.76,13.33,8.1
2023-02-15 12:00:00,43.33,16.9,70.0,6.0,19.88,15.08,8.92
2023-02-15 13:00:00,40.64,14.6,59.6,0.8,18.4,13.85,7.74
2023-02-15 14:00:00,39.59,15.3,66.8,2.5,18.89,13.76,8.22
2023-02-15 15:00:00,33.81,16.7,57.8,3.9,14.94,12.37,6.81
2023-02-15 16:00:00,30.46,15.2,61.6,2.1,14.2,10.87,6.08
2023-02-15 17:00:00,22.52,11.6,67.6,2.1,9.76,7.56,4.04
2023-02-15 18:00:00,28.8,13.0,76.0,5.2,12.23,10.47,6.02
2023-02-15 19:00:00,28.38,13.9,73.8,2.5,12.52,10.58,5.73
2023-02-15 20:00:00,32.76,10.3,76.0,0.8,15.17,11.49,6.35
2023-02-15 21:00:00,26.77,5.0,78.2,4.8,11.76,9.78,5.53
2023-02-15 22:00:00,77.37,8.5,74.8,7.5,34.88,26.61,15.11
2023-02-15 23:00:00,40.16,6.6,82.5,5.7,17.71,14.52,8.49
2023-02-16 00:00:00,44.22,3.4,83.4,3.8,19.84,16.14,8.65
2023-02-16 01:00:00,37.84,3.2,80.3,3.2,17.65,13.52,7.68
2023-02-16 02:00:00,39.23,7.0,83.1,6.8,17.47,14.2,7.77
2023-02-16 03:00:00,31.31,4.6,82.6,5.1,14.7,11.26,5.95
2023-02-16 04:00:00,28.64,4.8,79.4,3.9,12.22,9.24,5.69
2023-02-16 05:00:00,32.24,6.9,73.4,6.2,13.23,10.93,6.58
2023-02-16 06:00:00,25.97,7.0,72.8,4.1,11.07,9.52,5.17
2023-02-16 07:00:00,28.0,9.4,71.1,8.1,12.75,9.48,5.54
2023-02-16 08:00:00,32.37,10.2,74.0,5.9,14.44,11.14,6.9
2023-02-16 09:00:00,35.19,10.0,76.2,3.8,15.55,12.54,6.88
2023-02-16 10:00:00,38.07,12.2,62.1,6.8,16.29,13.67,8.1
2023-02-16 11:00:00,41.36,14.7,56.6,2.7,17.97,14.37,8.33
2023-02-16 12:00:00,47.46,14.9,61.4,4.7,20.94,16.09,9.53
2023-02-16 13:00:00,40.3,15.2,63.7,1.8,18.2,14.27,8.09
2023-02-16 14:00:00,38.2,18.4,67.9,6.4,17.59,12.8,7.6
2023-02-16 15:00:00,36.57,16.4,62.9,2.3,16.09,13.31,7.16
2023-02-16 16:00:00,32.96,16.1,65.9,7.3,14.43,11.68,6.94
2023-02-16 17:00:00,30.42,13.8,69.5,0.6,13.2,11.15,5.64
2023-02-16 18:00:00,28.04,13.3,62.9,4.5,13.18,9.76,5.06
2023-02-16 19:00:00,24.59,11.2,77.9,1.7,10.93,8.62,5.23
2023-02-16 20:00:00,34.28,11.7,66.7,5.1,15.54,11.57,6.31
2023-02-16 21:00:00,31.08,9.0,80.9,3.5,13.79,9.45,7.02
2023-02-16 22:00:00,38.45,8.3,73.4,6.6,16.51,12.96,7.84
2023-02-16 23:00:00,38.56,7.2,73.7,4.8,17.17,12.89,8.2
2023-02-17 00:00:00,74.19,6.3,70.9,5.1,33.71,25.56,15.09
2023-02-17 01:00:00,41.2,10.2,72.7,1.5,18.37,14.4,7.97
2023-02-17 02:00:00,38.43,4.6,89.7,1.4,17.13,13.55,7.51
2023-02-17 03:00:00,34.93,4.8,80.3,5.8,14.97,12.2,6.23
2023-02-17 04:00:00,34.16,7.3,76.5,2.1,16.14,11.29,7.16
2023-02-17 05:00:00,65.59,6.2,73.2,6.0,29.49,23.48,13.28
2023-02-17 06:00:00,25.77,7.7,77.7,1.7,12.16,9.19,5.67
2023-02-17 07:00:00,29.79,7.7,75.5,2.6,13.16,9.38,5.67
2023-02-17 08:00:00,33.1,11.4,70.0,6.9,15.21,11.32,6.8
2023-02-17 09:00:00,30.81,12.7,71.2,5.7,13.96,10.49,6.63
2023-02-17 10:00:00,39.12,12.7,59.7,1.0,17.91,14.08,7.61
2023-02-17 11:00:00,42.13,15.2,65.2,3.3,20.19,14.24,8.72
2023-02-17 12:00:00,40.63,12.2,63.4,6.6,18.35,13.16,8.19
2023-02-17 13:00:00,78.86,14.4,66.9,0.5,35.37,27.95,15.64
2023-02-17 14:00:00,37.25,15.4,61.9,1.4,17.08,13.07,7.46
2023-02-17 15:00:00,34.19,13.7,64.3,4.3,14.98,11.74,7.13
2023-02-17 16:00:00,29.7,12.3,62.5,1.4,12.96,10.97,5.93
2023-02-17 17:00:00,27.42,13.7,73.1,3.3,12.33,8.93,5.23
2023-02-17 18:00:00,23.64,14.2,63.6,3.6,10.65,8.82,4.39
2023-02-17 19:00:00,23.78,13.9,64.3,6.0,11.68,8.93,4.74
2023-02-17 20:00:00,34.11,9.8,79.9,7.5,14.78,12.72,6.84
2023-02-17 21:00:00,31.76,10.4,74.3,3.6,14.32,11.44,6.4
2023-02-17 22:00:00,35.15,9.1,62.9,3.6,15.9,11.85,6.59
2023-02-17 23:00:00,34.99,8.9,80.2,4.8,15.2,12.09,6.8
2023-02-18 00:00:00,30.96,5.9,85.1,2.0,14.19,11.03,6.0
2023-02-18 01:00:00,28.49,3.2,87.9,7.1,13.16,10.62,6.1
2023-02-18 02:00:00,33.85,5.9,80.3,0.5,15.33,11.63,6.17
2023-02-18 03:00:00,29.45,4.4,73.2,0.5,13.66,9.88,5.76
2023-02-18 04:00:00,22.4,5.4,77.3,4.2,9.3,8.12,4.55
2023-02-18 05:00:00,27.69,6.8,68.6,2.7,12.94,9.8,5.22
2023-02-18 06:00:00,23.76,7.8,70.4,3.0,10.23,8.49,4.82
2023-02-18 07:00:00,21.25,9.7,66.8,2.1,8.7,7.92,3.95
2023-02-18 08:00:00,17.87,11.8,66.7,3.1,8.1,6.47,3.75
2023-02-18 09:00:00,32.66,11.5,71.0,5.6,13.59,11.27,6.71
2023-02-18 10:00:00,26.27,13.9,65.1,4.7,11.85,9.72,5.12
2023-02-18 11:00:00,27.69,14.3,64.4,1.3,12.73,9.78,5.81
2023-02-18 12:00:00,35.11,16.5,62.7,1.0,15.06,12.54,6.87
2023-02-18 13:00:00,37.9,15.3,73.1,3.6,16.58,13.89,7.35
2023-02-18 14:00:00,33.2,15.6,76.0,4.9,15.12,11.48,6.97
2023-02-18 15:00:00,28.34,15.0,63.7,4.4,12.3,9.96,6.04
2023-02-18 16:00:00,25.6,14.9,67.9,6.0,10.88,9.58,5.2
2023-02-18 17:00:00,24.19,13.1,64.0,1.6,10.69,8.38,4.95
2023-02-18 18:00:00,23.2,11.9,73.5,4.1,10.94,8.51,4.96
2023-02-18 19:00:00,22.76,13.2,65.7,5.1,10.96,7.56,4.61
2023-02-18 20:00:00,24.38,9.1,69.5,7.1,10.46,8.87,4.86
2023-02-18 21:00:00,26.77,9.0,83.2,1.4,12.52,10.02,5.42
2023-02-18 22:00:00,27.86,9.8,65.5,2.2,13.05,9.69,5.39
2023-02-18 23:00:00,31.1,6.7,63.7,2.8,14.92,11.36,6.21
2023-02-19 00:00:00,28.24,7.8,78.3,3.7,12.57,10.18,5.43
2023-02-19 01:00:00,31.48,5.2,75.9,3.1,14.66,10.44,6.33
2023-02-19 02:00:00,27.19,4.3,75.6,6.0,12.33,9.59,5.12
2023-02-19 03:00:00,24.09,3.7,93.2,7.4,10.48,8.68,5.11
2023-02-19 04:00:00,24.49,8.5,77.4,1.1,11.25,9.14,4.78
2023-02-19 05:00:00,25.46,5.7,76.9,4.7,10.52,8.99,5.12
2023-02-19 06:00:00,23.52,9.5,69.0,1.5,11.09,8.67,4.56
2023-02-19 07:00:00,18.05,8.1,76.5,6.4,8.9,6.19,3.84
2023-02-19 08:00:00,21.56,12.9,59.9,1.7,9.98,7.04,4.36
2023-02-19 09:00:00,29.2,15.5,62.8,9.3,12.96,9.31,5.96
2023-02-19 10:00:00,27.21,10.9,70.8,3.2,12.07,9.21,5.27
2023-02-19 11:00:00,31.16,12.8,69.7,2.9,14.69,9.96,6.27
2023-02-19 12:00:00,33.85,16.4,63.6,4.0,14.56,11.19,7.21
2023-02-19 13:00:00,29.3,16.5,60.7,3.0,13.69,8.85,5.66
2023-02-19 14:00:00,29.93,17.1,68.1,2.2,14.27,10.07,5.63
2023-02-19 15:00:00,23.52,14.9,57.9,4.2,10.81,7.48,4.47
2023-02-19 16:00:00,22.53,18.2,60.8,4.8,10.48,7.71,5.45
2023-02-19 17:00:00,22.78,14.6,63.9,7.2,8.49,7.99,4.24
2023-02-19 18:00:00,17.24,11.6,75.2,3.1,8.23,5.24,3.71
2023-02-19 19:00:00,23.08,11.8,67.5,4.7,10.52,8.78,4.78
2023-02-19 20:00:00,23.99,9.1,75.3,5.7,10.9,9.08,4.71
2023-02-19 21:00:00,28.23,12.0,71.3,5.7,12.7,9.8,5.41
2023-02-19 22:00:00,30.22,7.4,65.9,0.8,14.2,10.83,6.43
2023-02-19 23:00:00,35.13,8.1,73.9,2.8,16.5,12.4,6.74
2023-02-20 00:00:00,41.46,6.0,68.1,0.5,18.85,14.22,8.18
2023-02-20 01:00:00,39.06,5.3,79.4,3.8,16.86,12.95,7.97
2023-02-20 02:00:00,37.7,3.2,76.5,6.0,17.17,12.89,7.02
2023-02-20 03:00:00,35.0,7.1,81.4,5.5,15.74,11.98,7.1
2023-02-20 04:00:00,30.01,8.7,72.7,5.5,14.01,11.11,6.03
2023-02-20 05:00:00,27.25,6.1,72.8,2.8,12.28,10.18,4.99
2023-02-20 06:00:00,24.39,6.2,82.5,0.9,11.15,7.95,5.12
2023-02-20 07:00:00,25.49,10.9,66.5,1.8,10.82,8.91,4.94
2023-02-20 08:00:00,26.39,8.6,78.2,4.5,11.62,9.43,5.67
2023-02-20 09:00:00,38.02,14.2,69.3,1.6,16.52,14.71,7.68
2023-02-20 10:00:00,34.28,12.2,67.6,1.6,15.1,11.21,6.57
2023-02-20 11:00:00,38.41,12.9,61.8,2.8,17.37,14.51,7.54
2023-02-20 12:00:00,39.35,15.7,71.3,1.3,18.07,13.69,7.88
2023-02-20 13:00:00,42.38,14.3,69.3,2.7,18.81,14.44,8.36
2023-02-20 14:00:00,36.66,15.0,62.2,7.9,16.77,12.26,7.24
2023-02-20 15:00:00,36.76,16.4,65.5,0.6,16.48,12.41,7.38
2023-02-20 16:00:00,28.21,11.7,75.0,5.7,12.36,10.5,5.64
2023-02-20 17:00:00,27.84,17.0,64.1,9.5,12.79,10.34,5.33
2023-02-20 18:00:00,24.05,13.6,68.9,3.2,10.45,8.45,5.13
2023-02-20 19:00:00,32.51,10.4,76.7,7.2,14.99,11.5,6.52
2023-02-20 20:00:00,26.92,9.5,80.3,2.3,11.68,9.58,5.58
2023-02-20 21:00:00,34.42,11.2,69.9,8.5,16.7,11.11,7.02
2023-02-20 22:00:00,38.98,9.4,66.0,6.0,18.37,13.05,7.93
2023-02-20 23:00:00,41.17,9.6,66.0,6.2,17.98,15.29,8.15
2023-02-21 00:00:00,40.59,5.8,73.6,1.6,18.13,14.76,8.21
2023-02-21 01:00:00,39.73,6.8,71.2,6.1,17.58,14.14,7.66
2023-02-21 02:00:00,37.41,6.8,67.4,7.2,16.56,12.55,7.52
2023-02-21 03:00:00,33.19,7.4,84.4,5.5,15.33,11.83,6.37
2023-02-21 04:00:00,32.21,8.5,76.4,1.3,14.73,11.36,6.32
2023-02-21 05:00:00,32.59,6.6,73.5,1.3,14.34,11.37,6.63
2023-02-21 06:00:00,24.66,8.5,73.6,2.8,10.84,9.16,5.27
2023-02-21 07:00:00,23.64,9.0,64.3,4.7,10.97,8.05,4.85
2023-02-21 08:00:00,29.58,11.1,76.5,0.5,12.8,10.4,5.81
2023-02-21 09:00:00,40.0,13.5,58.0,7.4,18.17,13.71,7.81
2023-02-21 10:00:00,35.3,11.2,73.1,3.7,15.49,12.6,7.12
2023-02-21 11:00:00,44.15,16.4,55.2,2.8,20.19,14.91,8.59
2023-02-21 12:00:00,45.25,13.8,65.4,3.9,20.12,15.69,8.93
2023-02-21 13:00:00,38.67,15.5,71.6,4.8,17.4,13.83,7.81
2023-02-21 14:00:00,38.73,18.0,54.2,2.4,17.21,13.29,7.56
2023-02-21 15:00:00,37.63,16.5,63.5,2.5,17.54,13.11,7.27
2023-02-21 16:00:00,28.86,16.0,67.9,3.4,13.39,11.04,5.36
2023-02-21 17:00:00,26.55,12.9,70.8,4.5,12.07,9.98,5.69
2023-02-21 18:00:00,24.6,12.1,69.8,4.7,11.47,8.98,5.16
2023-02-21 19:00:00,24.52,13.9,69.8,2.7,11.23,8.69,4.62
2023-02-21 20:00:00,28.18,10.3,68.6,2.6,12.36,9.83,5.59
2023-02-21 21:00:00,30.5,9.1,82.7,3.5,13.26,10.22,6.42
2023-02-21 22:00:00,37.39,10.1,63.8,3.7,16.86,12.58,7.59
2023-02-21 23:00:00,38.13,6.1,82.5,4.3,17.27,12.94,7.78
2023-02-22 00:00:00,41.55,7.4,76.1,4.2,18.58,14.78,8.55
2023-02-22 01:00:00,36.07,6.6,79.2,2.9,15.64,12.53,7.05
2023-02-22 02:00:00,38.04,6.3,80.4,2.5,17.23,13.16,7.72
2023-02-22 03:00:00,35.55,5.7,79.9,2.6,16.2,12.35,7.17
2023-02-22 04:00:00,24.73,6.1,72.6,4.3,11.81,7.88,4.64
2023-02-22 05:00:00,27.9,6.2,75.2,3.2,12.46,9.47,5.71
2023-02-22 06:00:00,29.03,9.5,65.3,1.6,12.44,9.96,5.65
2023-02-22 07:00:00,23.94,9.0,71.7,0.5,10.81,7.48,4.75
2023-02-22 08:00:00,33.89,12.8,70.3,0.7,15.32,12.07,6.84
2023-02-22 09:00:00,34.51,12.3,72.3,6.0,15.21,12.28,7.21
2023-02-22 10:00:00,35.45,12.2,71.3,3.3,15.68,13.03,7.1
2023-02-22 11:00:00,39.82,14.5,57.8,4.4,18.36,13.91,8.08
2023-02-22 12:00:00,42.36,15.0,63.2,6.9,18.92,14.57,8.57
2023-02-22 13:00:00,40.15,17.7,59.5,1.6,17.99,13.68,7.68
2023-02-22 14:00:00,38.56,15.8,58.5,3.3,16.82,13.89,7.41
2023-02-22 15:00:00,31.16,15.7,60.9,3.7,14.07,11.28,6.28
2023-02-22 16:00:00,30.14,17.8,62.7,5.8,13.2,10.74,6.56
2023-02-22 17:00:00,23.43,15.6,72.3,9.6,10.15,8.05,4.8
2023-02-22 18:00:00,25.69,16.3,59.7,4.7,10.85,9.84,5.31
2023-02-22 19:00:00,24.71,14.5,61.0,4.3,11.36,8.58,5.26
2023-02-22 20:00:00,27.87,10.0,69.0,6.7,12.21,9.5,5.43
2023-02-22 21:00:00,36.55,11.5,71.9,5.7,16.0,13.11,8.03
2023-02-22 22:00:00,39.94,11.1,76.8,6.0,17.84,13.74,8.37
2023-02-22 23:00:00,41.48,10.1,71.5,0.5,19.01,13.84,8.42
2023-02-23 00:00:00,38.14,8.6,66.4,3.6,17.36,14.42,7.51
2023-02-23 01:00:00,39.07,8.1,68.1,5.2,17.64,14.07,7.49
2023-02-23 02:00:00,40.15,6.0,77.7,1.9,18.55,14.1,8.17
2023-02-23 03:00:00,33.72,5.4,82.5,5.0,15.61,11.87,7.23
2023-02-23 04:00:00,35.42,6.6,85.2,0.5,16.0,11.82,7.49
2023-02-23 05:00:00,27.86,5.4,71.6,3.9,12.73,9.79,6.15
2023-02-23 06:00:00,26.35,11.0,71.5,5.9,12.19,9.09,4.52
2023-02-23 07:00:00,26.1,9.7,67.2,3.2,12.02,8.87,5.41
2023-02-23 08:00:00,29.95,13.4,63.4,4.9,13.85,9.9,6.08
2023-02-23 09:00:00,32.99,10.9,66.0,3.7,14.48,10.98,6.73
2023-02-23 10:00:00,38.89,15.6,63.6,4.3,17.32,13.61,8.0
2023-02-23 11:00:00,42.25,14.3,62.5,3.6,19.27,14.76,8.56
2023-02-23 12:00:00,38.9,13.9,79.8,3.4,17.64,13.71,8.08
2023-02-23 13:00:00,36.53,18.7,59.2,5.8,17.1,12.52,7.46
2023-02-23 14:00:00,32.53,18.1,67.2,1.3,15.4,11.02,6.6
2023-02-23 15:00:00,34.64,16.6,60.8,4.0,16.01,12.51,6.98
2023-02-23 16:00:00,26.86,15.8,76.2,1.5,11.04,9.54,5.44
2023-02-23 17:00:00,21.49,15.7,66.9,3.9,10.07,7.83,3.89
2023-02-23 18:00:00,26.84,14.3,71.1,7.7,12.04,10.11,5.43
2023-02-23 19:00:00,33.1,11.6,67.2,1.0,14.45,11.53,6.76
2023-02-23 20:00:00,29.6,10.8,75.9,3.1,13.04,9.77,6.11
2023-02-23 21:00:00,35.46,13.1,69.9,5.4,15.36,11.96,6.96
2023-02-23 22:00:00,37.32,13.0,66.5,2.9,17.28,12.68,7.56
2023-02-23 23:00:00,39.62,10.3,66.3,3.6,18.1,13.57,8.03
2023-02-24 00:00:00,43.06,8.0,73.2,1.5,18.45,14.94,8.74
2023-02-24 01:00:00,39.04,6.3,74.9,2.1,17.63,14.13,7.66
2023-02-24 02:00:00,37.69,5.4,81.9,4.6,16.34,12.71,6.8
2023-02-24 03:00:00,34.07,5.7,76.0,5.6,15.77,11.77,6.88
2023-02-24 04:00:00,27.85,6.4,66.7,4.3,11.96,9.92,5.49
2023-02-24 05:00:00,29.25,11.3,73.7,5.7,11.99,10.39,5.68
2023-02-24 06:00:00,25.33,11.8,76.3,4.1,11.57,8.83,5.11
2023-02-24 07:00:00,24.88,11.4,62.0,5.5,11.53,9.11,4.72
2023-02-24 08:00:00,30.86,10.2,80.8,8.6,14.29,10.99,6.63
2023-02-24 09:00:00,31.02,14.2,73.9,1.2,13.85,12.28,5.75
2023-02-24 10:00:00,37.09,13.7,64.3,3.4,16.68,12.18,7.35
2023-02-24 11:00:00,39.74,11.9,64.1,1.9,18.16,14.03,7.86
2023-02-24 12:00:00,43.48,16.4,69.6,3.4,20.09,14.43,8.32
2023-02-24 13:00:00,40.95,15.2,58.9,3.5,18.33,14.59,7.77
2023-02-24 14:00:00,36.95,15.4,62.2,4.2,16.44,13.55,7.51
2023-02-24 15:00:00,35.31,16.1,58.2,3.2,14.72,12.52,7.74
2023-02-24 16:00:00,32.99,15.2,65.8,2.7,14.88,12.61,6.24
2023-02-24 17:00:00,28.17,15.1,73.2,0.9,13.35,9.33,4.77
2023-02-24 18:00:00,25.79,14.0,69.1,0.8,11.97,9.19,4.71
2023-02-24 19:00:00,23.49,10.1,77.0,1.9,11.08,8.26,4.51
2023-02-24 20:00:00,26.85,13.9,65.6,3.3,12.32,9.62,5.27
2023-02-24 21:00:00,32.5,8.8,73.9,3.1,14.78,11.54,6.53
2023-02-24 22:00:00,35.49,7.7,68.7,2.0,15.5,12.81,7.33
2023-02-24 23:00:00,39.29,7.6,74.4,5.6,17.37,13.1,7.6
2023-02-25 00:00:00,32.05,7.3,71.6,4.6,13.8,11.76,6.05
2023-02-25 01:00:00,32.48,9.1,72.3,2.8,14.96,11.12,6.97
2023-02-25 02:00:00,28.92,7.2,74.3,5.4,13.6,10.57,6.0
2023-02-25 03:00:00,27.5,7.8,73.1,9.0,12.97,10.06,5.18
2023-02-25 04:00:00,54.36,7.8,85.1,2.2,23.93,18.56,11.02
2023-02-25 05:00:00,16.48,8.6,82.6,2.8,7.26,5.57,3.37
2023-02-25 06:00:00,18.31,9.7,79.4,9.4,7.46,5.95,3.92
2023-02-25 07:00:00,21.06,7.6,83.9,1.6,8.91,7.12,4.31
2023-02-25 08:00:00,20.45,11.4,77.4,1.2,8.63,7.54,4.39
2023-02-25 09:00:00,27.79,14.8,66.1,3.6,13.2,10.12,5.32
2023-02-25 10:00:00,32.93,20.2,59.2,3.4,14.65,11.93,6.53
2023-02-25 11:00:00,34.21,13.5,69.0,1.2,14.74,11.87,6.56
2023-02-25 12:00:00,31.38,16.7,62.9,2.5,13.74,10.07,6.1
2023-02-25 13:00:00,34.89,15.7,59.9,3.1,16.23,12.21,6.95
2023-02-25 14:00:00,29.47,19.8,61.7,5.6,13.33,10.99,6.03
2023-02-25 15:00:00,25.44,14.6,58.7,4.7,10.94,9.45,5.01
2023-02-25 16:00:00,50.46,17.0,64.3,6.7,23.35,17.25,10.29
2023-02-25 17:00:00,20.66,13.2,63.2,2.7,9.51,7.99,4.19
2023-02-25 18:00:00,19.69,13.8,67.1,2.6,8.47,6.39,3.86
2023-02-25 19:00:00,21.84,13.0,69.4,3.3,9.8,7.66,4.72
2023-02-25 20:00:00,23.88,13.4,66.2,0.5,11.2,7.94,4.74
2023-02-25 21:00:00,26.29,8.8,65.2,2.0,11.48,10.38,4.99
2023-02-25 22:00:00,30.19,10.3,65.8,2.1,13.82,10.55,6.08
2023-02-25 23:00:00,34.13,8.2,76.4,1.1,15.5,11.26,6.57
2023-02-26 00:00:00,34.18,8.0,71.6,3.3,14.96,12.61,6.32
2023-02-26 01:00:00,27.34,8.5,76.6,6.5,11.83,8.93,6.08
2023-02-26 02:00:00,22.61,5.0,78.1,0.5,9.02,7.72,4.35
2023-02-26 03:00:00,28.51,8.3,73.1,4.2,12.61,10.62,6.07
2023-02-26 04:00:00,19.95,6.7,77.7,6.2,8.04,6.8,3.59
2023-02-26 05:00:00,20.74,10.0,68.6,1.4,8.44,7.45,4.61
2023-02-26 06:00:00,17.63,9.9,74.1,6.7,6.87,5.67,3.62
2023-02-26 07:00:00,16.8,10.3,69.5,5.5,7.37,6.85,3.35
2023-02-26 08:00:00,24.72,11.0,83.5,2.1,11.53,8.0,4.99
2023-02-26 09:00:00,28.08,14.4,61.0,6.5,12.04,9.53,5.44
2023-02-26 10:00:00,27.55,16.3,62.7,5.4,12.93,9.51,5.42
2023-02-26 11:00:00,24.57,14.6,64.8,1.5,11.61,7.8,4.72
2023-02-26 12:00:00,30.44,14.5,59.8,5.7,13.19,10.75,6.39
2023-02-26 13:00:00,32.03,17.8,66.3,3.8,13.4,11.82,6.58
2023-02-26 14:00:00,25.29,14.7,64.2,5.5,11.87,9.7,5.04
2023-02-26 15:00:00,26.64,14.8,54.4,4.2,12.6,9.61,5.37
2023-02-26 16:00:00,23.33,14.6,69.9,3.0,10.47,7.74,4.75
2023-02-26 17:00:00,22.75,14.8,63.0,4.1,10.27,7.22,4.51
2023-02-26 18:00:00,20.85,12.4,68.6,4.3,9.4,8.8,3.89
2023-02-26 19:00:00,18.87,10.3,75.0,5.1,8.67,7.18,3.78
2023-02-26 20:00:00,26.36,10.2,69.9,5.7,12.26,10.0,5.54
2023-02-26 21:00:00,25.78,11.6,68.2,4.4,11.35,9.18,4.78
2023-02-26 22:00:00,28.92,7.5,87.3,9.1,12.45,10.72,5.9
2023-02-26 23:00:00,28.72,7.9,63.8,5.2,12.67,9.97,5.71
2023-02-27 00:00:00,39.33,10.7,64.8,6.6,17.73,13.14,7.66
2023-02-27 01:00:00,37.22,7.2,70.0,2.6,17.01,12.4,7.79
2023-02-27 02:00:00,36.26,7.6,83.9,2.6,16.78,12.66,6.7
2023-02-27 03:00:00,37.22,5.8,73.8,2.8,17.09,13.11,7.18
2023-02-27 04:00:00,25.76,11.0,72.0,3.2,11.74,9.13,4.93
2023-02-27 05:00:00,22.41,7.7,72.4,7.7,9.82,7.17,5.1
2023-02-27 06:00:00,29.12,9.2,76.0,1.2,12.17,10.32,6.51
2023-02-27 07:00:00,25.92,12.7,68.6,3.5,12.09,7.65,4.97
2023-02-27 08:00:00,27.52,11.8,71.1,1.8,13.31,9.75,5.44
2023-02-27 09:00:00,35.54,13.4,74.3,5.5,15.79,12.02,7.11
2023-02-27 10:00:00,35.18,14.1,69.2,0.8,16.34,12.09,6.83
2023-02-27 11:00:00,44.0,15.2,62.1,3.3,19.04,16.11,8.97
2023-02-27 12:00:00,42.13,16.9,65.2,3.0,18.71,14.84,8.74
2023-02-27 13:00:00,38.22,17.7,74.8,1.3,16.56,13.28,7.77
2023-02-27 14:00:00,42.08,16.1,67.5,2.9,19.74,14.8,8.13
2023-02-27 15:00:00,31.43,15.7,65.9,5.5,13.79,11.63,6.08
2023-02-27 16:00:00,31.05,15.5,58.6,1.6,14.01,11.38,6.14
2023-02-27 17:00:00,27.19,13.5,71.4,8.6,12.38,10.52,5.72
2023-02-27 18:00:00,28.69,12.2,73.8,1.0,13.84,9.54,5.64
2023-02-27 19:00:00,30.35,13.8,69.0,2.5,13.22,10.47,6.06
2023-02-27 20:00:00,29.27,13.5,68.4,5.2,13.59,10.73,5.42
2023-02-27 21:00:00,31.06,12.1,83.7,2.8,13.53,11.44,6.55
2023-02-27 22:00:00,37.84,6.0,81.1,3.4,16.96,13.41,7.4
2023-02-27 23:00:00,37.74,8.2,80.4,1.9,18.09,13.72,7.08
2023-02-28 00:00:00,45.36,6.2,76.9,4.8,20.46,15.82,9.58
2023-02-28 01:00:00,39.66,7.6,74.2,1.9,18.28,13.61,8.2
2023-02-28 02:00:00,35.66,6.6,79.3,5.8,16.15,12.59,7.09
2023-02-28 03:00:00,33.28,8.3,73.4,3.7,15.08,11.21,6.57
2023-02-28 04:00:00,25.71,7.9,74.3,3.8,11.92,9.14,5.09
2023-02-28 05:00:00,23.9,5.8,79.3,7.0,10.31,8.22,4.76
2023-02-28 06:00:00,28.32,8.3,71.5,5.2,12.92,9.13,6.02
2023-02-28 07:00:00,24.69,10.9,72.0,4.9,10.3,9.09,4.53
2023-02-28 08:00:00,26.46,12.4,69.6,5.9,11.4,9.35,5.5
2023-02-28 09:00:00,34.16,11.4,75.2,1.3,16.01,11.86,6.51
2023-02-28 10:00:00,39.54,12.4,66.0,4.8,17.36,14.13,8.18
2023-02-28 11:00:00,41.12,15.8,55.0,2.2,18.9,14.74,7.74
2023-02-28 12:00:00,42.81,14.4,65.1,2.4,17.38,15.43,8.2
2023-02-28 13:00:00,37.43,14.5,68.5,0.5,16.5,12.72,7.35
2023-02-28 14:00:00,33.02,16.5,69.0,6.4,14.6,11.02,6.69
2023-02-28 15:00:00,36.58,16.3,61.0,4.9,16.15,12.37,7.47
2023-02-28 16:00:00,28.27,15.2,68.4,1.6,12.66,11.21,5.57
2023-02-28 17:00:00,25.7,14.7,72.0,2.7,11.75,8.51,5.02
2023-02-28 18:00:00,28.64,14.7,70.1,3.4,12.7,10.56,6.07
2023-02-28 19:00:00,27.72,12.4,65.1,3.5,12.67,9.16,5.17
2023-02-28 20:00:00,30.21,12.3,65.8,4.0,13.57,9.98,6.61
2023-02-28 21:00:00,38.24,10.4,73.8,3.4,17.81,12.57,7.98
2023-02-28 22:00:00,34.96,10.0,80.2,4.3,16.49,11.51,6.74
2023-02-28 23:00:00,95.77,10.0,72.1,6.2,43.29,33.37,19.14
2023-03-01 00:00:00,40.34,9.3,72.0,3.0,18.68,14.23,8.18
2023-03-01 01:00:00,39.87,9.5,65.8,6.1,17.97,14.15,7.34
2023-03-01 02:00:00,40.27,8.6,71.8,2.1,18.66,14.3,8.55
2023-03-01 03:00:00,33.97,7.9,70.9,1.5,15.36,12.2,7.28
2023-03-01 04:00:00,30.3,7.4,75.3,2.2,13.55,10.43,6.06
2023-03-01 05:00:00,28.89,8.3,66.5,2.0,11.99,9.02,6.36
2023-03-01 06:00:00,24.29,8.6,72.1,8.7,11.1,8.44,4.89
2023-03-01 07:00:00,24.11,11.1,65.7,2.9,11.02,8.11,4.73
2023-03-01 08:00:00,26.34,13.4,72.6,4.4,11.28,9.54,5.12
2023-03-01 09:00:00,27.79,12.6,64.6,4.6,12.21,10.11,5.44
2023-03-01 10:00:00,41.59,14.8,63.4,3.3,17.94,14.21,8.0
2023-03-01 11:00:00,36.44,14.9,67.5,2.1,16.78,13.19,7.13
2023-03-01 12:00:00,39.65,17.0,61.3,3.2,17.49,13.83,7.78
2023-03-01 13:00:00,38.51,16.4,76.1,3.4,17.7,13.02,7.85
2023-03-01 14:00:00,37.22,16.3,69.1,7.4,16.5,14.19,7.58
2023-03-01 15:00:00,34.74,16.2,64.7,3.9,15.18,11.98,7.14
2023-03-01 16:00:00,31.1,17.5,64.9,7.9,14.52,11.26,6.33
2023-03-01 17:00:00,24.75,15.8,53.3,3.9,10.83,9.31,4.97
2023-03-01 18:00:00,24.78,14.2,73.1,1.7,11.66,8.95,4.99
2023-03-01 19:00:00,26.91,14.1,69.7,3.0,11.74,9.19,5.75
2023-03-01 20:00:00,28.33,11.8,69.5,5.3,12.67,9.77,5.87
2023-03-01 21:00:00,36.72,12.8,71.5,3.1,17.17,11.78,7.1
2023-03-01 22:00:00,37.68,8.4,77.3,1.4,17.1,12.73,7.91
2023-03-01 23:00:00,73.86,8.6,71.6,1.3,33.68,26.25,14.94
2023-03-02 00:00:00,41.73,6.1,78.6,2.2,19.84,14.54,8.34
2023-03-02 01:00:00,42.01,7.2,80.6,3.9,18.83,14.96,8.37
2023-03-02 02:00:00,36.78,5.0,80.3,5.6,17.01,12.27,7.09
2023-03-02 03:00:00,29.33,8.8,72.1,3.7,13.19,10.13,6.06
2023-03-02 04:00:00,29.83,9.4,74.3,5.0,13.49,10.64,6.11
2023-03-02 05:00:00,24.45,10.2,78.7,4.3,10.79,8.53,5.23
2023-03-02 06:00:00,23.76,10.1,75.8,3.7,10.76,9.2,4.94
2023-03-02 07:00:00,27.55,9.9,66.3,2.1,11.87,9.35,4.99
2023-03-02 08:00:00,31.92,11.3,73.3,6.2,14.95,11.2,6.68
2023-03-02 09:00:00,32.63,16.1,66.9,2.4,15.99,11.53,6.8
2023-03-02 10:00:00,37.1,17.2,69.2,2.3,16.82,12.52,7.58
2023-03-02 11:00:00,43.33,16.3,64.7,2.3,19.26,14.52,8.35
2023-03-02 12:00:00,40.68,16.1,62.8,1.3,19.21,14.38,8.46
2023-03-02 13:00:00,45.58,19.4,53.9,3.5,20.35,16.36,9.2
2023-03-02 14:00:00,37.74,16.5,60.7,2.7,16.77,13.49,7.43
2023-03-02 15:00:00,28.18,17.7,68.8,3.6,12.81,10.22,5.6
2023-03-02 16:00:00,30.71,18.9,62.3,3.3,13.62,10.48,6.38
2023-03-02 17:00:00,27.03,14.8,65.7,3.6,12.79,9.06,4.83
2023-03-02 18:00:00,28.3,16.3,70.9,2.5,11.91,9.79,6.08
2023-03-02 19:00:00,27.76,14.6,71.9,5.5,12.63,10.38,5.72
2023-03-02 20:00:00,28.48,12.5,65.3,3.7,13.59,10.32,5.81
2023-03-02 21:00:00,29.52,9.8,78.3,2.1,12.07,9.69,5.82
2023-03-02 22:00:00,35.8,8.9,65.0,6.5,16.93,12.79,7.89
2023-03-02 23:00:00,36.95,9.4,75.0,1.4,16.77,14.19,7.21
2023-03-03 00:00:00,38.5,6.2,78.2,4.9,18.28,14.06,8.21
2023-03-03 01:00:00,40.41,8.1,80.1,4.5,19.03,13.81,8.17
2023-03-03 02:00:00,40.37,8.5,75.7,1.2,17.48,14.66,8.79
2023-03-03 03:00:00,33.43,9.3,71.6,6.5,16.12,11.8,6.57
2023-03-03 04:00:00,25.71,6.3,75.6,2.6,11.04,8.69,4.78
2023-03-03 05:00:00,27.06,11.1,84.1,4.9,12.4,9.68,5.15
2023-03-03 06:00:00,27.94,12.7,69.1,2.4,11.37,10.44,5.3
2023-03-03 07:00:00,24.43,12.0,72.6,3.7,11.36,8.2,4.82
2023-03-03 08:00:00,28.36,11.1,60.5,8.0,13.02,10.13,5.72
2023-03-03 09:00:00,32.49,13.5,63.7,4.1,15.46,10.96,6.34
2023-03-03 10:00:00,34.24,15.1,68.4,2.5,15.74,11.41,7.19
2023-03-03 11:00:00,40.56,16.6,56.0,3.3,17.65,13.83,8.12
2023-03-03 12:00:00,39.65,17.1,66.3,4.5,18.23,13.44,8.19
2023-03-03 13:00:00,39.99,17.9,58.8,3.3,17.74,14.05,8.01
2023-03-03 14:00:00,33.98,17.6,57.8,6.6,16.33,11.5,6.65
2023-03-03 15:00:00,31.35,17.9,58.8,6.0,14.35,11.8,6.18
2023-03-03 16:00:00,30.5,16.3,72.0,1.7,13.57,10.28,5.58
2023-03-03 17:00:00,25.02,15.7,66.8,5.3,11.82,8.85,5.64
2023-03-03 18:00:00,29.27,14.3,62.2,7.2,13.22,10.96,5.88
2023-03-03 19:00:00,24.95,16.9,67.6,2.6,12.15,8.58,4.91
2023-03-03 20:00:00,29.26,14.9,70.3,2.2,12.6,10.41,5.52
2023-03-03 21:00:00,34.78,12.2,67.4,0.5,15.38,13.08,6.94
2023-03-03 22:00:00,32.65,12.2,74.2,1.5,15.2,11.61,5.98
2023-03-03 23:00:00,34.54,10.4,76.6,7.6,15.35,11.45,7.11
2023-03-04 00:00:00,27.25,8.8,77.7,3.0,12.73,9.85,5.18
2023-03-04 01:00:00,33.47,5.8,73.7,3.0,15.39,12.66,7.16
2023-03-04 02:00:00,26.87,7.5,69.1,2.4,11.69,9.08,5.78
2023-03-04 03:00:00,31.84,7.5,66.5,1.8,14.5,11.82,6.1
2023-03-04 04:00:00,21.22,6.8,72.5,3.6,9.48,7.73,4.45
2023-03-04 05:00:00,21.03,7.1,73.6,4.8,9.16,7.29,4.73
2023-03-04 06:00:00,23.67,11.1,69.2,3.8,10.99,8.49,5.33
2023-03-04 07:00:00,25.58,12.1,69.3,0.8,11.13,8.18,5.46
2023-03-04 08:00:00,27.78,11.1,79.3,5.4,12.55,9.33,5.75
2023-03-04 09:00:00,28.46,13.0,66.7,6.9,13.78,10.02,5.6
2023-03-04 10:00:00,30.81,17.1,63.2,3.2,13.98,10.83,6.39
2023-03-04 11:00:00,31.79,15.1,56.8,2.9,14.03,11.2,6.01
2023-03-04 12:00:00,33.01,17.4,74.2,2.2,14.11,11.87,7.03
2023-03-04 13:00:00,28.93,17.4,56.5,2.5,12.25,10.62,6.48
2023-03-04 14:00:00,26.21,18.6,58.1,4.3,11.27,8.96,5.1
2023-03-04 15:00:00,25.43,16.4,67.8,5.1,11.31,8.37,4.83
2023-03-04 16:00:00,22.2,17.3,64.4,2.7,8.78,7.84,4.39
2023-03-04 17:00:00,19.44,16.7,72.2,2.7,8.66,6.31,4.18
2023-03-04 18:00:00,21.56,15.7,68.7,3.3,9.0,7.3,4.37
2023-03-04 19:00:00,22.96,14.3,66.5,1.8,10.27,8.74,4.86
2023-03-04 20:00:00,22.85,13.4,73.2,6.9,10.25,7.37,4.58
2023-03-04 21:00:00,29.13,14.9,72.0,4.7,13.3,10.25,6.36
2023-03-04 22:00:00,25.4,14.2,63.7,3.2,11.43,9.22,5.33
2023-03-04 23:00:00,29.83,8.4,78.8,1.5,13.05,9.95,5.73
2023-03-05 00:00:00,29.14,5.2,76.6,5.8,12.63,10.42,5.31
2023-03-05 01:00:00,25.51,9.1,72.6,3.4,10.8,9.78,5.49
2023-03-05 02:00:00,27.91,8.3,74.7,5.4,13.22,9.65,5.72
2023-03-05 03:00:00,25.0,9.8,70.3,0.8,11.76,9.13,5.28
2023-03-05 04:00:00,26.28,9.1,70.9,2.4,11.62,9.67,5.64
2023-03-05 05:00:00,22.01,9.6,77.4,4.2,9.92,8.18,4.35
2023-03-05 06:00:00,17.12,12.2,61.7,3.5,7.67,6.63,3.71
2023-03-05 07:00:00,25.07,13.6,62.3,2.5,11.91,8.7,5.02
2023-03-05 08:00:00,25.54,11.0,74.2,2.0,11.3,10.08,5.14
2023-03-05 09:00:00,26.76,13.1,67.9,2.5,10.97,9.6,5.97
2023-03-05 10:00:00,27.55,15.4,70.5,4.9,12.66,9.68,5.53
2023-03-05 11:00:00,27.78,16.7,65.7,1.9,11.76,9.62,5.19
2023-03-05 12:00:00,30.0,17.0,56.9,4.0,14.03,10.85,5.67
2023-03-05 13:00:00,32.9,18.5,62.1,3.1,14.3,11.65,6.9
2023-03-05 14:00:00,32.83,19.5,63.2,5.1,14.95,11.34,6.62
2023-03-05 15:00:00,29.16,20.4,60.6,2.0,12.99,10.03,5.8
2023-03-05 16:00:00,21.27,18.2,59.8,2.4,9.46,6.37,4.34
2023-03-05 17:00:00,17.63,15.3,64.3,3.0,8.24,6.04,3.52
2023-03-05 18:00:00,20.03,15.3,62.8,1.8,9.08,7.5,4.27
2023-03-05 19:00:00,16.01,14.2,60.3,3.3,7.0,6.03,3.05
2023-03-05 20:00:00,23.3,13.8,60.1,3.1,10.33,7.99,4.91
2023-03-05 21:00:00,24.94,12.3,71.2,9.1,10.56,9.06,5.19
2023-03-05 22:00:00,26.95,13.6,63.3,4.0,12.2,8.87,5.5
2023-03-05 23:00:00,26.19,8.8,76.3,1.1,11.95,9.09,5.07
2023-03-06 00:00:00,40.82,9.4,69.7,3.3,19.94,14.02,8.51
2023-03-06 01:00:00,37.2,11.9,63.2,6.2,16.82,12.62,7.84
2023-03-06 02:00:00,32.87,7.3,73.2,6.0,14.73,12.5,6.07
2023-03-06 03:00:00,24.86,8.6,84.2,7.7,10.65,9.24,5.08
2023-03-06 04:00:00,28.22,7.5,74.6,6.4,12.51,9.63,5.37
2023-03-06 05:00:00,29.98,9.8,75.5,1.9,13.5,10.52,5.97
2023-03-06 06:00:00,28.69,9.5,73.4,0.5,12.42,8.66,5.76
2023-03-06 07:00:00,24.4,13.5,60.8,4.2,11.32,9.13,5.03
2023-03-06 08:00:00,26.78,13.4,75.1,4.7,11.94,9.49,5.38
2023-03-06 09:00:00,33.21,13.1,67.1,1.6,15.27,11.7,6.57
2023-03-06 10:00:00,33.29,17.0,57.1,1.8,14.55,12.28,6.79
2023-03-06 11:00:00,39.29,17.0,61.0,7.7,17.81,14.24,7.5
2023-03-06 12:00:00,41.46,19.0,60.2,7.2,18.55,15.22,8.24
2023-03-06 13:00:00,41.6,16.3,68.2,1.8,19.36,13.7,8.3
2023-03-06 14:00:00,35.54,18.8,58.1,2.3,16.01,12.66,6.89
2023-03-06 15:00:00,31.53,19.2,74.1,6.3,13.56,11.06,5.8
2023-03-06 16:00:00,26.1,16.9,59.0,3.2,11.62,8.67,5.3
2023-03-06 17:00:00,23.48,14.8,69.2,5.4,9.7,8.7,4.46
2023-03-06 18:00:00,23.97,15.6,55.4,3.0,10.94,8.44,4.47
2023-03-06 19:00:00,26.46,16.3,63.8,4.9,12.6,9.76,5.78
2023-03-06 20:00:00,30.57,14.9,68.0,3.0,13.88,10.85,5.93
2023-03-06 21:00:00,30.03,11.3,64.9,6.4,13.65,10.36,5.82
2023-03-06 22:00:00,39.52,8.8,81.0,2.7,17.98,13.42,8.26
2023-03-06 23:00:00,37.86,9.0,75.4,3.7,16.59,13.28,7.32
2023-03-07 00:00:00,39.34,8.3,72.4,3.6,17.33,13.63,7.74
2023-03-07 01:00:00,36.52,9.2,75.1,4.3,16.7,11.56,6.98
2023-03-07 02:00:00,29.59,8.2,71.2,2.6,13.2,9.88,6.12
2023-03-07 03:00:00,34.11,7.4,81.4,4.3,16.4,11.42,6.76
2023-03-07 04:00:00,29.99,10.7,76.2,1.7,14.22,10.7,6.02
2023-03-07 05:00:00,24.7,10.0,73.8,6.4,10.74,8.3,4.91
2023-03-07 06:00:00,24.56,11.5,73.2,1.7,10.69,8.56,4.48
2023-03-07 07:00:00,26.69,9.5,65.2,5.7,11.33,9.27,5.17
2023-03-07 08:00:00,24.24,9.7,79.7,4.6,10.53,8.36,4.98
2023-03-07 09:00:00,30.57,12.5,68.5,2.7,13.63,9.98,6.26
2023-03-07 10:00:00,37.63,15.1,70.9,2.7,17.08,12.83,7.13
2023-03-07 11:00:00,35.26,17.8,66.4,7.8,15.8,12.83,7.13
2023-03-07 12:00:00,40.13,14.2,72.0,2.0,19.08,14.64,8.42
2023-03-07 13:00:00,35.0,20.6,54.1,4.8,16.22,12.08,7.06
2023-03-07 14:00:00,36.81,18.6,57.0,1.9,16.81,12.36,7.38
2023-03-07 15:00:00,31.81,20.2,71.0,6.5,14.58,10.7,6.3
2023-03-07 16:00:00,24.11,16.4,56.8,4.9,9.83,8.63,5.25
2023-03-07 17:00:00,28.31,17.7,57.3,7.0,11.57,10.32,5.57
2023-03-07 18:00:00,22.56,16.0,65.0,6.2,10.14,7.48,4.9
2023-03-07 19:00:00,23.38,15.9,65.2,3.8,10.97,8.73,4.87
2023-03-07 20:00:00,28.65,13.0,65.7,1.7,12.64,9.88,5.98
2023-03-07 21:00:00,34.77,12.8,71.7,2.1,15.84,11.9,6.8
2023-03-07 22:00:00,33.11,12.5,73.5,2.0,15.27,10.87,6.48
2023-03-07 23:00:00,38.55,8.9,73.3,2.1,17.86,13.32,7.8
2023-03-08 00:00:00,40.32,9.6,71.2,3.4,17.89,14.03,8.5
2023-03-08 01:00:00,39.98,5.9,76.8,6.0,17.89,13.76,7.37
2023-03-08 02:00:00,35.94,9.6,70.0,0.6,15.99,13.31,6.93
2023-03-08 03:00:00,30.83,11.6,61.5,2.2,13.52,10.8,5.96
2023-03-08 04:00:00,25.93,7.3,76.7,4.0,11.75,8.81,5.66
2023-03-08 05:00:00,25.47,9.9,76.0,6.0,10.9,9.14,5.02
2023-03-08 06:00:00,21.57,12.4,68.4,2.5,10.37,8.1,4.54
2023-03-08 07:00:00,17.95,12.3,57.9,2.9,8.03,6.24,3.54
2023-03-08 08:00:00,29.09,13.8,64.6,2.9,12.99,10.17,5.79
2023-03-08 09:00:00,34.01,14.3,71.4,2.5,14.47,11.58,6.68
2023-03-08 10:00:00,29.59,15.4,58.3,4.6,12.69,11.0,5.78
2023-03-08 11:00:00,35.72,16.9,67.1,4.4,16.6,12.51,6.94
2023-03-08 12:00:00,40.8,17.9,60.2,5.8,20.25,13.8,8.26
2023-03-08 13:00:00,43.39,16.6,64.0,6.7,19.91,15.18,8.37
2023-03-08 14:00:00,35.55,18.4,58.4,6.4,15.86,12.77,7.46
2023-03-08 15:00:00,29.93,20.7,53.5,3.7,13.14,11.37,6.39
2023-03-08 16:00:00,27.54,17.2,70.5,1.9,11.82,8.73,5.53
2023-03-08 17:00:00,28.69,15.2,69.8,2.1,12.12,9.9,5.39
2023-03-08 18:00:00,22.64,15.8,68.2,4.0,10.35,7.8,4.47
2023-03-08 19:00:00,23.26,13.8,72.0,6.7,10.51,7.14,4.56
2023-03-08 20:00:00,26.79,11.5,72.7,3.7,11.67,9.61,5.06
2023-03-08 21:00:00,29.37,12.5,73.8,7.0,13.18,10.23,5.99
2023-03-08 22:00:00,35.81,10.0,68.7,2.3,16.22,12.19,6.85
2023-03-08 23:00:00,42.31,9.1,80.0,1.3,18.17,14.62,8.94
2023-03-09 00:00:00,39.91,9.6,78.9,5.4,18.46,14.36,8.2
2023-03-09 01:00:00,37.47,6.6,78.0,6.2,17.59,11.54,7.0
2023-03-09 02:00:00,34.62,6.1,75.2,3.3,15.59,12.79,7.29
2023-03-09 03:00:00,27.69,9.9,66.0,1.4,13.45,9.48,5.85
2023-03-09 04:00:00,30.06,6.5,77.4,0.9,13.83,9.55,6.09
2023-03-09 05:00:00,24.91,8.7,82.0,1.1,12.04,8.69,5.03
2023-03-09 06:00:00,23.65,8.5,68.0,3.2,10.55,8.75,4.85
2023-03-09 07:00:00,33.09,11.7,75.1,2.2,15.39,11.56,6.55
2023-03-09 08:00:00,28.6,14.4,64.4,3.3,13.01,10.2,5.91
2023-03-09 09:00:00,29.72,15.2,63.9,3.5,12.98,10.85,5.56
2023-03-09 10:00:00,34.29,19.8,54.4,3.3,15.81,12.56,6.23
2023-03-09 11:00:00,40.97,18.9,57.6,4.2,18.97,15.17,8.44
2023-03-09 12:00:00,39.38,16.7,67.3,4.5,17.76,14.07,7.94
2023-03-09 13:00:00,34.5,16.8,67.8,3.0,15.49,11.41,6.83
2023-03-09 14:00:00,37.65,22.8,57.8,2.7,17.52,13.85,7.86
2023-03-09 15:00:00,29.93,20.1,57.3,2.9,12.95,11.46,5.72
2023-03-09 16:00:00,32.53,18.9,55.8,1.1,14.31,11.06,6.68
2023-03-09 17:00:00,27.81,17.4,63.5,2.6,12.32,9.7,5.69
2023-03-09 18:00:00,22.98,16.6,62.2,2.0,10.18,7.72,4.34
2023-03-09 19:00:00,28.31,12.8,69.7,2.5,12.17,10.26,6.2
2023-03-09 20:00:00,28.02,14.0,65.6,4.7,12.1,9.09,5.43
2023-03-09 21:00:00,33.73,12.5,67.5,9.0,15.55,11.25,6.64
2023-03-09 22:00:00,36.56,9.9,73.0,6.8,16.26,12.71,7.72
2023-03-09 23:00:00,35.98,9.4,74.5,5.6,15.31,12.84,7.22
2023-03-10 00:00:00,37.34,11.8,75.9,4.9,16.85,13.03,7.14
2023-03-10 01:00:00,40.52,8.9,71.7,7.2,18.55,14.15,8.41
2023-03-10 02:00:00,34.36,12.0,72.3,5.0,15.85,12.34,6.85
2023-03-10 03:00:00,30.44,6.5,85.3,3.4,14.66,11.18,5.87
2023-03-10 04:00:00,25.31,8.8,76.3,4.1,11.22,8.95,4.42
2023-03-10 05:00:00,26.01,8.0,80.2,2.6,11.52,9.87,5.24
2023-03-10 06:00:00,29.1,9.6,69.4,0.5,13.43,9.08,6.13
2023-03-10 07:00:00,22.28,11.4,66.8,2.8,10.05,7.59,4.18
2023-03-10 08:00:00,27.76,14.4,66.0,3.1,12.4,8.55,5.63
2023-03-10 09:00:00,34.98,15.6,65.0,4.9,15.78,12.39,7.0
2023-03-10 10:00:00,35.0,15.4,70.9,5.9,16.0,12.49,6.44
2023-03-10 11:00:00,39.07,14.1,63.4,7.7,17.91,13.29,7.72
2023-03-10 12:00:00,65.33,20.4,59.0,2.8,29.48,22.58,13.4
2023-03-10 13:00:00,39.01,18.3,67.4,7.5,16.79,12.86,7.86
2023-03-10 14:00:00,34.73,17.2,64.4,5.4,15.85,12.56,7.09
2023-03-10 15:00:00,33.91,19.1,61.0,0.8,14.22,11.1,6.85
2023-03-10 16:00:00,30.67,18.5,63.0,4.0,13.52,11.55,5.76
2023-03-10 17:00:00,31.43,16.9,58.0,2.9,13.91,10.67,5.71
2023-03-10 18:00:00,25.4,16.6,58.3,0.8,11.15,8.92,4.79
2023-03-10 19:00:00,25.77,13.5,59.9,3.7,12.03,9.64,4.93
2023-03-10 20:00:00,28.18,15.0,67.0,4.0,12.28,9.82,5.75
2023-03-10 21:00:00,30.57,11.1,75.3,2.3,14.47,10.65,5.63
2023-03-10 22:00:00,36.04,10.5,75.2,7.1,15.72,13.07,6.78
2023-03-10 23:00:00,37.21,11.3,76.1,4.1,17.23,12.5,7.53
2023-03-11 00:00:00,30.46,11.6,77.4,1.9,14.78,10.41,6.06
2023-03-11 01:00:00,32.58,11.6,70.8,4.8,14.05,11.61,6.17
2023-03-11 02:00:00,24.71,10.7,70.9,3.5,10.92,8.59,5.43
2023-03-11 03:00:00,27.27,8.8,80.9,3.4,12.26,8.77,5.19
2023-03-11 04:00:00,24.9,7.4,71.6,5.7,11.42,8.18,5.14
2023-03-11 05:00:00,19.25,12.6,62.9,1.6,8.63,7.67,3.92
2023-03-11 06:00:00,13.49,13.6,65.9,3.5,6.13,4.73,2.73
2023-03-11 07:00:00,18.03,11.8,67.6,5.2,8.25,6.41,3.51
2023-03-11 08:00:00,24.85,15.5,65.7,4.4,10.77,8.97,5.47
2023-03-11 09:00:00,24.36,14.9,61.9,0.5,11.17,9.24,4.6
2023-03-11 10:00:00,24.73,18.8,63.3,5.3,11.59,8.05,5.07
2023-03-11 11:00:00,28.03,16.8,60.9,7.2,12.94,9.76,5.84
2023-03-11 12:00:00,32.14,21.4,64.5,4.7,15.19,11.05,5.72
2023-03-11 13:00:00,30.66,20.1,53.9,6.1,13.4,10.96,6.35
2023-03-11 14:00:00,26.63,21.8,57.2,2.8,12.61,8.76,4.76
2023-03-11 15:00:00,23.5,18.2,60.5,2.8,11.24,8.62,4.84
2023-03-11 16:00:00,20.63,19.0,62.3,2.6,9.02,7.13,3.97
2023-03-11 17:00:00,17.24,16.2,69.2,4.9,7.78,6.07,3.07
2023-03-11 18:00:00,22.83,17.8,63.9,7.2,9.57,8.27,4.39
2023-03-11 19:00:00,18.74,16.7,63.3,6.2,8.17,6.15,4.5
2023-03-11 20:00:00,24.65,17.7,66.3,1.7,10.84,9.28,4.89
2023-03-11 21:00:00,28.22,13.5,72.0,4.2,12.8,10.93,5.42
2023-03-11 22:00:00,29.73,12.7,70.2,10.0,12.84,10.95,5.95
2023-03-11 23:00:00,28.21,9.8,74.1,2.5,12.24,10.81,5.31
2023-03-12 00:00:00,30.89,10.7,74.3,4.3,13.62,10.84,5.99
2023-03-12 01:00:00,29.07,8.9,65.2,6.5,12.45,10.45,5.98
2023-03-12 02:00:00,24.81,9.4,70.9,6.4,10.77,8.4,5.03
2023-03-12 03:00:00,25.07,9.7,74.3,2.6,12.18,9.08,5.17
2023-03-12 04:00:00,18.5,9.4,71.3,1.3,8.01,7.07,3.95
2023-03-12 05:00:00,22.36,10.8,69.6,4.3,10.69,7.19,4.23
2023-03-12 06:00:00,17.47,11.2,72.4,7.3,8.01,5.76,3.15
2023-03-12 07:00:00,19.89,12.4,71.1,3.6,9.2,7.07,4.17
2023-03-12 08:00:00,22.15,15.9,67.3,3.3,9.82,8.52,4.22
2023-03-12 09:00:00,23.61,15.8,61.1,6.0,10.0,8.36,4.97
2023-03-12 10:00:00,28.54,17.3,56.2,3.2,13.71,9.28,5.92
2023-03-12 11:00:00,27.94,15.6,69.3,4.5,12.08,9.46,5.42
2023-03-12 12:00:00,32.06,19.2,57.2,3.0,14.56,10.79,6.41
2023-03-12 13:00:00,25.77,19.9,56.1,2.9,11.8,9.12,5.09
2023-03-12 14:00:00,27.39,18.7,57.1,1.9,11.36,9.49,5.16
2023-03-12 15:00:00,29.11,22.2,63.1,1.3,12.49,9.55,6.06
2023-03-12 16:00:00,18.95,15.2,66.9,6.2,8.83,6.61,3.95
2023-03-12 17:00:00,17.69,19.0,63.0,1.9,8.16,6.25,3.74
2023-03-12 18:00:00,19.92,17.8,66.1,1.1,9.0,6.86,4.28
2023-03-12 19:00:00,19.84,16.4,64.2,4.0,9.26,7.58,4.05
2023-03-12 20:00:00,22.32,14.5,71.6,3.8,10.05,7.8,4.84
2023-03-12 21:00:00,25.48,13.8,61.5,3.9,11.07,9.48,5.1
2023-03-12 22:00:00,28.66,13.1,62.9,3.4,13.25,10.87,6.07
2023-03-12 23:00:00,31.9,9.6,66.7,1.7,13.6,10.99,6.66
2023-03-13 00:00:00,39.5,10.6,73.4,0.6,17.47,13.78,7.99
2023-03-13 01:00:00,36.86,9.3,75.3,0.9,17.05,12.98,7.47
2023-03-13 02:00:00,36.4,7.8,72.3,7.2,16.77,13.67,7.43
2023-03-13 03:00:00,35.72,10.7,70.0,3.7,16.31,12.03,7.02
2023-03-13 04:00:00,26.89,9.3,79.2,3.0,13.06,8.72,5.31
2023-03-13 05:00:00,22.04,8.7,70.1,3.1,10.03,7.99,4.83
2023-03-13 06:00:00,26.24,11.1,72.1,4.4,11.79,9.6,5.26
2023-03-13 07:00:00,24.18,11.9,66.2,2.9,11.6,7.99,5.03
2023-03-13 08:00:00,21.79,16.0,70.3,5.4,10.08,7.21,4.22
2023-03-13 09:00:00,33.09,16.0,68.0,2.3,14.88,11.21,6.91
2023-03-13 10:00:00,33.38,19.0,54.2,2.9,15.32,12.14,6.73
2023-03-13 11:00:00,37.24,17.0,62.3,7.0,17.08,14.03,7.92
2023-03-13 12:00:00,39.3,20.1,49.5,2.3,17.48,14.86,7.52
2023-03-13 13:00:00,37.94,23.5,60.3,4.4,16.55,13.34,8.18
2023-03-13 14:00:00,36.5,20.0,70.3,2.9,16.34,11.8,7.44
2023-03-13 15:00:00,29.88,20.6,48.4,3.4,14.69,9.95,5.49
2023-03-13 16:00:00,28.51,19.8,53.1,0.9,13.9,9.87,5.57
2023-03-13 17:00:00,23.83,15.8,65.8,1.8,10.46,8.41,4.94
2023-03-13 18:00:00,25.32,17.8,62.5,1.4,11.2,9.22,4.58
2023-03-13 19:00:00,26.02,16.2,62.5,5.8,11.84,9.58,5.38
2023-03-13 20:00:00,24.88,14.0,58.5,7.7,11.06,9.28,5.09
2023-03-13 21:00:00,33.69,11.8,71.4,1.1,16.02,11.05,6.86
2023-03-13 22:00:00,33.38,13.0,72.9,1.2,15.03,10.95,6.8
2023-03-13 23:00:00,39.49,9.4,86.9,3.8,17.63,13.89,7.31
2023-03-14 00:00:00,39.23,13.5,74.3,3.6,17.08,13.6,7.91
2023-03-14 01:00:00,41.9,10.0,65.6,4.4,19.81,14.14,8.04
2023-03-14 02:00:00,34.0,7.8,74.6,4.9,15.28,11.49,6.79
2023-03-14 03:00:00,29.94,9.0,76.1,5.4,13.66,10.84,5.71
2023-03-14 04:00:00,27.01,9.9,68.7,1.7,12.52,9.56,5.36
2023-03-14 05:00:00,23.56,14.7,70.3,0.8,10.64,8.77,4.79
2023-03-14 06:00:00,25.31,10.8,74.6,6.3,11.21,8.95,4.65
2023-03-14 07:00:00,20.27,13.2,74.4,3.4,9.07,6.42,4.34
2023-03-14 08:00:00,24.42,13.8,71.4,8.0,11.35,8.2,5.15
2023-03-14 09:00:00,28.14,16.7,65.4,3.7,13.08,9.53,5.49
2023-03-14 10:00:00,36.93,16.3,61.2,3.6,15.37,13.07,7.32
2023-03-14 11:00:00,41.58,16.4,57.8,4.2,18.75,13.99,8.65
2023-03-14 12:00:00,38.05,18.7,62.7,1.8,17.34,13.7,7.65
2023-03-14 13:00:00,36.88,19.0,59.2,2.3,17.19,11.98,6.87
2023-03-14 14:00:00,34.73,18.7,60.0,6.5,16.13,11.18,7.03
2023-03-14 15:00:00,33.71,18.6,67.2,2.1,15.55,11.8,6.98
2023-03-14 16:00:00,24.74,20.7,66.0,2.2,11.45,8.26,5.52
2023-03-14 17:00:00,24.91,17.7,56.6,3.6,12.09,8.51,4.6
2023-03-14 18:00:00,25.75,15.4,64.4,4.3,12.77,9.6,5.08
2023-03-14 19:00:00,25.57,15.2,63.6,0.5,11.25,8.23,4.91
2023-03-14 20:00:00,27.53,14.7,67.9,3.3,12.83,10.18,5.72
2023-03-14 21:00:00,33.31,11.3,59.1,3.0,14.34,11.8,7.19
2023-03-14 22:00:00,27.8,14.6,59.2,6.0,13.07,9.45,5.82
2023-03-14 23:00:00,39.0,12.4,68.5,5.7,17.35,13.42,7.68
2023-03-15 00:00:00,36.51,12.6,72.8,6.5,17.19,13.05,7.44
2023-03-15 01:00:00,32.56,10.6,71.7,5.8,14.57,11.66,6.52
2023-03-15 02:00:00,35.67,6.7,79.4,5.3,15.75,12.15,7.51
2023-03-15 03:00:00,34.08,12.3,70.3,5.9,14.97,12.14,7.03
2023-03-15 04:00:00,26.55,9.2,79.4,1.9,12.4,9.18,5.33
2023-03-15 05:00:00,26.53,10.1,79.3,2.7,11.98,9.71,5.2
2023-03-15 06:00:00,27.17,12.5,65.1,4.6,12.46,9.03,5.41
2023-03-15 07:00:00,27.43,15.6,69.7,6.8,11.92,9.41,5.75
2023-03-15 08:00:00,30.99,16.4,66.9,4.4,14.04,9.72,5.97
2023-03-15 09:00:00,32.5,17.5,75.6,2.0,14.93,11.69,6.5
2023-03-15 10:00:00,34.58,16.8,59.8,7.2,16.74,12.33,7.27
2023-03-15 11:00:00,33.13,17.9,62.0,5.1,14.23,11.16,5.98
2023-03-15 12:00:00,37.53,19.7,55.3,4.8,16.98,13.73,7.36
2023-03-15 13:00:00,35.03,19.4,55.8,5.1,15.38,11.67,6.91
2023-03-15 14:00:00,39.82,21.1,60.6,4.4,17.96,14.19,8.33
2023-03-15 15:00:00,30.2,20.9,60.0,0.6,13.81,11.17,6.29
2023-03-15 16:00:00,27.2,20.0,62.7,2.3,12.87,9.49,5.16
2023-03-15 17:00:00,25.53,14.6,69.1,7.5,11.37,8.84,4.86
2023-03-15 18:00:00,23.25,17.5,61.8,2.5,10.89,8.33,4.66
2023-03-15 19:00:00,28.38,15.9,63.7,5.2,13.44,10.15,5.42
2023-03-15 20:00:00,25.34,15.1,61.1,3.2,10.9,9.11,5.58
2023-03-15 21:00:00,31.13,12.4,65.6,6.5,13.15,10.43,6.12
2023-03-15 22:00:00,32.54,10.3,71.3,3.8,13.97,11.08,6.8
2023-03-15 23:00:00,33.84,12.0,70.6,4.2,14.72,12.21,6.53
2023-03-16 00:00:00,36.44,10.1,75.4,2.2,16.35,13.01,7.09
2023-03-16 01:00:00,36.88,11.0,73.8,1.0,16.82,13.02,7.61
2023-03-16 02:00:00,33.15,9.0,81.0,5.0,14.27,11.28,7.03
2023-03-16 03:00:00,28.74,12.3,64.4,1.1,13.65,9.06,5.2
2023-03-16 04:00:00,23.21,12.2,68.2,4.8,11.31,7.63,5.12
2023-03-16 05:00:00,23.77,11.9,65.3,3.8,10.55,8.24,4.61
2023-03-16 06:00:00,19.21,12.2,75.8,5.6,7.96,7.23,4.27
2023-03-16 07:00:00,25.88,15.0,63.5,2.0,12.1,8.53,4.58
2023-03-16 08:00:00,26.93,15.6,71.1,3.7,12.18,9.4,5.2
2023-03-16 09:00:00,26.83,16.6,71.3,4.1,11.64,9.11,5.05
2023-03-16 10:00:00,33.45,19.1,63.2,1.2,15.92,12.18,6.66
2023-03-16 11:00:00,35.09,20.7,60.7,4.9,15.43,12.73,7.07
2023-03-16 12:00:00,38.77,17.4,63.3,3.0,17.95,13.63,7.84
2023-03-16 13:00:00,40.32,18.2,60.5,1.6,17.93,14.53,8.39
2023-03-16 14:00:00,29.53,18.8,59.2,3.0,13.73,10.66,5.96
2023-03-16 15:00:00,30.76,17.6,62.2,1.4,13.51,10.42,5.98
2023-03-16 16:00:00,26.32,19.2,70.0,6.3,12.29,9.89,5.66
2023-03-16 17:00:00,25.66,19.4,55.5,3.3,11.21,8.99,5.33
2023-03-16 18:00:00,23.51,17.5,64.1,1.6,11.37,7.81,4.89
2023-03-16 19:00:00,22.1,15.5,69.0,2.3,10.07,7.44,4.34
2023-03-16 20:00:00,5.19,16.7,62.6,4.8,1.64,1.82,1.21
2023-03-16 21:00:00,5.7,13.9,69.4,5.3,2.44,2.91,1.13
2023-03-16 22:00:00,36.91,13.0,60.9,0.9,16.54,12.58,7.18
2023-03-16 23:00:00,37.02,13.2,74.8,1.1,15.93,12.86,7.41
2023-03-17 00:00:00,42.55,10.7,76.9,6.7,19.68,15.08,8.26
2023-03-17 01:00:00,36.64,13.4,67.4,2.7,16.84,12.15,7.36
2023-03-17 02:00:00,32.28,9.5,68.2,2.0,13.74,11.02,6.78
2023-03-17 03:00:00,26.52,13.3,71.9,1.5,12.2,9.71,5.13
2023-03-17 04:00:00,22.04,9.4,67.0,3.4,9.36,7.41,4.22
2023-03-17 05:00:00,19.85,12.4,64.1,5.2,8.8,7.46,4.44
2023-03-17 06:00:00,23.47,11.7,69.7,3.6,10.25,7.38,4.63
2023-03-17 07:00:00,25.08,15.6,72.9,0.6,11.11,9.06,4.83
2023-03-17 08:00:00,22.6,14.5,69.8,3.5,9.84,7.22,4.31
2023-03-17 09:00:00,32.54,16.9,60.5,2.6,15.19,11.57,5.92
2023-03-17 10:00:00,32.84,16.7,55.5,4.5,15.16,11.45,7.24
2023-03-17 11:00:00,37.16,20.1,60.1,3.7,16.94,13.7,7.56
2023-03-17 12:00:00,41.83,18.5,63.0,7.8,18.51,14.75,8.13
2023-03-17 13:00:00,39.04,22.5,56.6,4.1,17.81,14.01,8.06
2023-03-17 14:00:00,33.38,18.7,70.6,4.2,15.02,11.83,6.72
2023-03-17 15:00:00,28.07,18.0,61.7,3.6,12.62,9.96,5.59
2023-03-17 16:00:00,21.17,20.9,47.5,2.6,9.76,8.31,4.36
2023-03-17 17:00:00,22.01,17.8,60.6,4.2,10.02,7.81,4.71
2023-03-17 18:00:00,22.27,17.7,65.1,2.7,10.7,7.6,4.35
2023-03-17 19:00:00,21.34,16.0,66.7,4.8,9.98,7.49,4.87
2023-03-17 20:00:00,26.22,13.2,67.3,2.2,12.42,8.32,4.99
2023-03-17 21:00:00,30.49,13.8,65.8,2.9,13.45,10.34,6.2
2023-03-17 22:00:00,33.49,14.6,56.5,4.0,15.97,11.1,6.86
2023-03-17 23:00:00,35.17,13.2,68.6,4.2,15.73,11.98,6.97
2023-03-18 00:00:00,29.3,11.4,68.6,4.5,13.8,9.59,6.34
2023-03-18 01:00:00,29.23,12.2,70.6,4.7,13.51,10.97,6.27
2023-03-18 02:00:00,23.34,8.8,75.9,2.6,10.7,8.94,5.11
2023-03-18 03:00:00,26.78,10.1,78.1,6.3,12.12,9.23,5.35
2023-03-18 04:00:00,20.19,11.6,65.3,0.7,10.16,6.56,4.13
2023-03-18 05:00:00,18.43,11.6,63.6,1.9,9.21,6.22,4.15
2023-03-18 06:00:00,19.4,12.5,66.1,1.1,8.85,7.3,3.65
2023-03-18 07:00:00,18.96,12.3,65.6,4.5,8.66,6.05,4.06
2023-03-18 08:00:00,22.82,12.3,65.2,2.4,9.9,8.15,5.06
2023-03-18 09:00:00,23.97,17.9,69.8,2.0,10.3,7.98,4.47
2023-03-18 10:00:00,24.53,18.2,62.9,3.4,10.88,9.01,4.27
2023-03-18 11:00:00,29.03,20.3,69.5,4.2,13.06,10.83,5.56
2023-03-18 12:00:00,26.02,19.0,61.1,4.2,12.15,9.81,4.97
2023-03-18 13:00:00,28.4,19.1,55.2,3.8,13.8,9.31,5.57
2023-03-18 14:00:00,25.98,20.4,55.5,9.3,10.66,8.84,5.34
2023-03-18 15:00:00,22.73,21.5,63.3,6.0,9.63,8.42,4.45
2023-03-18 16:00:00,20.12,19.4,55.1,2.2,9.29,6.88,4.13
2023-03-18 17:00:00,13.68,20.1,62.7,5.1,5.41,5.06,2.29
2023-03-18 18:00:00,16.26,16.4,62.6,3.9,7.95,5.55,4.05
2023-03-18 19:00:00,18.61,16.4,59.6,1.1,8.85,5.91,3.85
2023-03-18 20:00:00,20.84,15.3,72.6,1.0,9.75,6.65,4.25
2023-03-18 21:00:00,20.68,15.9,62.0,5.4,8.63,7.25,4.05
2023-03-18 22:00:00,29.23,13.2,64.0,3.8,12.65,10.13,5.35
2023-03-18 23:00:00,25.96,14.5,66.3,3.9,12.25,9.69,5.04
2023-03-19 00:00:00,31.13,9.2,70.4,2.7,13.06,10.69,5.91
2023-03-19 01:00:00,29.02,10.9,82.0,6.9,13.23,9.57,5.31
2023-03-19 02:00:00,24.27,10.8,76.3,4.7,10.59,8.87,4.72
2023-03-19 03:00:00,27.52,11.7,67.0,6.9,11.78,9.42,5.42
2023-03-19 04:00:00,17.28,10.0,69.6,1.4,7.68,5.28,3.23
2023-03-19 05:00:00,20.5,14.6,56.4,4.0,10.59,7.36,4.19
2023-03-19 06:00:00,19.95,13.1,69.0,4.3,9.15,6.63,4.16
2023-03-19 07:00:00,16.53,12.6,65.1,1.6,7.81,4.96,3.45
2023-03-19 08:00:00,23.75,15.5,65.8,2.8,10.54,8.54,4.78
2023-03-19 09:00:00,22.45,16.4,54.5,2.1,10.62,7.47,4.24
2023-03-19 10:00:00,26.61,22.2,57.2,8.7,12.61,9.78,4.88
2023-03-19 11:00:00,28.6,20.7,67.7,3.8,12.87,9.91,5.59
2023-03-19 12:00:00,28.37,20.0,60.3,2.6,12.43,9.76,6.02
2023-03-19 13:00:00,29.98,20.2,55.9,4.4,13.71,11.57,5.84
2023-03-19 14:00:00,27.87,22.0,57.5,4.4,12.99,9.84,5.59
2023-03-19 15:00:00,18.71,21.9,57.4,2.8,8.68,6.41,3.53
2023-03-19 16:00:00,4.71,15.5,76.3,9.6,1.92,1.73,0.87
2023-03-19 17:00:00,14.05,20.1,58.3,5.5,6.68,5.0,2.83
2023-03-19 18:00:00,20.03,18.1,56.3,3.0,8.9,7.86,3.91
2023-03-19 19:00:00,21.02,14.9,66.2,4.4,10.2,7.11,3.7
2023-03-19 20:00:00,17.54,16.9,64.7,4.7,7.92,6.28,3.02
2023-03-19 21:00:00,22.05,17.6,65.6,1.9,9.16,7.62,4.66
2023-03-19 22:00:00,23.13,13.9,71.1,6.2,10.82,8.55,4.26
2023-03-19 23:00:00,27.41,13.7,77.4,5.6,12.48,9.79,5.43
2023-03-20 00:00:00,36.5,14.1,64.1,5.0,16.31,12.55,7.2
2023-03-20 01:00:00,38.22,9.7,69.0,2.1,17.18,13.32,7.45
2023-03-20 02:00:00,36.8,8.0,65.2,1.6,15.92,13.1,7.46
2023-03-20 03:00:00,33.26,11.9,73.0,1.9,14.52,11.12,6.94
2023-03-20 04:00:00,24.62,11.1,66.3,1.3,10.77,8.9,5.13
2023-03-20 05:00:00,22.76,10.2,76.3,7.1,10.6,7.53,4.86
2023-03-20 06:00:00,18.07,13.1,65.8,5.9,8.43,6.87,3.85
2023-03-20 07:00:00,21.26,15.6,74.0,1.3,8.93,8.0,4.22
2023-03-20 08:00:00,28.44,15.5,58.2,4.5,12.69,9.2,6.07
2023-03-20 09:00:00,33.81,15.9,70.1,2.3,15.3,12.04,7.19
2023-03-20 10:00:00,30.44,17.9,67.0,0.6,14.12,10.51,5.73
2023-03-20 11:00:00,34.79,19.3,63.5,2.5,14.41,11.96,7.46
2023-03-20 12:00:00,37.21,17.2,57.8,3.2,16.04,12.98,7.63
2023-03-20 13:00:00,36.97,20.4,62.2,0.6,16.3,13.01,7.86
2023-03-20 14:00:00,31.5,18.7,62.1,2.7,12.95,10.17,6.82
2023-03-20 15:00:00,30.83,21.6,49.0,4.7,14.52,9.8,6.29
2023-03-20 16:00:00,24.84,17.7,70.5,2.2,11.31,9.38,5.04
2023-03-20 17:00:00,23.24,20.8,57.3,3.5,10.81,8.09,4.75
2023-03-20 18:00:00,23.64,17.6,70.2,6.3,10.33,8.22,4.66
2023-03-20 19:00:00,23.3,16.2,64.2,0.7,10.62,7.71,4.41
2023-03-20 20:00:00,24.93,16.2,69.5,5.3,11.35,8.55,5.23
2023-03-20 21:00:00,29.5,13.2,63.9,3.0,13.09,9.78,6.28
2023-03-20 22:00:00,33.3,13.7,68.7,3.7,15.51,11.53,7.01
2023-03-20 23:00:00,35.34,11.1,71.4,2.2,16.14,12.22,6.75
2023-03-21 00:00:00,36.45,10.8,69.4,3.9,16.51,12.57,6.84
2023-03-21 01:00:00,40.09,11.7,65.6,4.9,17.91,14.01,8.03
2023-03-21 02:00:00,34.75,9.2,57.6,2.0,15.28,12.08,6.69
2023-03-21 03:00:00,28.86,9.2,68.7,2.8,13.01,10.48,5.7
2023-03-21 04:00:00,27.59,12.0,73.1,3.9,12.63,10.2,5.53
2023-03-21 05:00:00,22.27,12.4,62.2,3.1,9.98,7.84,4.48
2023-03-21 06:00:00,25.03,13.7,61.6,2.5,11.99,8.37,4.84
2023-03-21 07:00:00,24.02,15.1,58.6,3.3,10.62,8.48,5.06
2023-03-21 08:00:00,25.58,16.0,65.8,2.5,11.87,8.69,5.58
2023-03-21 09:00:00,30.71,18.2,57.7,2.5,13.22,11.01,6.61
2023-03-21 10:00:00,29.42,18.6,67.8,4.1,12.94,9.35,5.89
2023-03-21 11:00:00,33.27,16.5,67.9,3.4,14.27,11.56,6.94
2023-03-21 12:00:00,34.11,17.7,63.8,4.5,15.09,12.51,7.04
2023-03-21 13:00:00,36.45,23.7,57.1,5.7,17.04,12.92,7.32
2023-03-21 14:00:00,37.68,20.9,55.0,7.2,16.42,13.96,7.36
2023-03-21 15:00:00,35.17,22.2,53.5,1.7,16.57,11.47,7.39
2023-03-21 16:00:00,27.44,19.8,63.8,4.2,12.15,9.2,5.5
2023-03-21 17:00:00,24.35,19.4,65.3,4.0,10.39,8.25,4.68
2023-03-21 18:00:00,17.59,17.8,66.2,6.0,7.88,6.23,3.84
2023-03-21 19:00:00,21.74,20.9,56.5,6.4,9.72,8.08,4.22
2023-03-21 20:00:00,23.88,16.3,62.4,5.1,10.78,8.09,4.57
2023-03-21 21:00:00,28.04,13.9,62.7,4.0,11.92,9.25,5.54
2023-03-21 22:00:00,32.93,11.0,74.7,2.0,14.77,11.14,6.83
2023-03-21 23:00:00,34.91,15.4,55.7,2.4,14.95,12.29,6.93
2023-03-22 00:00:00,31.97,11.6,59.1,4.1,14.16,10.87,6.59
2023-03-22 01:00:00,37.78,12.4,59.1,1.6,16.63,13.14,7.03
2023-03-22 02:00:00,30.48,12.4,58.4,1.9,13.29,10.04,5.87
2023-03-22 03:00:00,30.01,10.6,78.0,6.6,13.88,11.15,5.99
2023-03-22 04:00:00,30.85,12.8,72.5,7.5,14.57,11.02,6.22
2023-03-22 05:00:00,20.62,11.7,64.0,0.5,9.43,7.29,4.0
2023-03-22 06:00:00,15.59,12.2,68.9,6.0,6.51,4.81,3.23
2023-03-22 07:00:00,22.2,16.6,71.4,7.1,9.91,8.25,4.91
2023-03-22 08:00:00,28.42,15.9,67.4,3.7,13.38,9.77,5.46
2023-03-22 09:00:00,78.91,18.2,72.7,3.3,35.84,28.47,16.17
2023-03-22 10:00:00,30.09,19.3,60.3,6.7,14.7,10.4,5.92
2023-03-22 11:00:00,37.15,20.6,56.0,0.5,16.04,13.04,7.87
2023-03-22 12:00:00,35.75,18.1,56.8,5.7,15.6,12.03,7.37
2023-03-22 13:00:00,35.64,20.1,60.0,2.5,16.44,11.94,6.93
2023-03-22 14:00:00,39.78,20.7,63.9,4.3,18.01,14.43,8.11
2023-03-22 15:00:00,25.66,19.7,60.8,2.7,11.04,8.91,4.72
2023-03-22 16:00:00,5.26,21.1,56.9,3.6,2.01,2.56,0.73
2023-03-22 17:00:00,24.09,21.5,64.5,5.5,10.93,7.97,4.66
2023-03-22 18:00:00,24.63,20.7,61.8,1.9,11.22,8.04,4.97
2023-03-22 19:00:00,23.16,16.9,63.1,4.4,10.68,7.83,4.29
2023-03-22 20:00:00,26.43,16.6,60.3,6.4,12.79,8.45,4.67
2023-03-22 21:00:00,28.44,15.5,64.1,6.5,13.74,9.84,5.56
2023-03-22 22:00:00,33.84,14.6,68.9,6.4,14.71,12.28,6.64
2023-03-22 23:00:00,35.05,11.3,66.5,3.6,16.07,12.81,6.55
2023-03-23 00:00:00,38.29,14.7,60.1,5.1,16.96,12.55,7.52
2023-03-23 01:00:00,34.8,12.9,66.1,3.3,16.41,11.26,7.16
2023-03-23 02:00:00,33.92,12.8,68.4,3.3,15.02,11.55,6.5
2023-03-23 03:00:00,29.16,13.3,74.8,2.5,12.52,9.37,5.84
2023-03-23 04:00:00,28.3,12.8,62.8,2.5,13.26,10.41,5.56
2023-03-23 05:00:00,22.61,11.3,71.6,0.8,10.84,7.84,4.35
2023-03-23 06:00:00,17.3,13.6,66.3,3.7,7.38,5.81,2.72
2023-03-23 07:00:00,25.89,12.6,67.8,2.6,12.17,9.54,5.51
2023-03-23 08:00:00,23.22,17.0,71.3,1.9,9.93,8.18,4.76
2023-03-23 09:00:00,27.6,17.4,63.5,1.5,12.09,9.28,5.24
2023-03-23 10:00:00,31.49,18.8,56.9,2.8,13.22,10.55,6.73
2023-03-23 11:00:00,39.16,21.7,62.4,6.4,18.08,13.15,8.01
2023-03-23 12:00:00,31.39,20.0,64.1,3.6,14.31,11.16,6.02
2023-03-23 13:00:00,43.57,20.8,54.0,3.8,19.38,15.53,9.07
2023-03-23 14:00:00,35.62,21.4,52.4,1.0,15.86,13.27,6.96
2023-03-23 15:00:00,29.79,18.4,64.0,3.6,13.5,9.83,5.65
2023-03-23 16:00:00,25.34,20.3,59.5,4.5,11.48,9.15,5.06
2023-03-23 17:00:00,23.45,16.1,62.3,1.7,10.78,7.69,4.67
2023-03-23 18:00:00,23.03,18.0,67.7,8.6,9.83,8.15,4.64
2023-03-23 19:00:00,24.35,18.9,58.3,6.7,11.27,8.27,4.76
2023-03-23 20:00:00,26.87,17.0,65.7,9.5,12.12,9.5,5.56
2023-03-23 21:00:00,29.46,14.2,72.9,2.8,12.51,10.79,5.49
2023-03-23 22:00:00,32.49,13.9,65.6,5.6,15.57,11.73,6.37
2023-03-23 23:00:00,35.35,11.2,61.4,2.7,15.42,11.4,7.11
2023-03-24 00:00:00,36.06,12.2,67.3,5.0,15.74,12.01,7.05
2023-03-24 01:00:00,38.38,16.1,65.6,7.3,16.85,12.94,7.86
2023-03-24 02:00:00,34.28,14.3,71.8,1.7,15.09,12.66,7.1
2023-03-24 03:00:00,21.7,11.8,67.2,1.6,9.33,8.37,4.44
2023-03-24 04:00:00,26.94,12.4,77.7,1.4,11.89,9.79,5.09
2023-03-24 05:00:00,23.04,11.5,63.7,5.4,10.69,7.7,4.2
2023-03-24 06:00:00,21.5,12.8,69.4,4.4,9.75,8.22,4.27
2023-03-24 07:00:00,21.58,15.8,63.9,3.6,9.23,7.41,4.28
2023-03-24 08:00:00,28.11,15.8,71.8,5.2,12.95,9.61,6.12
2023-03-24 09:00:00,31.42,19.2,53.6,5.8,14.75,9.85,6.18
2023-03-24 10:00:00,30.87,21.4,60.5,7.3,13.73,11.53,6.22
2023-03-24 11:00:00,36.56,20.6,58.1,2.0,16.38,12.91,7.27
2023-03-24 12:00:00,34.12,21.0,66.4,3.2,15.16,11.8,6.53
2023-03-24 13:00:00,57.77,18.8,57.2,6.8,25.53,20.54,11.52
2023-03-24 14:00:00,31.23,22.7,58.9,3.3,12.96,10.77,6.62
2023-03-24 15:00:00,31.2,19.7,56.2,3.5,13.89,11.19,6.0
2023-03-24 16:00:00,27.68,20.2,60.7,7.2,13.91,9.76,5.69
2023-03-24 17:00:00,23.84,21.5,56.3,4.9,10.58,7.98,5.12
2023-03-24 18:00:00,23.36,20.6,57.4,3.8,9.93,7.56,4.54
2023-03-24 19:00:00,23.84,17.1,53.5,2.8,11.04,8.85,4.74
2023-03-24 20:00:00,23.69,15.9,67.0,6.7,10.57,7.26,4.67
2023-03-24 21:00:00,30.13,14.2,61.6,0.5,13.86,9.87,6.73
2023-03-24 22:00:00,34.8,12.2,63.7,2.6,15.86,11.71,7.02
2023-03-24 23:00:00,67.37,12.1,61.8,7.2,30.19,23.22,13.43
2023-03-25 00:00:00,30.59,10.0,66.7,3.5,13.82,10.73,6.14
2023-03-25 01:00:00,28.63,12.9,71.0,4.2,13.64,9.96,6.02
2023-03-25 02:00:00,25.68,12.3,71.5,3.7,11.48,8.33,5.1
2023-03-25 03:00:00,24.66,12.7,72.0,3.0,11.83,8.38,4.93
2023-03-25 04:00:00,19.11,11.0,65.7,4.4,8.86,7.21,3.51
2023-03-25 05:00:00,14.91,11.4,71.4,5.1,7.17,5.24,2.3
2023-03-25 06:00:00,15.96,14.3,63.7,2.9,7.53,5.87,2.8
2023-03-25 07:00:00,15.25,15.5,70.1,4.0,6.73,4.66,3.35
2023-03-25 08:00:00,17.49,16.5,66.3,1.2,8.53,6.02,3.4
2023-03-25 09:00:00,21.63,17.6,59.6,3.8,9.96,7.93,4.15
2023-03-25 10:00:00,22.82,21.8,63.0,5.0,10.01,8.03,4.73
2023-03-25 11:00:00,26.09,20.9,61.4,4.0,11.09,8.62,5.42
2023-03-25 12:00:00,22.91,24.0,48.2,6.2,10.7,8.21,4.9
2023-03-25 13:00:00,27.39,23.5,47.5,2.5,11.55,9.59,5.49
2023-03-25 14:00:00,25.24,24.3,48.1,3.5,10.94,8.63,5.24
2023-03-25 15:00:00,19.95,20.0,68.3,1.3,8.35,7.24,3.77
2023-03-25 16:00:00,20.82,22.0,52.6,4.7,9.8,6.85,4.5
2023-03-25 17:00:00,19.46,19.6,69.8,3.2,8.99,6.66,4.12
2023-03-25 18:00:00,12.34,16.7,58.6,3.7,5.7,4.21,2.61
2023-03-25 19:00:00,15.21,20.3,53.8,1.6,6.97,5.71,3.21
2023-03-25 20:00:00,17.25,16.3,68.8,10.3,7.84,6.08,3.99
2023-03-25 21:00:00,19.64,13.9,72.0,5.2,9.66,6.62,4.44
2023-03-25 22:00:00,26.87,13.6,70.4,3.0,11.42,9.07,5.63
2023-03-25 23:00:00,26.38,12.0,73.0,3.9,12.51,8.52,5.85
2023-03-26 00:00:00,26.77,11.6,66.1,4.2,12.0,8.97,5.22
2023-03-26 01:00:00,21.66,11.8,74.0,7.6,10.62,7.55,3.99
2023-03-26 02:00:00,26.2,14.5,67.8,5.1,12.05,8.25,5.34
2023-03-26 03:00:00,18.7,11.1,68.8,2.8,8.9,6.5,3.67
2023-03-26 04:00:00,19.14,15.1,66.4,8.3,8.79,6.2,3.73
2023-03-26 05:00:00,17.62,14.7,71.7,2.5,7.44,6.6,3.31
2023-03-26 06:00:00,3.92,15.0,67.9,3.9,1.8,1.26,1.03
2023-03-26 07:00:00,24.59,16.8,53.1,4.7,11.1,8.57,4.79
2023-03-26 08:00:00,11.44,17.0,68.1,2.4,5.46,3.47,2.51
2023-03-26 09:00:00,22.26,20.2,63.9,7.5,10.36,7.48,4.74
2023-03-26 10:00:00,29.12,20.3,57.8,2.1,13.64,10.06,5.92
2023-03-26 11:00:00,29.77,18.0,63.0,3.2,13.7,10.63,6.03
2023-03-26 12:00:00,27.95,21.7,58.5,1.9,12.53,9.67,5.67
2023-03-26 13:00:00,25.44,22.9,46.6,6.1,11.01,8.63,5.25
2023-03-26 14:00:00,26.63,21.5,56.2,2.1,12.37,8.95,5.61
2023-03-26 15:00:00,19.37,22.0,55.8,0.8,8.13,6.89,3.73
2023-03-26 16:00:00,20.18,20.3,58.8,0.8,9.3,6.93,4.15
2023-03-26 17:00:00,18.19,18.4,59.3,3.1,8.71,5.75,3.42
2023-03-26 18:00:00,18.83,17.1,66.8,3.6,8.69,6.71,3.42
2023-03-26 19:00:00,23.83,15.9,60.8,0.9,10.31,9.25,4.28
2023-03-26 20:00:00,19.97,17.9,67.0,1.3,8.91,6.77,3.43
2023-03-26 21:00:00,20.53,11.9,72.8,1.4,9.26,7.31,3.89
2023-03-26 22:00:00,24.55,13.4,74.7,4.5,11.04,8.56,4.17
2023-03-26 23:00:00,22.25,12.3,78.0,2.5,10.18,7.8,4.64
2023-03-27 00:00:00,34.25,12.4,77.8,3.9,15.81,12.88,6.6
2023-03-27 01:00:00,33.96,9.5,66.6,1.2,15.13,11.28,6.9
2023-03-27 02:00:00,30.93,12.7,70.4,6.3,14.25,10.95,6.37
2023-03-27 03:00:00,28.87,10.4,67.9,2.6,13.25,10.12,5.9
2023-03-27 04:00:00,22.68,14.5,83.0,5.2,10.67,7.25,4.28
2023-03-27 05:00:00,24.8,12.7,71.9,5.6,10.97,8.91,4.94
2023-03-27 06:00:00,20.99,14.5,73.7,8.9,9.56,6.41,4.68
2023-03-27 07:00:00,21.97,15.8,67.2,4.9,9.68,8.03,4.39
2023-03-27 08:00:00,23.92,17.5,49.8,3.2,10.69,8.24,4.64
2023-03-27 09:00:00,28.88,18.5,57.9,1.7,12.76,10.16,5.63
2023-03-27 10:00:00,78.9,19.0,57.8,0.9,35.15,27.8,15.83
2023-03-27 11:00:00,32.82,21.2,56.6,6.3,15.51,10.62,6.82
2023-03-27 12:00:00,34.35,22.2,59.2,3.3,15.7,12.31,6.75
2023-03-27 13:00:00,34.23,20.8,61.5,5.0,14.91,12.22,6.82
2023-03-27 14:00:00,28.88,22.8,43.5,3.5,12.93,10.0,6.32
2023-03-27 15:00:00,26.44,23.8,54.3,6.2,11.42,9.62,5.27
2023-03-27 16:00:00,23.55,22.5,54.5,5.0,10.64,9.07,4.34
2023-03-27 17:00:00,24.18,22.1,64.4,1.3,10.76,9.31,4.9
2023-03-27 18:00:00,21.65,19.9,63.1,5.0,9.82,8.51,4.09
2023-03-27 19:00:00,22.48,17.0,62.7,2.4,9.18,7.13,4.67
2023-03-27 20:00:00,26.87,15.9,66.0,5.2,11.27,9.3,5.75
2023-03-27 21:00:00,28.15,16.3,56.0,7.3,12.6,9.91,4.81
2023-03-27 22:00:00,33.22,16.1,68.0,6.9,15.34,11.6,6.48
2023-03-27 23:00:00,34.73,17.8,60.7,1.6,15.67,12.65,6.76
2023-03-28 00:00:00,83.87,14.5,62.6,1.0,37.36,28.69,16.67
2023-03-28 01:00:00,33.34,10.8,77.7,5.2,14.55,11.2,7.04
2023-03-28 02:00:00,25.96,11.2,71.9,4.7,12.3,8.89,5.26
2023-03-28 03:00:00,27.97,15.9,61.6,1.9,12.12,9.87,5.36
2023-03-28 04:00:00,28.11,12.7,65.8,4.6,12.78,9.85,5.11
2023-03-28 05:00:00,24.12,13.9,69.2,0.5,10.25,8.58,4.77
2023-03-28 06:00:00,23.22,13.4,69.4,4.2,10.31,8.4,5.18
2023-03-28 07:00:00,24.9,18.4,62.1,5.7,11.62,9.12,4.64
2023-03-28 08:00:00,24.77,18.1,56.3,4.3,10.48,8.98,4.98
2023-03-28 09:00:00,28.8,17.5,57.8,1.1,12.55,9.96,5.9
2023-03-28 10:00:00,30.51,18.3,58.2,9.2,14.27,10.5,6.11
2023-03-28 11:00:00,34.01,21.3,57.4,2.8,15.97,11.66,6.51
2023-03-28 12:00:00,37.34,21.7,57.7,2.9,17.36,13.8,7.32
2023-03-28 13:00:00,37.81,23.4,55.1,1.3,17.21,12.61,8.16
2023-03-28 14:00:00,31.7,23.2,55.6,1.8,13.39,11.38,5.54
2023-03-28 15:00:00,27.18,21.8,67.3,2.4,11.84,9.42,4.78
2023-03-28 16:00:00,24.55,20.9,63.2,5.4,11.27,9.93,5.13
2023-03-28 17:00:00,23.31,20.6,65.2,4.6,9.94,7.6,4.83
2023-03-28 18:00:00,17.19,19.0,63.5,4.0,7.19,5.45,3.55
2023-03-28 19:00:00,16.07,18.4,62.2,6.0,7.83,6.58,3.0
2023-03-28 20:00:00,23.18,17.4,65.2,10.5,9.95,7.75,4.81
2023-03-28 21:00:00,25.25,14.7,67.5,3.0,12.16,8.96,4.69
2023-03-28 22:00:00,30.78,15.8,69.1,3.0,14.19,9.73,6.36
2023-03-28 23:00:00,34.43,13.2,63.2,4.9,15.8,12.06,6.9
2023-03-29 00:00:00,34.48,11.9,73.3,4.3,15.52,11.87,6.99
2023-03-29 01:00:00,38.24,12.2,70.2,0.5,18.43,13.53,8.22
2023-03-29 02:00:00,32.68,12.9,59.5,4.4,14.95,11.25,6.26
2023-03-29 03:00:00,28.87,12.8,69.0,4.8,12.83,9.92,6.0
2023-03-29 04:00:00,25.92,13.8,60.9,8.8,11.59,9.81,5.24
2023-03-29 05:00:00,18.77,15.4,62.9,4.0,8.61,7.08,4.24
2023-03-29 06:00:00,23.21,17.0,62.8,4.6,10.59,8.22,4.67
2023-03-29 07:00:00,21.43,16.7,56.5,5.3,9.82,8.17,4.09
2023-03-29 08:00:00,26.04,15.9,64.6,1.3,11.93,9.67,5.22
2023-03-29 09:00:00,25.43,18.4,62.2,4.9,11.71,9.4,4.44
2023-03-29 10:00:00,27.98,18.5,65.5,3.8,11.78,10.68,5.54
2023-03-29 11:00:00,36.65,23.6,53.4,1.4,16.73,12.86,7.78
2023-03-29 12:00:00,37.83,24.8,55.6,4.5,17.6,13.63,7.6
2023-03-29 13:00:00,32.35,23.3,55.5,2.2,14.61,11.67,6.2
2023-03-29 14:00:00,29.69,23.8,53.3,3.7,13.48,10.07,6.02
2023-03-29 15:00:00,30.93,22.7,48.4,2.4,13.96,11.0,6.15
2023-03-29 16:00:00,21.39,22.4,56.5,1.4,9.63,7.73,4.13
2023-03-29 17:00:00,25.73,18.7,65.3,2.3,11.83,9.31,5.19
2023-03-29 18:00:00,18.36,19.9,55.4,3.2,8.28,5.8,3.91
2023-03-29 19:00:00,23.22,17.5,61.9,3.5,10.46,7.25,4.95
2023-03-29 20:00:00,23.54,18.0,62.1,1.7,10.46,8.33,4.92
2023-03-29 21:00:00,5.92,16.2,70.1,2.6,2.28,2.08,0.62
2023-03-29 22:00:00,30.5,18.0,62.6,5.9,12.95,11.02,6.49
2023-03-29 23:00:00,34.2,15.4,67.0,6.6,15.28,12.22,7.3
2023-03-30 00:00:00,35.53,13.8,67.4,3.7,15.79,12.45,6.8
2023-03-30 01:00:00,31.92,12.5,66.5,3.5,15.2,10.44,6.54
2023-03-30 02:00:00,33.53,15.3,60.0,4.0,15.35,11.45,6.35
2023-03-30 03:00:00,26.64,12.9,67.1,2.1,11.91,9.36,5.07
2023-03-30 04:00:00,23.6,13.9,69.3,9.5,10.74,8.15,4.63
2023-03-30 05:00:00,18.94,14.3,67.5,5.0,8.63,6.48,3.76
2023-03-30 06:00:00,14.02,14.6,73.8,2.2,6.76,5.05,2.83
2023-03-30 07:00:00,20.95,16.5,68.9,2.4,9.19,7.53,3.65
2023-03-30 08:00:00,30.21,14.8,72.4,4.3,13.93,11.32,6.06
2023-03-30 09:00:00,29.89,16.7,53.8,2.6,13.06,10.42,6.02
2023-03-30 10:00:00,31.63,20.8,67.0,2.8,14.11,11.48,6.48
2023-03-30 11:00:00,33.76,23.6,57.0,5.2,14.71,11.84,6.95
2023-03-30 12:00:00,35.48,22.6,58.9,2.4,15.29,12.1,7.74
2023-03-30 13:00:00,35.79,21.5,62.7,4.7,17.12,12.35,7.06
2023-03-30 14:00:00,28.72,20.6,59.4,7.0,13.11,10.01,5.93
2023-03-30 15:00:00,30.71,23.7,50.2,1.5,13.87,10.45,5.7
2023-03-30 16:00:00,25.96,21.2,65.8,1.7,11.4,9.0,5.3
2023-03-30 17:00:00,23.23,22.2,53.5,7.2,10.98,8.62,4.62
2023-03-30 18:00:00,21.52,20.8,54.1,2.0,9.85,7.28,3.88
2023-03-30 19:00:00,21.48,19.8,59.1,0.6,9.58,6.86,4.58
2023-03-30 20:00:00,25.86,17.8,60.7,6.0,11.04,9.26,4.92
2023-03-30 21:00:00,29.41,17.0,63.6,2.4,13.83,10.47,5.68
2023-03-30 22:00:00,30.79,15.1,65.4,2.5,13.81,10.85,6.22
2023-03-30 23:00:00,32.99,13.3,74.8,2.2,14.51,11.77,6.91
2023-03-31 00:00:00,35.49,12.2,71.7,6.7,15.86,11.86,6.65
2023-03-31 01:00:00,38.1,9.5,68.3,5.2,17.98,13.3,7.82
2023-03-31 02:00:00,28.39,12.7,65.2,4.0,13.3,9.62,5.47
2023-03-31 03:00:00,24.07,15.4,63.6,3.3,10.67,9.24,4.89
2023-03-31 04:00:00,24.4,14.7,64.4,1.7,12.31,8.46,4.74
2023-03-31 05:00:00,21.37,14.8,63.7,6.8,9.71,7.54,4.07
2023-03-31 06:00:00,20.67,14.3,61.3,5.0,8.57,6.09,4.3
2023-03-31 07:00:00,21.85,18.1,63.7,2.4,9.87,6.72,4.69
2023-03-31 08:00:00,23.43,17.8,60.4,7.3,10.29,8.92,4.68
2023-03-31 09:00:00,31.46,21.6,53.3,7.0,14.47,11.0,6.0
2023-03-31 10:00:00,27.48,19.0,63.7,4.4,12.36,9.32,5.35
2023-03-31 11:00:00,32.16,20.4,63.8,8.7,14.15,10.99,5.94
2023-03-31 12:00:00,34.98,21.0,57.6,1.9,15.99,12.34,7.4
2023-03-31 13:00:00,30.12,20.6,68.2,4.9,12.82,10.65,6.03
2023-03-31 14:00:00,31.05,21.5,69.2,1.7,14.09,10.63,6.32
2023-03-31 15:00:00,31.89,22.9,59.0,4.6,15.53,11.25,6.58
2023-03-31 16:00:00,24.04,21.2,56.2,6.7,11.39,8.13,4.68
2023-03-31 17:00:00,21.82,15.7,66.5,3.7,9.24,7.8,4.5
2023-03-31 18:00:00,17.09,22.1,51.4,5.1,8.43,6.54,4.2
2023-03-31 19:00:00,3.94,16.7,59.6,1.7,1.84,1.21,0.7
2023-03-31 20:00:00,23.05,18.8,53.0,4.2,10.05,8.11,4.22
2023-03-31 21:00:00,26.94,16.7,60.8,1.1,12.16,9.28,5.66
2023-03-31 22:00:00,34.69,18.6,55.5,0.8,16.17,11.09,7.1
2023-03-31 23:00:00,35.63,15.9,68.0,4.3,15.77,12.92,7.17
2023-04-01 00:00:00,23.52,13.1,64.6,3.9,9.83,7.96,5.0
2023-04-01 01:00:00,26.16,12.3,70.7,2.7,11.34,8.92,5.45
2023-04-01 02:00:00,24.73,15.4,69.3,3.6,11.17,8.88,5.07
2023-04-01 03:00:00,23.52,11.1,76.5,4.6,10.11,9.09,4.66
2023-04-01 04:00:00,21.81,14.1,65.3,4.3,9.9,8.0,4.5
2023-04-01 05:00:00,13.26,14.4,68.3,1.2,5.77,4.53,2.78
2023-04-01 06:00:00,13.02,15.1,67.6,4.5,5.27,4.91,2.96
2023-04-01 07:00:00,12.66,17.4,69.5,4.4,5.96,4.69,2.42
2023-04-01 08:00:00,17.27,18.4,65.8,4.5,8.01,5.99,3.53
2023-04-01 09:00:00,21.84,20.1,66.4,5.8,9.98,8.13,4.45
2023-04-01 10:00:00,25.95,20.9,50.6,3.9,10.79,9.47,5.33
2023-04-01 11:00:00,25.35,22.3,53.9,7.1,10.82,9.78,5.32
2023-04-01 12:00:00,25.5,22.6,62.0,8.4,11.8,8.75,4.76
2023-04-01 13:00:00,25.92,22.0,60.5,5.0,11.53,9.11,5.38
2023-04-01 14:00:00,21.4,23.2,55.6,2.8,10.0,8.33,4.88
2023-04-01 15:00:00,25.9,21.9,55.3,1.7,11.18,8.71,5.21
2023-04-01 16:00:00,13.84,21.3,62.4,5.6,5.7,4.68,2.37
2023-04-01 17:00:00,16.26,21.2,48.7,1.7,7.06,5.57,3.49
2023-04-01 18:00:00,20.11,20.5,63.4,1.7,9.04,7.13,4.64
2023-04-01 19:00:00,15.82,19.5,61.1,6.7,7.34,5.99,3.54
2023-04-01 20:00:00,17.38,19.5,58.1,3.8,7.9,6.36,3.17
2023-04-01 21:00:00,19.78,16.1,67.2,2.5,9.14,6.39,3.58
2023-04-01 22:00:00,23.03,15.9,62.9,7.7,10.61,8.23,4.8
2023-04-01 23:00:00,28.98,14.8,66.4,4.7,12.72,10.65,5.63
2023-04-02 00:00:00,20.58,13.1,68.0,3.7,9.87,7.73,3.43
2023-04-02 01:00:00,29.19,13.6,71.4,2.7,12.84,11.5,5.59
2023-04-02 02:00:00,19.74,14.9,67.0,4.5,8.39,7.39,3.89
2023-04-02 03:00:00,19.82,13.8,57.9,4.9,9.07,6.2,3.7
2023-04-02 04:00:00,16.6,14.4,59.8,4.7,7.33,5.82,3.83
2023-04-02 05:00:00,17.08,13.8,62.1,2.0,8.33,5.8,3.66
2023-04-02 06:00:00,10.86,18.8,63.7,4.6,4.73,3.63,2.03
2023-04-02 07:00:00,16.77,16.1,67.5,4.0,7.17,5.8,3.23
2023-04-02 08:00:00,22.73,15.9,73.3,5.8,10.01,8.32,4.32
2023-04-02 09:00:00,17.08,20.9,53.8,4.2,7.82,5.72,3.09
2023-04-02 10:00:00,23.77,20.7,65.7,1.7,10.87,8.22,4.68
2023-04-02 11:00:00,23.7,21.4,48.6,2.6,10.15,7.45,5.01
2023-04-02 12:00:00,27.17,21.9,57.9,5.0,12.3,8.65,5.39
2023-04-02 13:00:00,28.39,26.0,54.0,4.9,12.55,10.2,5.41
2023-04-02 14:00:00,21.69,23.9,56.5,2.1,9.68,7.89,4.07
2023-04-02 15:00:00,21.71,24.0,53.6,2.8,9.65,7.63,4.86
2023-04-02 16:00:00,22.18,22.9,57.1,0.5,10.17,8.49,4.71
2023-04-02 17:00:00,15.13,22.3,51.1,2.7,7.16,5.46,2.8
2023-04-02 18:00:00,16.66,23.0,60.8,0.7,7.51,5.02,3.38
2023-04-02 19:00:00,12.38,19.3,62.1,6.1,6.3,4.75,2.58
2023-04-02 20:00:00,15.28,16.2,66.4,4.4,7.6,4.47,3.23
2023-04-02 21:00:00,21.66,18.4,60.6,7.9,10.01,8.47,3.87
2023-04-02 22:00:00,27.01,16.6,62.4,6.3,12.59,10.15,6.03
2023-04-02 23:00:00,26.24,15.0,68.6,4.1,11.28,10.18,5.47
2023-04-03 00:00:00,33.89,14.9,74.0,3.5,15.23,12.44,6.36
2023-04-03 01:00:00,33.66,13.2,61.2,6.2,14.48,12.24,6.85
2023-04-03 02:00:00,27.79,13.6,60.5,2.5,12.5,10.4,5.11
2023-04-03 03:00:00,28.68,13.5,69.1,2.1,12.69,10.14,5.66
2023-04-03 04:00:00,25.62,13.3,66.3,3.1,11.53,8.41,5.64
2023-04-03 05:00:00,19.54,16.8,64.5,1.0,8.55,7.26,3.6
2023-04-03 06:00:00,18.49,13.9,67.2,2.5,8.24,7.14,3.31
2023-04-03 07:00:00,21.34,20.8,62.1,1.3,9.82,8.25,4.2
2023-04-03 08:00:00,22.33,19.9,58.7,1.0,9.64,7.26,4.58
2023-04-03 09:00:00,27.0,17.2,57.3,3.8,12.18,8.1,5.41
2023-04-03 10:00:00,36.17,20.7,55.2,4.7,16.47,13.02,7.96
2023-04-03 11:00:00,59.48,21.8,57.0,3.7,26.56,21.28,12.09
2023-04-03 12:00:00,33.77,23.5,49.6,1.1,14.64,11.13,6.66
2023-04-03 13:00:00,32.05,21.9,57.5,3.0,14.46,11.01,6.47
2023-04-03 14:00:00,32.78,23.6,56.0,1.5,15.18,11.53,6.94
2023-04-03 15:00:00,26.72,23.2,54.4,4.3,12.25,9.24,5.85
2023-04-03 16:00:00,21.8,21.8,58.9,5.6,9.49,7.09,4.09
2023-04-03 17:00:00,23.98,20.8,51.0,1.5,10.55,8.89,4.8
2023-04-03 18:00:00,23.22,22.4,52.3,1.1,10.18,8.19,4.94
2023-04-03 19:00:00,19.17,17.3,57.5,3.1,7.94,6.91,3.72
2023-04-03 20:00:00,18.75,19.3,65.3,2.6,9.39,6.93,3.57
2023-04-03 21:00:00,29.69,18.5,73.4,2.3,13.47,11.34,6.13
2023-04-03 22:00:00,29.21,15.7,60.7,2.1,13.59,10.05,5.51
2023-04-03 23:00:00,35.64,15.1,64.7,2.6,15.98,13.14,7.58
2023-04-04 00:00:00,29.55,16.2,61.1,7.8,12.63,10.65,6.22
2023-04-04 01:00:00,35.71,12.9,69.7,5.9,16.41,12.13,7.12
2023-04-04 02:00:00,5.54,12.9,65.5,4.1,3.26,1.97,1.04
2023-04-04 03:00:00,28.81,13.2,69.6,5.4,12.47,10.61,6.03
2023-04-04 04:00:00,23.27,16.2,67.9,0.5,9.69,8.2,4.63
2023-04-04 05:00:00,18.1,17.2,57.3,1.5,8.26,6.73,3.9
2023-04-04 06:00:00,18.46,14.2,68.4,2.5,9.35,6.28,4.13
2023-04-04 07:00:00,22.2,19.0,52.3,4.3,10.03,7.06,4.32
2023-04-04 08:00:00,23.49,20.0,58.7,6.2,10.18,7.61,4.49
2023-04-04 09:00:00,28.44,22.4,55.5,2.2,13.46,9.81,5.15
2023-04-04 10:00:00,35.67,21.8,56.6,1.6,15.96,12.92,6.97
2023-04-04 11:00:00,29.56,22.2,55.8,5.8,13.05,10.59,6.15
2023-04-04 12:00:00,39.74,24.8,51.8,3.1,18.17,14.24,7.91
2023-04-04 13:00:00,34.7,24.6,53.1,4.7,16.1,11.79,7.07
2023-04-04 14:00:00,33.18,27.1,52.6,3.8,14.14,11.4,7.37
2023-04-04 15:00:00,25.2,25.0,55.3,1.9,11.58,8.37,5.5
2023-04-04 16:00:00,22.76,23.3,56.6,4.7,9.7,7.65,4.61
2023-04-04 17:00:00,22.79,20.5,56.5,3.1,9.76,8.72,4.2
2023-04-04 18:00:00,19.16,20.4,64.9,2.5,9.0,6.96,4.27
2023-04-04 19:00:00,24.26,17.9,70.1,6.5,10.82,8.29,4.65
2023-04-04 20:00:00,19.6,18.4,55.4,0.5,8.4,6.43,3.96
2023-04-04 21:00:00,26.95,18.9,62.2,3.1,12.59,9.0,5.14
2023-04-04 22:00:00,27.6,16.3,62.2,2.5,12.71,9.5,5.76
2023-04-04 23:00:00,34.38,16.8,68.5,1.0,15.49,12.44,6.68
2023-04-05 00:00:00,36.51,15.1,65.8,1.2,16.16,12.19,7.26
2023-04-05 01:00:00,32.23,13.5,68.0,1.8,14.24,11.97,6.32
2023-04-05 02:00:00,24.03,14.1,69.6,3.6,10.04,9.18,5.03
2023-04-05 03:00:00,27.29,14.8,64.7,2.4,13.14,9.67,5.55
2023-04-05 04:00:00,24.13,14.8,74.6,5.7,10.96,8.56,4.84
2023-04-05 05:00:00,4.26,15.7,67.8,2.2,1.39,1.81,0.88
2023-04-05 06:00:00,22.38,15.3,70.3,4.8,11.1,7.12,4.45
2023-04-05 07:00:00,31.71,17.0,62.5,2.1,14.16,10.3,6.19
2023-04-05 08:00:00,24.74,22.4,56.6,0.9,11.48,8.77,4.85
2023-04-05 09:00:00,29.77,22.1,61.5,2.4,13.11,9.83,6.1
2023-04-05 10:00:00,26.09,19.3,64.4,5.7,11.69,8.78,5.07
2023-04-05 11:00:00,34.09,19.0,55.0,1.2,15.29,11.95,6.38
2023-04-05 12:00:00,33.03,23.4,56.5,2.8,15.11,10.73,6.37
2023-04-05 13:00:00,34.79,25.1,56.2,0.5,16.22,12.48,6.95
2023-04-05 14:00:00,31.41,23.2,55.5,4.2,13.94,11.07,6.2
2023-04-05 15:00:00,27.57,25.3,55.5,7.2,12.34,10.35,6.12
2023-04-05 16:00:00,21.35,23.4,55.5,3.0,10.34,6.69,4.22
2023-04-05 17:00:00,20.38,22.3,46.1,3.9,9.41,7.08,4.26
2023-04-05 18:00:00,16.57,22.6,50.3,3.3,7.43,5.39,3.18
2023-04-05 19:00:00,17.58,19.5,65.5,8.1,8.44,6.69,4.13
2023-04-05 20:00:00,24.74,18.5,60.5,4.9,11.0,9.0,4.87
2023-04-05 21:00:00,23.92,18.7,62.5,0.9,10.53,8.81,4.53
2023-04-05 22:00:00,32.21,16.4,64.3,1.4,14.64,11.43,6.42
2023-04-05 23:00:00,34.44,18.3,57.9,3.4,15.55,11.92,7.46
2023-04-06 00:00:00,29.79,15.9,62.6,4.2,13.19,10.63,5.83
2023-04-06 01:00:00,31.4,15.3,67.3,2.5,14.3,10.75,6.41
2023-04-06 02:00:00,33.34,14.1,69.2,4.5,14.21,12.25,6.98
2023-04-06 03:00:00,24.15,15.7,76.2,3.9,10.6,7.98,4.49
2023-04-06 04:00:00,21.69,14.4,64.4,3.2,9.07,7.66,4.51
2023-04-06 05:00:00,21.26,16.1,73.1,4.0,8.98,7.54,4.35
2023-04-06 06:00:00,21.06,15.3,61.3,6.7,8.65,7.29,4.06
2023-04-06 07:00:00,19.48,19.4,63.1,2.2,8.69,6.82,4.39
2023-04-06 08:00:00,21.36,19.6,61.4,5.3,9.33,7.65,4.41
2023-04-06 09:00:00,30.16,23.4,55.2,0.5,13.75,10.33,5.97
2023-04-06 10:00:00,36.59,25.3,53.7,1.3,16.68,13.11,7.33
2023-04-06 11:00:00,35.55,23.9,52.3,7.3,16.63,12.04,7.36
2023-04-06 12:00:00,34.32,23.6,60.2,4.6,15.07,11.44,7.31
2023-04-06 13:00:00,31.08,22.6,52.7,4.2,14.09,10.14,6.42
2023-04-06 14:00:00,30.57,25.5,54.9,2.7,13.62,10.13,5.96
2023-04-06 15:00:00,28.39,24.3,58.6,1.9,12.96,10.11,5.61
2023-04-06 16:00:00,24.37,24.3,61.7,2.9,11.09,8.47,4.83
2023-04-06 17:00:00,25.57,25.3,58.5,4.1,11.34,9.07,4.79
2023-04-06 18:00:00,37.31,20.4,62.3,4.3,16.76,12.98,7.82
2023-04-06 19:00:00,16.35,19.1,57.9,1.8,6.65,4.93,3.16
2023-04-06 20:00:00,25.48,18.8,57.5,3.3,11.73,9.12,4.98
2023-04-06 21:00:00,24.11,19.1,55.4,3.9,9.89,8.15,4.78
2023-04-06 22:00:00,29.39,17.5,56.8,7.6,13.46,10.23,5.34
2023-04-06 23:00:00,33.72,14.3,66.8,3.8,14.47,12.78,7.35
2023-04-07 00:00:00,38.91,16.2,60.9,4.0,17.87,13.03,7.71
2023-04-07 01:00:00,40.69,12.7,74.7,5.1,18.53,14.38,8.55
2023-04-07 02:00:00,31.68,13.1,65.4,3.1,13.95,11.77,6.35
2023-04-07 03:00:00,25.96,14.4,67.2,3.0,10.71,9.28,5.24
2023-04-07 04:00:00,24.0,14.2,65.6,4.0,11.01,8.31,5.11
2023-04-07 05:00:00,22.14,17.2,56.4,5.2,9.25,8.26,4.11
2023-04-07 06:00:00,18.11,17.3,68.7,4.3,8.58,6.72,3.79
2023-04-07 07:00:00,24.41,20.7,62.6,1.9,10.3,9.72,4.67
2023-04-07 08:00:00,23.24,19.0,65.2,3.0,9.72,7.01,4.66
2023-04-07 09:00:00,27.66,20.5,62.4,3.6,12.29,10.08,5.76
2023-04-07 10:00:00,31.83,23.7,51.8,3.7,13.58,10.83,6.36
2023-04-07 11:00:00,33.97,22.8,53.0,2.7,15.16,12.45,6.33
2023-04-07 12:00:00,38.94,26.0,55.1,3.6,16.64,13.08,7.48
2023-04-07 13:00:00,32.9,25.0,61.7,4.5,14.92,12.65,6.02
2023-04-07 14:00:00,28.77,20.9,60.9,3.4,12.53,9.46,5.96
2023-04-07 15:00:00,26.63,26.0,57.7,3.3,12.99,8.61,5.87
2023-04-07 16:00:00,25.38,25.1,51.3,5.4,11.48,7.9,5.2
2023-04-07 17:00:00,22.38,24.3,60.3,5.0,10.2,7.12,4.33
2023-04-07 18:00:00,20.06,19.0,59.1,3.1,9.05,7.29,4.08
2023-04-07 19:00:00,24.11,19.7,61.6,10.0,9.95,9.31,4.84
2023-04-07 20:00:00,22.65,18.5,60.0,1.1,10.3,7.28,4.66
2023-04-07 21:00:00,28.09,16.8,68.3,2.7,11.53,9.85,5.3
2023-04-07 22:00:00,27.44,19.5,65.1,0.8,13.42,8.79,5.5
2023-04-07 23:00:00,31.94,15.8,57.6,5.7,13.42,9.75,6.28
2023-04-08 00:00:00,26.72,15.2,72.4,5.0,11.32,9.09,5.36
2023-04-08 01:00:00,26.35,15.6,77.2,4.6,12.16,10.1,5.3
2023-04-08 02:00:00,21.43,15.4,63.7,2.1,10.03,6.26,4.73
2023-04-08 03:00:00,19.18,9.8,71.7,4.7,9.3,6.96,3.78
2023-04-08 04:00:00,12.75,14.3,73.1,2.8,6.4,3.75,3.09
2023-04-08 05:00:00,13.59,13.9,67.6,6.0,5.62,4.18,2.82
2023-04-08 06:00:00,15.96,17.7,62.8,2.0,6.17,5.41,3.69
2023-04-08 07:00:00,15.92,17.9,72.1,2.1,7.29,5.69,2.52
2023-04-08 08:00:00,17.79,19.6,53.7,7.6,7.44,5.45,3.73
2023-04-08 09:00:00,19.48,17.8,58.7,3.6,8.5,6.96,4.18
2023-04-08 10:00:00,22.18,21.6,60.1,3.3,9.93,7.97,4.2
2023-04-08 11:00:00,23.77,24.8,46.1,2.8,11.37,7.81,4.92
2023-04-08 12:00:00,29.77,26.0,50.9,5.7,13.68,9.99,6.04
2023-04-08 13:00:00,27.52,25.5,51.5,2.8,12.14,9.09,5.89
2023-04-08 14:00:00,23.4,22.6,61.7,2.8,10.05,8.85,4.27
2023-04-08 15:00:00,21.5,26.3,55.9,1.5,9.07,7.75,4.14
2023-04-08 16:00:00,2.53,25.0,45.6,3.6,2.29,0.65,0.62
2023-04-08 17:00:00,17.23,22.9,53.0,6.8,7.56,5.98,3.47
2023-04-08 18:00:00,12.53,19.0,57.7,7.5,5.89,5.05,2.59
2023-04-08 19:00:00,12.33,22.3,56.1,9.9,6.11,4.86,2.48
2023-04-08 20:00:00,18.28,18.7,56.1,3.4,8.28,7.12,3.54
2023-04-08 21:00:00,18.37,18.8,63.7,5.2,8.72,6.62,3.49
2023-04-08 22:00:00,24.82,17.2,59.9,3.8,10.97,8.72,4.74
2023-04-08 23:00:00,25.77,18.4,64.9,3.8,12.17,8.26,5.11
2023-04-09 00:00:00,26.5,15.3,65.7,5.4,12.53,9.65,5.09
2023-04-09 01:00:00,20.63,14.9,61.2,5.7,8.81,8.05,4.34
2023-04-09 02:00:00,25.01,17.2,70.3,0.6,11.17,8.51,4.85
2023-04-09 03:00:00,19.82,14.0,74.3,7.2,9.17,7.64,3.68
2023-04-09 04:00:00,15.43,16.7,65.4,5.6,7.13,5.21,3.05
2023-04-09 05:00:00,14.66,16.0,63.7,4.8,6.6,5.52,3.1
2023-04-09 06:00:00,9.1,15.8,59.8,5.9,4.49,3.4,1.84
2023-04-09 07:00:00,15.32,18.5,67.2,3.7,7.66,5.1,3.24
2023-04-09 08:00:00,13.78,20.8,63.1,5.2,5.32,4.64,2.62
2023-04-09 09:00:00,15.79,23.1,52.2,4.1,6.69,5.21,3.36
2023-04-09 10:00:00,18.93,24.5,51.2,3.8,7.74,6.11,4.01
2023-04-09 11:00:00,26.82,22.9,58.8,2.1,12.72,9.53,5.58
2023-04-09 12:00:00,23.22,22.6,51.0,5.8,10.53,7.82,4.22
2023-04-09 13:00:00,5.62,24.1,51.9,6.2,2.41,2.15,1.11
2023-04-09 14:00:00,20.64,23.0,51.2,8.0,9.15,7.86,3.87
2023-04-09 15:00:00,15.35,24.3,49.8,1.5,6.25,5.41,3.08
2023-04-09 16:00:00,13.57,23.6,52.1,2.5,6.32,4.53,2.96
2023-04-09 17:00:00,18.02,24.4,59.2,4.6,8.85,6.79,3.53
2023-04-09 18:00:00,13.15,19.0,52.4,5.9,6.29,4.29,2.72
2023-04-09 19:00:00,2.59,20.0,62.2,5.0,0.82,1.05,0.6
2023-04-09 20:00:00,16.76,18.7,62.8,3.3,7.02,4.35,3.4
2023-04-09 21:00:00,20.42,20.3,64.5,4.8,9.47,7.58,3.55
2023-04-09 22:00:00,24.77,15.6,66.5,1.2,10.66,9.03,4.93
2023-04-09 23:00:00,27.66,16.6,62.2,4.4,12.21,8.53,5.79
2023-04-10 00:00:00,32.46,15.5,61.4,0.5,14.12,10.92,6.44
2023-04-10 01:00:00,29.04,16.7,68.9,0.9,13.19,9.61,5.8
2023-04-10 02:00:00,51.44,15.9,67.4,5.0,22.44,17.89,10.48
2023-04-10 03:00:00,26.51,15.4,63.1,3.4,13.12,8.56,5.69
2023-04-10 04:00:00,19.7,14.8,70.7,1.1,8.43,6.94,4.14
2023-04-10 05:00:00,16.97,13.7,65.3,3.4,6.96,6.86,3.72
2023-04-10 06:00:00,19.22,17.9,62.6,1.1,9.75,6.71,3.72
2023-04-10 07:00:00,19.24,19.5,57.6,2.8,8.27,7.33,3.87
2023-04-10 08:00:00,22.19,17.6,65.5,1.8,10.05,7.8,4.47
2023-04-10 09:00:00,23.96,19.4,55.7,2.1,11.54,7.67,5.1
2023-04-10 10:00:00,29.03,22.9,55.1,2.0,12.65,10.09,5.59
2023-04-10 11:00:00,30.11,24.0,51.9,2.9,12.88,9.38,5.94
2023-04-10 12:00:00,35.59,22.8,57.9,1.4,15.65,12.54,7.44
2023-04-10 13:00:00,34.94,24.0,57.2,3.7,15.25,12.1,7.1
2023-04-10 14:00:00,24.99,22.2,51.8,3.1,12.57,9.66,4.84
2023-04-10 15:00:00,27.88,26.9,53.8,5.7,12.84,10.09,6.14
2023-04-10 16:00:00,18.37,22.4,49.8,5.6,8.29,6.33,3.37
2023-04-10 17:00:00,18.26,24.3,65.7,5.6,8.39,6.07,3.66
2023-04-10 18:00:00,18.15,22.4,54.5,3.4,7.64,6.59,3.99
2023-04-10 19:00:00,15.74,23.2,61.4,2.5,7.12,3.74,3.64
2023-04-10 20:00:00,19.8,18.8,62.4,3.1,8.79,6.98,4.19
2023-04-10 21:00:00,23.35,18.8,62.7,4.6,10.78,7.99,4.71
2023-04-10 22:00:00,30.13,15.0,60.2,3.7,13.29,10.41,6.31
2023-04-10 23:00:00,32.53,13.6,71.9,4.2,14.31,11.03,6.4
2023-04-11 00:00:00,31.37,16.8,64.1,4.6,13.35,11.81,5.85
2023-04-11 01:00:00,32.61,12.7,71.1,6.7,15.89,11.44,6.64
2023-04-11 02:00:00,28.06,14.9,65.7,7.2,12.8,10.38,5.57
2023-04-11 03:00:00,25.0,16.9,64.4,5.7,10.84,8.52,4.97
2023-04-11 04:00:00,26.11,17.0,59.2,1.1,11.51,8.9,4.94
2023-04-11 05:00:00,22.53,15.7,64.4,8.4,9.7,8.59,4.51
2023-04-11 06:00:00,14.93,15.3,63.5,4.7,7.73,5.62,3.08
2023-04-11 07:00:00,21.26,19.7,56.9,4.6,9.59,7.16,4.82
2023-04-11 08:00:00,23.96,22.2,58.0,0.6,10.44,8.88,4.57
2023-04-11 09:00:00,22.81,20.5,61.2,3.4,10.84,7.41,4.73
2023-04-11 10:00:00,31.47,21.5,59.5,4.2,12.64,11.56,6.16
2023-04-11 11:00:00,36.02,23.0,55.9,2.4,16.17,12.92,6.45
2023-04-11 12:00:00,32.46,25.4,55.6,1.3,14.12,11.32,6.28
2023-04-11 13:00:00,34.2,26.9,53.0,3.7,15.1,12.12,7.37
2023-04-11 14:00:00,31.97,23.3,56.5,3.3,14.58,10.67,6.17
2023-04-11 15:00:00,26.36,22.8,57.5,0.9,11.29,9.04,5.32
2023-04-11 16:00:00,29.38,28.0,56.3,3.6,13.44,10.96,6.52
2023-04-11 17:00:00,20.03,23.5,49.8,1.4,8.51,7.61,4.31
2023-04-11 18:00:00,19.15,23.1,54.7,3.2,7.91,6.2,3.91
2023-04-11 19:00:00,15.87,20.5,61.1,2.4,6.76,5.74,3.2
2023-04-11 20:00:00,24.54,20.9,51.0,8.0,11.41,7.79,5.33
2023-04-11 21:00:00,28.6,20.4,66.5,0.8,13.17,10.73,5.7
2023-04-11 22:00:00,28.85,18.2,63.5,3.8,12.79,10.25,6.0
2023-04-11 23:00:00,32.06,19.3,65.6,1.7,14.45,10.99,6.15
2023-04-12 00:00:00,29.17,15.6,70.9,2.6,13.97,9.07,5.69
2023-04-12 01:00:00,33.28,15.2,67.8,1.9,15.49,11.58,6.87
2023-04-12 02:00:00,30.68,15.8,53.9,9.8,13.48,11.81,5.81
2023-04-12 03:00:00,25.34,16.3,65.2,0.8,10.46,8.72,4.76
2023-04-12 04:00:00,24.56,16.4,65.3,3.7,11.4,8.74,4.98
2023-04-12 05:00:00,18.16,15.0,60.6,4.1,7.95,6.22,3.27
2023-04-12 06:00:00,19.41,18.4,53.0,5.2,7.77,6.52,3.86
2023-04-12 07:00:00,16.45,18.6,64.0,4.2,7.48,5.96,2.85
2023-04-12 08:00:00,21.69,19.5,54.3,2.2,9.99,8.35,4.18
2023-04-12 09:00:00,25.06,21.8,68.2,4.1,10.78,8.99,5.35
2023-04-12 10:00:00,29.81,21.5,59.6,8.1,14.2,10.46,5.95
2023-04-12 11:00:00,31.07,22.2,64.1,5.8,13.95,10.64,5.82
2023-04-12 12:00:00,6.53,20.8,59.2,3.3,3.11,2.36,1.31
2023-04-12 13:00:00,39.85,27.9,54.3,3.4,17.34,13.69,8.22
2023-04-12 14:00:00,31.52,26.2,52.8,1.6,14.21,10.91,6.42
2023-04-12 15:00:00,23.08,25.1,58.9,3.9,10.14,8.54,4.91
2023-04-12 16:00:00,26.12,23.7,45.3,2.4,12.82,9.33,5.21
2023-04-12 17:00:00,22.45,19.6,64.9,1.4,9.83,7.83,4.37
2023-04-12 18:00:00,14.76,21.8,61.2,3.4,6.54,4.28,3.04
2023-04-12 19:00:00,20.72,22.8,55.9,0.9,8.68,7.07,4.34
2023-04-12 20:00:00,20.49,21.8,55.8,1.5,9.94,8.07,4.05
2023-04-12 21:00:00,26.15,20.1,58.4,2.1,11.49,9.62,5.43
2023-04-12 22:00:00,29.98,18.2,63.6,9.2,12.76,11.01,5.96
2023-04-12 23:00:00,31.4,18.8,67.5,5.5,14.44,10.59,6.0
2023-04-13 00:00:00,30.86,15.8,62.4,3.7,14.22,11.62,6.12
2023-04-13 01:00:00,30.08,17.4,54.6,2.2,13.19,10.13,6.09
2023-04-13 02:00:00,26.77,15.0,78.4,3.6,11.4,9.45,5.34
2023-04-13 03:00:00,23.24,14.5,70.0,4.3,10.38,7.71,4.39
2023-04-13 04:00:00,21.4,14.8,64.3,0.5,9.34,8.25,4.16
2023-04-13 05:00:00,17.03,15.5,71.4,8.9,7.44,6.29,3.1
2023-04-13 06:00:00,19.52,19.1,65.7,4.2,8.99,7.45,3.95
2023-04-13 07:00:00,22.54,18.2,64.6,8.9,10.44,6.58,4.73
2023-04-13 08:00:00,20.11,19.1,58.7,3.4,9.05,7.15,4.13
2023-04-13 09:00:00,25.91,23.0,59.8,4.2,11.03,8.54,4.71
2023-04-13 10:00:00,30.31,23.6,61.1,3.3,12.56,10.61,6.1
2023-04-13 11:00:00,35.39,25.6,44.7,0.5,15.87,11.35,6.79
2023-04-13 12:00:00,35.58,25.7,54.3,5.8,14.94,11.97,6.66
2023-04-13 13:00:00,34.15,24.3,56.3,3.3,14.96,11.44,7.4
2023-04-13 14:00:00,32.87,25.7,54.5,3.4,14.89,10.69,6.72
2023-04-13 15:00:00,24.68,25.6,53.5,2.8,11.19,8.39,4.62
2023-04-13 16:00:00,23.74,23.6,61.6,3.2,10.55,8.84,4.79
2023-04-13 17:00:00,21.04,22.5,55.9,4.8,9.46,7.48,4.29
2023-04-13 18:00:00,15.91,22.1,57.5,4.7,7.34,5.08,3.04
2023-04-13 19:00:00,20.37,25.0,55.6,5.5,8.43,7.05,4.17
2023-04-13 20:00:00,23.27,20.0,59.1,8.1,9.92,8.18,4.77
2023-04-13 21:00:00,24.79,21.2,51.7,3.0,11.37,9.21,4.51
2023-04-13 22:00:00,31.75,17.4,64.2,2.7,14.41,11.71,5.7
2023-04-13 23:00:00,37.72,18.4,63.0,3.5,16.76,13.24,7.24
2023-04-14 00:00:00,30.67,17.8,60.8,1.7,14.23,10.79,5.93
2023-04-14 01:00:00,28.18,17.4,62.4,5.1,13.34,10.6,5.81
2023-04-14 02:00:00,29.65,16.4,48.4,4.0,12.94,9.63,6.29
2023-04-14 03:00:00,26.94,18.1,68.4,2.1,12.55,9.22,5.52
2023-04-14 04:00:00,20.81,17.1,68.0,6.0,9.14,6.55,3.93
2023-04-14 05:00:00,22.27,19.9,53.5,4.2,9.09,7.39,4.34
2023-04-14 06:00:00,14.29,15.9,61.5,0.8,6.47,5.67,2.47
2023-04-14 07:00:00,20.37,20.1,67.2,2.0,9.64,7.61,4.01
2023-04-14 08:00:00,19.87,21.3,52.7,6.3,8.59,6.74,3.96
2023-04-14 09:00:00,29.43,20.7,61.5,2.9,13.81,9.94,6.46
2023-04-14 10:00:00,34.16,24.2,52.5,8.7,15.23,12.05,6.66
2023-04-14 11:00:00,29.71,22.1,59.5,3.7,13.69,10.69,6.16
2023-04-14 12:00:00,31.52,24.2,55.2,2.0,14.52,10.93,6.38
2023-04-14 13:00:00,33.78,22.7,55.4,4.0,15.2,11.87,6.4
2023-04-14 14:00:00,34.16,28.2,52.1,1.4,16.4,12.25,6.77
2023-04-14 15:00:00,26.98,25.3,51.2,5.4,12.82,9.39,5.1
2023-04-14 16:00:00,28.06,28.4,41.0,4.2,11.71,10.14,6.08
2023-04-14 17:00:00,16.19,25.6,48.7,7.7,6.21,6.0,3.37
2023-04-14 18:00:00,17.6,24.0,50.0,4.6,8.12,6.1,3.19
2023-04-14 19:00:00,16.92,21.2,50.5,1.0,6.47,6.0,3.65
2023-04-14 20:00:00,20.15,19.3,62.7,3.4,9.01,7.04,4.36
2023-04-14 21:00:00,28.75,20.3,58.8,3.7,13.43,10.21,6.15
2023-04-14 22:00:00,25.75,18.2,63.9,6.7,11.82,8.77,5.29
2023-04-14 23:00:00,33.66,15.3,68.3,3.2,14.83,12.2,6.74
2023-04-15 00:00:00,23.01,14.4,70.5,4.0,10.92,7.79,4.68
2023-04-15 01:00:00,22.26,14.8,68.3,1.9,9.87,7.88,4.48
2023-04-15 02:00:00,22.87,18.8,56.6,2.2,10.3,6.99,4.7
2023-04-15 03:00:00,18.93,19.5,63.5,3.8,8.34,6.71,3.48
2023-04-15 04:00:00,16.7,17.0,64.7,4.6,7.78,6.23,3.65
2023-04-15 05:00:00,15.63,17.7,73.7,3.2,6.45,4.99,3.04
2023-04-15 06:00:00,11.63,18.0,62.4,3.2,5.14,3.13,2.62
2023-04-15 07:00:00,11.68,18.3,63.9,2.3,5.5,3.8,2.23
2023-04-15 08:00:00,12.56,23.1,55.8,4.6,6.62,3.45,2.71
2023-04-15 09:00:00,17.73,25.1,54.1,0.5,8.26,5.94,3.96
2023-04-15 10:00:00,28.27,22.2,57.3,3.6,11.63,9.3,5.79
2023-04-15 11:00:00,26.73,24.4,52.5,0.5,12.28,9.22,5.54
2023-04-15 12:00:00,21.36,24.7,55.3,4.0,9.32,7.41,4.47
2023-04-15 13:00:00,21.5,25.2,56.8,0.8,10.03,7.9,4.14
2023-04-15 14:00:00,27.82,27.8,48.5,7.1,11.79,10.61,5.2
2023-04-15 15:00:00,19.45,23.9,59.5,3.4,8.26,6.68,4.42
2023-04-15 16:00:00,19.74,26.1,56.3,4.6,8.73,6.79,3.99
2023-04-15 17:00:00,15.07,25.7,48.8,5.9,6.66,5.13,3.37
2023-04-15 18:00:00,12.15,23.3,51.2,2.2,5.83,4.22,2.79
2023-04-15 19:00:00,14.03,23.7,57.8,3.7,6.64,4.32,2.53
2023-04-15 20:00:00,15.49,21.3,55.6,6.0,6.43,6.23,2.72
2023-04-15 21:00:00,12.54,21.6,52.9,3.7,6.3,4.72,2.6
2023-04-15 22:00:00,20.32,16.2,73.1,3.0,9.24,7.69,3.99
2023-04-15 23:00:00,20.83,17.0,58.8,2.9,8.84,7.68,3.87
2023-04-16 00:00:00,23.97,16.8,56.2,3.0,9.65,8.84,4.06
2023-04-16 01:00:00,30.24,12.4,65.2,4.1,14.24,10.79,6.22
2023-04-16 02:00:00,21.64,14.6,67.6,0.9,9.44,8.24,4.23
2023-04-16 03:00:00,17.13,15.2,66.1,3.1,7.35,6.04,4.03
2023-04-16 04:00:00,17.4,18.3,71.4,3.8,8.18,6.19,3.67
2023-04-16 05:00:00,14.25,16.6,60.2,5.3,5.77,4.68,2.94
2023-04-16 06:00:00,13.34,17.5,64.2,3.7,5.74,4.63,2.65
2023-04-16 07:00:00,14.56,21.2,64.2,6.8,6.21,5.44,2.58
2023-04-16 08:00:00,20.24,18.8,58.1,3.2,9.05,6.93,4.45
2023-04-16 09:00:00,15.08,19.4,64.2,4.4,7.02,4.84,3.33
2023-04-16 10:00:00,21.91,23.2,47.0,0.6,10.25,8.24,4.44
2023-04-16 11:00:00,20.47,22.6,65.7,2.2,9.48,7.21,3.45
2023-04-16 12:00:00,24.92,23.5,60.8,5.5,11.86,8.76,5.23
2023-04-16 13:00:00,24.88,26.9,48.3,4.0,10.81,9.45,3.93
2023-04-16 14:00:00,25.01,27.6,55.1,7.3,11.42,8.03,4.61
2023-04-16 15:00:00,22.05,27.3,57.9,5.0,9.67,8.12,4.55
2023-04-16 16:00:00,22.38,27.2,44.9,3.3,10.0,7.2,4.34
2023-04-16 17:00:00,19.29,26.6,49.0,5.2,8.6,5.93,4.15
2023-04-16 18:00:00,9.17,20.5,66.1,3.4,3.41,3.13,1.7
2023-04-16 19:00:00,13.18,23.2,56.5,2.7,6.02,5.38,2.47
2023-04-16 20:00:00,13.32,20.4,61.6,0.9,6.03,4.44,2.34
2023-04-16 21:00:00,14.76,18.8,61.8,6.0,6.64,5.53,2.54
2023-04-16 22:00:00,20.18,19.6,65.0,3.1,8.91,6.79,4.39
2023-04-16 23:00:00,22.01,15.1,68.4,4.6,8.81,7.35,4.65
2023-04-17 00:00:00,38.18,14.5,67.1,1.7,17.24,13.12,7.61
2023-04-17 01:00:00,32.19,17.6,52.4,5.6,14.76,10.76,6.1
2023-04-17 02:00:00,24.92,17.2,66.6,5.6,12.06,9.03,4.8
2023-04-17 03:00:00,23.2,16.8,67.5,3.4,10.62,7.43,4.19
2023-04-17 04:00:00,23.42,15.8,58.9,4.5,11.87,8.2,4.7
2023-04-17 05:00:00,23.34,19.0,55.3,3.6,10.51,8.0,4.91
2023-04-17 06:00:00,13.15,20.0,62.6,3.8,6.03,3.79,2.39
2023-04-17 07:00:00,13.42,20.3,60.6,6.3,5.93,4.18,2.25
2023-04-17 08:00:00,25.54,19.7,50.5,7.8,11.24,9.03,5.01
2023-04-17 09:00:00,25.59,22.1,53.4,2.9,11.8,8.79,4.84
2023-04-17 10:00:00,27.99,25.2,55.3,2.7,13.23,10.07,5.41
2023-04-17 11:00:00,36.9,27.0,55.0,2.6,16.87,12.83,7.62
2023-04-17 12:00:00,27.45,25.3,50.7,5.1,12.47,9.66,5.24
2023-04-17 13:00:00,33.96,25.9,52.2,4.8,15.1,12.19,6.79
2023-04-17 14:00:00,32.48,26.2,48.2,0.9,14.6,10.8,6.52
2023-04-17 15:00:00,30.95,26.7,58.6,1.3,13.92,9.99,6.24
2023-04-17 16:00:00,19.68,24.9,55.0,4.3,8.98,7.38,3.74
2023-04-17 17:00:00,18.33,20.6,55.9,2.4,8.3,5.84,3.72
2023-04-17 18:00:00,17.4,25.7,47.3,1.3,7.37,4.87,3.35
2023-04-17 19:00:00,20.9,25.4,47.2,3.1,10.12,7.85,3.94
2023-04-17 20:00:00,18.62,20.5,68.4,6.1,9.38,5.99,3.86
2023-04-17 21:00:00,23.59,18.5,60.9,2.9,10.6,8.29,4.48
2023-04-17 22:00:00,25.87,18.7,59.5,4.6,11.69,9.15,5.44
2023-04-17 23:00:00,32.74,17.6,61.8,6.4,15.03,12.51,6.37
2023-04-18 00:00:00,34.09,18.8,58.3,1.8,14.97,11.19,6.77
2023-04-18 01:00:00,30.35,16.9,63.2,4.1,13.92,11.0,5.54
2023-04-18 02:00:00,28.29,15.5,65.6,6.5,12.5,9.83,5.47
2023-04-18 03:00:00,20.82,14.8,66.3,2.0,9.2,8.13,3.76
2023-04-18 04:00:00,19.94,18.6,55.3,9.0,8.35,7.12,4.23
2023-04-18 05:00:00,17.82,19.0,65.6,2.9,7.81,5.9,3.11
2023-04-18 06:00:00,23.49,20.7,56.3,2.1,10.68,8.12,4.97
2023-04-18 07:00:00,15.17,18.9,58.0,5.7,7.69,6.14,3.27
2023-04-18 08:00:00,24.96,24.4,51.2,3.4,11.11,8.74,4.74
2023-04-18 09:00:00,26.93,20.3,54.3,4.5,11.86,9.2,5.08
2023-04-18 10:00:00,30.71,25.2,55.1,3.5,14.04,11.26,5.94
2023-04-18 11:00:00,35.33,22.3,61.7,4.3,16.49,12.13,6.83
2023-04-18 12:00:00,34.06,24.8,50.6,0.8,16.02,11.68,6.8
2023-04-18 13:00:00,39.14,28.8,40.2,2.8,16.9,13.55,7.67
2023-04-18 14:00:00,33.9,27.9,45.4,4.4,15.3,12.41,6.79
2023-04-18 15:00:00,29.99,25.7,51.0,2.8,14.41,10.41,5.91
2023-04-18 16:00:00,25.23,25.2,47.6,5.2,10.73,9.3,5.41
2023-04-18 17:00:00,18.38,25.3,50.6,7.6,8.38,6.19,3.88
2023-04-18 18:00:00,15.02,24.9,51.3,0.8,6.9,5.15,2.78
2023-04-18 19:00:00,18.67,24.8,54.1,5.9,7.72,6.07,3.89
2023-04-18 20:00:00,18.69,21.0,51.6,1.8,8.68,5.3,3.48
2023-04-18 21:00:00,24.28,17.9,65.4,6.7,11.23,8.36,4.55
2023-04-18 22:00:00,31.29,19.4,69.0,7.3,13.8,10.78,6.38
2023-04-18 23:00:00,29.79,17.4,70.2,3.9,12.81,10.78,6.3
2023-04-19 00:00:00,31.67,15.6,62.4,3.4,14.94,11.16,6.53
2023-04-19 01:00:00,6.18,17.5,66.4,5.1,2.23,2.25,1.39
2023-04-19 02:00:00,30.15,16.5,66.9,6.7,14.29,10.19,6.44
2023-04-19 03:00:00,18.66,17.5,62.8,2.2,8.58,6.94,3.84
2023-04-19 04:00:00,19.01,16.2,65.5,2.9,8.47,7.11,3.75
2023-04-19 05:00:00,18.31,19.0,64.6,3.1,8.93,5.41,3.69
2023-04-19 06:00:00,45.48,17.4,67.6,5.8,20.34,15.81,8.83
2023-04-19 07:00:00,16.55,19.3,56.8,1.6,7.44,5.22,3.27
2023-04-19 08:00:00,15.83,21.5,62.0,4.2,7.48,5.86,3.45
2023-04-19 09:00:00,28.46,25.8,61.4,2.8,12.48,9.87,5.59
2023-04-19 10:00:00,28.73,25.5,57.8,6.2,13.05,9.82,5.97
2023-04-19 11:00:00,32.3,27.0,59.3,2.7,13.95,11.5,7.09
2023-04-19 12:00:00,36.67,28.3,37.1,8.3,16.82,13.38,6.96
2023-04-19 13:00:00,42.44,32.1,48.5,0.5,18.75,14.39,8.14
2023-04-19 14:00:00,30.88,26.9,53.0,2.2,14.05,11.51,6.66
2023-04-19 15:00:00,25.98,28.8,54.6,3.3,13.42,9.21,5.87
2023-04-19 16:00:00,28.32,27.7,45.1,2.3,12.35,9.7,5.42
2023-04-19 17:00:00,45.52,26.9,49.2,4.9,21.3,15.4,8.98
2023-04-19 18:00:00,22.92,27.0,56.1,5.5,10.26,7.77,4.88
2023-04-19 19:00:00,14.94,22.5,51.7,4.6,7.13,5.97,3.45
2023-04-19 20:00:00,20.02,21.1,59.9,8.0,9.51,6.47,4.11
2023-04-19 21:00:00,24.26,21.0,58.7,3.3,11.3,8.78,4.9
2023-04-19 22:00:00,29.52,19.1,60.1,8.4,13.41,9.81,5.46
2023-04-19 23:00:00,32.44,18.8,64.3,1.5,13.67,11.6,6.33
2023-04-20 00:00:00,29.77,20.1,54.3,5.8,13.86,10.55,5.75
2023-04-20 01:00:00,30.81,16.5,60.3,0.8,13.89,11.57,6.13
2023-04-20 02:00:00,29.0,16.6,63.4,3.7,12.7,9.78,6.12
2023-04-20 03:00:00,27.75,17.5,57.0,3.5,12.21,9.65,5.72
2023-04-20 04:00:00,22.12,17.4,69.3,5.9,9.28,7.22,4.36
2023-04-20 05:00:00,19.59,15.6,61.2,4.7,8.89,7.14,3.6
2023-04-20 06:00:00,16.82,18.7,65.5,3.2,7.34,6.17,3.49
2023-04-20 07:00:00,21.14,21.8,53.5,6.4,9.35,6.92,4.05
2023-04-20 08:00:00,21.7,24.2,58.5,6.3,10.13,6.08,4.63
2023-04-20 09:00:00,21.96,21.6,50.0,0.7,9.73,7.09,4.42
2023-04-20 10:00:00,31.37,22.8,63.7,6.1,14.24,9.79,6.61
2023-04-20 11:00:00,34.8,25.6,58.9,3.7,15.46,11.68,7.29
2023-04-20 12:00:00,30.5,23.3,53.3,5.7,13.83,10.05,6.4
2023-04-20 13:00:00,32.73,26.2,48.4,1.9,14.35,11.48,6.77
2023-04-20 14:00:00,29.28,24.5,56.9,1.7,12.51,9.98,5.63
2023-04-20 15:00:00,32.68,28.9,41.6,4.8,14.52,11.29,6.36
2023-04-20 16:00:00,22.7,25.2,53.9,2.4,10.02,7.86,4.46
2023-04-20 17:00:00,24.5,28.1,46.3,3.8,10.73,8.61,4.81
2023-04-20 18:00:00,24.2,26.2,51.3,4.6,11.03,8.36,4.77
2023-04-20 19:00:00,20.29,22.4,53.9,4.1,9.78,7.1,4.26
2023-04-20 20:00:00,20.84,20.4,55.5,4.6,8.65,7.1,4.62
2023-04-20 21:00:00,26.46,20.5,68.0,4.2,12.25,9.16,5.07
2023-04-20 22:00:00,25.28,19.4,64.6,2.9,12.16,8.03,5.26
2023-04-20 23:00:00,31.6,19.0,53.8,1.3,14.59,10.11,6.54
2023-04-21 00:00:00,35.97,16.8,59.5,5.9,16.29,12.79,7.01
2023-04-21 01:00:00,29.9,18.5,66.0,5.8,13.63,10.27,5.79
2023-04-21 02:00:00,25.58,17.7,67.7,0.5,11.87,9.27,5.28
2023-04-21 03:00:00,22.32,16.9,56.8,5.8,8.48,8.07,4.24
2023-04-21 04:00:00,17.47,16.9,67.3,1.7,6.84,6.01,3.81
2023-04-21 05:00:00,15.49,18.4,63.2,2.7,7.04,5.43,3.07
2023-04-21 06:00:00,15.52,18.5,52.1,3.1,7.01,5.89,3.42
2023-04-21 07:00:00,13.94,21.1,56.7,4.5,6.95,4.93,3.38
2023-04-21 08:00:00,46.54,22.4,56.5,1.3,20.91,16.35,9.41
2023-04-21 09:00:00,26.2,23.9,55.5,5.6,11.44,8.3,5.3
2023-04-21 10:00:00,30.54,27.4,44.5,7.2,13.01,10.7,5.74
2023-04-21 11:00:00,36.63,25.6,49.5,7.4,16.27,13.81,7.5
2023-04-21 12:00:00,38.87,28.1,47.2,1.3,17.12,13.67,7.63
2023-04-21 13:00:00,38.17,27.4,48.4,6.7,17.32,13.95,7.29
2023-04-21 14:00:00,30.4,26.9,49.1,3.9,14.01,10.82,5.99
2023-04-21 15:00:00,30.45,26.9,51.0,4.8,13.12,10.47,6.4
2023-04-21 16:00:00,21.22,26.5,53.7,6.9,9.95,7.48,3.95
2023-04-21 17:00:00,23.0,26.2,61.4,4.4,9.08,8.99,5.01
2023-04-21 18:00:00,16.88,23.3,60.4,3.3,8.23,6.89,3.88
2023-04-21 19:00:00,18.83,21.4,65.0,3.7,8.03,6.58,4.23
2023-04-21 20:00:00,17.26,23.2,53.7,4.6,8.3,5.43,3.26
2023-04-21 21:00:00,21.71,22.3,52.2,7.2,9.41,8.02,4.59
2023-04-21 22:00:00,29.19,20.9,63.0,6.3,13.24,10.52,6.12
2023-04-21 23:00:00,28.07,19.0,61.2,3.9,12.36,10.04,5.42
2023-04-22 00:00:00,23.69,19.3,64.5,2.1,11.0,8.15,5.0
2023-04-22 01:00:00,18.36,18.7,57.1,2.8,7.77,5.65,3.6
2023-04-22 02:00:00,21.84,18.6,64.9,2.8,9.08,7.19,4.57
2023-04-22 03:00:00,13.83,16.3,63.5,2.5,6.51,4.56,3.04
2023-04-22 04:00:00,15.48,16.5,61.9,5.0,6.69,5.72,2.72
2023-04-22 05:00:00,13.6,18.3,60.2,5.7,6.97,4.12,2.99
2023-04-22 06:00:00,9.54,19.9,62.5,2.6,4.53,3.45,1.89
2023-04-22 07:00:00,13.49,20.8,62.9,5.8,6.65,3.29,2.76
2023-04-22 08:00:00,14.75,19.6,58.6,4.9,7.25,6.3,3.04
2023-04-22 09:00:00,19.07,26.3,54.1,3.2,8.36,7.01,3.79
2023-04-22 10:00:00,18.03,24.6,56.2,4.6,8.11,6.04,3.11
2023-04-22 11:00:00,20.26,26.3,56.2,5.1,9.28,7.34,4.11
2023-04-22 12:00:00,30.4,28.7,54.5,3.8,13.29,10.29,5.79
2023-04-22 13:00:00,17.87,23.8,64.5,3.2,7.73,6.08,4.16
2023-04-22 14:00:00,24.0,26.7,49.6,1.4,10.82,7.86,4.58
2023-04-22 15:00:00,20.32,26.7,59.2,0.5,9.74,7.68,4.62
2023-04-22 16:00:00,19.23,26.3,53.0,7.1,8.68,7.06,4.11
2023-04-22 17:00:00,13.89,25.7,47.6,2.4,6.42,5.29,2.83
2023-04-22 18:00:00,15.16,27.1,48.2,4.4,7.15,6.1,2.87
2023-04-22 19:00:00,15.02,24.8,56.6,7.2,7.34,5.66,3.07
2023-04-22 20:00:00,14.94,23.9,58.9,5.5,7.07,4.63,3.0
2023-04-22 21:00:00,17.7,21.2,53.4,1.5,7.84,5.94,3.48
2023-04-22 22:00:00,20.9,17.9,58.7,5.4,9.25,7.08,3.99
2023-04-22 23:00:00,17.94,15.8,62.4,4.8,6.62,5.97,3.5
2023-04-23 00:00:00,24.27,16.0,60.4,2.7,10.5,8.25,5.19
2023-04-23 01:00:00,23.16,18.4,52.6,4.6,10.7,7.64,4.48
2023-04-23 02:00:00,17.02,17.7,51.7,5.6,7.17,6.97,3.95
2023-04-23 03:00:00,16.14,17.5,61.1,2.5,6.82,5.6,3.79
2023-04-23 04:00:00,13.84,17.8,63.9,6.0,6.69,5.05,2.78
2023-04-23 05:00:00,11.55,22.1,60.7,1.2,4.64,4.37,2.34
2023-04-23 06:00:00,11.96,18.9,54.5,3.7,4.96,4.77,1.93
2023-04-23 07:00:00,15.46,22.8,50.0,2.2,6.54,5.72,2.8
2023-04-23 08:00:00,16.65,22.7,54.2,4.8,6.8,5.73,3.48
2023-04-23 09:00:00,13.47,23.9,55.4,1.9,5.69,4.85,2.51
2023-04-23 10:00:00,25.51,26.9,56.7,2.7,10.08,8.73,4.39
2023-04-23 11:00:00,31.54,28.4,53.5,1.6,15.38,11.09,6.2
2023-04-23 12:00:00,27.3,26.6,50.2,5.5,12.13,10.23,5.5
2023-04-23 13:00:00,31.39,28.7,51.4,1.6,14.15,10.22,7.05
2023-04-23 14:00:00,30.91,28.2,45.9,4.8,12.83,11.42,5.98
2023-04-23 15:00:00,24.57,27.5,51.4,4.7,10.59,8.68,4.83
2023-04-23 16:00:00,19.51,27.3,50.9,1.7,8.79,6.28,4.03
2023-04-23 17:00:00,16.25,25.2,60.8,3.9,6.61,5.65,3.53
2023-04-23 18:00:00,12.55,24.7,56.8,3.5,6.06,3.87,2.45
2023-04-23 19:00:00,11.94,23.1,52.4,4.0,5.44,4.15,2.57
2023-04-23 20:00:00,13.09,24.0,51.4,7.1,5.68,4.35,2.56
2023-04-23 21:00:00,20.66,21.2,56.9,1.2,9.26,7.44,4.47
2023-04-23 22:00:00,17.52,18.2,54.3,5.6,7.58,5.72,3.76
2023-04-23 23:00:00,25.46,18.0,61.2,6.0,10.45,8.77,5.46
2023-04-24 00:00:00,32.22,13.7,66.8,1.6,14.58,11.48,6.67
2023-04-24 01:00:00,26.47,17.3,65.6,4.4,11.21,9.21,5.32
2023-04-24 02:00:00,28.14,17.9,65.6,4.7,12.65,9.91,6.03
2023-04-24 03:00:00,18.22,17.8,63.1,3.8,8.72,6.75,3.17
2023-04-24 04:00:00,21.29,21.5,50.0,3.5,9.49,6.76,3.72
2023-04-24 05:00:00,19.19,20.2,53.7,2.6,8.68,7.37,4.31
2023-04-24 06:00:00,14.49,21.2,55.6,4.6,5.96,4.73,3.14
2023-04-24 07:00:00,17.29,19.1,64.3,2.5,7.02,5.61,3.14
2023-04-24 08:00:00,24.61,22.3,60.3,3.3,11.56,8.56,5.14
2023-04-24 09:00:00,22.21,23.4,54.6,5.9,10.42,7.37,4.92
2023-04-24 10:00:00,24.85,24.2,66.8,1.3,11.8,8.59,5.68
2023-04-24 11:00:00,35.47,25.2,61.6,3.7,17.04,12.06,6.96
2023-04-24 12:00:00,36.6,24.5,60.8,3.5,16.19,12.65,6.93
2023-04-24 13:00:00,32.65,25.8,56.6,2.9,14.86,11.96,6.79
2023-04-24 14:00:00,37.52,29.2,51.3,4.0,17.44,13.67,7.56
2023-04-24 15:00:00,32.05,27.5,53.0,0.5,15.4,9.92,6.03
2023-04-24 16:00:00,21.52,26.4,43.3,3.5,10.24,7.26,4.07
2023-04-24 17:00:00,19.35,26.4,47.1,3.5,8.25,6.65,3.93
2023-04-24 18:00:00,23.72,27.1,50.4,3.6,11.51,7.91,4.5
2023-04-24 19:00:00,21.44,24.2,55.6,2.1,10.08,7.9,4.05
2023-04-24 20:00:00,21.13,23.7,55.0,2.0,9.65,6.53,4.42
2023-04-24 21:00:00,21.28,20.3,61.0,4.3,9.33,7.98,4.37
2023-04-24 22:00:00,32.19,19.4,50.2,1.3,15.27,11.72,6.47
2023-04-24 23:00:00,28.64,19.9,62.7,2.6,14.29,10.03,5.99
2023-04-25 00:00:00,29.99,21.6,58.4,5.7,13.41,10.36,6.49
2023-04-25 01:00:00,30.67,20.4,58.6,1.4,13.89,10.95,6.19
2023-04-25 02:00:00,30.96,18.9,65.9,3.4,14.19,10.7,5.2
2023-04-25 03:00:00,25.46,18.5,56.6,4.5,10.92,8.45,5.04
2023-04-25 04:00:00,20.61,20.8,57.8,1.7,9.29,7.27,4.55
2023-04-25 05:00:00,17.99,20.7,60.6,2.6,8.41,6.58,3.99
2023-04-25 06:00:00,15.93,17.1,59.2,3.8,8.14,5.09,3.19
2023-04-25 07:00:00,18.22,20.2,49.8,2.7,8.11,6.85,3.46
2023-04-25 08:00:00,13.25,23.6,49.9,1.4,6.21,5.1,2.48
2023-04-25 09:00:00,22.58,21.7,57.7,2.2,9.83,7.92,4.64
2023-04-25 10:00:00,28.0,24.2,53.7,1.4,13.05,9.67,5.04
2023-04-25 11:00:00,29.27,25.6,53.2,8.6,13.1,9.98,6.21
2023-04-25 12:00:00,36.3,27.0,48.3,2.2,16.81,12.45,7.41
2023-04-25 13:00:00,34.5,27.5,44.5,3.7,15.18,11.99,6.55
2023-04-25 14:00:00,36.91,27.6,51.5,3.2,15.82,12.23,7.2
2023-04-25 15:00:00,34.95,29.1,48.2,3.9,15.34,11.41,6.63
2023-04-25 16:00:00,22.9,27.0,54.8,3.5,11.08,8.12,4.48
2023-04-25 17:00:00,19.49,26.0,49.0,4.8,8.69,5.73,3.82
2023-04-25 18:00:00,15.64,23.5,45.6,6.1,6.98,5.43,3.09
2023-04-25 19:00:00,18.54,25.9,39.9,2.5,8.49,6.92,3.84
2023-04-25 20:00:00,20.06,22.1,55.5,1.9,9.07,7.17,3.96
2023-04-25 21:00:00,21.43,20.1,60.5,8.6,9.89,7.17,3.96
2023-04-25 22:00:00,24.25,20.9,57.8,6.0,10.99,8.18,4.84
2023-04-25 23:00:00,31.38,18.4,59.1,2.9,15.72,10.6,6.1
2023-04-26 00:00:00,32.25,18.1,54.3,6.4,15.19,11.94,6.22
2023-04-26 01:00:00,27.66,18.8,52.0,4.5,12.91,9.4,5.46
2023-04-26 02:00:00,29.16,17.8,64.5,3.2,13.53,9.78,6.06
2023-04-26 03:00:00,21.6,21.9,56.6,6.1,9.93,7.7,4.28
2023-04-26 04:00:00,20.06,18.8,59.6,4.5,8.88,7.9,4.34
2023-04-26 05:00:00,18.73,20.7,51.5,5.6,8.78,6.74,3.83
2023-04-26 06:00:00,15.59,17.9,57.7,3.1,6.38,5.41,3.26
2023-04-26 07:00:00,17.82,20.7,59.4,5.4,7.43,5.95,3.36
2023-04-26 08:00:00,18.13,21.6,59.5,2.9,8.0,5.81,3.19
2023-04-26 09:00:00,22.68,23.1,55.4,4.9,10.4,8.5,4.25
2023-04-26 10:00:00,29.99,26.4,59.2,3.2,13.14,10.82,6.23
2023-04-26 11:00:00,34.33,28.4,47.1,3.1,15.7,11.21,7.07
2023-04-26 12:00:00,36.4,28.1,56.7,5.4,15.68,12.78,7.83
2023-04-26 13:00:00,31.43,27.8,51.8,1.6,14.01,10.22,6.67
2023-04-26 14:00:00,30.67,27.3,51.8,6.9,13.02,11.08,5.81
2023-04-26 15:00:00,31.11,29.8,52.9,3.6,14.1,10.95,6.75
2023-04-26 16:00:00,28.84,30.7,44.0,4.3,13.82,9.72,5.85
2023-04-26 17:00:00,20.58,27.0,50.0,3.1,9.3,6.29,3.7
2023-04-26 18:00:00,20.28,27.2,45.3,4.3,9.67,7.76,3.89
2023-04-26 19:00:00,19.49,25.1,58.6,4.7,9.29,6.42,3.51
2023-04-26 20:00:00,22.21,24.4,56.4,6.0,9.88,7.33,4.71
2023-04-26 21:00:00,21.55,20.2,65.2,5.9,10.02,6.56,4.6
2023-04-26 22:00:00,23.92,20.0,61.0,2.8,10.13,8.24,4.51
2023-04-26 23:00:00,27.07,20.3,65.1,4.1,12.08,9.44,5.42
2023-04-27 00:00:00,29.31,21.0,55.1,5.2,13.21,9.13,6.18
2023-04-27 01:00:00,28.65,17.4,68.1,5.1,12.43,10.48,6.39
2023-04-27 02:00:00,24.86,15.4,63.5,6.3,11.24,8.83,5.38
2023-04-27 03:00:00,19.79,17.9,62.6,5.7,8.56,6.43,3.97
2023-04-27 04:00:00,18.14,20.6,62.9,4.8,8.64,6.41,4.18
2023-04-27 05:00:00,16.99,17.6,74.6,5.0,7.03,6.93,3.57
2023-04-27 06:00:00,17.02,19.2,65.1,5.4,7.27,6.07,3.24
2023-04-27 07:00:00,15.14,22.4,61.7,5.7,6.81,4.48,2.61
2023-04-27 08:00:00,41.97,23.3,53.3,2.8,18.38,14.32,8.65
2023-04-27 09:00:00,23.19,25.6,54.0,5.2,11.29,7.88,4.33
2023-04-27 10:00:00,26.88,24.1,54.6,7.3,10.96,9.34,5.21
2023-04-27 11:00:00,31.17,26.5,59.2,2.2,13.66,11.05,6.14
2023-04-27 12:00:00,40.34,29.6,47.8,0.9,18.27,14.75,8.29
2023-04-27 13:00:00,28.81,26.5,58.8,1.2,13.82,10.42,5.66
2023-04-27 14:00:00,35.9,30.7,40.7,2.1,15.35,12.71,6.66
2023-04-27 15:00:00,27.82,26.7,59.0,6.7,12.01,11.15,5.57
2023-04-27 16:00:00,27.34,29.1,44.8,1.6,12.01,9.0,5.53
2023-04-27 17:00:00,26.93,26.4,56.5,5.0,12.88,9.13,5.41
2023-04-27 18:00:00,16.77,24.2,50.6,6.0,7.92,5.98,3.26
2023-04-27 19:00:00,14.04,24.0,58.3,6.1,5.92,5.34,2.57
2023-04-27 20:00:00,19.46,24.3,50.1,3.1,9.33,7.03,3.92
2023-04-27 21:00:00,18.59,22.2,62.6,3.5,8.52,6.19,3.51
2023-04-27 22:00:00,26.58,22.6,61.1,2.7,12.03,9.33,5.31
2023-04-27 23:00:00,27.44,22.1,54.5,1.7,12.55,9.15,4.8
2023-04-28 00:00:00,32.68,17.6,65.8,2.1,14.24,11.42,6.79
2023-04-28 01:00:00,28.01,16.9,68.4,1.6,12.78,9.44,5.55
2023-04-28 02:00:00,26.35,16.7,59.3,3.1,11.71,9.33,4.61
2023-04-28 03:00:00,21.3,17.5,57.9,1.8,10.96,9.03,4.8
2023-04-28 04:00:00,23.49,21.0,53.5,3.0,11.39,7.44,4.83
2023-04-28 05:00:00,15.59,21.0,52.8,5.9,6.92,5.27,2.74
2023-04-28 06:00:00,19.97,20.3,54.2,4.4,9.2,7.11,3.82
2023-04-28 07:00:00,18.43,22.3,61.8,4.4,7.78,6.07,3.2
2023-04-28 08:00:00,22.99,25.8,55.9,5.5,10.52,7.86,4.41
2023-04-28 09:00:00,29.53,27.8,42.1,0.9,12.71,9.81,5.89
2023-04-28 10:00:00,31.45,26.5,49.6,5.3,13.89,11.34,6.3
2023-04-28 11:00:00,24.57,23.2,50.4,2.0,11.35,9.34,4.7
2023-04-28 12:00:00,36.35,28.4,54.2,2.8,15.81,12.91,7.18
2023-04-28 13:00:00,40.33,29.9,45.9,2.6,17.66,14.51,8.19
2023-04-28 14:00:00,34.01,29.0,41.5,1.4,14.88,12.24,6.85
2023-04-28 15:00:00,27.74,29.6,49.4,1.9,12.43,9.49,6.1
2023-04-28 16:00:00,25.8,28.5,52.8,7.5,12.3,9.42,4.7
2023-04-28 17:00:00,22.67,25.3,48.8,4.1,10.79,7.64,4.5
2023-04-28 18:00:00,19.75,24.8,52.9,3.4,8.66,6.59,4.33
2023-04-28 19:00:00,16.95,24.5,50.1,5.1,8.3,5.0,4.16
2023-04-28 20:00:00,23.4,25.3,59.9,5.5,10.51,8.18,4.4
2023-04-28 21:00:00,21.97,21.2,56.4,1.5,9.97,8.28,4.49
2023-04-28 22:00:00,22.38,21.8,54.2,4.9,10.04,7.67,4.51
2023-04-28 23:00:00,27.07,20.6,59.0,7.0,12.53,9.04,4.83
2023-04-29 00:00:00,25.41,21.9,56.7,4.0,11.0,9.34,4.93
2023-04-29 01:00:00,20.06,19.0,64.7,4.1,8.79,7.47,4.3
2023-04-29 02:00:00,18.08,16.2,70.6,6.1,8.69,6.14,3.22
2023-04-29 03:00:00,15.13,20.0,66.1,4.5,6.59,5.27,3.39
2023-04-29 04:00:00,32.08,22.7,54.8,9.8,14.1,10.82,6.38
2023-04-29 05:00:00,15.07,21.4,59.9,2.4,6.02,4.81,2.93
2023-04-29 06:00:00,15.8,20.2,67.2,5.8,7.37,5.64,3.4
2023-04-29 07:00:00,10.61,20.9,66.5,4.1,4.23,4.5,2.55
2023-04-29 08:00:00,13.8,22.4,52.7,2.9,7.02,5.38,3.75
2023-04-29 09:00:00,18.32,28.2,53.2,6.2,8.52,5.63,3.53
2023-04-29 10:00:00,25.18,25.9,55.1,10.0,10.66,9.3,5.1
2023-04-29 11:00:00,21.42,26.4,57.0,1.0,9.74,7.42,4.14
2023-04-29 12:00:00,27.97,27.9,56.7,6.8,12.25,9.9,5.74
2023-04-29 13:00:00,24.32,28.2,44.9,2.0,11.28,7.82,5.57
2023-04-29 14:00:00,50.45,31.2,43.1,2.0,22.56,17.22,9.82
2023-04-29 15:00:00,18.53,27.2,55.9,0.9,9.47,7.67,3.47
2023-04-29 16:00:00,20.48,30.0,48.8,6.8,10.33,7.6,4.08
2023-04-29 17:00:00,15.02,27.6,39.8,5.1,6.49,4.95,2.74
2023-04-29 18:00:00,15.13,28.2,41.9,1.0,6.74,4.96,2.4
2023-04-29 19:00:00,18.37,27.5,54.3,4.3,8.67,6.02,3.81
2023-04-29 20:00:00,10.3,24.0,59.4,1.5,4.35,4.2,2.06
2023-04-29 21:00:00,16.43,22.1,50.7,5.0,7.11,5.59,3.85
2023-04-29 22:00:00,21.73,21.5,63.8,3.1,9.01,7.16,3.95
2023-04-29 23:00:00,19.47,20.2,58.8,1.0,8.06,6.86,3.81
2023-04-30 00:00:00,19.57,17.2,58.2,5.6,9.24,6.67,3.8
2023-04-30 01:00:00,20.04,21.5,55.3,3.9,9.07,6.99,4.0
2023-04-30 02:00:00,21.5,19.4,54.6,5.2,9.34,7.15,4.08
2023-04-30 03:00:00,16.23,17.5,59.9,4.5,7.66,5.85,3.49
2023-04-30 04:00:00,11.6,16.6,54.7,3.2,4.22,4.07,2.32
2023-04-30 05:00:00,12.08,17.0,63.2,4.6,5.31,4.22,2.1
2023-04-30 06:00:00,7.36,22.7,59.7,0.5,3.32,1.9,1.69
2023-04-30 07:00:00,12.57,21.8,51.1,2.7,5.07,4.87,2.38
2023-04-30 08:00:00,13.95,23.4,56.0,5.2,6.59,4.84,2.86
2023-04-30 09:00:00,18.09,26.1,48.7,5.1,8.61,6.9,3.77
2023-04-30 10:00:00,19.12,25.8,56.4,6.3,8.68,7.16,3.59
2023-04-30 11:00:00,25.01,28.4,38.3,4.1,10.95,8.43,5.08
2023-04-30 12:00:00,29.49,28.5,53.3,7.2,12.86,10.07,5.44
2023-04-30 13:00:00,30.82,28.8,40.4,3.8,13.86,10.9,5.62
2023-04-30 14:00:00,21.0,26.7,50.9,3.5,9.08,7.95,4.36
2023-04-30 15:00:00,22.36,27.7,47.3,2.0,10.13,7.21,4.49
2023-04-30 16:00:00,15.64,29.3,47.1,5.2,7.58,5.81,3.4
2023-04-30 17:00:00,13.25,26.6,44.5,4.6,6.32,3.93,1.98
2023-04-30 18:00:00,16.58,28.4,58.3,3.3,7.33,5.31,3.6
2023-04-30 19:00:00,15.89,28.9,42.9,1.3,7.38,5.23,3.09
2023-04-30 20:00:00,12.14,25.0,47.9,1.6,5.48,3.59,2.31
2023-04-30 21:00:00,15.57,25.0,63.0,1.5,7.17,4.76,3.66
2023-04-30 22:00:00,19.29,22.6,58.5,2.9,8.78,7.26,3.79
2023-04-30 23:00:00,20.15,19.7,54.1,1.8,10.17,7.92,3.89
2023-05-01 00:00:00,24.39,20.2,59.1,6.0,11.18,9.33,4.76
2023-05-01 01:00:00,23.68,22.4,55.9,6.4,11.27,8.08,4.41
2023-05-01 02:00:00,24.72,18.5,53.4,5.9,10.51,9.34,4.96
2023-05-01 03:00:00,23.63,17.9,58.8,4.1,11.05,8.72,5.27
2023-05-01 04:00:00,11.87,18.2,62.0,4.0,5.19,3.82,1.79
2023-05-01 05:00:00,14.74,20.4,65.9,6.3,6.86,5.11,3.23
2023-05-01 06:00:00,13.67,20.2,58.8,3.1,6.21,5.31,2.73
2023-05-01 07:00:00,21.65,25.5,52.9,1.1,7.94,7.49,4.02
2023-05-01 08:00:00,18.63,24.6,50.4,3.4,9.34,6.31,3.84
2023-05-01 09:00:00,27.94,27.0,57.1,3.8,11.88,9.26,5.61
2023-05-01 10:00:00,30.03,26.3,57.0,3.8,12.94,10.79,5.89
2023-05-01 11:00:00,26.76,26.1,56.7,1.8,11.86,9.55,5.47
2023-05-01 12:00:00,35.82,26.6,52.6,5.2,15.73,12.57,7.19
2023-05-01 13:00:00,35.09,27.7,42.8,4.9,15.41,12.32,7.17
2023-05-01 14:00:00,36.16,29.8,53.7,2.2,16.37,11.79,7.29
2023-05-01 15:00:00,41.08,29.9,48.5,3.8,18.65,14.92,7.73
2023-05-01 16:00:00,21.75,29.5,47.1,5.3,9.64,7.48,3.87
2023-05-01 17:00:00,22.62,25.5,55.6,0.5,10.08,7.91,4.39
2023-05-01 18:00:00,18.38,26.7,53.0,2.4,8.12,7.09,3.5
2023-05-01 19:00:00,16.71,24.0,49.9,3.4,7.42,5.41,3.39
2023-05-01 20:00:00,19.89,24.8,52.6,5.8,9.38,6.86,3.72
2023-05-01 21:00:00,21.43,23.7,46.1,5.4,10.58,7.51,4.14
2023-05-01 22:00:00,24.81,20.0,60.4,1.7,11.48,9.14,5.14
2023-05-01 23:00:00,29.81,22.2,64.1,3.3,14.66,10.33,5.56
2023-05-02 00:00:00,26.07,23.6,46.7,2.6,10.33,10.18,5.3
2023-05-02 01:00:00,30.73,20.9,59.6,3.0,13.62,9.78,5.74
2023-05-02 02:00:00,25.07,19.2,64.3,3.7,10.84,8.69,4.91
2023-05-02 03:00:00,19.53,19.1,65.1,3.5,9.56,6.8,3.85
2023-05-02 04:00:00,17.49,19.8,56.5,1.7,8.25,6.65,3.25
2023-05-02 05:00:00,19.01,19.8,54.8,1.5,8.62,6.62,4.05
2023-05-02 06:00:00,13.52,22.3,54.3,1.6,6.57,5.09,3.26
2023-05-02 07:00:00,16.76,21.4,64.2,5.8,8.34,5.48,2.43
2023-05-02 08:00:00,16.78,21.6,49.5,0.6,7.11,6.0,3.66
2023-05-02 09:00:00,27.35,26.1,46.6,2.0,11.87,10.51,5.79
2023-05-02 10:00:00,32.28,27.0,49.3,7.5,14.4,10.73,6.46
2023-05-02 11:00:00,38.15,27.1,46.6,1.1,17.32,12.94,7.62
2023-05-02 12:00:00,33.69,26.8,51.6,0.8,15.49,12.06,6.59
2023-05-02 13:00:00,39.08,29.7,55.4,3.0,17.64,14.52,7.83
2023-05-02 14:00:00,32.28,28.0,44.4,1.7,14.63,11.42,6.77
2023-05-02 15:00:00,33.19,29.1,48.4,3.9,15.33,11.75,6.42
2023-05-02 16:00:00,27.93,31.4,46.3,2.7,12.88,9.52,5.36
2023-05-02 17:00:00,25.15,28.9,47.6,2.1,11.26,8.52,5.39
2023-05-02 18:00:00,15.7,24.9,46.2,10.9,7.49,5.42,3.31
2023-05-02 19:00:00,15.7,23.8,52.2,2.7,6.88,5.77,3.15
2023-05-02 20:00:00,19.84,24.7,51.2,4.3,8.9,5.83,4.32
2023-05-02 21:00:00,22.99,21.1,61.9,6.1,11.44,8.73,4.43
2023-05-02 22:00:00,25.82,18.9,63.4,6.8,11.08,9.97,5.38
2023-05-02 23:00:00,29.39,21.7,50.2,3.1,13.4,10.63,6.3
2023-05-03 00:00:00,33.68,20.8,57.1,8.2,15.22,11.08,6.84
2023-05-03 01:00:00,31.2,20.5,56.9,4.8,14.63,10.34,5.97
2023-05-03 02:00:00,28.16,20.0,69.7,4.0,13.9,10.04,5.28
2023-05-03 03:00:00,21.1,19.7,61.8,4.6,10.13,7.92,4.05
2023-05-03 04:00:00,16.26,19.3,55.4,2.8,7.47,5.9,3.44
2023-05-03 05:00:00,18.13,21.9,53.9,3.2,8.42,6.11,3.79
2023-05-03 06:00:00,17.56,24.4,52.8,4.0,7.59,6.08,3.5
2023-05-03 07:00:00,19.42,22.6,58.7,2.7,8.99,7.25,3.95
2023-05-03 08:00:00,16.98,23.1,58.7,5.1,8.24,4.76,3.66
2023-05-03 09:00:00,21.99,24.2,55.9,2.3,10.72,7.74,4.25
2023-05-03 10:00:00,24.63,25.8,52.0,5.4,10.87,8.68,4.27
2023-05-03 11:00:00,34.45,28.5,49.2,1.7,15.86,11.47,7.54
2023-05-03 12:00:00,34.85,25.7,52.5,2.1,15.09,12.79,7.28
2023-05-03 13:00:00,36.74,30.1,38.9,5.0,16.41,12.67,7.57
2023-05-03 14:00:00,37.48,30.6,47.0,2.3,16.73,13.42,7.99
2023-05-03 15:00:00,25.9,26.8,49.0,5.3,12.43,9.06,5.41
2023-05-03 16:00:00,24.53,27.5,42.7,5.3,9.79,8.15,4.76
2023-05-03 17:00:00,19.3,28.3,62.1,2.3,9.59,7.14,4.38
2023-05-03 18:00:00,19.32,26.9,53.3,1.2,8.01,7.59,3.4
2023-05-03 19:00:00,12.32,26.7,52.0,1.8,5.46,3.59,2.16
2023-05-03 20:00:00,18.64,24.4,52.8,5.0,9.37,6.54,3.8
2023-05-03 21:00:00,20.01,25.2,57.4,5.8,7.82,6.44,4.24
2023-05-03 22:00:00,29.0,21.6,52.2,2.9,12.43,10.06,5.74
2023-05-03 23:00:00,30.68,19.6,58.9,1.8,14.28,10.83,6.18
2023-05-04 00:00:00,30.78,18.9,56.6,1.2,12.98,10.77,6.07
2023-05-04 01:00:00,32.42,21.1,62.3,2.1,15.76,10.92,6.34
2023-05-04 02:00:00,23.5,19.9,56.0,8.4,10.48,8.39,4.7
2023-05-04 03:00:00,26.49,20.9,64.4,1.8,12.04,9.59,4.57
2023-05-04 04:00:00,20.7,21.4,57.8,1.3,9.45,6.62,4.02
2023-05-04 05:00:00,15.03,18.3,66.0,5.3,6.58,5.4,2.65
2023-05-04 06:00:00,17.46,20.6,61.3,4.1,8.5,6.53,3.65
2023-05-04 07:00:00,12.86,22.0,62.9,3.7,5.15,5.08,2.93
2023-05-04 08:00:00,16.31,23.6,51.0,3.3,7.1,5.61,2.75
2023-05-04 09:00:00,22.82,25.5,58.0,4.7,10.27,6.95,4.32
2023-05-04 10:00:00,31.77,28.8,40.1,4.6,14.04,10.89,6.64
2023-05-04 11:00:00,35.2,30.2,48.0,3.2,14.93,13.41,6.95
2023-05-04 12:00:00,39.74,28.7,46.8,2.2,18.1,13.12,8.48
2023-05-04 13:00:00,35.87,29.3,41.9,5.8,15.96,11.88,8.04
2023-05-04 14:00:00,33.89,28.8,45.0,1.8,14.96,11.77,7.12
2023-05-04 15:00:00,29.36,29.8,45.1,3.7,14.34,9.85,5.71
2023-05-04 16:00:00,21.99,29.5,47.7,4.6,10.21,7.28,4.15
2023-05-04 17:00:00,24.64,29.6,45.9,4.3,10.69,8.12,4.84
2023-05-04 18:00:00,16.61,28.5,50.2,4.2,7.34,5.38,3.74
2023-05-04 19:00:00,15.45,22.7,52.7,4.4,6.51,5.1,2.87
2023-05-04 20:00:00,15.83,24.6,52.1,6.1,6.69,5.86,3.09
2023-05-04 21:00:00,29.49,25.6,51.8,2.9,12.79,11.75,5.96
2023-05-04 22:00:00,28.15,21.7,58.9,4.2,12.71,10.15,5.24
2023-05-04 23:00:00,28.88,23.0,60.7,4.6,12.52,10.24,5.9
2023-05-05 00:00:00,32.66,20.2,64.0,4.0,14.05,11.95,6.53
2023-05-05 01:00:00,26.38,20.4,60.7,6.5,10.93,9.41,5.12
2023-05-05 02:00:00,27.11,18.3,64.2,4.4,12.33,10.21,5.24
2023-05-05 03:00:00,22.5,18.5,63.3,3.2,10.33,8.07,4.24
2023-05-05 04:00:00,18.91,21.8,56.3,5.8,8.31,5.67,4.26
2023-05-05 05:00:00,18.69,22.8,61.2,3.5,8.68,6.95,3.65
2023-05-05 06:00:00,16.33,22.5,52.4,3.7,6.3,5.59,3.23
2023-05-05 07:00:00,16.23,21.9,47.5,4.0,6.41,5.69,3.52
2023-05-05 08:00:00,15.72,25.1,48.7,2.6,7.04,4.96,3.26
2023-05-05 09:00:00,25.88,28.2,57.2,4.8,11.95,9.5,5.17
2023-05-05 10:00:00,34.63,30.1,46.4,1.4,15.3,11.71,7.04
2023-05-05 11:00:00,34.83,28.1,51.7,6.0,16.0,11.79,6.61
2023-05-05 12:00:00,30.95,26.8,50.4,5.0,14.17,11.37,6.34
2023-05-05 13:00:00,45.17,31.1,49.5,2.8,21.17,15.18,8.81
2023-05-05 14:00:00,37.93,29.6,48.8,2.1,16.66,13.94,7.91
2023-05-05 15:00:00,34.38,31.3,46.2,3.0,15.29,12.89,6.93
2023-05-05 16:00:00,27.07,29.8,51.4,5.4,12.28,10.0,5.47
2023-05-05 17:00:00,19.8,27.2,49.0,0.8,9.15,6.51,4.04
2023-05-05 18:00:00,17.51,27.6,52.7,3.4,6.87,6.14,3.28
2023-05-05 19:00:00,22.1,28.3,49.2,2.3,9.93,7.77,4.45
2023-05-05 20:00:00,20.07,24.8,53.7,6.1,9.14,6.38,4.39
2023-05-05 21:00:00,18.9,22.2,53.3,3.1,8.22,6.68,3.5
2023-05-05 22:00:00,26.59,20.1,58.8,4.6,12.96,8.39,5.53
2023-05-05 23:00:00,28.11,20.3,56.9,2.8,12.66,9.78,6.03
2023-05-06 00:00:00,15.87,20.2,65.4,2.7,6.74,5.57,3.66
2023-05-06 01:00:00,17.74,21.6,49.7,2.7,8.62,6.26,3.65
2023-05-06 02:00:00,16.8,18.5,66.2,4.5,7.44,6.49,3.3
2023-05-06 03:00:00,19.74,22.7,48.0,7.7,8.91,6.49,4.46
2023-05-06 04:00:00,13.6,18.9,64.1,2.0,6.11,4.83,2.54
2023-05-06 05:00:00,8.54,25.2,49.6,4.3,4.49,2.94,1.73
2023-05-06 06:00:00,12.53,25.3,56.5,2.4,5.37,5.65,2.55
2023-05-06 07:00:00,6.44,24.1,54.5,3.8,2.51,0.93,1.34
2023-05-06 08:00:00,14.91,22.7,49.6,3.7,6.12,4.89,2.63
2023-05-06 09:00:00,17.45,26.4,59.1,3.3,7.76,6.66,3.55
2023-05-06 10:00:00,22.27,27.1,55.3,3.5,10.06,6.96,4.37
2023-05-06 11:00:00,27.43,26.8,54.3,6.2,12.22,10.3,5.36
2023-05-06 12:00:00,26.36,30.0,44.8,1.3,11.64,9.24,5.24
2023-05-06 13:00:00,23.58,28.8,53.5,5.7,10.25,8.14,4.67
2023-05-06 14:00:00,24.05,29.1,42.6,3.3,11.58,7.32,4.8
2023-05-06 15:00:00,26.19,29.7,37.2,2.7,11.25,9.32,5.65
2023-05-06 16:00:00,15.4,28.7,41.8,1.9,5.95,5.59,2.91
2023-05-06 17:00:00,14.83,31.8,41.2,5.5,6.66,4.2,2.9
2023-05-06 18:00:00,12.6,26.9,48.0,4.0,6.58,4.43,2.48
2023-05-06 19:00:00,16.25,27.1,49.2,4.8,7.64,5.9,2.84
2023-05-06 20:00:00,17.32,25.4,51.6,2.6,8.04,5.95,3.08
2023-05-06 21:00:00,14.5,24.4,51.4,3.0,6.98,5.7,2.71
2023-05-06 22:00:00,16.8,23.3,45.4,6.6,7.25,5.88,3.35
2023-05-06 23:00:00,22.77,23.0,57.4,7.6,9.84,7.96,4.56
2023-05-07 00:00:00,15.86,21.4,56.9,4.9,7.13,5.68,2.72
2023-05-07 01:00:00,18.81,20.9,55.5,5.0,8.93,5.17,3.36
2023-05-07 02:00:00,18.2,20.5,66.4,4.6,7.88,6.16,3.63
2023-05-07 03:00:00,16.03,20.3,58.4,4.0,6.82,4.8,2.8
2023-05-07 04:00:00,10.82,19.7,60.7,4.0,4.76,3.25,1.69
2023-05-07 05:00:00,10.12,21.8,61.9,7.7,5.05,3.38,2.45
2023-05-07 06:00:00,5.0,23.2,48.7,5.0,2.45,1.28,1.2
2023-05-07 07:00:00,9.43,24.7,54.3,4.4,4.31,3.91,1.7
2023-05-07 08:00:00,15.71,25.6,57.2,1.9,6.52,5.24,3.73
2023-05-07 09:00:00,15.94,26.3,52.0,8.2,6.86,5.47,3.14
2023-05-07 10:00:00,23.56,27.8,44.1,3.6,10.05,8.36,4.83
2023-05-07 11:00:00,27.02,28.1,47.9,7.2,11.48,9.74,5.45
2023-05-07 12:00:00,28.95,30.2,48.7,4.7,12.51,10.57,5.95
2023-05-07 13:00:00,29.02,29.9,37.6,0.9,13.45,10.68,6.37
2023-05-07 14:00:00,25.29,30.6,40.5,3.7,11.55,7.81,4.87
2023-05-07 15:00:00,25.96,31.7,55.8,6.3,11.66,9.53,5.66
2023-05-07 16:00:00,20.59,28.6,52.0,1.0,8.78,7.73,4.42
2023-05-07 17:00:00,19.15,29.8,55.6,6.0,8.43,7.84,3.83
2023-05-07 18:00:00,13.71,27.9,54.8,4.1,6.31,4.79,2.93
2023-05-07 19:00:00,19.16,29.7,50.3,0.9,8.2,6.75,3.86
2023-05-07 20:00:00,15.47,25.1,52.4,2.9,6.82,5.73,3.41
2023-05-07 21:00:00,11.48,25.1,55.8,0.7,5.13,5.25,2.39
2023-05-07 22:00:00,20.62,22.9,63.8,0.5,10.02,7.25,4.48
2023-05-07 23:00:00,18.94,19.8,64.4,6.4,9.0,6.6,3.58
2023-05-08 00:00:00,30.25,20.5,60.3,5.0,14.55,10.82,5.87
2023-05-08 01:00:00,31.17,22.1,56.7,2.5,13.73,10.26,5.89
2023-05-08 02:00:00,22.0,19.9,62.6,1.5,10.18,8.19,4.13
2023-05-08 03:00:00,19.91,17.4,60.5,1.0,9.1,6.76,4.47
2023-05-08 04:00:00,17.21,21.2,61.1,6.7,8.29,6.0,3.2
2023-05-08 05:00:00,13.23,20.4,56.0,4.2,6.79,4.65,2.61
2023-05-08 06:00:00,18.52,23.3,54.3,1.8,7.8,7.41,3.74
2023-05-08 07:00:00,16.94,26.6,46.9,4.5,7.33,5.72,3.95
2023-05-08 08:00:00,20.62,26.7,49.7,11.1,8.47,7.84,4.36
2023-05-08 09:00:00,29.94,29.2,45.6,5.3,13.86,9.41,5.77
2023-05-08 10:00:00,27.26,27.2,59.8,3.3,11.84,9.9,5.47
2023-05-08 11:00:00,34.51,28.9,44.9,5.5,15.14,12.68,6.48
2023-05-08 12:00:00,36.47,28.3,51.9,5.0,16.67,13.21,7.63
2023-05-08 13:00:00,35.39,29.4,44.0,1.3,15.2,12.0,6.98
2023-05-08 14:00:00,32.96,29.2,49.2,6.8,14.2,11.82,6.13
2023-05-08 15:00:00,27.01,28.4,51.3,6.2,11.88,9.88,5.52
2023-05-08 16:00:00,26.06,31.9,36.4,4.0,11.74,8.9,5.74
2023-05-08 17:00:00,18.93,26.0,45.9,3.6,8.35,6.17,3.58
2023-05-08 18:00:00,27.75,30.1,43.1,2.2,12.57,10.07,5.4
2023-05-08 19:00:00,22.32,28.7,43.0,5.7,10.6,7.44,4.38
2023-05-08 20:00:00,21.96,26.3,52.8,3.2,10.17,7.81,4.37
2023-05-08 21:00:00,23.41,22.6,58.1,3.9,10.22,8.62,4.58
2023-05-08 22:00:00,22.26,20.7,53.9,1.8,9.71,7.16,4.65
2023-05-08 23:00:00,32.43,21.2,59.2,2.1,14.86,11.23,6.59
2023-05-09 00:00:00,29.59,22.4,55.1,8.7,13.2,9.99,6.1
2023-05-09 01:00:00,32.16,20.9,58.4,3.5,15.01,11.36,6.47
2023-05-09 02:00:00,23.5,19.2,57.8,5.5,10.57,8.41,4.89
2023-05-09 03:00:00,26.13,22.6,59.3,5.6,11.07,9.18,5.03
2023-05-09 04:00:00,19.77,23.9,63.4,8.5,8.98,7.45,4.11
2023-05-09 05:00:00,16.47,21.9,61.6,8.6,7.37,5.9,3.44
2023-05-09 06:00:00,2.93,23.4,62.9,3.3,1.43,0.95,1.19
2023-05-09 07:00:00,14.47,22.2,50.4,7.4,5.86,5.14,2.43
2023-05-09 08:00:00,22.52,25.1,50.5,2.9,9.46,8.08,4.46
2023-05-09 09:00:00,27.64,27.8,53.5,4.1,13.22,10.68,5.58
2023-05-09 10:00:00,27.58,28.8,57.0,5.6,12.02,9.86,6.11
2023-05-09 11:00:00,32.06,28.5,53.0,6.6,14.25,10.66,6.71
2023-05-09 12:00:00,37.12,29.7,43.3,3.7,15.73,12.75,7.25
2023-05-09 13:00:00,37.71,29.9,45.9,3.1,17.0,12.78,8.16
2023-05-09 14:00:00,34.68,30.3,49.3,4.8,14.74,11.86,7.29
2023-05-09 15:00:00,35.45,31.2,45.7,3.3,15.91,12.41,7.74
2023-05-09 16:00:00,17.64,27.1,47.5,4.5,8.04,6.34,3.9
2023-05-09 17:00:00,23.2,29.2,47.5,5.4,10.17,7.56,4.74
2023-05-09 18:00:00,16.69,28.8,49.4,5.8,7.82,6.66,3.94
2023-05-09 19:00:00,20.26,26.2,47.2,2.3,9.14,6.36,3.45
2023-05-09 20:00:00,19.14,25.0,58.9,3.9,8.78,6.65,3.92
2023-05-09 21:00:00,22.63,23.8,53.3,0.7,10.07,6.94,4.35
2023-05-09 22:00:00,23.17,22.5,56.6,5.4,10.43,8.22,4.62
2023-05-09 23:00:00,31.28,22.2,62.5,1.6,15.13,11.33,6.27
2023-05-10 00:00:00,31.59,21.8,57.2,6.1,14.12,11.26,5.94
2023-05-10 01:00:00,29.44,17.9,67.4,3.1,12.75,10.41,6.2
2023-05-10 02:00:00,24.92,21.9,52.6,1.8,11.09,9.18,4.93
2023-05-10 03:00:00,52.76,20.7,61.4,5.3,24.2,19.13,10.88
2023-05-10 04:00:00,16.71,24.5,58.8,2.0,7.02,6.07,3.05
2023-05-10 05:00:00,17.13,20.6,55.1,3.0,6.65,6.41,2.86
2023-05-10 06:00:00,18.11,22.1,56.6,3.9,6.88,5.63,3.25
2023-05-10 07:00:00,18.16,24.3,54.0,2.8,8.19,6.64,3.81
2023-05-10 08:00:00,19.73,26.5,53.2,1.9,8.6,6.87,3.78
2023-05-10 09:00:00,22.83,24.3,57.2,3.1,10.77,7.79,4.42
2023-05-10 10:00:00,26.78,27.2,46.8,1.7,11.95,9.42,5.52
2023-05-10 11:00:00,38.94,30.3,47.3,4.8,18.24,14.29,7.68
2023-05-10 12:00:00,37.37,28.8,57.4,1.8,16.03,13.02,7.34
2023-05-10 13:00:00,36.53,32.8,49.9,3.4,16.49,12.37,7.36
2023-05-10 14:00:00,31.7,30.2,51.7,3.8,14.62,10.4,6.48
2023-05-10 15:00:00,28.89,29.4,47.7,7.2,13.03,10.39,5.52
2023-05-10 16:00:00,27.74,31.2,57.2,1.2,12.73,9.77,5.69
2023-05-10 17:00:00,23.78,31.9,50.9,6.9,10.84,7.91,5.06
2023-05-10 18:00:00,22.54,29.0,49.3,2.1,9.48,7.74,4.6
2023-05-10 19:00:00,23.29,29.1,50.2,5.8,9.92,8.99,4.5
2023-05-10 20:00:00,23.92,28.4,47.6,1.3,10.8,8.42,4.85
2023-05-10 21:00:00,19.6,23.2,58.1,9.0,9.82,6.61,4.44
2023-05-10 22:00:00,29.11,24.8,57.2,5.4,12.76,10.0,5.66
2023-05-10 23:00:00,32.12,20.1,63.4,1.1,14.73,10.66,6.35
2023-05-11 00:00:00,27.69,22.4,56.2,2.1,12.44,9.31,5.32
2023-05-11 01:00:00,26.37,21.2,51.2,3.8,12.1,9.23,5.51
2023-05-11 02:00:00,26.38,23.0,57.6,3.7,11.91,9.12,5.43
2023-05-11 03:00:00,20.51,23.0,59.9,4.2,8.84,7.66,4.41
2023-05-11 04:00:00,17.3,22.6,52.0,3.3,8.09,5.83,3.59
2023-05-11 05:00:00,16.75,23.0,55.9,4.9,7.66,5.52,3.52
2023-05-11 06:00:00,9.68,24.4,61.5,2.8,5.16,3.79,1.99
2023-05-11 07:00:00,19.56,24.9,48.1,1.9,9.06,6.07,3.86
2023-05-11 08:00:00,20.85,26.0,51.4,0.8,8.73,6.95,3.99
2023-05-11 09:00:00,28.71,29.6,56.0,2.7,13.27,9.69,5.5
2023-05-11 10:00:00,35.35,30.9,47.7,3.2,16.3,11.84,6.83
2023-05-11 11:00:00,35.94,29.4,46.1,4.4,16.38,12.18,6.88
2023-05-11 12:00:00,34.76,30.8,47.0,5.4,16.32,11.16,6.65
2023-05-11 13:00:00,42.22,31.1,50.9,2.2,18.06,14.65,8.99
2023-05-11 14:00:00,32.28,28.7,48.6,3.5,15.27,10.46,6.75
2023-05-11 15:00:00,32.15,30.4,50.5,2.2,14.61,11.39,6.24
2023-05-11 16:00:00,33.28,32.8,45.8,7.4,15.47,11.72,6.53
2023-05-11 17:00:00,19.12,28.5,51.4,4.3,8.2,6.86,3.32
2023-05-11 18:00:00,26.75,31.8,49.2,4.5,11.15,9.92,5.14
2023-05-11 19:00:00,21.97,29.2,47.5,3.7,9.82,7.27,4.71
2023-05-11 20:00:00,23.83,26.7,47.2,2.4,10.79,8.92,4.66
2023-05-11 21:00:00,18.56,25.7,55.6,2.0,7.69,5.0,3.87
2023-05-11 22:00:00,24.9,22.2,56.7,4.4,11.5,9.7,4.8
2023-05-11 23:00:00,26.39,22.2,55.2,6.8,12.05,9.39,5.16
2023-05-12 00:00:00,30.07,24.1,57.7,2.1,14.29,11.13,6.2
2023-05-12 01:00:00,28.99,20.5,65.8,3.9,13.07,9.85,5.88
2023-05-12 02:00:00,23.3,22.9,55.8,3.7,11.13,7.92,4.3
2023-05-12 03:00:00,19.53,19.4,60.8,4.3,8.81,6.3,3.84
2023-05-12 04:00:00,17.29,20.2,53.9,4.0,7.87,6.5,3.0
2023-05-12 05:00:00,14.97,25.6,52.2,2.4,7.09,5.47,3.61
2023-05-12 06:00:00,15.92,23.8,56.6,4.6,7.26,5.37,3.22
2023-05-12 07:00:00,14.17,24.2,54.9,2.4,6.0,5.41,2.36
2023-05-12 08:00:00,16.79,28.3,48.2,4.4,6.89,5.09,3.73
2023-05-12 09:00:00,28.54,29.4,52.3,2.5,12.4,9.73,5.46
2023-05-12 10:00:00,31.71,30.2,48.1,1.2,14.47,10.36,6.36
2023-05-12 11:00:00,31.17,29.0,62.2,1.6,14.22,11.62,6.35
2023-05-12 12:00:00,34.99,30.2,48.8,5.7,16.38,12.14,7.01
2023-05-12 13:00:00,39.45,31.6,32.4,1.5,17.73,14.1,8.21
2023-05-12 14:00:00,40.87,32.3,39.7,2.7,18.59,14.89,8.23
2023-05-12 15:00:00,31.62,30.3,50.2,2.5,14.66,11.69,6.38
2023-05-12 16:00:00,26.35,30.9,43.7,1.0,11.16,9.01,5.09
2023-05-12 17:00:00,25.29,30.2,44.8,4.1,10.87,8.85,4.55
2023-05-12 18:00:00,22.73,30.7,41.0,5.4,10.75,8.47,4.43
2023-05-12 19:00:00,20.14,28.7,47.2,9.4,8.61,6.53,3.78
2023-05-12 20:00:00,14.71,24.0,56.1,7.0,6.27,4.8,2.84
2023-05-12 21:00:00,17.94,24.7,56.3,1.0,8.4,6.2,3.79
2023-05-12 22:00:00,24.09,22.4,52.0,2.3,10.16,8.53,4.54
2023-05-12 23:00:00,28.21,23.6,59.7,3.1,12.17,10.32,5.75
2023-05-13 00:00:00,19.74,23.5,49.8,6.1,8.84,7.4,3.84
2023-05-13 01:00:00,18.19,21.8,60.1,2.8,7.83,5.84,3.47
2023-05-13 02:00:00,14.81,21.1,60.4,3.9,5.86,4.92,2.51
2023-05-13 03:00:00,15.88,21.7,53.3,4.4,7.09,5.2,2.86
2023-05-13 04:00:00,8.25,22.4,51.8,2.5,3.96,2.62,1.29
2023-05-13 05:00:00,11.43,22.0,59.6,4.0,4.59,3.77,2.47
2023-05-13 06:00:00,6.23,22.1,54.6,1.0,2.7,1.83,1.5
2023-05-13 07:00:00,7.61,22.1,56.5,3.4,4.03,1.95,1.05
2023-05-13 08:00:00,14.42,28.4,53.4,2.9,6.71,5.53,2.5
2023-05-13 09:00:00,19.85,28.5,52.2,2.8,8.43,7.46,4.33
2023-05-13 10:00:00,27.86,29.5,44.0,2.2,13.1,8.51,5.9
2023-05-13 11:00:00,32.35,31.9,45.5,5.5,14.79,11.49,6.99
2023-05-13 12:00:00,29.79,28.9,44.6,6.2,13.25,11.84,6.45
2023-05-13 13:00:00,27.56,28.7,53.9,6.3,12.71,9.88,5.41
2023-05-13 14:00:00,26.46,32.0,53.2,3.0,11.54,10.05,5.55
2023-05-13 15:00:00,25.12,31.7,41.7,2.3,11.27,9.39,5.13
2023-05-13 16:00:00,15.88,28.2,50.0,1.4,6.97,4.97,3.48
2023-05-13 17:00:00,22.61,30.5,52.0,4.5,10.74,8.21,4.46
2023-05-13 18:00:00,12.28,28.4,50.1,2.7,4.99,3.25,2.92
2023-05-13 19:00:00,15.53,26.5,55.0,2.4,7.25,5.32,2.6
2023-05-13 20:00:00,16.71,26.0,53.1,2.9,7.43,5.83,3.62
2023-05-13 21:00:00,18.93,21.5,52.9,3.8,8.15,7.91,3.39
2023-05-13 22:00:00,16.15,23.1,56.9,1.8,6.71,5.96,3.28
2023-05-13 23:00:00,48.33,21.9,63.4,7.7,22.25,16.4,9.26
2023-05-14 00:00:00,25.61,23.1,57.8,4.9,11.85,9.31,4.82
2023-05-14 01:00:00,17.61,21.6,66.2,0.9,7.08,6.53,3.19
2023-05-14 02:00:00,13.26,22.6,48.0,2.6,6.27,4.7,2.53
2023-05-14 03:00:00,9.58,18.0,64.3,1.0,3.6,3.65,2.13
2023-05-14 04:00:00,30.48,21.0,55.5,2.2,13.9,11.7,6.35
2023-05-14 05:00:00,11.5,23.9,50.9,2.5,3.94,3.9,2.28
2023-05-14 06:00:00,7.73,23.7,62.3,4.8,2.3,2.86,1.95
2023-05-14 07:00:00,14.41,26.6,50.8,4.8,6.68,5.6,2.66
2023-05-14 08:00:00,11.93,23.9,53.5,0.9,6.17,3.75,2.51
2023-05-14 09:00:00,22.88,29.0,50.9,4.0,11.01,8.56,4.78
2023-05-14 10:00:00,23.91,28.2,39.4,7.6,10.65,8.11,4.82
2023-05-14 11:00:00,29.94,29.1,55.9,4.2,13.91,10.38,6.26
2023-05-14 12:00:00,30.2,32.4,54.6,7.6,13.56,10.53,5.57
2023-05-14 13:00:00,31.26,33.2,48.7,2.9,14.22,10.06,6.04
2023-05-14 14:00:00,28.94,33.2,46.2,3.3,12.85,10.42,5.49
2023-05-14 15:00:00,32.13,34.5,41.5,3.5,14.86,12.24,6.56
2023-05-14 16:00:00,27.01,32.9,39.2,6.8,12.55,9.27,5.5
2023-05-14 17:00:00,18.0,29.0,55.2,2.9,8.3,7.18,3.53
2023-05-14 18:00:00,19.63,29.3,53.4,8.6,8.14,5.36,3.94
2023-05-14 19:00:00,11.54,27.4,53.4,3.8,5.55,4.65,2.14
2023-05-14 20:00:00,24.15,29.7,50.1,2.1,11.01,7.62,5.26
2023-05-14 21:00:00,22.58,27.0,53.1,1.4,10.33,8.43,4.37
2023-05-14 22:00:00,18.93,23.8,52.8,1.8,6.6,5.92,3.89
2023-05-14 23:00:00,24.23,24.4,67.2,0.8,9.91,9.33,4.39
2023-05-15 00:00:00,24.45,20.6,57.8,4.6,11.38,7.71,5.31
2023-05-15 01:00:00,26.27,22.3,55.1,3.6,12.77,9.73,5.26
2023-05-15 02:00:00,23.0,20.4,65.1,4.9,9.9,7.84,4.5
2023-05-15 03:00:00,22.89,19.4,60.5,5.2,10.23,7.78,4.8
2023-05-15 04:00:00,14.71,23.6,55.5,6.9,5.27,5.06,2.99
2023-05-15 05:00:00,17.43,24.6,61.5,1.5,7.64,6.01,3.55
2023-05-15 06:00:00,18.49,25.0,57.4,1.9,8.21,6.93,3.84
2023-05-15 07:00:00,18.18,25.2,57.4,3.8,7.85,6.51,3.54
2023-05-15 08:00:00,19.4,24.9,47.0,1.6,9.41,6.96,3.85
2023-05-15 09:00:00,39.86,26.4,54.4,1.3,18.07,14.24,7.75
2023-05-15 10:00:00,28.49,27.8,45.6,4.4,12.53,9.02,6.16
2023-05-15 11:00:00,39.68,30.0,45.7,4.8,18.1,15.01,7.62
2023-05-15 12:00:00,43.65,32.7,45.6,5.8,20.18,15.15,8.34
2023-05-15 13:00:00,41.32,33.2,44.0,6.7,17.99,14.3,7.98
2023-05-15 14:00:00,31.78,29.3,52.1,3.2,13.82,11.04,6.75
2023-05-15 15:00:00,25.91,30.6,51.1,8.4,10.82,9.27,5.15
2023-05-15 16:00:00,23.73,30.1,52.2,0.8,10.55,9.19,4.67
2023-05-15 17:00:00,23.18,26.5,45.4,6.1,10.55,8.78,4.55
2023-05-15 18:00:00,19.61,30.1,59.6,2.6,8.37,7.21,3.98
2023-05-15 19:00:00,20.65,27.7,50.6,6.8,9.92,6.85,4.06
2023-05-15 20:00:00,23.8,26.6,58.1,2.1,11.13,8.2,4.44
2023-05-15 21:00:00,23.24,27.5,38.4,4.9,9.98,7.9,4.62
2023-05-15 22:00:00,25.95,24.4,53.4,3.2,11.16,8.73,5.19
2023-05-15 23:00:00,29.93,22.6,49.6,2.9,12.74,11.89,5.68
2023-05-16 00:00:00,28.55,23.5,51.5,1.1,12.61,10.49,5.42
2023-05-16 01:00:00,34.69,23.7,55.8,4.7,16.35,11.88,6.87
2023-05-16 02:00:00,20.6,22.4,55.4,1.9,8.81,7.26,4.12
2023-05-16 03:00:00,23.67,23.2,62.8,3.3,10.91,9.14,4.15
2023-05-16 04:00:00,16.84,22.4,65.9,1.7,7.58,4.82,3.19
2023-05-16 05:00:00,16.45,23.3,51.2,4.1,6.51,5.32,2.67
2023-05-16 06:00:00,15.58,24.6,52.0,2.2,7.43,5.14,3.4
2023-05-16 07:00:00,13.51,24.5,49.4,4.0,5.81,4.16,2.86
2023-05-16 08:00:00,21.02,26.1,58.4,7.3,9.15,7.21,4.01
2023-05-16 09:00:00,25.87,30.3,48.4,6.8,11.62,9.28,5.22
2023-05-16 10:00:00,39.0,32.5,45.2,2.0,17.39,13.65,7.52
2023-05-16 11:00:00,41.6,32.9,46.1,1.4,19.2,14.1,8.44
2023-05-16 12:00:00,38.09,29.3,47.3,0.9,16.82,13.05,7.48
2023-05-16 13:00:00,38.66,29.7,44.1,5.6,17.5,12.79,8.31
2023-05-16 14:00:00,34.96,30.2,48.0,2.3,15.98,12.31,6.91
2023-05-16 15:00:00,33.39,32.0,44.3,2.5,14.46,10.71,6.58
2023-05-16 16:00:00,19.7,27.1,53.2,2.1,8.88,6.45,3.88
2023-05-16 17:00:00,21.18,29.6,40.3,5.7,9.06,7.33,3.96
2023-05-16 18:00:00,27.86,31.6,47.0,8.3,12.76,9.65,5.01
2023-05-16 19:00:00,26.72,29.7,44.9,5.0,10.79,10.19,5.1
2023-05-16 20:00:00,19.98,26.2,53.3,5.6,9.64,7.42,4.27
2023-05-16 21:00:00,22.67,25.0,58.5,4.2,9.95,7.56,4.18
2023-05-16 22:00:00,24.49,25.3,50.8,3.7,11.09,7.8,4.69
2023-05-16 23:00:00,31.7,24.8,60.2,4.8,14.38,10.6,6.3
2023-05-17 00:00:00,30.12,22.0,48.9,0.8,13.29,10.31,6.5
2023-05-17 01:00:00,32.31,22.0,65.4,1.1,14.21,11.46,6.9
2023-05-17 02:00:00,22.51,21.3,64.6,4.6,10.22,7.68,4.5
2023-05-17 03:00:00,20.01,20.3,55.2,2.7,9.62,6.74,4.0
2023-05-17 04:00:00,17.79,22.5,52.6,3.5,8.24,6.82,2.72
2023-05-17 05:00:00,36.98,23.2,48.7,5.2,16.43,13.5,7.18
2023-05-17 06:00:00,23.25,22.7,61.3,3.9,11.11,8.14,4.87
2023-05-17 07:00:00,16.5,26.8,50.2,5.4,8.27,5.85,3.36
2023-05-17 08:00:00,25.2,27.9,48.5,3.1,11.2,8.73,5.25
2023-05-17 09:00:00,30.97,29.5,43.0,2.5,14.08,11.47,6.29
2023-05-17 10:00:00,29.14,28.5,58.9,2.2,13.29,9.93,5.86
2023-05-17 11:00:00,36.39,27.7,45.9,1.6,17.15,12.82,7.0
2023-05-17 12:00:00,43.63,32.2,45.5,0.8,19.97,15.52,8.83
2023-05-17 13:00:00,38.24,31.0,47.9,1.0,17.68,13.91,8.13
2023-05-17 14:00:00,35.11,30.8,45.0,2.4,16.72,11.66,6.57
2023-05-17 15:00:00,31.46,30.1,44.9,2.4,14.27,11.3,6.18
2023-05-17 16:00:00,5.13,31.1,44.9,2.9,2.63,1.09,0.72
2023-05-17 17:00:00,28.09,33.0,47.2,4.0,12.79,9.59,6.12
2023-05-17 18:00:00,15.39,28.9,47.6,5.1,6.89,5.25,3.15
2023-05-17 19:00:00,20.85,26.8,60.0,2.0,8.7,7.19,4.0
2023-05-17 20:00:00,19.48,28.1,46.4,5.1,8.22,6.85,3.84
2023-05-17 21:00:00,27.87,26.1,56.4,1.6,11.77,8.69,5.95
2023-05-17 22:00:00,23.88,21.5,49.5,9.0,10.94,8.34,4.79
2023-05-17 23:00:00,27.81,24.6,50.6,2.5,12.81,10.69,5.78
2023-05-18 00:00:00,30.08,26.2,48.5,5.7,13.0,10.23,6.06
2023-05-18 01:00:00,26.67,18.6,56.2,2.0,11.68,8.89,5.97
2023-05-18 02:00:00,28.2,20.4,60.9,7.4,12.65,10.01,6.28
2023-05-18 03:00:00,14.68,18.2,61.6,5.6,7.38,5.25,3.31
2023-05-18 04:00:00,20.34,22.9,45.2,2.8,8.98,5.88,3.79
2023-05-18 05:00:00,17.13,25.3,63.7,3.1,8.49,6.78,3.16
2023-05-18 06:00:00,11.82,25.0,54.9,0.5,3.79,3.91,2.36
2023-05-18 07:00:00,17.86,28.1,50.3,2.3,8.53,5.94,3.62
2023-05-18 08:00:00,28.16,28.5,56.3,2.5,12.0,9.76,5.67
2023-05-18 09:00:00,29.26,31.1,51.6,3.3,13.1,10.28,5.9
2023-05-18 10:00:00,33.08,31.5,44.7,1.6,14.43,10.9,6.97
2023-05-18 11:00:00,39.59,30.2,38.0,3.4,17.69,14.12,8.15
2023-05-18 12:00:00,40.84,31.7,48.7,4.5,18.25,14.09,8.03
2023-05-18 13:00:00,35.29,30.8,42.2,2.9,15.51,11.64,7.18
2023-05-18 14:00:00,37.12,32.0,51.8,2.2,16.68,14.02,8.02
2023-05-18 15:00:00,30.67,32.2,41.5,3.8,13.87,10.41,6.67
2023-05-18 16:00:00,31.16,31.5,43.9,0.7,13.44,10.7,6.2
2023-05-18 17:00:00,30.33,32.9,37.9,2.7,13.15,10.15,6.08
2023-05-18 18:00:00,22.69,29.3,42.5,3.7,10.9,8.0,4.35
2023-05-18 19:00:00,20.1,27.2,50.8,2.7,9.01,6.42,3.68
2023-05-18 20:00:00,24.55,26.0,51.8,2.8,11.08,8.71,4.87
2023-05-18 21:00:00,25.38,27.0,49.2,5.8,11.0,8.79,4.53
2023-05-18 22:00:00,21.69,22.7,67.0,7.0,9.83,7.64,4.03
2023-05-18 23:00:00,28.52,23.5,58.9,5.6,12.55,9.66,5.55
2023-05-19 00:00:00,35.25,25.1,53.9,1.4,16.15,12.63,7.21
2023-05-19 01:00:00,24.8,23.1,42.5,2.5,10.92,8.83,5.21
2023-05-19 02:00:00,23.69,22.4,61.3,4.7,10.53,8.69,4.93
2023-05-19 03:00:00,21.89,22.6,71.9,8.1,10.87,7.09,4.44
2023-05-19 04:00:00,16.96,21.6,57.2,2.2,7.89,6.24,3.3
2023-05-19 05:00:00,11.89,22.6,52.8,6.4,5.25,5.01,2.46
2023-05-19 06:00:00,17.16,24.7,55.2,4.9,7.74,5.93,3.37
2023-05-19 07:00:00,24.02,26.6,45.0,8.6,11.39,8.99,5.29
2023-05-19 08:00:00,24.92,28.9,51.6,1.3,10.66,8.29,4.72
2023-05-19 09:00:00,25.93,28.9,56.8,3.0,11.66,9.37,5.2
2023-05-19 10:00:00,32.71,32.0,42.3,3.4,14.73,11.49,7.01
2023-05-19 11:00:00,75.78,33.4,40.7,4.5,34.18,26.7,14.63
2023-05-19 12:00:00,44.59,33.0,44.0,4.4,19.79,15.15,8.41
2023-05-19 13:00:00,43.73,34.1,40.5,6.5,19.56,15.84,8.65
2023-05-19 14:00:00,35.06,31.0,39.3,5.7,14.82,11.65,7.57
2023-05-19 15:00:00,29.23,30.6,45.4,1.0,13.45,10.08,5.86
2023-05-19 16:00:00,27.22,32.6,42.0,3.5,11.84,9.3,4.97
2023-05-19 17:00:00,23.92,29.0,56.0,3.1,11.71,8.06,4.93
2023-05-19 18:00:00,23.92,29.5,54.3,10.3,10.78,7.86,4.96
2023-05-19 19:00:00,19.36,29.9,55.1,3.2,8.2,6.82,3.89
2023-05-19 20:00:00,29.45,29.6,52.5,4.5,12.5,9.52,5.58
2023-05-19 21:00:00,24.96,25.8,54.1,2.5,11.1,9.02,4.54
2023-05-19 22:00:00,28.09,24.0,50.8,4.1,12.87,9.51,5.54
2023-05-19 23:00:00,24.6,24.4,61.3,2.0,11.3,8.72,5.12
2023-05-20 00:00:00,16.13,21.7,59.7,4.1,6.78,5.7,3.31
2023-05-20 01:00:00,18.42,22.5,50.7,6.0,9.9,5.82,3.93
2023-05-20 02:00:00,17.99,22.6,52.3,0.6,8.58,6.66,3.64
2023-05-20 03:00:00,18.41,22.8,50.4,3.6,8.98,7.29,3.6
2023-05-20 04:00:00,12.87,23.4,45.6,8.5,5.97,4.89,2.92
2023-05-20 05:00:00,8.44,22.8,58.5,1.8,3.29,2.09,1.67
2023-05-20 06:00:00,5.78,24.0,49.0,1.9,2.67,2.2,0.97
2023-05-20 07:00:00,13.94,25.2,50.0,3.4,6.2,4.33,2.13
2023-05-20 08:00:00,10.49,25.2,54.0,6.1,5.12,2.64,1.87
2023-05-20 09:00:00,26.14,29.4,47.7,3.9,11.57,8.88,5.22
2023-05-20 10:00:00,27.22,31.5,42.7,3.6,12.11,9.01,4.99
2023-05-20 11:00:00,35.3,32.4,52.8,1.3,15.0,12.35,7.08
2023-05-20 12:00:00,32.59,31.6,38.5,7.7,14.76,11.86,7.0
2023-05-20 13:00:00,29.31,31.2,39.1,2.8,12.74,10.18,5.61
2023-05-20 14:00:00,30.05,33.7,45.8,2.3,13.44,10.62,5.9
2023-05-20 15:00:00,27.19,33.4,40.8,3.1,12.1,8.93,5.69
2023-05-20 16:00:00,24.6,32.3,41.9,3.1,10.39,8.91,5.04
2023-05-20 17:00:00,23.91,33.8,38.1,3.3,10.49,8.63,4.45
2023-05-20 18:00:00,15.94,30.1,49.6,4.6,6.86,5.85,3.19
2023-05-20 19:00:00,15.44,28.5,50.9,6.0,7.11,5.03,3.31
2023-05-20 20:00:00,15.84,27.0,52.2,1.0,6.73,5.68,2.88
2023-05-20 21:00:00,8.6,24.0,52.3,3.5,4.17,3.79,1.73
2023-05-20 22:00:00,21.06,26.1,48.9,3.1,9.74,7.03,3.87
2023-05-20 23:00:00,37.59,23.9,54.5,0.5,16.67,13.1,7.44
2023-05-21 00:00:00,16.95,24.2,59.8,5.5,7.54,5.94,3.01
2023-05-21 01:00:00,17.11,25.7,61.0,1.4,7.81,5.93,3.06
2023-05-21 02:00:00,12.21,22.2,62.9,1.5,5.24,3.59,2.89
2023-05-21 03:00:00,10.49,19.4,63.2,0.9,4.91,3.24,2.01
2023-05-21 04:00:00,9.56,24.2,59.9,2.0,4.75,3.61,2.53
2023-05-21 05:00:00,14.64,24.5,48.7,1.9,7.18,4.6,2.77
2023-05-21 06:00:00,16.6,24.2,51.4,2.8,8.0,5.86,3.43
2023-05-21 07:00:00,14.08,27.1,54.1,4.4,6.41,4.78,3.08
2023-05-21 08:00:00,19.51,29.0,48.7,1.0,8.46,7.18,4.0
2023-05-21 09:00:00,19.69,27.7,52.5,6.0,9.49,7.02,3.74
2023-05-21 10:00:00,25.24,29.8,53.1,2.7,11.33,8.66,5.23
2023-05-21 11:00:00,30.06,33.5,47.9,4.1,13.71,10.56,5.48
2023-05-21 12:00:00,33.68,31.0,41.3,0.5,13.78,12.18,6.74
2023-05-21 13:00:00,36.34,32.7,44.8,2.9,17.23,12.29,7.5
2023-05-21 14:00:00,19.75,28.8,44.8,0.5,9.71,7.44,3.86
2023-05-21 15:00:00,20.9,30.4,43.6,1.8,8.83,7.8,3.57
2023-05-21 16:00:00,22.89,32.3,36.6,3.3,10.13,7.09,4.51
2023-05-21 17:00:00,20.34,33.2,44.9,3.7,8.89,6.49,4.31
2023-05-21 18:00:00,15.88,28.2,41.2,1.7,6.39,4.77,2.64
2023-05-21 19:00:00,14.97,29.2,50.9,5.0,6.32,5.55,3.03
2023-05-21 20:00:00,21.31,27.2,58.1,1.9,10.68,7.23,4.26
2023-05-21 21:00:00,22.73,27.9,53.1,1.5,10.41,7.75,4.6
2023-05-21 22:00:00,17.22,23.5,56.1,2.7,8.44,6.45,3.16
2023-05-21 23:00:00,22.66,24.9,61.8,3.8,10.18,7.81,5.04
2023-05-22 00:00:00,30.98,22.6,58.5,9.0,12.87,11.05,6.24
2023-05-22 01:00:00,25.8,23.4,51.6,3.1,11.48,8.37,5.31
2023-05-22 02:00:00,22.42,23.0,57.0,3.2,10.05,7.58,4.6
2023-05-22 03:00:00,20.91,22.7,66.5,1.0,9.21,8.36,3.94
2023-05-22 04:00:00,19.61,24.3,49.3,5.1,7.95,6.35,4.34
2023-05-22 05:00:00,15.27,24.5,47.7,1.9,7.3,5.44,2.2
2023-05-22 06:00:00,11.13,25.2,56.8,5.0,4.53,3.26,2.27
2023-05-22 07:00:00,15.38,26.1,51.5,6.6,6.71,5.18,3.36
2023-05-22 08:00:00,22.86,28.1,47.7,5.1,10.66,8.24,4.63
2023-05-22 09:00:00,28.87,29.6,42.2,4.3,12.53,9.65,5.93
2023-05-22 10:00:00,36.83,29.0,39.5,4.1,16.57,13.0,7.2
2023-05-22 11:00:00,34.17,31.0,39.6,3.3,15.57,12.1,6.86
2023-05-22 12:00:00,39.51,30.7,55.3,1.7,18.78,14.22,7.96
2023-05-22 13:00:00,44.0,32.7,44.7,5.2,19.7,14.63,8.59
2023-05-22 14:00:00,42.22,32.1,35.7,3.4,19.39,14.51,8.87
2023-05-22 15:00:00,34.59,33.9,49.2,4.2,15.37,11.97,7.44
2023-05-22 16:00:00,32.11,33.3,50.2,2.9,15.23,10.81,6.44
2023-05-22 17:00:00,24.78,30.1,54.0,2.0,10.26,8.86,4.81
2023-05-22 18:00:00,23.36,30.4,45.4,5.4,9.79,7.72,4.68
2023-05-22 19:00:00,23.26,30.2,46.4,2.7,10.53,8.58,4.79
2023-05-22 20:00:00,23.57,27.7,51.5,6.0,10.33,7.3,4.75
2023-05-22 21:00:00,16.71,25.6,60.3,7.8,7.84,6.28,3.52
2023-05-22 22:00:00,26.17,23.8,52.7,5.6,12.17,8.47,5.33
2023-05-22 23:00:00,30.05,25.7,49.4,1.6,12.61,10.6,6.03
2023-05-23 00:00:00,29.3,25.1,57.3,5.9,13.71,10.7,5.42
2023-05-23 01:00:00,32.29,23.0,62.5,3.6,14.67,11.44,7.05
2023-05-23 02:00:00,23.1,24.2,54.6,2.2,11.35,7.33,4.34
2023-05-23 03:00:00,19.67,18.8,64.8,1.3,8.6,7.91,3.88
2023-05-23 04:00:00,24.54,25.8,53.7,2.4,11.42,7.36,4.57
2023-05-23 05:00:00,12.59,24.3,53.6,1.6,5.97,4.07,2.6
2023-05-23 06:00:00,14.51,25.8,48.9,0.7,7.27,4.77,3.48
2023-05-23 07:00:00,17.29,26.3,46.6,8.9,6.44,5.38,3.49
2023-05-23 08:00:00,28.31,30.2,44.7,5.7,11.95,10.78,5.35
2023-05-23 09:00:00,26.89,27.8,45.8,4.9,12.62,9.05,5.63
2023-05-23 10:00:00,34.4,32.8,46.1,2.0,16.2,11.53,7.25
2023-05-23 11:00:00,38.18,32.2,51.4,0.7,17.53,12.61,7.45
2023-05-23 12:00:00,40.7,33.4,45.0,3.5,17.69,14.87,8.49
2023-05-23 13:00:00,39.62,32.4,40.5,4.9,17.68,14.13,8.07
2023-05-23 14:00:00,36.19,31.1,50.9,7.7,16.8,12.83,7.64
2023-05-23 15:00:00,7.44,34.3,44.3,5.8,3.2,3.17,1.4
2023-05-23 16:00:00,25.82,32.9,47.0,6.3,11.55,10.05,5.67
2023-05-23 17:00:00,31.35,33.7,41.0,2.2,14.82,10.71,6.45
2023-05-23 18:00:00,23.26,30.3,53.3,1.7,10.76,8.17,4.86
2023-05-23 19:00:00,24.78,28.8,55.1,2.3,11.2,8.44,4.74
2023-05-23 20:00:00,27.3,30.2,46.9,1.6,12.48,9.65,5.39
2023-05-23 21:00:00,31.93,29.7,52.0,5.4,14.73,10.21,6.62
2023-05-23 22:00:00,28.01,25.6,58.8,6.5,12.56,9.37,5.73
2023-05-23 23:00:00,30.54,23.4,53.6,2.6,14.02,10.4,6.27
2023-05-24 00:00:00,31.15,25.1,53.4,6.1,13.58,11.31,6.78
2023-05-24 01:00:00,26.9,23.0,56.8,1.0,12.53,8.99,5.04
2023-05-24 02:00:00,30.29,24.1,49.5,4.5,13.43,11.32,6.1
2023-05-24 03:00:00,22.87,23.0,58.6,3.7,9.89,7.61,4.41
2023-05-24 04:00:00,21.72,26.3,57.6,2.4,10.37,7.92,4.2
2023-05-24 05:00:00,10.96,23.7,54.9,5.1,5.11,3.82,2.42
2023-05-24 06:00:00,13.63,26.5,53.9,2.1,6.26,4.58,1.99
2023-05-24 07:00:00,18.21,26.2,59.5,3.1,8.42,6.16,3.09
2023-05-24 08:00:00,23.0,27.8,48.6,4.7,9.57,8.36,4.6
2023-05-24 09:00:00,26.49,28.9,51.1,2.7,12.29,9.02,5.42
2023-05-24 10:00:00,36.53,31.9,42.9,5.9,16.37,13.25,6.93
2023-05-24 11:00:00,44.85,33.2,41.2,6.0,20.97,15.7,8.78
2023-05-24 12:00:00,44.0,33.4,45.6,2.0,21.04,15.75,8.72
2023-05-24 13:00:00,37.66,32.9,45.7,3.2,17.12,12.44,7.93
2023-05-24 14:00:00,38.3,33.5,46.6,3.2,17.46,12.56,7.79
2023-05-24 15:00:00,34.27,34.4,43.1,3.1,15.51,11.71,6.8
2023-05-24 16:00:00,30.88,34.0,45.6,3.5,12.98,11.2,6.05
2023-05-24 17:00:00,18.74,27.7,59.0,1.2,7.68,7.0,3.93
2023-05-24 18:00:00,21.46,30.3,52.9,6.1,9.03,7.8,4.01
2023-05-24 19:00:00,18.82,29.2,50.6,2.5,8.8,7.32,3.74
2023-05-24 20:00:00,24.45,29.2,51.4,0.5,11.76,9.19,4.92
2023-05-24 21:00:00,23.52,26.9,50.3,4.6,10.83,7.64,4.65
2023-05-24 22:00:00,21.31,26.8,51.0,4.3,8.98,7.14,4.37
2023-05-24 23:00:00,32.28,23.1,58.8,8.6,13.49,10.92,6.27
2023-05-25 00:00:00,31.52,24.5,55.1,4.8,13.95,11.06,6.67
2023-05-25 01:00:00,27.55,24.9,58.1,2.7,12.19,9.93,5.94
2023-05-25 02:00:00,24.42,21.2,64.9,7.4,11.38,8.36,5.56
2023-05-25 03:00:00,22.7,27.3,50.7,2.9,10.76,8.83,5.02
2023-05-25 04:00:00,23.89,25.8,42.9,5.6,10.83,8.36,4.92
2023-05-25 05:00:00,36.29,24.9,64.3,2.7,15.75,12.64,7.35
2023-05-25 06:00:00,14.49,24.7,51.2,0.9,6.55,4.61,3.31
2023-05-25 07:00:00,20.94,26.8,52.8,4.9,8.44,7.37,4.34
2023-05-25 08:00:00,24.09,28.5,53.4,2.8,10.71,8.24,4.21
2023-05-25 09:00:00,26.8,30.3,54.6,2.7,12.65,9.24,5.45
2023-05-25 10:00:00,37.06,33.1,53.3,4.8,16.61,12.77,7.24
2023-05-25 11:00:00,38.27,31.2,44.7,2.6,17.88,14.16,7.28
2023-05-25 12:00:00,41.34,33.6,49.7,1.5,18.4,14.45,8.61
2023-05-25 13:00:00,37.5,31.3,47.4,3.1,17.12,13.32,7.11
2023-05-25 14:00:00,37.3,32.8,58.4,5.6,16.08,13.24,7.38
2023-05-25 15:00:00,35.1,33.8,49.0,1.6,16.0,12.18,7.21
2023-05-25 16:00:00,31.64,33.8,42.6,3.8,14.21,11.14,6.27
2023-05-25 17:00:00,21.67,30.8,43.1,1.6,9.54,7.48,3.98
2023-05-25 18:00:00,20.68,30.2,34.6,1.0,9.91,7.65,3.97
2023-05-25 19:00:00,22.73,31.9,49.1,2.9,10.48,7.45,4.55
2023-05-25 20:00:00,28.52,30.1,52.9,4.4,12.64,9.47,5.18
2023-05-25 21:00:00,20.48,27.4,54.8,2.4,9.87,7.92,3.82
2023-05-25 22:00:00,27.26,22.5,45.2,3.3,13.32,9.55,5.43
2023-05-25 23:00:00,37.52,28.6,43.4,3.5,16.33,13.25,7.42
2023-05-26 00:00:00,27.62,24.2,57.4,5.8,12.27,9.49,5.4
2023-05-26 01:00:00,20.59,23.2,65.0,5.5,9.36,7.22,4.01
2023-05-26 02:00:00,23.45,22.8,56.4,0.5,11.92,7.85,5.2
2023-05-26 03:00:00,20.85,24.3,60.3,3.1,9.02,7.51,4.28
2023-05-26 04:00:00,15.51,24.8,49.1,4.4,6.89,5.14,2.88
2023-05-26 05:00:00,16.46,26.4,53.3,5.9,8.04,5.34,3.3
2023-05-26 06:00:00,17.9,24.7,53.0,0.9,8.78,6.27,3.53
2023-05-26 07:00:00,19.93,26.8,57.8,4.2,8.44,6.91,3.86
2023-05-26 08:00:00,25.92,31.6,43.4,5.8,11.75,8.71,5.14
2023-05-26 09:00:00,25.86,30.2,56.2,2.3,11.49,8.44,5.28
2023-05-26 10:00:00,33.71,30.8,45.5,2.0,14.22,11.93,6.58
2023-05-26 11:00:00,36.56,30.7,41.9,3.4,16.02,13.34,7.06
2023-05-26 12:00:00,43.79,33.6,38.5,7.7,20.07,16.04,8.48
2023-05-26 13:00:00,42.13,34.9,39.0,4.6,18.65,14.97,8.06
2023-05-26 14:00:00,41.91,34.9,44.0,3.2,19.37,14.9,8.37
2023-05-26 15:00:00,38.91,33.0,41.4,0.6,17.75,13.39,7.76
2023-05-26 16:00:00,33.01,33.4,39.8,3.8,14.95,11.45,6.71
2023-05-26 17:00:00,29.86,34.6,46.9,2.8,13.26,10.51,5.74
2023-05-26 18:00:00,25.61,32.6,28.8,1.9,11.61,9.16,5.09
2023-05-26 19:00:00,20.2,28.7,47.5,3.5,9.68,7.14,4.46
2023-05-26 20:00:00,20.88,24.7,47.7,2.7,8.46,7.43,4.26
2023-05-26 21:00:00,24.57,27.7,46.4,0.8,10.47,8.15,4.56
2023-05-26 22:00:00,29.32,27.2,52.5,4.8,13.85,9.67,5.78
2023-05-26 23:00:00,27.22,23.4,54.9,4.9,11.28,9.7,5.44
2023-05-27 00:00:00,18.59,24.3,53.3,4.2,7.81,6.65,3.69
2023-05-27 01:00:00,15.15,23.5,61.8,5.8,7.08,4.46,2.79
2023-05-27 02:00:00,17.33,23.8,55.3,2.0,7.93,5.59,3.43
2023-05-27 03:00:00,13.56,23.0,65.4,2.5,5.74,4.52,2.76
2023-05-27 04:00:00,15.58,26.3,56.0,3.3,7.44,5.03,3.27
2023-05-27 05:00:00,9.56,25.4,48.7,1.1,3.56,3.27,2.52
2023-05-27 06:00:00,12.44,24.9,63.8,6.2,6.95,3.8,2.67
2023-05-27 07:00:00,13.8,28.8,50.9,3.5,6.55,4.95,2.87
2023-05-27 08:00:00,19.36,26.8,61.2,2.7,8.69,6.95,3.71
2023-05-27 09:00:00,21.2,31.9,44.4,3.4,10.16,8.27,4.49
2023-05-27 10:00:00,30.62,32.7,46.2,2.7,14.27,9.74,5.9
2023-05-27 11:00:00,35.23,34.3,45.0,2.5,16.4,11.68,6.97
2023-05-27 12:00:00,30.51,32.8,43.8,3.3,13.62,10.9,6.48
2023-05-27 13:00:00,32.8,32.8,51.0,3.4,13.98,12.04,6.12
2023-05-27 14:00:00,34.44,33.8,53.1,3.2,16.04,12.12,6.82
2023-05-27 15:00:00,22.25,33.4,32.5,3.8,10.45,8.28,4.21
2023-05-27 16:00:00,24.21,32.0,49.6,5.2,11.32,8.13,4.89
2023-05-27 17:00:00,13.69,31.4,41.9,1.0,5.79,4.38,2.49
2023-05-27 18:00:00,15.62,30.6,34.3,5.5,7.52,5.5,2.97
2023-05-27 19:00:00,19.25,28.2,52.7,2.2,8.45,6.29,3.95
2023-05-27 20:00:00,17.99,29.7,51.0,2.3,8.75,6.06,3.8
2023-05-27 21:00:00,15.74,27.3,54.6,4.1,7.03,5.58,3.38
2023-05-27 22:00:00,18.61,25.7,55.0,8.2,7.74,6.44,3.92
2023-05-27 23:00:00,23.75,23.5,60.2,0.6,10.21,8.29,4.41
2023-05-28 00:00:00,14.74,22.8,53.7,4.5,6.33,5.16,3.12
2023-05-28 01:00:00,20.29,26.9,53.0,4.6,9.77,7.99,4.03
2023-05-28 02:00:00,20.25,22.9,60.0,3.9,9.09,7.56,4.26
2023-05-28 03:00:00,19.71,24.9,60.9,0.5,8.67,7.66,3.53
2023-05-28 04:00:00,11.74,24.7,54.5,4.1,6.61,3.36,2.08
2023-05-28 05:00:00,5.73,21.1,57.6,1.5,2.46,3.19,0.93
2023-05-28 06:00:00,20.83,29.0,48.9,1.2,8.86,7.94,4.79
2023-05-28 07:00:00,19.65,28.6,43.8,4.6,9.99,7.63,4.09
2023-05-28 08:00:00,18.09,27.7,54.6,4.7,7.78,6.2,3.43
2023-05-28 09:00:00,20.78,30.1,40.6,6.3,8.78,7.12,4.05
2023-05-28 10:00:00,24.79,29.6,50.4,0.5,11.75,9.14,4.63
2023-05-28 11:00:00,34.82,35.1,42.3,2.9,15.27,11.6,6.79
2023-05-28 12:00:00,31.84,31.8,38.1,0.5,14.19,11.57,6.39
2023-05-28 13:00:00,7.1,32.9,37.1,2.9,3.29,2.93,1.29
2023-05-28 14:00:00,31.81,32.7,40.5,3.5,14.16,10.69,6.42
2023-05-28 15:00:00,25.67,33.8,41.8,3.7,11.44,9.17,5.11
2023-05-28 16:00:00,31.14,35.2,49.1,2.8,14.32,10.06,6.08
2023-05-28 17:00:00,26.18,35.0,41.4,4.8,11.71,9.74,4.64
2023-05-28 18:00:00,19.88,30.7,49.9,3.1,8.52,7.11,3.87
2023-05-28 19:00:00,22.52,30.7,53.5,3.6,10.05,8.05,4.27
2023-05-28 20:00:00,15.53,28.9,54.6,5.4,7.58,5.76,3.05
2023-05-28 21:00:00,16.7,26.1,52.7,1.9,7.29,5.27,3.76
2023-05-28 22:00:00,24.12,30.0,44.5,2.6,11.34,8.87,5.03
2023-05-28 23:00:00,3.93,27.3,53.7,3.6,1.88,1.3,0.62
2023-05-29 00:00:00,30.31,24.9,50.7,5.1,13.42,10.17,5.91
2023-05-29 01:00:00,37.1,26.5,61.3,3.2,16.36,13.5,7.41
2023-05-29 02:00:00,22.39,25.8,57.4,1.2,10.09,7.39,4.32
2023-05-29 03:00:00,20.87,24.3,55.9,9.0,10.12,7.11,4.51
2023-05-29 04:00:00,20.1,25.1,56.4,4.7,8.94,6.28,4.31
2023-05-29 05:00:00,19.92,27.7,51.7,4.8,8.45,6.3,3.68
2023-05-29 06:00:00,14.35,25.0,52.1,3.4,6.08,4.28,3.3
2023-05-29 07:00:00,20.09,30.2,50.3,3.8,9.44,7.51,4.26
2023-05-29 08:00:00,24.34,28.6,48.4,9.6,10.62,8.0,4.8
2023-05-29 09:00:00,31.49,32.5,54.6,4.0,14.91,10.91,6.49
2023-05-29 10:00:00,30.03,31.5,42.8,2.1,14.05,10.15,5.89
2023-05-29 11:00:00,43.56,33.0,46.9,7.7,19.2,15.52,8.58
2023-05-29 12:00:00,44.33,33.2,40.2,3.7,19.9,15.65,8.6
2023-05-29 13:00:00,40.68,33.0,40.4,0.6,18.9,13.51,8.7
2023-05-29 14:00:00,39.23,33.6,34.8,3.9,17.46,14.12,7.48
2023-05-29 15:00:00,41.04,35.9,43.0,1.1,18.48,14.66,8.03
2023-05-29 16:00:00,26.11,29.8,45.6,3.7,12.23,8.6,5.35
2023-05-29 17:00:00,26.29,30.6,52.6,5.6,12.59,9.71,4.76
2023-05-29 18:00:00,21.89,30.4,49.6,3.7,10.18,7.4,3.99
2023-05-29 19:00:00,24.31,28.6,50.4,2.9,11.01,7.92,4.73
2023-05-29 20:00:00,28.46,31.2,39.5,6.2,12.62,10.18,5.14
2023-05-29 21:00:00,29.39,29.6,51.5,6.9,12.59,10.75,6.0
2023-05-29 22:00:00,26.17,27.4,47.9,2.8,11.62,9.6,5.74
2023-05-29 23:00:00,28.49,24.5,47.5,3.5,12.67,9.13,6.75
2023-05-30 00:00:00,30.14,26.8,54.0,8.6,13.91,11.07,6.3
2023-05-30 01:00:00,25.46,21.9,51.4,1.9,11.37,9.9,5.23
2023-05-30 02:00:00,27.24,27.3,40.8,2.5,12.27,8.78,5.98
2023-05-30 03:00:00,17.9,23.2,62.6,3.2,8.74,6.5,3.59
2023-05-30 04:00:00,22.69,24.4,51.9,1.4,10.24,7.93,5.1
2023-05-30 05:00:00,18.78,24.9,45.4,2.4,8.18,6.86,4.01
2023-05-30 06:00:00,19.35,25.0,49.2,3.8,8.12,6.49,4.01
2023-05-30 07:00:00,21.05,30.7,43.6,2.2,9.25,7.41,4.25
2023-05-30 08:00:00,26.42,30.3,53.4,4.6,11.41,9.36,5.21
2023-05-30 09:00:00,29.66,32.2,37.0,2.8,13.05,9.87,6.11
2023-05-30 10:00:00,31.22,29.8,41.6,1.3,15.46,11.43,6.47
2023-05-30 11:00:00,38.12,32.9,49.4,5.1,17.02,13.03,7.5
2023-05-30 12:00:00,46.48,34.2,40.7,3.9,21.09,16.57,9.21
2023-05-30 13:00:00,41.57,34.3,43.9,5.6,19.69,14.85,8.24
2023-05-30 14:00:00,39.52,32.4,42.7,2.8,17.29,14.17,8.1
2023-05-30 15:00:00,39.39,35.5,51.5,0.6,17.92,13.32,8.04
2023-05-30 16:00:00,36.99,33.6,37.2,0.9,17.2,13.79,7.1
2023-05-30 17:00:00,21.17,31.2,48.0,5.3,9.7,6.62,4.54
2023-05-30 18:00:00,23.44,28.8,56.9,3.1,10.33,7.64,4.72
2023-05-30 19:00:00,27.89,31.3,44.6,8.2,12.82,9.22,6.45
2023-05-30 20:00:00,27.54,32.8,40.9,5.7,11.95,10.43,5.17
2023-05-30 21:00:00,26.51,26.3,56.3,0.5,11.83,9.76,5.61
2023-05-30 22:00:00,29.44,26.9,56.8,6.1,12.45,10.19,5.94
2023-05-30 23:00:00,31.33,27.2,47.3,2.1,14.39,11.35,6.51
2023-05-31 00:00:00,26.01,23.0,63.7,3.5,12.32,9.49,4.95
2023-05-31 01:00:00,25.26,23.7,55.8,3.6,11.76,8.37,4.84
2023-05-31 02:00:00,29.44,22.9,59.0,1.1,13.56,9.71,5.8
2023-05-31 03:00:00,23.39,25.9,60.4,1.6,10.51,8.65,4.31
2023-05-31 04:00:00,23.11,26.9,55.6,3.1,10.13,7.74,4.63
2023-05-31 05:00:00,15.0,25.9,52.9,4.3,6.05,5.56,2.92
2023-05-31 06:00:00,13.32,25.5,50.1,2.4,5.56,4.04,2.97
2023-05-31 07:00:00,21.69,27.3,64.8,3.7,9.39,7.22,4.42
2023-05-31 08:00:00,19.87,28.3,46.1,2.9,9.15,6.89,3.98
2023-05-31 09:00:00,27.12,29.1,50.7,4.2,12.79,10.59,5.07
2023-05-31 10:00:00,35.77,31.6,48.7,3.2,16.2,12.26,7.12
2023-05-31 11:00:00,41.78,33.6,46.4,5.9,18.74,14.78,8.54
2023-05-31 12:00:00,43.07,34.3,53.5,8.6,20.28,15.02,9.2
2023-05-31 13:00:00,43.13,34.1,43.4,6.6,19.66,14.25,8.48
2023-05-31 14:00:00,41.53,34.3,42.3,1.8,17.99,14.54,8.16
2023-05-31 15:00:00,37.31,33.9,51.0,3.3,16.75,13.05,7.84
2023-05-31 16:00:00,25.78,31.6,45.4,3.3,11.38,9.39,5.31
2023-05-31 17:00:00,26.87,33.0,48.8,5.7,11.22,8.63,5.08
2023-05-31 18:00:00,26.34,30.9,47.9,2.8,12.42,9.09,5.17
2023-05-31 19:00:00,23.07,28.5,54.4,3.8,10.47,8.28,4.56
2023-05-31 20:00:00,22.07,29.8,51.9,4.1,10.83,8.08,4.51
2023-05-31 21:00:00,25.98,27.0,49.6,1.5,12.26,9.76,5.22
2023-05-31 22:00:00,23.98,27.1,42.3,3.8,10.5,8.68,5.08
2023-05-31 23:00:00,31.63,27.0,43.3,2.3,14.49,10.68,6.73
2023-06-01 00:00:00,32.82,23.6,46.5,2.0,14.99,11.5,6.39
2023-06-01 01:00:00,25.7,24.7,53.9,2.3,11.53,8.64,4.57
2023-06-01 02:00:00,22.24,21.6,46.3,1.4,9.09,7.96,4.52
2023-06-01 03:00:00,26.73,26.8,51.0,1.1,12.45,8.99,5.76
2023-06-01 04:00:00,12.96,23.0,57.1,4.3,4.97,5.01,2.41
2023-06-01 05:00:00,14.08,25.1,58.2,7.1,5.65,4.62,2.9
2023-06-01 06:00:00,21.87,28.9,51.9,4.6,10.0,7.24,3.86
2023-06-01 07:00:00,18.07,27.7,55.2,2.6,7.62,6.31,3.69
2023-06-01 08:00:00,4.32,27.6,53.0,2.7,1.57,1.43,0.98
2023-06-01 09:00:00,34.02,31.7,44.3,3.7,15.39,11.92,6.75
2023-06-01 10:00:00,38.72,32.9,44.0,6.0,17.8,13.04,8.92
2023-06-01 11:00:00,39.66,31.9,41.4,2.0,17.7,13.42,7.74
2023-06-01 12:00:00,40.58,32.9,45.7,3.4,19.09,13.63,7.79
2023-06-01 13:00:00,42.3,33.5,35.8,3.5,18.54,15.23,8.8
2023-06-01 14:00:00,39.09,34.1,48.5,6.9,18.21,13.76,7.61
2023-06-01 15:00:00,32.75,31.4,41.6,3.7,14.33,12.09,7.07
2023-06-01 16:00:00,29.71,33.4,44.7,5.2,14.31,10.26,5.87
2023-06-01 17:00:00,30.98,35.6,42.9,1.3,14.67,11.05,6.23
2023-06-01 18:00:00,20.38,30.5,53.2,2.7,9.36,6.57,3.98
2023-06-01 19:00:00,22.66,29.8,39.9,4.1,10.63,8.09,4.22
2023-06-01 20:00:00,20.18,27.6,49.3,4.5,9.59,6.57,3.83
2023-06-01 21:00:00,25.27,29.0,52.0,6.2,11.23,8.97,4.84
2023-06-01 22:00:00,31.97,28.7,58.4,4.0,14.47,11.33,6.48
2023-06-01 23:00:00,33.0,27.6,50.7,2.5,14.17,11.59,6.63
2023-06-02 00:00:00,30.04,23.3,53.1,3.7,12.89,10.01,6.06
2023-06-02 01:00:00,28.12,25.4,63.6,4.7,13.23,9.95,5.24
2023-06-02 02:00:00,29.31,26.6,56.0,5.3,13.21,9.96,5.55
2023-06-02 03:00:00,24.1,25.4,60.4,7.2,11.41,8.97,4.98
2023-06-02 04:00:00,20.76,25.9,46.9,2.0,9.7,7.4,4.01
2023-06-02 05:00:00,13.89,25.2,56.3,4.4,6.37,4.51,3.06
2023-06-02 06:00:00,3.69,27.3,45.8,2.0,2.37,1.26,0.74
2023-06-02 07:00:00,24.07,30.1,41.4,2.6,11.45,9.07,4.38
2023-06-02 08:00:00,25.82,30.0,50.9,1.7,11.27,9.14,4.88
2023-06-02 09:00:00,22.73,28.9,52.6,5.2,9.56,8.19,5.05
2023-06-02 10:00:00,35.69,31.3,44.0,6.6,15.58,11.75,7.39
2023-06-02 11:00:00,48.87,34.8,49.4,0.7,22.66,17.74,9.42
2023-06-02 12:00:00,42.64,34.3,41.0,5.5,19.62,14.36,8.77
2023-06-02 13:00:00,41.01,34.5,41.3,2.2,17.71,13.86,8.16
2023-06-02 14:00:00,39.76,33.7,43.4,3.5,17.83,13.97,8.31
2023-06-02 15:00:00,39.52,36.1,39.5,5.0,18.35,14.01,7.93
2023-06-02 16:00:00,38.29,36.3,46.8,3.6,16.82,12.56,7.41
2023-06-02 17:00:00,27.32,34.9,36.9,2.2,12.31,10.0,5.67
2023-06-02 18:00:00,30.14,34.2,39.2,6.5,14.08,9.89,5.54
2023-06-02 19:00:00,24.93,30.2,41.7,4.0,11.61,8.29,5.12
2023-06-02 20:00:00,23.59,28.7,58.9,6.9,10.02,9.05,4.59
2023-06-02 21:00:00,27.37,28.0,48.8,5.8,12.68,9.86,5.39
2023-06-02 22:00:00,31.48,27.0,47.7,6.1,14.29,10.67,5.93
2023-06-02 23:00:00,35.41,28.1,48.8,2.8,16.36,12.37,7.11
2023-06-03 00:00:00,21.04,27.0,55.8,8.9,9.18,7.07,4.12
2023-06-03 01:00:00,23.03,25.6,56.6,5.9,10.83,8.04,4.69
2023-06-03 02:00:00,16.37,22.5,54.2,2.7,7.6,5.65,3.13
2023-06-03 03:00:00,13.9,22.3,55.3,6.4,7.03,5.09,2.52
2023-06-03 04:00:00,13.56,25.6,45.9,5.0,6.04,4.53,3.25
2023-06-03 05:00:00,13.58,27.4,51.8,4.8,5.74,4.47,3.09
2023-06-03 06:00:00,15.57,27.0,58.0,0.5,6.39,5.61,3.1
2023-06-03 07:00:00,19.43,31.2,43.7,0.6,9.39,6.32,4.11
2023-06-03 08:00:00,14.1,28.0,53.6,4.6,5.25,4.9,2.42
2023-06-03 09:00:00,20.38,29.1,46.2,2.4,8.37,6.68,4.57
2023-06-03 10:00:00,27.66,31.1,41.2,1.0,12.48,9.26,5.69
2023-06-03 11:00:00,33.81,32.1,48.9,2.5,14.93,12.04,7.05
2023-06-03 12:00:00,36.96,34.7,54.1,5.7,15.94,12.75,7.32
2023-06-03 13:00:00,31.19,33.8,46.1,3.4,14.33,11.63,6.45
2023-06-03 14:00:00,35.19,32.3,43.2,4.1,16.15,11.82,6.86
2023-06-03 15:00:00,32.06,35.8,39.3,5.4,14.54,11.65,6.8
2023-06-03 16:00:00,25.06,31.3,56.0,2.7,11.77,8.27,5.14
2023-06-03 17:00:00,19.79,31.5,47.7,0.5,9.05,5.6,3.69
2023-06-03 18:00:00,17.95,29.7,44.6,2.7,7.03,6.76,3.11
2023-06-03 19:00:00,21.78,31.2,46.2,7.5,9.63,7.29,4.21
2023-06-03 20:00:00,22.8,29.9,49.2,3.4,10.37,8.24,4.52
2023-06-03 21:00:00,27.16,31.2,48.9,3.9,12.53,9.0,5.7
2023-06-03 22:00:00,25.44,28.5,57.4,5.1,11.61,8.63,5.12
2023-06-03 23:00:00,24.17,28.2,56.5,1.5,11.17,8.66,4.18
2023-06-04 00:00:00,20.7,25.8,54.0,4.9,9.04,6.92,4.34
2023-06-04 01:00:00,19.44,23.4,55.7,2.5,8.75,7.47,4.39
2023-06-04 02:00:00,20.28,24.9,56.1,3.0,9.42,7.25,4.41
2023-06-04 03:00:00,15.88,25.8,50.0,2.4,8.28,5.25,3.0
2023-06-04 04:00:00,17.29,26.5,57.1,1.7,7.31,5.96,3.23
2023-06-04 05:00:00,14.74,25.5,52.4,2.8,6.95,4.85,3.15
2023-06-04 06:00:00,11.78,28.0,52.9,1.3,4.74,4.33,2.59
2023-06-04 07:00:00,11.34,27.0,60.1,5.8,4.81,4.38,2.28
2023-06-04 08:00:00,16.84,28.2,53.0,2.6,8.08,6.41,2.88
2023-06-04 09:00:00,22.55,29.4,49.9,4.4,10.31,7.91,4.48
2023-06-04 10:00:00,27.65,32.3,42.7,2.5,12.35,9.58,5.57
2023-06-04 11:00:00,33.25,31.5,45.8,2.1,16.08,12.46,6.39
2023-06-04 12:00:00,34.57,33.4,38.2,4.7,15.28,12.36,7.3
2023-06-04 13:00:00,36.59,35.9,43.6,4.2,16.69,12.97,7.27
2023-06-04 14:00:00,26.76,33.2,33.5,2.1,12.4,9.19,5.26
2023-06-04 15:00:00,25.17,33.8,48.3,4.1,10.51,8.6,5.5
2023-06-04 16:00:00,26.89,34.2,46.6,0.5,12.0,9.02,5.23
2023-06-04 17:00:00,18.0,33.6,44.1,1.9,7.5,6.57,3.34
2023-06-04 18:00:00,21.88,31.5,43.5,4.8,8.69,7.89,4.24
2023-06-04 19:00:00,20.79,32.2,45.3,3.1,9.54,6.78,4.35
2023-06-04 20:00:00,28.97,30.6,38.4,2.0,13.29,10.94,5.74
2023-06-04 21:00:00,28.74,30.2,51.9,3.6,12.63,10.17,5.16
2023-06-04 22:00:00,20.77,27.1,50.6,3.4,8.85,7.75,4.4
2023-06-04 23:00:00,20.5,25.4,61.1,4.3,9.99,6.38,4.58
2023-06-05 00:00:00,31.38,24.5,56.6,1.2,15.1,10.61,6.13
2023-06-05 01:00:00,33.62,25.5,54.6,5.5,15.44,11.79,7.01
2023-06-05 02:00:00,20.73,24.3,56.9,1.0,9.36,7.2,4.66
2023-06-05 03:00:00,16.43,24.2,50.1,3.3,7.09,5.25,2.9
2023-06-05 04:00:00,16.62,24.9,51.9,4.7,7.62,5.12,3.02
2023-06-05 05:00:00,17.55,25.3,54.3,2.8,7.87,6.26,3.64
2023-06-05 06:00:00,19.87,27.7,49.3,6.6,9.29,6.23,3.81
2023-06-05 07:00:00,36.87,26.4,49.4,5.0,17.22,12.87,7.45
2023-06-05 08:00:00,23.36,30.3,46.2,3.2,10.67,6.95,4.56
2023-06-05 09:00:00,27.1,32.2,45.6,1.9,12.23,9.9,5.58
2023-06-05 10:00:00,37.76,31.5,57.8,0.9,16.25,12.66,7.53
2023-06-05 11:00:00,43.48,36.3,38.8,5.4,19.78,15.04,9.04
2023-06-05 12:00:00,38.41,34.2,39.6,2.0,17.61,13.17,8.31
2023-06-05 13:00:00,40.01,32.3,44.4,2.4,18.53,14.11,7.97
2023-06-05 14:00:00,42.03,34.4,50.2,0.5,18.03,13.9,9.08
2023-06-05 15:00:00,36.51,34.8,50.1,0.6,16.6,12.44,7.82
2023-06-05 16:00:00,32.04,34.9,51.9,2.2,14.08,11.0,6.59
2023-06-05 17:00:00,27.26,33.0,44.7,6.1,12.63,9.56,5.61
2023-06-05 18:00:00,22.47,30.8,50.2,5.2,10.22,8.65,4.57
2023-06-05 19:00:00,19.04,29.5,43.3,5.1,8.25,6.47,3.34
2023-06-05 20:00:00,22.42,28.9,47.6,5.6,10.93,7.91,4.56
2023-06-05 21:00:00,27.53,27.7,45.2,1.9,12.2,9.16,5.77
2023-06-05 22:00:00,27.68,25.7,55.6,8.3,12.14,10.53,5.42
2023-06-05 23:00:00,29.39,25.2,53.9,2.2,13.01,9.72,5.48
2023-06-06 00:00:00,29.63,26.6,53.2,1.7,12.4,10.54,6.19
2023-06-06 01:00:00,32.13,27.6,46.6,2.5,13.66,11.83,6.97
2023-06-06 02:00:00,22.13,26.1,56.9,3.7,10.56,7.39,4.68
2023-06-06 03:00:00,25.77,27.1,39.4,1.5,11.62,8.47,5.15
2023-06-06 04:00:00,25.15,27.1,50.2,4.9,11.57,8.96,5.06
2023-06-06 05:00:00,16.02,27.7,50.2,2.9,7.33,5.97,3.12
2023-06-06 06:00:00,16.15,27.0,41.5,3.9,7.41,5.13,3.44
2023-06-06 07:00:00,22.33,28.9,51.3,4.9,10.03,7.95,4.82
2023-06-06 08:00:00,28.06,29.3,47.9,6.5,12.31,9.18,5.78
2023-06-06 09:00:00,29.95,30.9,49.7,5.5,13.78,9.91,5.98
2023-06-06 10:00:00,35.55,32.6,54.9,3.7,16.09,12.09,7.34
2023-06-06 11:00:00,38.11,34.6,44.1,9.2,16.6,13.19,7.65
2023-06-06 12:00:00,44.83,34.9,46.9,3.7,20.49,14.2,9.32
2023-06-06 13:00:00,48.11,34.6,49.4,3.7,22.43,16.66,9.25
2023-06-06 14:00:00,41.7,35.1,44.4,1.8,18.94,14.78,8.55
2023-06-06 15:00:00,37.79,35.5,37.1,1.7,16.7,13.44,7.34
2023-06-06 16:00:00,34.68,35.3,33.4,1.8,15.73,12.77,7.2
2023-06-06 17:00:00,24.99,31.2,48.4,4.0,11.63,7.86,5.27
2023-06-06 18:00:00,21.42,30.9,45.0,3.1,9.1,7.33,4.49
2023-06-06 19:00:00,29.62,32.9,50.9,3.0,13.08,11.39,6.29
2023-06-06 20:00:00,26.3,29.9,45.8,1.6,11.85,9.4,5.63
2023-06-06 21:00:00,26.78,28.0,50.3,2.9,11.89,9.25,5.32
2023-06-06 22:00:00,26.6,27.1,45.7,2.9,12.06,9.42,5.56
2023-06-06 23:00:00,33.48,26.0,51.0,4.2,15.77,11.88,6.21
2023-06-07 00:00:00,33.75,26.6,47.4,3.0,14.45,13.43,6.74
2023-06-07 01:00:00,25.81,23.6,51.4,3.1,10.93,8.45,4.94
2023-06-07 02:00:00,28.64,25.1,53.6,2.4,12.68,9.56,5.51
2023-06-07 03:00:00,21.89,25.6,50.2,1.6,9.97,7.65,4.18
2023-06-07 04:00:00,18.52,26.4,65.5,2.5,7.7,6.56,3.87
2023-06-07 05:00:00,16.63,26.9,55.9,0.9,8.39,6.56,3.45
2023-06-07 06:00:00,15.31,28.4,55.4,2.0,7.34,4.91,2.96
2023-06-07 07:00:00,21.28,27.9,49.9,2.7,8.92,6.69,3.78
2023-06-07 08:00:00,19.38,28.7,50.1,1.7,8.75,5.98,4.08
2023-06-07 09:00:00,34.23,35.1,39.8,4.4,15.61,11.18,6.49
2023-06-07 10:00:00,31.46,32.1,58.6,2.4,13.73,10.33,6.19
2023-06-07 11:00:00,41.0,33.3,43.4,4.1,17.6,14.8,7.86
2023-06-07 12:00:00,44.97,35.4,38.5,4.3,19.84,15.82,9.09
2023-06-07 13:00:00,46.34,37.3,35.5,3.3,21.34,16.66,8.69
2023-06-07 14:00:00,37.25,34.3,44.6,3.3,16.13,12.66,7.71
2023-06-07 15:00:00,31.89,33.4,51.0,4.0,15.01,11.56,6.32
2023-06-07 16:00:00,30.94,32.6,50.4,2.3,13.44,10.26,6.38
2023-06-07 17:00:00,30.84,36.0,37.0,0.6,12.59,10.44,5.89
2023-06-07 18:00:00,24.53,31.0,42.9,4.3,11.63,8.97,5.27
2023-06-07 19:00:00,23.0,31.3,52.6,4.1,10.11,6.54,4.52
2023-06-07 20:00:00,24.33,28.6,60.2,3.4,10.83,8.94,4.3
2023-06-07 21:00:00,27.89,26.6,51.3,6.1,12.69,9.58,4.97
2023-06-07 22:00:00,30.64,27.1,57.5,3.6,13.12,11.51,6.62
2023-06-07 23:00:00,27.88,25.1,46.5,2.6,12.0,9.36,5.73
2023-06-08 00:00:00,30.12,24.8,50.0,4.7,13.36,10.38,6.29
2023-06-08 01:00:00,33.19,28.4,44.9,7.7,15.44,11.77,6.61
2023-06-08 02:00:00,27.26,25.8,55.1,4.9,12.41,9.15,5.58
2023-06-08 03:00:00,24.07,26.8,51.0,6.6,10.96,8.67,5.14
2023-06-08 04:00:00,21.23,27.1,52.7,1.5,10.04,7.62,4.28
2023-06-08 05:00:00,18.53,26.5,58.3,1.5,8.74,7.24,3.99
2023-06-08 06:00:00,15.31,27.0,48.3,1.7,6.47,6.85,2.81
2023-06-08 07:00:00,19.61,29.3,49.3,4.7,8.44,7.57,4.42
2023-06-08 08:00:00,23.19,30.5,40.8,3.0,10.7,7.84,5.13
2023-06-08 09:00:00,26.69,30.6,53.1,3.4,11.94,9.28,5.07
2023-06-08 10:00:00,34.78,32.9,50.0,2.3,15.59,11.97,6.68
2023-06-08 11:00:00,40.64,32.7,46.6,4.9,17.27,14.24,8.69
2023-06-08 12:00:00,41.41,34.3,43.5,5.8,18.63,14.4,8.41
2023-06-08 13:00:00,44.3,34.5,40.0,1.8,20.33,15.66,8.9
2023-06-08 14:00:00,38.51,33.3,37.1,2.0,17.15,13.88,7.3
2023-06-08 15:00:00,27.06,31.5,47.7,2.7,12.07,10.46,5.35
2023-06-08 16:00:00,32.3,33.1,48.0,2.4,15.3,10.53,6.75
2023-06-08 17:00:00,34.92,36.4,50.4,3.7,15.39,12.74,6.63
2023-06-08 18:00:00,23.1,32.2,43.4,5.0,11.29,8.89,4.75
2023-06-08 19:00:00,28.27,32.7,46.2,5.3,11.92,9.73,5.7
2023-06-08 20:00:00,44.52,27.0,57.2,2.1,20.27,14.82,8.85
2023-06-08 21:00:00,26.06,27.4,56.9,1.9,10.88,8.74,5.61
2023-06-08 22:00:00,23.82,25.7,50.1,2.9,11.02,8.32,4.53
2023-06-08 23:00:00,26.28,26.4,51.0,1.7,11.36,8.95,5.25
2023-06-09 00:00:00,35.73,29.6,45.8,1.3,15.48,11.96,7.17
2023-06-09 01:00:00,30.21,26.2,48.1,2.2,13.29,11.08,6.13
2023-06-09 02:00:00,29.3,27.8,57.9,3.0,12.85,10.95,6.31
2023-06-09 03:00:00,19.45,25.1,54.2,4.0,8.71,6.44,3.67
2023-06-09 04:00:00,22.06,28.0,50.0,4.8,10.3,7.68,4.64
2023-06-09 05:00:00,23.77,29.9,49.4,2.1,11.31,8.49,4.97
2023-06-09 06:00:00,18.62,27.6,51.1,5.5,9.35,6.95,4.0
2023-06-09 07:00:00,21.04,28.2,49.1,0.8,9.37,7.91,4.28
2023-06-09 08:00:00,21.84,28.3,46.2,3.3,9.71,7.64,4.12
2023-06-09 09:00:00,34.4,31.1,54.5,4.2,15.56,12.41,7.17
2023-06-09 10:00:00,34.97,32.9,41.6,2.5,15.5,11.66,6.91
2023-06-09 11:00:00,47.82,36.9,35.1,4.6,20.38,16.89,9.94
2023-06-09 12:00:00,44.27,32.7,44.4,6.0,20.05,15.88,8.56
2023-06-09 13:00:00,45.31,35.2,52.5,1.3,19.79,15.17,9.58
2023-06-09 14:00:00,36.89,32.6,40.8,3.6,16.6,12.01,7.79
2023-06-09 15:00:00,35.19,34.5,46.2,0.6,15.6,13.32,6.92
2023-06-09 16:00:00,36.27,35.1,40.6,2.4,15.75,12.18,7.09
2023-06-09 17:00:00,26.63,34.6,43.7,1.6,11.65,9.73,5.23
2023-06-09 18:00:00,25.38,33.7,48.2,4.2,10.91,8.42,5.11
2023-06-09 19:00:00,25.58,32.2,36.8,2.3,11.56,9.25,5.21
2023-06-09 20:00:00,30.88,31.2,42.1,2.4,13.67,10.3,6.34
2023-06-09 21:00:00,29.34,29.1,53.6,2.0,13.29,10.26,5.91
2023-06-09 22:00:00,25.45,26.2,53.0,2.2,10.81,9.57,4.87
2023-06-09 23:00:00,26.49,24.0,56.3,2.1,12.11,9.31,5.29
2023-06-10 00:00:00,19.92,25.3,57.2,4.6,9.76,5.95,3.94
2023-06-10 01:00:00,19.1,25.4,49.1,7.5,8.73,6.59,4.59
2023-06-10 02:00:00,24.14,27.3,56.5,3.5,11.39,8.27,4.45
2023-06-10 03:00:00,12.65,25.4,57.6,4.1,5.56,3.96,3.15
2023-06-10 04:00:00,17.83,25.8,54.3,5.5,7.87,6.08,3.37
2023-06-10 05:00:00,16.32,27.5,53.4,3.4,7.67,6.23,2.93
2023-06-10 06:00:00,16.3,27.5,56.8,2.5,7.22,7.07,3.18
2023-06-10 07:00:00,17.41,30.3,44.6,7.4,8.36,6.51,3.88
2023-06-10 08:00:00,57.09,33.4,47.3,6.5,25.63,19.46,11.77
2023-06-10 09:00:00,26.84,35.0,50.7,2.1,12.19,8.76,5.47
2023-06-10 10:00:00,29.02,33.1,47.5,4.7,12.81,9.53,5.9
2023-06-10 11:00:00,35.72,34.5,41.5,4.3,15.43,12.53,7.41
2023-06-10 12:00:00,42.47,37.1,51.1,4.3,19.05,14.89,8.61
2023-06-10 13:00:00,32.56,35.0,43.1,5.7,14.53,11.46,6.61
2023-06-10 14:00:00,34.48,36.4,47.3,4.5,15.24,12.01,6.51
2023-06-10 15:00:00,27.87,33.5,41.6,3.6,12.78,9.26,5.17
2023-06-10 16:00:00,23.05,34.3,48.2,5.8,10.92,7.74,4.56
2023-06-10 17:00:00,28.07,35.7,38.5,2.4,13.23,9.72,5.14
2023-06-10 18:00:00,18.25,31.8,47.4,4.5,8.15,7.04,3.39
2023-06-10 19:00:00,19.85,31.5,43.2,4.7,8.64,6.57,4.11
2023-06-10 20:00:00,16.07,28.0,59.8,6.1,6.82,5.48,3.42
2023-06-10 21:00:00,24.15,32.1,44.3,10.7,11.94,9.33,4.84
2023-06-10 22:00:00,25.44,29.8,42.7,3.8,12.09,9.16,5.04
2023-06-10 23:00:00,23.01,27.2,51.9,3.5,10.38,7.84,4.77
2023-06-11 00:00:00,23.1,26.9,54.4,4.1,9.38,7.42,4.45
2023-06-11 01:00:00,20.45,26.3,52.3,4.4,9.14,7.81,3.71
2023-06-11 02:00:00,22.98,27.6,46.8,4.7,10.78,8.14,4.56
2023-06-11 03:00:00,19.48,24.9,59.3,2.4,8.4,6.93,3.79
2023-06-11 04:00:00,16.44,27.3,57.6,3.5,6.83,6.16,2.99
2023-06-11 05:00:00,18.49,28.6,41.5,2.9,8.66,6.5,4.11
2023-06-11 06:00:00,13.64,29.8,43.8,0.8,6.15,4.5,2.82
2023-06-11 07:00:00,12.25,25.8,52.2,4.1,5.54,4.49,2.07
2023-06-11 08:00:00,16.85,29.6,45.8,6.1,7.59,5.25,3.45
2023-06-11 09:00:00,19.71,30.3,50.3,6.8,8.22,6.36,3.84
2023-06-11 10:00:00,28.8,33.2,53.3,3.6,12.61,10.26,6.06
2023-06-11 11:00:00,32.37,31.0,44.9,5.1,14.54,12.25,6.94
2023-06-11 12:00:00,33.65,31.8,53.8,4.7,14.5,12.23,6.23
2023-06-11 13:00:00,41.36,38.6,30.3,2.2,18.15,14.08,8.28
2023-06-11 14:00:00,31.62,36.4,42.6,1.1,14.98,11.64,6.06
2023-06-11 15:00:00,30.78,35.5,38.4,5.0,13.97,11.07,5.52
2023-06-11 16:00:00,29.01,35.4,43.9,2.4,13.17,10.48,6.29
2023-06-11 17:00:00,24.95,34.3,34.1,3.8,11.59,9.44,4.97
2023-06-11 18:00:00,19.51,34.5,36.2,3.7,9.09,6.62,4.04
2023-06-11 19:00:00,17.17,30.9,49.3,5.5,7.81,5.78,3.23
2023-06-11 20:00:00,21.2,30.8,43.9,4.3,9.17,7.65,4.27
2023-06-11 21:00:00,23.66,29.6,46.9,5.8,10.15,8.47,4.76
2023-06-11 22:00:00,14.97,26.4,61.5,5.0,6.91,5.4,2.83
2023-06-11 23:00:00,25.79,28.9,50.0,12.5,12.36,9.03,5.18
2023-06-12 00:00:00,31.19,25.6,57.8,6.0,12.85,11.43,7.1
2023-06-12 01:00:00,34.49,27.3,47.4,2.1,15.93,11.61,6.65
2023-06-12 02:00:00,29.07,25.8,46.4,7.7,12.45,10.76,5.75
2023-06-12 03:00:00,28.71,28.2,49.7,2.7,13.12,10.46,6.21
2023-06-12 04:00:00,16.24,24.7,46.9,4.1,7.19,4.94,3.23
2023-06-12 05:00:00,11.82,25.4,50.0,7.1,5.11,3.89,1.79
2023-06-12 06:00:00,16.56,26.8,53.1,2.1,7.49,5.17,3.26
2023-06-12 07:00:00,25.19,29.5,48.0,5.9,11.61,8.63,4.4
2023-06-12 08:00:00,34.03,32.9,46.2,7.4,15.89,12.08,6.66
2023-06-12 09:00:00,38.13,34.3,45.9,5.9,16.81,12.99,7.77
2023-06-12 10:00:00,34.2,29.6,42.4,5.5,15.64,12.0,6.64
2023-06-12 11:00:00,44.14,34.5,37.9,2.4,20.02,14.89,8.98
2023-06-12 12:00:00,36.2,30.1,37.0,3.1,16.5,13.42,7.11
2023-06-12 13:00:00,46.03,36.6,38.2,5.1,20.66,16.44,9.53
2023-06-12 14:00:00,48.76,37.3,42.9,1.5,22.2,16.74,9.91
2023-06-12 15:00:00,35.62,35.4,49.0,6.3,16.98,12.77,7.03
2023-06-12 16:00:00,37.8,35.1,42.9,2.1,17.09,13.48,7.26
2023-06-12 17:00:00,28.99,34.3,49.8,3.9,12.97,9.16,5.56
2023-06-12 18:00:00,28.62,31.9,47.6,1.4,12.77,9.96,5.81
2023-06-12 19:00:00,23.73,32.6,45.5,1.9,10.78,8.5,4.82
2023-06-12 20:00:00,28.02,30.3,44.6,4.0,12.56,9.71,5.8
2023-06-12 21:00:00,29.14,30.7,35.2,4.3,13.93,11.03,5.95
2023-06-12 22:00:00,27.03,27.9,56.6,2.4,11.58,9.91,5.67
2023-06-12 23:00:00,30.63,25.8,52.8,1.5,14.47,10.4,5.88
2023-06-13 00:00:00,31.1,24.1,62.1,3.8,13.78,9.96,6.22
2023-06-13 01:00:00,25.35,23.1,51.6,5.7,11.37,9.12,5.17
2023-06-13 02:00:00,26.48,27.7,62.9,2.0,12.23,8.23,5.12
2023-06-13 03:00:00,22.52,25.2,52.5,4.6,9.87,7.98,3.92
2023-06-13 04:00:00,21.32,26.9,48.3,3.0,9.29,7.4,4.29
2023-06-13 05:00:00,24.61,29.8,47.1,7.2,10.64,7.95,4.74
2023-06-13 06:00:00,20.88,27.4,52.0,1.2,9.03,6.42,3.63
2023-06-13 07:00:00,21.03,28.5,49.5,0.9,9.55,7.0,3.92
2023-06-13 08:00:00,31.61,30.5,44.8,1.5,15.23,10.59,6.17
2023-06-13 09:00:00,6.72,32.0,36.5,5.2,3.32,2.5,1.16
2023-06-13 10:00:00,41.9,36.0,36.7,6.8,19.27,13.94,8.47
2023-06-13 11:00:00,42.32,36.6,45.5,5.6,18.48,15.64,8.43
2023-06-13 12:00:00,45.76,36.0,36.4,4.8,20.05,15.0,8.99
2023-06-13 13:00:00,108.52,37.7,30.2,1.0,49.24,38.33,21.98
2023-06-13 14:00:00,44.27,35.4,36.2,2.1,18.96,15.74,9.2
2023-06-13 15:00:00,40.1,36.0,40.4,7.0,18.01,14.5,8.29
2023-06-13 16:00:00,30.14,34.6,38.7,4.2,14.13,9.15,5.93
2023-06-13 17:00:00,27.36,32.3,43.8,3.4,12.21,9.26,5.46
2023-06-13 18:00:00,31.66,35.0,38.0,4.4,14.15,10.69,6.61
2023-06-13 19:00:00,31.49,32.8,49.7,1.9,14.55,11.01,6.45
2023-06-13 20:00:00,29.53,30.7,49.6,6.3,13.2,10.57,5.7
2023-06-13 21:00:00,30.98,29.4,59.8,4.4,14.44,10.73,6.13
2023-06-13 22:00:00,27.78,25.9,51.0,3.4,12.19,9.5,5.6
2023-06-13 23:00:00,30.99,25.7,51.7,3.3,14.54,11.03,6.35
2023-06-14 00:00:00,36.1,27.0,57.6,5.6,16.24,13.13,7.35
2023-06-14 01:00:00,25.95,25.2,55.7,2.6,11.01,8.65,4.9
2023-06-14 02:00:00,26.1,25.5,48.7,1.6,11.88,8.49,5.14
2023-06-14 03:00:00,21.81,25.8,55.8,1.9,9.11,8.66,4.85
2023-06-14 04:00:00,20.39,25.4,55.5,1.2,9.18,7.86,4.12
2023-06-14 05:00:00,20.32,25.8,44.1,3.6,8.66,7.08,4.12
2023-06-14 06:00:00,14.85,25.9,49.7,4.5,5.81,5.84,3.06
2023-06-14 07:00:00,16.48,29.3,49.8,7.0,6.42,6.82,3.11
2023-06-14 08:00:00,27.83,31.7,53.2,5.0,12.93,8.98,5.94
2023-06-14 09:00:00,31.75,29.6,51.9,4.0,13.73,10.59,6.36
2023-06-14 10:00:00,40.01,33.3,41.3,6.0,18.26,14.2,7.87
2023-06-14 11:00:00,44.72,34.8,38.8,6.3,20.36,15.76,8.96
2023-06-14 12:00:00,42.29,33.6,47.6,4.7,19.69,14.79,9.1
2023-06-14 13:00:00,44.96,37.8,26.6,1.0,20.46,15.51,8.02
2023-06-14 14:00:00,8.58,35.2,37.7,2.5,2.79,2.15,2.05
2023-06-14 15:00:00,36.15,35.5,48.5,2.7,16.76,12.92,6.95
2023-06-14 16:00:00,39.06,34.9,43.6,10.3,17.45,13.19,8.54
2023-06-14 17:00:00,27.47,31.7,42.2,3.4,13.08,9.97,5.26
2023-06-14 18:00:00,28.29,34.8,36.2,5.1,12.85,9.8,5.7
2023-06-14 19:00:00,22.99,30.7,51.4,5.5,10.67,8.02,4.76
2023-06-14 20:00:00,26.7,30.4,47.9,4.4,12.43,9.55,5.3
2023-06-14 21:00:00,30.02,30.4,46.4,0.6,13.11,10.29,6.16
2023-06-14 22:00:00,37.3,30.5,49.3,0.6,17.15,12.59,7.47
2023-06-14 23:00:00,30.45,25.6,54.1,5.5,13.9,10.69,5.92
2023-06-15 00:00:00,29.58,25.9,53.4,4.9,13.66,11.01,5.86
2023-06-15 01:00:00,38.5,28.1,43.6,3.7,17.4,13.16,7.39
2023-06-15 02:00:00,28.83,26.6,47.0,2.3,12.74,9.58,5.5
2023-06-15 03:00:00,27.6,27.1,55.3,1.3,11.84,9.57,5.71
2023-06-15 04:00:00,17.28,25.0,56.8,1.8,7.75,5.58,3.43
2023-06-15 05:00:00,19.67,26.8,53.8,4.0,9.26,6.91,4.04
2023-06-15 06:00:00,20.56,28.1,47.3,3.8,9.23,7.09,4.14
2023-06-15 07:00:00,16.32,28.3,53.9,7.1,7.58,4.88,3.02
2023-06-15 08:00:00,28.93,28.4,48.1,7.5,11.58,10.5,5.5
2023-06-15 09:00:00,35.43,31.4,52.8,3.9,16.47,11.87,7.44
2023-06-15 10:00:00,40.97,35.4,37.8,5.8,18.81,13.69,8.47
2023-06-15 11:00:00,40.59,34.5,40.0,5.5,18.44,14.7,8.26
2023-06-15 12:00:00,49.37,37.3,38.5,5.0,22.81,16.4,9.73
2023-06-15 13:00:00,45.77,36.0,45.1,3.2,20.67,15.36,9.07
2023-06-15 14:00:00,41.83,34.7,42.1,3.0,19.33,14.5,8.9
2023-06-15 15:00:00,42.01,37.6,39.0,2.3,18.89,14.65,8.99
2023-06-15 16:00:00,35.9,35.5,39.4,7.1,15.95,13.38,7.51
2023-06-15 17:00:00,36.0,35.9,42.3,5.7,16.33,12.39,7.53
2023-06-15 18:00:00,26.68,31.8,45.5,1.9,11.41,9.04,5.96
2023-06-15 19:00:00,26.57,33.7,39.6,2.3,12.54,9.91,5.43
2023-06-15 20:00:00,33.47,32.5,45.7,4.0,15.64,10.94,6.7
2023-06-15 21:00:00,34.22,30.0,48.7,3.1,16.31,11.41,6.78
2023-06-15 22:00:00,37.48,27.2,63.1,2.1,16.82,13.48,7.6
2023-06-15 23:00:00,29.69,27.3,48.2,5.3,13.44,9.92,5.78
2023-06-16 00:00:00,34.59,27.6,46.7,0.5,15.64,12.0,6.8
2023-06-16 01:00:00,26.18,26.5,53.6,2.8,11.59,9.61,4.98
2023-06-16 02:00:00,30.59,26.9,46.8,6.9,13.89,10.66,6.46
2023-06-16 03:00:00,25.27,27.7,45.4,5.1,11.52,9.75,5.02
2023-06-16 04:00:00,24.71,25.7,46.0,3.0,9.85,8.67,5.08
2023-06-16 05:00:00,15.27,25.7,49.3,6.9,6.37,4.8,3.33
2023-06-16 06:00:00,16.05,28.4,46.2,6.4,7.74,6.05,3.01
2023-06-16 07:00:00,21.25,29.2,42.6,1.0,9.7,6.84,4.64
2023-06-16 08:00:00,24.68,32.1,44.2,1.6,10.19,9.6,4.9
2023-06-16 09:00:00,33.01,30.7,35.4,3.0,14.35,11.28,6.23
2023-06-16 10:00:00,36.24,35.0,44.5,6.9,16.34,13.49,6.97
2023-06-16 11:00:00,46.52,36.5,37.4,5.8,20.51,16.22,9.02
2023-06-16 12:00:00,40.41,35.3,39.6,0.9,18.46,13.64,8.97
2023-06-16 13:00:00,44.68,35.9,43.9,3.6,20.32,16.05,8.89
2023-06-16 14:00:00,45.24,34.8,44.1,4.8,20.63,16.8,9.16
2023-06-16 15:00:00,38.53,35.0,38.9,2.4,17.38,13.99,7.45
2023-06-16 16:00:00,31.27,34.7,44.6,4.8,14.04,10.54,6.66
2023-06-16 17:00:00,33.58,36.7,47.7,2.9,15.98,12.06,6.63
2023-06-16 18:00:00,27.74,33.4,38.9,2.4,12.03,8.27,5.22
2023-06-16 19:00:00,25.26,30.3,51.4,3.0,9.94,9.49,4.75
2023-06-16 20:00:00,25.01,31.4,40.8,7.4,10.39,8.89,5.45
2023-06-16 21:00:00,33.0,30.9,52.8,6.5,14.43,10.71,6.16
2023-06-16 22:00:00,24.79,28.4,46.3,6.6,12.12,8.76,5.25
2023-06-16 23:00:00,34.53,29.6,44.7,6.7,15.99,12.21,6.65
2023-06-17 00:00:00,24.58,27.9,56.3,1.9,10.46,9.44,4.64
2023-06-17 01:00:00,21.77,24.6,58.0,6.4,9.34,7.83,4.4
2023-06-17 02:00:00,19.05,25.2,50.3,2.1,8.78,7.01,3.53
2023-06-17 03:00:00,14.67,26.6,52.8,5.7,6.51,5.58,3.07
2023-06-17 04:00:00,9.4,24.2,51.4,3.7,3.62,3.48,1.6
2023-06-17 05:00:00,16.0,28.0,42.4,2.2,6.57,5.84,3.53
2023-06-17 06:00:00,11.39,25.9,53.9,3.0,4.68,4.02,2.68
2023-06-17 07:00:00,18.96,31.3,44.7,3.2,7.99,7.28,3.74
2023-06-17 08:00:00,22.95,32.4,40.4,4.9,9.9,6.91,5.0
2023-06-17 09:00:00,29.74,33.1,50.8,4.1,13.46,10.43,5.66
2023-06-17 10:00:00,28.67,32.5,40.4,5.5,12.99,11.0,5.52
2023-06-17 11:00:00,35.26,34.8,42.9,3.0,14.86,12.31,7.18
2023-06-17 12:00:00,41.31,34.6,47.9,4.9,18.56,13.94,8.42
2023-06-17 13:00:00,31.16,34.3,41.5,5.3,13.68,10.55,5.92
2023-06-17 14:00:00,29.84,35.5,37.7,1.1,13.59,11.05,5.99
2023-06-17 15:00:00,35.7,36.9,41.2,2.9,16.52,12.86,7.11
2023-06-17 16:00:00,62.11,35.4,43.7,6.3,28.23,22.44,12.56
2023-06-17 17:00:00,27.82,36.8,44.3,4.7,11.89,10.69,6.14
2023-06-17 18:00:00,22.82,34.7,51.7,3.1,10.34,8.18,4.49
2023-06-17 19:00:00,22.82,33.3,41.7,1.9,10.78,8.2,4.46
2023-06-17 20:00:00,22.48,28.6,50.6,1.4,9.86,7.07,4.46
2023-06-17 21:00:00,24.34,29.3,42.5,2.2,9.49,8.48,4.51
2023-06-17 22:00:00,23.74,27.0,55.0,2.2,11.06,7.9,5.17
2023-06-17 23:00:00,20.54,27.2,52.2,2.9,8.62,6.27,4.49
2023-06-18 00:00:00,19.8,25.8,52.2,1.9,9.59,7.11,4.15
2023-06-18 01:00:00,14.79,25.7,50.0,1.7,6.47,4.62,2.98
2023-06-18 02:00:00,20.79,27.7,49.0,5.8,9.87,7.5,4.07
2023-06-18 03:00:00,21.33,27.0,52.8,2.3,9.09,7.03,4.62
2023-06-18 04:00:00,19.36,28.3,45.2,3.9,8.54,7.38,3.54
2023-06-18 05:00:00,10.78,25.2,52.2,2.0,5.09,3.89,2.3
2023-06-18 06:00:00,15.81,28.7,49.6,3.5,7.72,5.94,3.42
2023-06-18 07:00:00,18.75,31.3,38.8,2.4,8.65,6.46,3.84
2023-06-18 08:00:00,26.2,33.4,38.7,1.3,11.94,9.41,5.32
2023-06-18 09:00:00,25.48,30.1,44.6,8.5,11.64,8.89,4.9
2023-06-18 10:00:00,26.84,33.1,52.1,3.3,11.48,9.44,5.68
2023-06-18 11:00:00,38.36,36.2,36.4,3.0,17.71,13.69,7.64
2023-06-18 12:00:00,39.13,35.2,41.5,2.0,16.44,13.1,7.34
2023-06-18 13:00:00,34.14,34.6,37.3,3.5,15.6,12.31,6.7
2023-06-18 14:00:00,33.69,33.8,39.6,4.3,14.2,11.32,6.76
2023-06-18 15:00:00,37.26,34.5,35.4,2.6,16.78,12.23,7.38
2023-06-18 16:00:00,24.73,32.9,47.8,3.4,10.94,9.48,5.17
2023-06-18 17:00:00,26.66,34.8,35.7,2.2,11.79,8.98,5.2
2023-06-18 18:00:00,23.41,35.0,46.6,3.7,10.71,9.5,4.53
2023-06-18 19:00:00,19.8,30.5,49.7,5.3,8.86,7.27,3.65
2023-06-18 20:00:00,24.03,31.5,45.8,1.1,11.06,9.12,4.39
2023-06-18 21:00:00,25.56,31.1,51.4,3.6,11.84,8.62,5.04
2023-06-18 22:00:00,21.62,28.6,65.2,3.0,8.33,6.9,4.53
2023-06-18 23:00:00,21.57,25.2,56.2,1.2,10.52,6.96,4.14
2023-06-19 00:00:00,37.7,27.5,45.5,7.1,16.4,13.76,7.13
2023-06-19 01:00:00,32.42,26.3,59.9,2.3,14.77,11.17,6.47
2023-06-19 02:00:00,30.48,26.0,53.8,3.9,14.16,10.55,5.7
2023-06-19 03:00:00,23.11,25.6,63.9,2.9,10.74,7.34,4.65
2023-06-19 04:00:00,24.0,27.0,49.1,2.4,11.27,8.07,4.85
2023-06-19 05:00:00,22.22,28.4,56.3,3.7,9.39,7.67,4.09
2023-06-19 06:00:00,23.92,32.3,45.2,4.6,10.72,8.36,4.66
2023-06-19 07:00:00,24.79,30.1,61.2,5.3,11.53,8.84,5.35
2023-06-19 08:00:00,29.34,33.5,42.4,4.3,13.03,10.01,6.22
2023-06-19 09:00:00,33.34,33.0,59.4,3.7,15.43,11.3,7.04
2023-06-19 10:00:00,39.92,33.6,45.9,5.2,18.16,14.76,8.19
2023-06-19 11:00:00,45.05,35.0,46.3,3.6,20.31,15.27,8.66
2023-06-19 12:00:00,40.45,33.7,52.1,8.1,18.73,13.69,8.09
2023-06-19 13:00:00,49.24,36.5,36.3,3.7,21.2,17.59,9.84
2023-06-19 14:00:00,40.37,33.2,49.0,2.6,17.31,13.09,7.94
2023-06-19 15:00:00,35.71,34.7,40.8,3.3,16.39,12.15,7.27
2023-06-19 16:00:00,31.32,35.7,41.9,3.5,14.05,11.38,6.85
2023-06-19 17:00:00,33.31,36.5,40.6,2.4,14.91,12.72,7.05
2023-06-19 18:00:00,30.53,35.9,43.8,1.8,13.66,9.99,6.02
2023-06-19 19:00:00,27.37,32.1,48.1,3.2,12.94,9.47,5.71
2023-06-19 20:00:00,27.87,31.4,43.4,6.4,12.31,9.59,5.44
2023-06-19 21:00:00,27.43,31.4,47.0,2.3,12.48,9.3,5.61
2023-06-19 22:00:00,28.21,26.7,40.3,2.8,12.84,9.95,5.97
2023-06-19 23:00:00,33.51,28.3,55.0,5.1,15.62,11.39,6.83
2023-06-20 00:00:00,33.08,25.7,61.6,1.2,15.01,11.35,6.9
2023-06-20 01:00:00,29.48,26.2,53.5,5.6,13.47,10.72,5.5
2023-06-20 02:00:00,31.77,25.6,45.3,4.8,13.67,10.66,6.48
2023-06-20 03:00:00,21.31,27.1,55.2,3.8,8.99,7.63,3.87
2023-06-20 04:00:00,26.63,27.8,46.9,2.1,11.53,9.69,5.48
2023-06-20 05:00:00,22.0,29.1,50.0,1.3,9.77,7.14,4.34
2023-06-20 06:00:00,24.04,29.3,52.3,2.2,10.43,9.1,4.5
2023-06-20 07:00:00,24.51,30.2,50.4,5.1,10.98,9.05,4.65
2023-06-20 08:00:00,35.63,34.1,48.5,7.0,15.88,11.76,7.36
2023-06-20 09:00:00,29.9,30.3,48.4,4.9,12.36,11.42,5.72
2023-06-20 10:00:00,40.93,36.3,41.3,3.7,18.22,15.33,7.92
2023-06-20 11:00:00,47.06,34.4,46.4,7.4,20.8,16.28,9.82
2023-06-20 12:00:00,47.35,36.5,39.9,5.6,21.78,16.44,9.2
2023-06-20 13:00:00,45.92,35.6,37.8,4.4,20.9,15.87,9.26
2023-06-20 14:00:00,45.11,35.2,44.0,0.8,20.86,15.81,8.92
2023-06-20 15:00:00,38.11,36.8,34.2,2.5,17.74,12.77,8.37
2023-06-20 16:00:00,38.94,37.2,39.0,2.6,18.71,13.47,7.92
2023-06-20 17:00:00,30.76,35.5,34.5,2.8,13.46,10.85,6.47
2023-06-20 18:00:00,27.06,33.0,41.7,3.0,12.49,8.57,5.63
2023-06-20 19:00:00,36.11,38.0,35.8,7.1,16.05,13.16,7.24
2023-06-20 20:00:00,27.55,33.1,39.4,4.9,12.25,8.77,5.19
2023-06-20 21:00:00,30.57,31.4,51.8,4.6,13.13,10.66,6.35
2023-06-20 22:00:00,34.94,28.2,55.2,3.2,15.28,12.16,6.79
2023-06-20 23:00:00,34.36,26.8,58.4,2.7,16.33,12.58,6.72
2023-06-21 00:00:00,32.76,26.6,51.1,1.5,14.64,11.68,6.93
2023-06-21 01:00:00,34.83,28.1,48.1,3.3,14.88,11.94,7.02
2023-06-21 02:00:00,25.83,24.9,58.2,2.0,11.25,8.99,5.72
2023-06-21 03:00:00,26.28,24.9,54.7,3.0,11.71,10.03,5.88
2023-06-21 04:00:00,23.01,27.8,51.2,1.7,9.79,8.41,4.65
2023-06-21 05:00:00,22.04,28.3,37.3,2.8,10.25,8.48,4.05
2023-06-21 06:00:00,22.42,27.7,54.6,0.9,9.99,8.2,4.58
2023-06-21 07:00:00,19.71,28.4,53.0,0.5,9.05,7.47,3.6
2023-06-21 08:00:00,35.92,33.5,43.8,6.1,15.3,13.48,7.77
2023-06-21 09:00:00,31.46,33.2,48.3,4.3,13.55,11.8,6.71
2023-06-21 10:00:00,41.05,31.8,48.8,4.0,17.92,14.33,8.14
2023-06-21 11:00:00,40.5,32.9,41.0,3.6,18.71,14.0,8.35
2023-06-21 12:00:00,45.12,35.1,40.7,4.8,20.17,15.0,9.31
2023-06-21 13:00:00,43.2,37.3,34.2,4.9,19.62,15.15,8.51
2023-06-21 14:00:00,43.99,37.2,46.6,7.0,20.84,14.73,8.94
2023-06-21 15:00:00,39.73,37.9,43.4,2.2,17.53,13.2,8.12
2023-06-21 16:00:00,30.41,33.4,39.8,5.3,13.61,10.86,6.08
2023-06-21 17:00:00,31.51,35.2,44.8,9.2,14.07,10.96,6.24
2023-06-21 18:00:00,34.39,36.0,42.2,0.7,14.81,11.18,6.47
2023-06-21 19:00:00,31.5,34.6,39.0,2.9,14.36,11.43,6.2
2023-06-21 20:00:00,30.37,31.9,46.4,3.2,13.19,11.04,5.56
2023-06-21 21:00:00,33.14,33.6,48.0,5.6,14.15,11.37,6.7
2023-06-21 22:00:00,31.71,29.8,53.0,0.5,12.31,11.59,6.34
2023-06-21 23:00:00,40.58,29.4,60.4,4.1,18.28,14.4,8.57
2023-06-22 00:00:00,31.99,27.1,51.9,6.3,14.45,11.54,6.49
2023-06-22 01:00:00,34.36,25.4,52.3,1.7,15.81,12.14,6.93
2023-06-22 02:00:00,26.4,25.1,56.7,1.5,12.62,9.8,5.04
2023-06-22 03:00:00,25.89,26.9,50.9,12.3,11.61,8.9,4.89
2023-06-22 04:00:00,24.68,26.8,49.0,5.6,11.08,8.9,4.67
2023-06-22 05:00:00,20.12,25.2,49.1,4.6,8.17,6.55,3.99
2023-06-22 06:00:00,18.89,27.4,34.0,3.0,9.51,6.81,4.1
2023-06-22 07:00:00,22.6,29.6,52.1,5.9,8.63,6.8,4.22
2023-06-22 08:00:00,30.47,32.5,36.8,6.8,13.6,10.89,5.99
2023-06-22 09:00:00,35.47,32.7,40.4,4.9,16.74,13.23,7.22
2023-06-22 10:00:00,42.29,33.8,44.9,3.0,18.76,15.06,9.07
2023-06-22 11:00:00,42.31,33.5,42.2,4.0,18.34,14.75,8.79
2023-06-22 12:00:00,48.32,35.8,51.8,1.4,22.04,16.86,9.78
2023-06-22 13:00:00,53.53,38.2,30.6,1.8,25.01,19.54,10.66
2023-06-22 14:00:00,45.28,36.6,51.2,5.2,21.57,16.12,9.08
2023-06-22 15:00:00,37.35,34.0,50.1,0.7,16.3,12.93,7.48
2023-06-22 16:00:00,28.85,33.9,47.9,1.0,13.23,10.41,5.58
2023-06-22 17:00:00,26.28,35.8,48.2,3.6,12.43,9.19,5.5
2023-06-22 18:00:00,29.44,33.6,45.7,1.8,13.55,10.67,5.99
2023-06-22 19:00:00,27.76,32.6,36.4,2.5,12.74,9.46,5.54
2023-06-22 20:00:00,26.31,30.5,50.0,3.0,11.56,9.0,5.13
2023-06-22 21:00:00,32.52,30.9,39.5,3.6,14.46,11.07,6.02
2023-06-22 22:00:00,31.89,28.5,47.2,2.4,14.07,10.99,6.31
2023-06-22 23:00:00,36.31,27.6,50.5,3.4,15.64,12.34,7.19
2023-06-23 00:00:00,32.21,25.9,48.4,2.9,13.98,12.07,6.31
2023-06-23 01:00:00,32.36,28.0,55.1,1.2,14.11,11.87,5.59
2023-06-23 02:00:00,31.13,26.1,51.6,6.0,14.47,10.08,6.21
2023-06-23 03:00:00,26.48,27.6,53.0,2.4,12.21,8.26,5.03
2023-06-23 04:00:00,21.29,25.4,53.5,4.1,9.45,7.48,3.94
2023-06-23 05:00:00,23.81,30.5,48.0,3.9,10.41,7.9,4.95
2023-06-23 06:00:00,22.9,30.9,42.5,2.0,9.14,7.45,4.22
2023-06-23 07:00:00,20.38,27.3,45.4,0.7,8.98,8.28,4.53
2023-06-23 08:00:00,27.38,30.3,46.9,5.9,12.41,9.35,5.43
2023-06-23 09:00:00,37.12,33.5,39.0,3.5,17.77,12.41,7.56
2023-06-23 10:00:00,36.76,32.0,52.6,3.1,17.05,12.21,7.89
2023-06-23 11:00:00,39.81,34.8,35.3,5.1,17.94,14.88,7.94
2023-06-23 12:00:00,46.77,36.4,52.0,0.8,21.02,16.17,9.46
2023-06-23 13:00:00,48.21,36.0,42.3,5.1,21.11,17.11,9.62
2023-06-23 14:00:00,44.62,37.3,39.6,3.1,20.19,15.82,9.24
2023-06-23 15:00:00,37.97,35.3,39.0,3.8,17.2,13.15,7.78
2023-06-23 16:00:00,33.06,32.4,48.4,5.0,15.01,12.63,6.24
2023-06-23 17:00:00,32.14,36.5,39.2,3.8,13.99,11.03,5.79
2023-06-23 18:00:00,27.49,35.4,43.0,1.1,13.22,8.9,5.48
2023-06-23 19:00:00,33.58,36.5,44.4,4.8,16.06,11.03,7.07
2023-06-23 20:00:00,22.97,28.2,53.5,5.3,10.31,8.11,4.33
2023-06-23 21:00:00,30.23,31.3,52.6,3.3,13.99,11.23,6.04
2023-06-23 22:00:00,28.03,26.0,55.5,3.2,11.8,9.89,5.21
2023-06-23 23:00:00,39.27,30.6,42.6,2.3,17.03,13.06,7.43
2023-06-24 00:00:00,26.41,27.9,40.1,4.3,12.17,9.13,4.94
2023-06-24 01:00:00,22.45,25.3,54.7,6.2,10.37,7.27,4.82
2023-06-24 02:00:00,27.8,27.7,51.9,4.4,12.79,9.42,4.86
2023-06-24 03:00:00,16.85,25.9,62.6,5.2,7.59,5.46,3.12
2023-06-24 04:00:00,18.27,27.7,50.2,5.7,8.61,5.89,3.16
2023-06-24 05:00:00,15.22,28.3,51.9,2.1,6.33,4.96,2.59
2023-06-24 06:00:00,18.63,31.6,49.9,3.0,8.23,6.18,4.06
2023-06-24 07:00:00,22.01,33.0,47.0,3.2,10.9,7.47,4.48
2023-06-24 08:00:00,20.85,30.6,51.5,3.8,9.29,7.0,4.27
2023-06-24 09:00:00,31.42,34.4,38.6,1.0,14.68,11.62,6.3
2023-06-24 10:00:00,39.43,34.6,37.6,4.0,17.61,13.22,7.87
2023-06-24 11:00:00,31.41,33.0,43.1,1.3,14.27,10.16,6.27
2023-06-24 12:00:00,35.71,34.8,31.3,5.4,16.62,12.65,7.13
2023-06-24 13:00:00,43.42,39.9,36.0,7.7,18.92,15.18,8.7
2023-06-24 14:00:00,38.31,37.1,36.2,2.5,17.9,12.74,7.78
2023-06-24 15:00:00,36.35,37.9,40.2,3.6,16.2,13.63,7.16
2023-06-24 16:00:00,32.62,35.5,40.0,5.6,14.93,11.49,6.69
2023-06-24 17:00:00,19.35,34.3,37.8,2.6,8.34,7.4,4.23
2023-06-24 18:00:00,18.42,34.1,49.7,1.8,7.98,6.46,3.72
2023-06-24 19:00:00,21.43,32.4,45.5,4.9,8.92,8.15,4.72
2023-06-24 20:00:00,22.77,29.3,53.2,4.6,9.79,8.88,4.07
2023-06-24 21:00:00,18.09,28.7,50.4,3.9,8.15,5.64,3.9
2023-06-24 22:00:00,19.34,30.1,50.2,7.2,8.73,6.18,4.0
2023-06-24 23:00:00,26.34,27.4,44.3,7.5,12.22,9.05,5.07
2023-06-25 00:00:00,26.17,27.3,57.6,6.0,11.65,9.17,5.13
2023-06-25 01:00:00,21.8,27.1,55.9,2.5,10.33,8.08,4.55
2023-06-25 02:00:00,19.93,27.1,51.4,2.1,9.49,7.07,3.8
2023-06-25 03:00:00,19.28,28.5,51.3,5.7,8.38,6.81,4.36
2023-06-25 04:00:00,14.87,25.6,58.3,4.4,4.82,5.26,2.67
2023-06-25 05:00:00,15.92,28.9,47.4,3.0,7.33,6.11,2.81
2023-06-25 06:00:00,19.93,30.2,39.8,3.1,8.95,6.79,4.38
2023-06-25 07:00:00,14.64,31.8,44.1,5.9,5.99,5.73,3.16
2023-06-25 08:00:00,18.24,29.5,49.4,1.8,8.97,6.52,4.61
2023-06-25 09:00:00,26.07,33.3,43.9,7.2,11.51,9.12,4.75
2023-06-25 10:00:00,36.16,36.7,46.6,4.2,15.74,12.07,7.11
2023-06-25 11:00:00,34.98,35.0,37.2,5.3,16.88,12.42,6.76
2023-06-25 12:00:00,41.58,36.6,35.9,2.9,18.53,14.36,8.29
2023-06-25 13:00:00,35.6,37.6,33.6,4.0,16.02,12.49,7.1
2023-06-25 14:00:00,34.49,35.1,44.1,5.0,15.71,11.79,7.46
2023-06-25 15:00:00,39.14,39.2,29.4,3.2,16.95,14.19,7.64
2023-06-25 16:00:00,35.82,36.7,43.7,3.5,15.75,13.14,7.36
2023-06-25 17:00:00,26.77,35.9,36.3,4.0,11.94,9.01,5.58
2023-06-25 18:00:00,21.57,31.6,42.2,1.1,10.49,7.58,4.26
2023-06-25 19:00:00,37.3,34.1,52.0,6.0,16.31,12.57,7.72
2023-06-25 20:00:00,18.72,32.3,51.3,6.0,8.92,6.15,3.76
2023-06-25 21:00:00,6.04,32.7,45.3,2.4,2.94,1.98,1.41
2023-06-25 22:00:00,24.72,28.6,43.1,6.2,11.06,9.11,4.89
2023-06-25 23:00:00,26.67,26.6,62.2,5.0,11.63,8.61,4.91
2023-06-26 00:00:00,29.46,26.3,51.5,3.4,12.71,9.9,5.88
2023-06-26 01:00:00,32.83,26.1,54.0,2.8,16.39,11.67,7.19
2023-06-26 02:00:00,31.82,25.0,58.6,3.0,14.87,10.51,6.4
2023-06-26 03:00:00,30.13,28.7,39.7,3.7,13.41,11.13,6.07
2023-06-26 04:00:00,26.85,29.3,45.6,3.1,12.02,9.85,5.94
2023-06-26 05:00:00,21.2,27.8,50.3,3.1,9.24,7.71,3.76
2023-06-26 06:00:00,17.36,28.6,50.4,2.0,7.07,6.1,3.48
2023-06-26 07:00:00,24.29,27.6,44.3,4.7,10.64,7.98,4.42
2023-06-26 08:00:00,29.71,32.7,46.4,4.1,13.14,9.76,5.71
2023-06-26 09:00:00,40.34,35.4,41.7,9.3,18.88,13.59,8.08
2023-06-26 10:00:00,35.58,33.2,52.5,1.7,16.03,12.68,7.52
2023-06-26 11:00:00,42.01,35.0,47.0,1.5,18.59,14.26,8.26
2023-06-26 12:00:00,51.98,36.6,38.7,3.6,24.25,18.22,10.51
2023-06-26 13:00:00,50.17,39.1,36.2,1.7,22.22,16.6,9.95
2023-06-26 14:00:00,48.75,36.9,44.7,4.1,21.79,17.08,9.97
2023-06-26 15:00:00,40.91,36.8,41.3,2.0,19.04,14.23,8.44
2023-06-26 16:00:00,31.96,36.2,33.7,3.4,13.86,10.97,6.86
2023-06-26 17:00:00,31.25,33.0,54.8,4.1,13.7,11.03,6.43
2023-06-26 18:00:00,24.94,32.0,40.7,3.3,10.94,9.63,5.16
2023-06-26 19:00:00,28.79,31.7,58.3,2.6,13.14,10.21,5.78
2023-06-26 20:00:00,32.01,33.2,46.3,5.2,13.57,10.93,7.07
2023-06-26 21:00:00,26.87,29.8,45.0,5.9,11.98,8.84,5.48
2023-06-26 22:00:00,32.64,28.3,38.1,2.4,14.13,11.05,6.5
2023-06-26 23:00:00,38.87,27.3,55.1,5.5,17.36,13.54,8.17
2023-06-27 00:00:00,35.51,27.2,43.7,3.0,16.23,12.58,7.39
2023-06-27 01:00:00,36.52,29.4,50.5,3.5,15.86,12.6,7.03
2023-06-27 02:00:00,32.18,26.5,61.9,2.2,13.85,10.75,6.73
2023-06-27 03:00:00,25.1,25.7,47.5,4.2,11.03,8.04,4.74
2023-06-27 04:00:00,23.92,27.4,54.8,1.4,10.48,8.31,5.01
2023-06-27 05:00:00,23.01,30.8,43.0,4.0,10.71,7.68,4.26
2023-06-27 06:00:00,21.79,28.4,55.5,9.1,8.85,7.74,4.38
2023-06-27 07:00:00,25.08,28.6,50.0,5.0,11.19,8.51,5.3
2023-06-27 08:00:00,26.62,30.9,46.8,6.4,11.49,8.67,5.34
2023-06-27 09:00:00,39.38,33.2,50.2,3.4,17.04,13.28,7.62
2023-06-27 10:00:00,42.41,35.2,44.9,1.7,18.52,15.52,7.85
2023-06-27 11:00:00,45.43,36.7,35.9,2.5,20.01,16.43,9.04
2023-06-27 12:00:00,47.72,34.5,51.6,1.0,20.85,17.3,9.77
2023-06-27 13:00:00,44.47,35.1,34.2,3.5,19.53,15.85,9.18
2023-06-27 14:00:00,46.01,36.2,41.9,4.3,20.56,16.36,9.62
2023-06-27 15:00:00,41.64,37.5,34.8,3.2,18.18,14.65,8.33
2023-06-27 16:00:00,33.35,34.1,35.6,3.9,14.97,12.16,6.83
2023-06-27 17:00:00,32.26,34.3,37.2,2.6,14.73,11.38,6.27
2023-06-27 18:00:00,29.23,33.3,43.8,1.3,13.24,10.8,5.59
2023-06-27 19:00:00,26.16,34.4,44.5,3.2,11.55,9.81,4.81
2023-06-27 20:00:00,28.22,32.5,50.3,3.8,12.75,9.69,5.77
2023-06-27 21:00:00,36.0,31.8,53.3,8.5,15.41,13.02,7.33
2023-06-27 22:00:00,36.27,31.2,48.0,2.8,15.62,12.43,7.19
2023-06-27 23:00:00,32.78,27.7,48.5,4.5,14.88,11.41,6.96
2023-06-28 00:00:00,28.69,25.6,58.4,5.6,12.7,9.65,5.61
2023-06-28 01:00:00,27.64,25.1,50.8,2.7,12.28,10.12,6.2
2023-06-28 02:00:00,20.84,24.0,47.2,6.9,9.1,7.4,3.91
2023-06-28 03:00:00,25.22,26.2,57.2,2.7,11.73,9.1,4.99
2023-06-28 04:00:00,21.14,26.8,58.4,7.9,10.24,7.91,4.13
2023-06-28 05:00:00,21.31,29.4,44.6,0.5,9.27,7.19,4.43
2023-06-28 06:00:00,22.37,29.3,58.7,4.3,10.05,7.63,4.48
2023-06-28 07:00:00,25.12,29.7,51.3,5.3,11.63,8.98,4.67
2023-06-28 08:00:00,34.97,31.6,48.3,2.4,16.0,12.11,6.43
2023-06-28 09:00:00,29.57,31.5,43.7,1.5,12.85,10.36,6.15
2023-06-28 10:00:00,46.46,35.8,46.2,0.7,19.98,16.91,8.88
2023-06-28 11:00:00,46.21,34.1,35.5,1.2,21.7,15.65,9.04
2023-06-28 12:00:00,43.23,34.4,41.1,3.8,18.87,14.71,8.83
2023-06-28 13:00:00,49.84,37.8,35.0,5.7,23.25,17.25,10.11
2023-06-28 14:00:00,45.15,37.6,32.3,1.1,21.31,16.06,8.65
2023-06-28 15:00:00,37.58,34.0,47.5,1.5,17.19,13.2,7.34
2023-06-28 16:00:00,42.19,37.3,40.9,0.5,19.4,15.16,8.82
2023-06-28 17:00:00,32.4,34.2,47.0,2.4,14.45,11.26,6.43
2023-06-28 18:00:00,30.43,33.7,42.2,6.8,13.74,10.79,6.43
2023-06-28 19:00:00,28.54,33.3,49.0,2.4,12.39,10.32,5.05
2023-06-28 20:00:00,27.61,32.6,45.2,3.2,13.05,9.77,5.44
2023-06-28 21:00:00,32.29,31.1,44.3,1.9,15.68,11.02,6.23
2023-06-28 22:00:00,36.65,29.2,45.8,1.5,17.12,13.62,7.09
2023-06-28 23:00:00,30.17,27.6,41.0,1.9,13.41,11.44,5.84
2023-06-29 00:00:00,33.2,28.1,56.1,2.1,14.38,12.23,7.15
2023-06-29 01:00:00,33.21,26.8,57.1,1.6,15.9,11.23,6.66
2023-06-29 02:00:00,31.76,29.5,63.3,5.3,13.68,11.29,5.81
2023-06-29 03:00:00,26.0,27.8,48.9,3.4,11.83,9.48,5.2
2023-06-29 04:00:00,20.53,26.1,49.4,3.7,9.67,7.38,3.95
2023-06-29 05:00:00,17.62,27.5,42.5,2.9,8.49,5.92,3.72
2023-06-29 06:00:00,20.33,29.3,53.6,2.1,9.78,7.32,4.11
2023-06-29 07:00:00,30.16,32.4,48.7,1.3,13.45,10.33,5.9
2023-06-29 08:00:00,30.07,33.9,51.1,1.2,13.27,9.71,6.58
2023-06-29 09:00:00,30.97,32.5,40.4,1.9,13.33,11.39,6.3
2023-06-29 10:00:00,37.73,32.9,48.1,5.8,15.92,13.84,7.56
2023-06-29 11:00:00,45.15,33.7,40.9,2.1,20.36,15.93,9.16
2023-06-29 12:00:00,47.98,36.5,46.9,2.8,22.2,15.26,9.31
2023-06-29 13:00:00,51.67,40.1,38.6,3.9,22.92,18.85,10.13
2023-06-29 14:00:00,46.48,37.6,31.1,3.6,21.09,15.98,9.74
2023-06-29 15:00:00,33.2,34.2,42.3,4.4,15.2,11.01,6.36
2023-06-29 16:00:00,36.26,35.0,32.2,2.0,16.08,12.18,6.94
2023-06-29 17:00:00,32.27,34.4,36.9,3.7,14.87,11.32,6.08
2023-06-29 18:00:00,27.29,33.0,38.8,5.1,13.66,9.84,5.28
2023-06-29 19:00:00,31.0,32.5,41.8,3.0,13.91,11.01,6.62
2023-06-29 20:00:00,28.17,32.3,43.9,8.0,12.83,9.83,5.46
2023-06-29 21:00:00,36.32,31.5,47.0,3.9,16.4,13.45,7.71
2023-06-29 22:00:00,36.75,30.9,47.5,4.5,15.62,12.85,7.52
2023-06-29 23:00:00,35.44,29.0,49.0,3.3,14.88,12.29,6.72
2023-06-30 00:00:00,30.63,24.6,56.2,5.9,13.86,10.9,5.78
2023-06-30 01:00:00,30.67,25.4,47.3,3.3,13.77,10.45,5.86
2023-06-30 02:00:00,33.01,26.6,52.5,7.2,14.49,10.75,7.11
2023-06-30 03:00:00,24.46,27.2,58.5,2.6,11.06,8.6,5.14
2023-06-30 04:00:00,23.85,28.8,48.6,6.0,11.11,8.58,4.35
2023-06-30 05:00:00,24.96,28.3,52.5,4.3,10.6,8.62,4.91
2023-06-30 06:00:00,21.44,29.4,50.7,5.4,9.3,7.67,4.46
2023-06-30 07:00:00,28.42,30.9,51.3,0.8,11.38,9.83,5.47
2023-06-30 08:00:00,33.99,31.4,47.7,2.4,15.65,11.63,7.29
2023-06-30 09:00:00,80.96,33.2,48.3,5.8,36.96,28.1,16.25
2023-06-30 10:00:00,45.8,36.0,43.3,2.6,20.75,15.74,9.44
2023-06-30 11:00:00,42.79,35.2,45.0,4.7,18.46,14.16,8.94
2023-06-30 12:00:00,49.88,36.1,42.9,9.3,22.95,17.71,9.84
2023-06-30 13:00:00,48.23,36.6,35.1,1.9,21.94,16.25,10.26
2023-06-30 14:00:00,49.42,38.8,31.6,3.1,21.9,18.47,9.95
2023-06-30 15:00:00,37.2,35.0,40.3,1.8,17.15,12.06,7.56
2023-06-30 16:00:00,36.66,38.8,45.2,1.7,16.73,12.6,7.38
2023-06-30 17:00:00,31.49,33.6,42.8,4.2,13.75,12.04,6.28
2023-06-30 18:00:00,23.69,33.3,45.5,2.0,10.03,8.16,4.51
2023-06-30 19:00:00,30.4,34.2,33.1,3.4,13.35,10.28,6.33
2023-06-30 20:00:00,34.99,33.4,44.9,8.3,15.77,11.58,7.04
2023-06-30 21:00:00,29.45,28.4,50.3,2.7,13.69,10.34,5.81
2023-06-30 22:00:00,36.48,27.7,37.4,6.1,16.08,12.24,7.18
2023-06-30 23:00:00,38.45,28.7,51.0,3.0,17.01,13.45,7.68
2023-07-01 00:00:00,30.12,31.0,38.5,2.3,13.09,11.04,6.24
2023-07-01 01:00:00,27.85,28.9,45.7,2.7,13.0,9.53,5.77
2023-07-01 02:00:00,21.98,26.5,57.2,1.6,10.28,8.08,4.99
2023-07-01 03:00:00,11.62,23.4,56.7,4.5,5.01,3.97,2.31
2023-07-01 04:00:00,15.87,27.6,48.6,3.6,6.47,6.33,2.98
2023-07-01 05:00:00,16.58,28.9,46.7,4.1,7.5,6.28,3.38
2023-07-01 06:00:00,12.02,28.8,47.4,2.5,4.6,4.95,2.66
2023-07-01 07:00:00,18.74,29.3,49.7,4.4,7.79,6.71,3.94
2023-07-01 08:00:00,24.27,32.1,39.5,1.8,11.35,9.24,4.95
2023-07-01 09:00:00,22.98,31.7,51.5,4.4,11.38,7.77,4.7
2023-07-01 10:00:00,39.13,37.2,33.7,1.2,16.52,13.6,7.52
2023-07-01 11:00:00,42.72,37.7,30.2,3.0,19.45,15.22,8.7
2023-07-01 12:00:00,41.51,37.2,44.4,4.1,17.36,13.92,8.13
2023-07-01 13:00:00,38.85,36.8,37.6,5.9,17.39,13.43,7.75
2023-07-01 14:00:00,37.65,35.9,41.3,5.5,16.6,13.34,7.55
2023-07-01 15:00:00,36.24,36.6,43.3,3.7,16.54,12.43,7.21
2023-07-01 16:00:00,35.49,38.6,34.0,6.2,16.16,13.23,7.28
2023-07-01 17:00:00,27.67,36.7,40.7,3.6,12.86,10.01,5.44
2023-07-01 18:00:00,26.62,34.7,45.7,3.6,11.31,9.57,5.18
2023-07-01 19:00:00,29.48,34.5,50.8,4.8,13.48,9.99,5.89
2023-07-01 20:00:00,24.27,32.7,42.2,6.2,11.03,8.98,5.13
2023-07-01 21:00:00,31.54,31.1,44.3,4.1,14.11,10.28,6.14
2023-07-01 22:00:00,27.3,30.8,49.8,7.2,12.77,9.73,6.04
2023-07-01 23:00:00,28.16,29.1,50.1,2.2,13.37,10.39,5.71
2023-07-02 00:00:00,26.88,28.8,48.7,6.8,12.19,9.41,5.15
2023-07-02 01:00:00,26.04,27.3,59.2,2.1,10.87,8.47,5.21
2023-07-02 02:00:00,17.88,26.5,43.8,3.7,8.63,6.43,3.6
2023-07-02 03:00:00,17.65,26.2,45.4,5.3,7.85,5.37,3.31
2023-07-02 04:00:00,13.96,26.5,43.8,5.4,6.55,4.15,2.52
2023-07-02 05:00:00,14.05,25.9,58.9,2.4,6.3,5.66,3.19
2023-07-02 06:00:00,18.55,28.0,53.0,8.8,7.54,6.97,3.79
2023-07-02 07:00:00,20.18,29.2,42.1,1.2,8.73,6.15,3.88
2023-07-02 08:00:00,17.61,31.1,46.0,0.8,8.36,5.6,2.74
2023-07-02 09:00:00,38.06,35.5,41.2,5.8,16.57,13.69,7.67
2023-07-02 10:00:00,34.44,34.1,32.0,5.5,15.35,12.62,6.58
2023-07-02 11:00:00,36.27,35.8,42.0,4.7,16.85,12.78,6.95
2023-07-02 12:00:00,40.62,36.6,34.2,5.9,18.73,13.97,8.22
2023-07-02 13:00:00,43.62,39.1,40.6,1.6,20.49,15.51,8.38
2023-07-02 14:00:00,34.85,36.0,35.0,1.3,15.66,12.83,6.68
2023-07-02 15:00:00,34.73,36.4,41.4,7.9,15.93,11.9,7.0
2023-07-02 16:00:00,29.42,36.1,47.2,4.2,13.34,10.82,6.18
2023-07-02 17:00:00,29.47,37.1,44.3,6.7,12.37,9.94,5.68
2023-07-02 18:00:00,26.93,36.4,42.9,6.5,12.66,8.99,5.88
2023-07-02 19:00:00,22.05,33.9,42.9,4.4,9.89,8.01,3.94
2023-07-02 20:00:00,27.82,33.7,36.0,4.2,12.54,10.17,5.29
2023-07-02 21:00:00,27.42,30.9,44.8,2.8,12.6,9.85,4.91
2023-07-02 22:00:00,27.46,29.1,47.9,1.7,12.34,9.5,5.25
2023-07-02 23:00:00,31.77,30.1,46.4,4.6,13.52,11.29,5.95
2023-07-03 00:00:00,37.43,28.3,42.4,5.5,16.07,13.1,7.07
2023-07-03 01:00:00,30.78,26.0,55.0,3.8,13.77,10.85,6.01
2023-07-03 02:00:00,35.11,28.4,44.0,1.0,15.53,12.71,6.86
2023-07-03 03:00:00,23.41,26.8,59.6,1.7,10.38,7.72,4.45
2023-07-03 04:00:00,21.28,27.1,52.2,1.4,9.06,7.85,4.42
2023-07-03 05:00:00,22.32,29.7,53.2,4.4,9.64,8.56,4.28
2023-07-03 06:00:00,25.77,29.3,53.7,3.9,11.14,8.61,5.5
2023-07-03 07:00:00,29.31,31.2,57.0,3.4,12.9,10.9,5.98
2023-07-03 08:00:00,33.47,32.9,45.4,3.8,14.93,11.82,6.53
2023-07-03 09:00:00,37.38,32.0,43.6,2.4,17.26,13.39,7.09
2023-07-03 10:00:00,40.68,35.0,40.2,5.4,18.85,13.58,8.09
2023-07-03 11:00:00,50.22,37.5,46.5,2.7,23.27,17.9,10.49
2023-07-03 12:00:00,46.05,34.8,35.6,4.3,20.65,15.04,9.69
2023-07-03 13:00:00,51.39,37.4,34.7,3.0,22.83,17.39,9.85
2023-07-03 14:00:00,43.61,35.7,42.4,1.2,18.94,14.52,8.96
2023-07-03 15:00:00,43.1,38.3,37.3,2.3,19.56,14.57,8.3
2023-07-03 16:00:00,40.89,37.8,43.5,7.8,18.34,14.04,7.95
2023-07-03 17:00:00,34.72,34.9,35.4,2.0,15.67,12.16,7.33
2023-07-03 18:00:00,34.07,37.7,38.4,1.4,15.44,10.93,6.62
2023-07-03 19:00:00,32.3,34.9,41.2,2.5,15.09,11.51,6.33
2023-07-03 20:00:00,29.71,33.0,39.1,6.2,13.61,10.24,6.04
2023-07-03 21:00:00,5.56,31.6,50.5,2.6,2.66,2.38,1.02
2023-07-03 22:00:00,37.23,30.9,46.5,3.1,16.32,13.31,7.52
2023-07-03 23:00:00,34.99,26.9,51.1,2.6,16.51,12.69,6.81
2023-07-04 00:00:00,36.76,27.9,46.4,9.0,16.52,12.84,7.66
2023-07-04 01:00:00,29.9,27.7,48.9,12.7,13.39,10.7,5.78
2023-07-04 02:00:00,29.13,26.3,47.3,3.4,13.33,10.26,6.39
2023-07-04 03:00:00,22.91,27.8,55.0,5.3,9.93,8.22,4.62
2023-07-04 04:00:00,30.61,29.4,53.8,2.1,14.11,10.61,6.14
2023-07-04 05:00:00,19.2,27.8,59.1,2.9,9.45,5.52,3.83
2023-07-04 06:00:00,26.42,29.3,51.0,4.5,11.6,9.53,5.59
2023-07-04 07:00:00,5.35,29.4,47.0,2.5,2.44,2.04,0.84
2023-07-04 08:00:00,24.64,29.3,46.6,2.1,10.84,8.93,4.8
2023-07-04 09:00:00,35.52,34.4,45.2,6.8,16.16,12.37,7.4
2023-07-04 10:00:00,42.98,34.4,43.7,2.2,19.63,15.82,8.43
2023-07-04 11:00:00,44.45,35.5,40.5,1.0,20.23,15.5,8.96
2023-07-04 12:00:00,46.69,34.8,41.0,5.0,21.41,16.28,9.37
2023-07-04 13:00:00,46.77,36.5,46.1,2.2,20.36,16.46,9.22
2023-07-04 14:00:00,43.92,38.6,35.6,3.3,20.09,15.68,8.66
2023-07-04 15:00:00,36.33,36.8,46.6,1.5,16.43,12.2,7.76
2023-07-04 16:00:00,38.04,36.3,41.3,1.1,18.12,13.86,7.83
2023-07-04 17:00:00,32.53,35.8,39.2,3.3,14.53,11.6,6.89
2023-07-04 18:00:00,26.74,32.6,41.0,2.7,12.94,10.23,4.91
2023-07-04 19:00:00,33.25,34.2,42.2,3.6,15.54,11.8,6.88
2023-07-04 20:00:00,31.02,30.0,50.5,7.8,14.45,10.94,6.49
2023-07-04 21:00:00,29.92,29.2,47.0,3.1,13.5,9.84,6.1
2023-07-04 22:00:00,31.45,27.9,54.8,4.1,14.94,10.97,5.87
2023-07-04 23:00:00,36.71,28.1,48.1,1.4,16.06,12.29,8.0
2023-07-05 00:00:00,31.62,27.1,50.9,6.3,14.57,10.07,6.62
2023-07-05 01:00:00,34.6,27.1,45.0,5.4,16.53,11.18,7.55
2023-07-05 02:00:00,30.39,25.6,56.1,3.6,13.52,10.27,5.61
2023-07-05 03:00:00,31.51,28.6,48.3,1.9,14.45,10.82,6.63
2023-07-05 04:00:00,21.59,28.9,57.2,3.2,9.23,7.44,4.23
2023-07-05 05:00:00,47.62,28.2,53.7,2.5,22.4,16.97,9.4
2023-07-05 06:00:00,20.27,28.7,49.9,9.7,8.97,6.33,3.98
2023-07-05 07:00:00,25.31,29.8,54.4,3.5,11.34,7.95,5.24
2023-07-05 08:00:00,31.55,31.5,48.2,3.1,13.9,10.91,6.02
2023-07-05 09:00:00,37.33,31.1,51.7,1.8,16.6,12.91,7.14
2023-07-05 10:00:00,38.9,33.0,40.1,2.2,17.38,13.61,7.52
2023-07-05 11:00:00,47.29,36.8,42.2,4.7,21.5,16.39,9.38
2023-07-05 12:00:00,52.34,36.7,42.4,3.7,23.45,17.6,10.43
2023-07-05 13:00:00,52.95,39.2,29.2,2.8,22.71,18.67,10.55
2023-07-05 14:00:00,48.54,36.5,47.7,2.5,22.11,17.86,9.83
2023-07-05 15:00:00,41.95,36.2,34.7,2.0,19.77,14.33,8.79
2023-07-05 16:00:00,33.73,35.7,34.7,0.8,14.44,11.43,7.0
2023-07-05 17:00:00,29.55,35.0,27.7,8.2,13.5,9.67,6.19
2023-07-05 18:00:00,25.68,33.5,46.2,5.0,13.01,9.37,5.04
2023-07-05 19:00:00,32.51,33.7,35.4,6.9,14.46,12.18,6.42
2023-07-05 20:00:00,34.08,32.0,43.0,3.1,15.33,12.48,6.86
2023-07-05 21:00:00,36.33,29.9,52.3,6.1,16.05,12.73,7.11
2023-07-05 22:00:00,39.72,31.3,47.4,2.3,18.46,13.93,8.13
2023-07-05 23:00:00,43.16,31.3,43.4,3.6,19.88,14.72,8.69
2023-07-06 00:00:00,37.11,29.4,40.8,2.0,16.28,12.46,7.39
2023-07-06 01:00:00,32.55,28.0,49.9,5.1,14.78,11.87,6.73
2023-07-06 02:00:00,35.02,28.1,54.5,3.5,15.41,12.25,7.27
2023-07-06 03:00:00,32.91,29.9,51.6,3.7,14.47,10.59,6.12
2023-07-06 04:00:00,26.66,28.8,58.4,5.9,11.63,8.89,5.0
2023-07-06 05:00:00,22.78,27.6,47.7,4.9,10.03,7.05,4.85
2023-07-06 06:00:00,25.37,30.1,41.3,7.8,11.09,8.39,5.25
2023-07-06 07:00:00,31.11,31.6,47.6,3.1,14.04,11.62,6.61
2023-07-06 08:00:00,32.18,30.5,48.5,3.3,15.29,11.64,6.6
2023-07-06 09:00:00,37.59,32.8,44.6,4.1,16.57,13.16,7.98
2023-07-06 10:00:00,47.02,36.1,36.9,3.3,20.77,16.74,9.63
2023-07-06 11:00:00,43.91,32.8,31.4,3.1,19.99,15.69,9.03
2023-07-06 12:00:00,44.96,34.4,37.7,2.7,19.98,15.69,9.17
2023-07-06 13:00:00,50.16,36.5,42.9,5.7,22.15,18.1,10.34
2023-07-06 14:00:00,43.49,37.5,40.4,3.7,19.68,14.94,8.5
2023-07-06 15:00:00,41.75,34.8,47.1,4.1,18.77,14.68,8.52
2023-07-06 16:00:00,34.4,36.1,42.4,2.0,15.28,12.09,6.88
2023-07-06 17:00:00,37.05,37.2,43.0,2.3,17.13,12.98,7.47
2023-07-06 18:00:00,29.22,34.6,46.3,2.7,12.96,10.82,5.6
2023-07-06 19:00:00,33.87,34.7,42.5,3.4,15.8,11.99,6.97
2023-07-06 20:00:00,29.76,31.1,46.8,0.9,13.55,10.03,6.04
2023-07-06 21:00:00,27.18,29.5,34.1,6.3,11.5,9.95,5.34
2023-07-06 22:00:00,37.89,30.7,43.8,6.5,17.24,14.1,7.64
2023-07-06 23:00:00,35.51,29.0,46.1,4.4,15.76,12.76,7.56
2023-07-07 00:00:00,35.6,25.9,52.4,2.6,15.38,12.95,7.38
2023-07-07 01:00:00,32.51,26.0,48.2,3.0,14.63,10.59,6.68
2023-07-07 02:00:00,35.82,29.3,53.5,4.9,15.87,12.67,6.83
2023-07-07 03:00:00,23.34,25.8,48.7,2.5,11.6,8.0,4.32
2023-07-07 04:00:00,25.44,29.1,54.6,4.1,11.25,8.34,4.93
2023-07-07 05:00:00,21.04,27.7,45.9,6.5,9.58,6.82,3.75
2023-07-07 06:00:00,25.94,29.5,45.6,3.1,11.25,9.52,5.13
2023-07-07 07:00:00,31.48,31.1,43.2,4.0,14.09,11.37,6.43
2023-07-07 08:00:00,24.57,28.8,46.9,6.9,11.33,8.16,4.51
2023-07-07 09:00:00,36.4,31.1,52.6,2.7,17.64,13.35,7.19
2023-07-07 10:00:00,37.33,34.6,40.8,5.1,16.92,13.15,7.33
2023-07-07 11:00:00,42.24,34.4,41.2,5.0,18.24,15.16,7.72
2023-07-07 12:00:00,48.9,37.8,34.9,6.9,22.77,16.42,9.37
2023-07-07 13:00:00,41.8,34.4,41.4,5.9,19.28,14.0,7.7
2023-07-07 14:00:00,43.62,37.8,39.7,5.0,18.24,14.61,8.94
2023-07-07 15:00:00,40.24,34.7,41.2,4.3,17.34,14.63,7.93
2023-07-07 16:00:00,36.48,35.8,40.3,2.2,16.19,12.52,7.13
2023-07-07 17:00:00,32.42,33.9,48.4,4.5,14.12,11.71,6.61
2023-07-07 18:00:00,37.32,37.3,40.6,2.4,16.75,14.42,7.85
2023-07-07 19:00:00,28.16,31.3,40.7,3.2,12.4,9.07,6.14
2023-07-07 20:00:00,32.68,31.8,45.4,4.7,15.18,11.44,6.19
2023-07-07 21:00:00,29.06,28.1,47.6,4.5,13.61,9.82,5.93
2023-07-07 22:00:00,35.69,31.9,48.3,3.0,15.46,13.01,7.55
2023-07-07 23:00:00,39.8,29.0,49.7,1.9,18.92,13.83,8.49
2023-07-08 00:00:00,26.27,27.9,56.2,3.5,12.55,9.74,5.2
2023-07-08 01:00:00,26.91,29.4,45.1,2.4,10.67,9.45,5.25
2023-07-08 02:00:00,23.51,27.2,50.4,2.3,10.13,7.51,4.4
2023-07-08 03:00:00,19.28,27.5,45.7,2.7,8.1,6.55,3.8
2023-07-08 04:00:00,18.25,27.9,50.4,4.7,7.73,6.65,3.84
2023-07-08 05:00:00,20.26,29.3,41.2,3.5,7.86,7.09,3.72
2023-07-08 06:00:00,18.7,28.8,51.1,2.9,8.5,6.06,3.47
2023-07-08 07:00:00,18.77,30.4,47.3,6.4,8.05,6.64,3.77
2023-07-08 08:00:00,26.1,33.2,44.9,4.7,12.02,8.15,5.12
2023-07-08 09:00:00,33.56,33.7,47.5,3.5,16.28,10.65,6.39
2023-07-08 10:00:00,35.85,34.3,43.9,3.1,16.97,13.01,7.59
2023-07-08 11:00:00,40.52,33.4,37.5,5.5,17.91,14.76,7.61
2023-07-08 12:00:00,46.75,38.6,34.9,1.8,21.01,17.13,9.09
2023-07-08 13:00:00,41.8,35.8,40.6,4.4,19.15,15.29,8.09
2023-07-08 14:00:00,37.37,38.5,36.2,0.6,17.74,12.75,7.12
2023-07-08 15:00:00,37.86,37.1,38.5,0.5,17.07,13.51,8.13
2023-07-08 16:00:00,28.95,34.4,50.9,7.0,12.45,10.15,6.35
2023-07-08 17:00:00,30.18,37.4,39.6,3.6,13.91,10.77,5.85
2023-07-08 18:00:00,27.43,34.9,44.1,2.6,11.71,9.89,5.61
2023-07-08 19:00:00,30.75,35.3,31.6,5.3,13.22,11.58,6.16
2023-07-08 20:00:00,26.34,31.7,49.7,8.7,12.36,9.33,5.44
2023-07-08 21:00:00,25.76,31.8,60.2,0.8,12.22,9.51,5.56
2023-07-08 22:00:00,25.26,26.8,58.5,0.8,12.19,8.87,4.81
2023-07-08 23:00:00,25.16,27.7,48.6,5.9,12.1,8.33,4.91
2023-07-09 00:00:00,25.24,25.8,64.5,3.8,11.71,8.68,5.86
2023-07-09 01:00:00,24.45,26.6,52.2,6.2,10.76,8.44,4.55
2023-07-09 02:00:00,24.26,27.7,52.3,4.6,10.21,7.85,4.75
2023-07-09 03:00:00,21.74,26.3,51.1,3.4,9.72,6.94,3.97
2023-07-09 04:00:00,18.46,29.0,47.8,1.8,8.16,6.92,4.28
2023-07-09 05:00:00,21.19,27.2,40.1,3.0,9.44,7.67,4.04
2023-07-09 06:00:00,16.49,30.8,50.9,5.3,7.38,6.02,3.64
2023-07-09 07:00:00,23.07,32.7,43.3,2.2,10.17,8.61,4.2
2023-07-09 08:00:00,28.82,33.5,42.8,4.7,13.12,10.48,5.7
2023-07-09 09:00:00,31.06,32.8,46.0,2.3,13.45,11.61,6.39
2023-07-09 10:00:00,29.96,31.3,44.4,3.3,13.71,10.25,5.29
2023-07-09 11:00:00,39.77,36.4,41.6,1.3,17.23,14.42,7.58
2023-07-09 12:00:00,41.29,36.1,46.6,3.3,18.76,14.1,7.84
2023-07-09 13:00:00,37.77,35.4,43.6,4.1,16.8,12.91,7.49
2023-07-09 14:00:00,40.97,36.2,39.8,3.9,18.65,13.64,8.46
2023-07-09 15:00:00,41.0,39.0,36.6,3.1,19.24,14.63,8.15
2023-07-09 16:00:00,31.73,34.6,43.5,2.9,13.22,11.53,5.41
2023-07-09 17:00:00,27.5,36.2,36.4,2.4,12.24,9.49,5.0
2023-07-09 18:00:00,26.85,34.8,43.3,5.1,12.26,8.91,5.77
2023-07-09 19:00:00,23.94,32.8,48.1,5.2,10.6,9.04,4.96
2023-07-09 20:00:00,24.55,33.0,44.9,3.4,11.09,8.66,4.79
2023-07-09 21:00:00,31.06,33.2,42.1,2.9,14.05,10.8,6.48
2023-07-09 22:00:00,25.48,29.1,47.7,4.3,12.23,9.41,5.27
2023-07-09 23:00:00,29.09,28.1,53.5,3.8,12.34,11.19,5.56
2023-07-10 00:00:00,35.15,28.6,44.2,4.5,14.93,12.4,7.56
2023-07-10 01:00:00,41.03,28.5,45.7,2.6,18.61,14.66,7.61
2023-07-10 02:00:00,29.14,26.8,43.8,5.3,13.78,10.67,6.01
2023-07-10 03:00:00,28.04,26.7,52.1,2.6,13.21,9.32,5.81
2023-07-10 04:00:00,22.16,24.3,59.1,3.1,9.73,6.69,4.47
2023-07-10 05:00:00,20.44,27.3,57.9,1.6,8.59,7.35,3.76
2023-07-10 06:00:00,23.74,27.8,58.4,5.9,10.9,8.53,4.73
2023-07-10 07:00:00,25.45,31.7,42.5,4.3,11.74,8.96,5.05
2023-07-10 08:00:00,34.75,31.6,47.3,2.2,14.93,12.45,6.96
2023-07-10 09:00:00,36.76,32.9,42.5,5.9,16.18,13.24,7.05
2023-07-10 10:00:00,41.41,34.5,50.9,4.7,18.8,14.3,8.16
2023-07-10 11:00:00,44.51,34.2,49.4,3.2,20.04,15.62,9.08
2023-07-10 12:00:00,54.93,38.7,38.4,9.1,25.34,18.54,10.69
2023-07-10 13:00:00,50.62,38.8,34.4,2.7,22.93,18.21,9.64
2023-07-10 14:00:00,48.44,39.4,20.0,1.4,21.11,17.29,9.36
2023-07-10 15:00:00,43.65,37.9,31.4,4.9,19.81,14.78,8.36
2023-07-10 16:00:00,35.16,36.3,31.2,5.0,15.09,12.06,7.0
2023-07-10 17:00:00,42.41,38.0,31.2,1.0,19.31,14.82,8.69
2023-07-10 18:00:00,28.72,33.5,53.2,5.6,12.77,10.12,5.71
2023-07-10 19:00:00,30.98,32.0,39.1,5.2,15.07,10.49,6.53
2023-07-10 20:00:00,30.84,31.1,41.4,6.9,14.08,10.96,6.1
2023-07-10 21:00:00,32.19,31.5,41.6,1.5,15.09,11.84,6.64
2023-07-10 22:00:00,33.69,28.4,63.0,4.1,15.07,11.23,6.59
2023-07-10 23:00:00,38.22,28.2,49.8,2.1,16.95,12.37,7.62
2023-07-11 00:00:00,32.46,25.3,58.7,3.0,14.89,11.79,6.5
2023-07-11 01:00:00,38.85,27.9,51.4,2.4,17.19,13.49,7.8
2023-07-11 02:00:00,30.92,24.7,44.4,3.3,14.05,10.64,6.57
2023-07-11 03:00:00,28.48,25.8,60.7,1.5,12.42,9.44,5.51
2023-07-11 04:00:00,26.87,29.5,50.6,2.6,12.99,9.8,5.49
2023-07-11 05:00:00,23.69,30.2,47.1,1.2,10.69,7.45,4.38
2023-07-11 06:00:00,23.59,30.1,56.7,3.5,10.24,8.34,4.46
2023-07-11 07:00:00,28.2,31.1,44.9,2.5,12.46,10.84,5.41
2023-07-11 08:00:00,31.95,31.2,45.8,4.0,14.87,11.43,6.03
2023-07-11 09:00:00,30.3,32.1,43.7,3.3,13.73,11.2,5.89
2023-07-11 10:00:00,42.19,34.0,48.6,2.2,18.55,15.24,8.37
2023-07-11 11:00:00,44.32,33.3,48.2,1.4,20.56,15.83,8.85
2023-07-11 12:00:00,49.4,36.7,41.3,5.0,22.27,16.72,10.28
2023-07-11 13:00:00,52.61,36.9,34.5,4.2,23.81,18.98,10.97
2023-07-11 14:00:00,45.73,35.6,39.4,0.8,20.2,15.01,8.81
2023-07-11 15:00:00,49.58,39.2,31.7,9.0,22.16,17.39,9.62
2023-07-11 16:00:00,39.1,37.2,45.1,4.3,17.54,13.14,7.66
2023-07-11 17:00:00,38.24,36.6,32.2,2.0,16.73,13.2,7.95
2023-07-11 18:00:00,34.77,33.8,51.5,5.7,14.45,11.36,6.92
2023-07-11 19:00:00,34.25,33.3,50.5,6.2,16.12,12.0,6.76
2023-07-11 20:00:00,30.46,32.9,39.9,3.9,13.0,10.22,6.29
2023-07-11 21:00:00,33.3,30.9,44.8,6.2,14.59,11.65,7.45
2023-07-11 22:00:00,38.27,31.9,42.2,0.7,16.93,13.13,7.19
2023-07-11 23:00:00,37.49,28.2,52.4,7.2,17.73,13.16,7.29
2023-07-12 00:00:00,37.22,26.9,58.8,1.0,16.57,12.15,7.29
2023-07-12 01:00:00,34.21,28.1,56.2,4.3,15.55,11.0,6.1
2023-07-12 02:00:00,29.21,25.1,51.7,2.8,13.52,10.44,5.65
2023-07-12 03:00:00,25.42,28.6,56.0,0.8,12.13,8.51,4.71
2023-07-12 04:00:00,26.07,25.7,59.0,6.9,11.39,9.03,5.5
2023-07-12 05:00:00,23.99,29.4,47.8,1.6,11.09,8.92,4.46
2023-07-12 06:00:00,23.07,28.5,49.7,5.9,10.01,7.43,4.48
2023-07-12 07:00:00,27.5,31.4,54.0,2.7,11.5,9.75,5.89
2023-07-12 08:00:00,36.79,33.4,49.3,4.9,16.48,13.56,7.42
2023-07-12 09:00:00,30.83,33.5,49.9,2.3,13.5,11.59,5.98
2023-07-12 10:00:00,40.39,32.7,57.7,4.0,19.03,13.65,7.6
2023-07-12 11:00:00,45.15,34.2,45.7,5.4,21.08,15.92,8.86
2023-07-12 12:00:00,46.86,35.2,43.4,3.9,21.65,16.59,9.41
2023-07-12 13:00:00,49.43,34.0,50.0,2.6,22.31,16.87,9.87
2023-07-12 14:00:00,47.2,38.7,47.5,2.2,21.23,16.62,9.5
2023-07-12 15:00:00,45.06,37.0,36.6,1.9,20.44,15.41,9.12
2023-07-12 16:00:00,36.72,34.6,41.4,5.7,16.51,11.93,7.11
2023-07-12 17:00:00,40.87,37.7,33.7,4.1,18.08,14.26,8.06
2023-07-12 18:00:00,28.64,33.4,45.6,3.6,12.64,10.31,5.5
2023-07-12 19:00:00,29.81,33.7,48.0,2.3,13.8,10.23,6.14
2023-07-12 20:00:00,32.77,30.8,42.3,3.2,15.81,12.43,6.19
2023-07-12 21:00:00,30.22,27.7,56.5,4.2,13.68,10.07,5.64
2023-07-12 22:00:00,28.7,27.4,48.8,1.2,12.92,10.27,6.09
2023-07-12 23:00:00,34.47,27.8,48.0,2.8,15.18,11.12,7.14
2023-07-13 00:00:00,39.73,29.0,54.8,2.2,16.99,13.6,8.16
2023-07-13 01:00:00,37.86,27.7,47.7,4.3,17.36,13.8,7.46
2023-07-13 02:00:00,30.6,27.2,44.3,4.1,13.3,10.13,6.17
2023-07-13 03:00:00,16.68,24.1,58.7,2.5,6.61,4.78,3.23
2023-07-13 04:00:00,29.66,29.6,47.9,0.9,14.12,9.57,5.63
2023-07-13 05:00:00,21.39,28.8,55.4,1.9,10.15,7.9,3.71
2023-07-13 06:00:00,19.17,29.3,53.0,1.8,7.78,7.63,3.63
2023-07-13 07:00:00,22.77,32.4,36.4,3.9,11.49,6.93,4.01
2023-07-13 08:00:00,36.83,33.9,49.9,1.8,15.8,13.29,7.52
2023-07-13 09:00:00,40.59,35.0,51.5,3.4,17.5,13.92,8.02
2023-07-13 10:00:00,42.11,34.1,48.2,4.1,18.02,15.16,8.41
2023-07-13 11:00:00,48.75,34.0,48.5,6.2,21.71,16.78,10.16
2023-07-13 12:00:00,53.55,37.8,37.4,2.2,24.73,19.26,10.4
2023-07-13 13:00:00,50.44,34.8,39.9,1.9,21.86,17.53,10.63
2023-07-13 14:00:00,47.88,39.9,37.2,1.9,21.2,16.03,9.58
2023-07-13 15:00:00,42.96,36.9,44.4,2.8,19.51,14.6,8.66
2023-07-13 16:00:00,32.05,34.7,46.8,4.3,14.15,10.83,6.43
2023-07-13 17:00:00,31.2,33.7,41.4,4.5,14.04,10.4,6.08
2023-07-13 18:00:00,28.49,32.6,42.2,2.1,13.3,10.29,5.61
2023-07-13 19:00:00,33.06,33.5,36.4,1.6,14.58,11.19,6.49
2023-07-13 20:00:00,32.08,32.0,48.9,3.3,13.95,11.2,6.22
2023-07-13 21:00:00,32.57,28.8,47.4,1.7,14.86,11.52,6.95
2023-07-13 22:00:00,36.69,29.0,47.8,5.5,16.52,13.42,7.46
2023-07-13 23:00:00,39.24,26.4,61.0,1.3,18.03,13.03,8.17
2023-07-14 00:00:00,37.37,28.5,52.8,5.0,17.27,12.78,7.33
2023-07-14 01:00:00,32.6,27.1,53.1,0.9,13.69,11.37,6.8
2023-07-14 02:00:00,31.84,26.4,56.5,5.4,13.93,11.7,6.88
2023-07-14 03:00:00,23.68,25.2,60.8,4.2,10.38,8.0,4.99
2023-07-14 04:00:00,28.61,27.2,43.3,2.6,12.67,9.96,5.64
2023-07-14 05:00:00,22.39,27.8,47.8,3.1,10.94,7.74,4.8
2023-07-14 06:00:00,23.88,30.0,46.9,4.5,9.35,8.22,4.89
2023-07-14 07:00:00,26.59,30.9,42.0,1.9,11.72,10.3,6.09
2023-07-14 08:00:00,35.66,33.2,42.9,6.3,15.52,13.14,7.15
2023-07-14 09:00:00,36.29,32.5,37.2,3.4,16.84,13.07,7.6
2023-07-14 10:00:00,37.54,31.7,50.6,5.1,16.45,13.68,7.25
2023-07-14 11:00:00,54.02,37.0,37.0,3.6,25.08,19.0,10.89
2023-07-14 12:00:00,45.58,34.9,43.1,3.3,20.48,15.53,9.27
2023-07-14 13:00:00,47.17,35.1,42.1,3.4,21.09,16.85,9.81
2023-07-14 14:00:00,48.61,36.9,42.5,2.8,21.57,16.13,9.69
2023-07-14 15:00:00,39.68,37.3,27.0,4.9,17.66,14.56,7.06
2023-07-14 16:00:00,38.58,35.5,43.6,5.8,16.44,13.08,7.7
2023-07-14 17:00:00,30.79,34.7,41.0,5.9,13.1,10.13,5.81
2023-07-14 18:00:00,33.26,33.9,45.4,1.5,14.66,11.22,6.86
2023-07-14 19:00:00,32.06,35.4,35.6,5.1,14.79,11.56,6.24
2023-07-14 20:00:00,33.81,32.0,47.7,2.0,15.71,12.49,6.75
2023-07-14 21:00:00,34.47,29.2,55.4,0.5,14.64,12.8,7.09
2023-07-14 22:00:00,35.83,28.0,51.3,2.4,16.59,12.56,6.83
2023-07-14 23:00:00,37.09,28.1,46.7,2.5,16.8,12.11,7.63
2023-07-15 00:00:00,28.13,28.0,47.0,5.5,12.98,10.0,5.58
2023-07-15 01:00:00,26.32,27.9,53.5,4.9,11.78,9.4,5.26
2023-07-15 02:00:00,28.31,27.1,54.3,1.3,13.23,10.79,5.72
2023-07-15 03:00:00,41.76,25.9,54.7,2.7,18.42,15.07,7.87
2023-07-15 04:00:00,16.19,27.0,51.4,2.3,7.21,4.96,3.58
2023-07-15 05:00:00,22.18,29.5,49.6,4.0,9.43,7.01,4.54
2023-07-15 06:00:00,15.1,27.7,50.4,3.7,6.01,5.78,2.97
2023-07-15 07:00:00,18.81,30.0,46.1,4.5,6.78,5.92,3.49
2023-07-15 08:00:00,23.97,32.9,48.4,6.6,10.39,9.19,5.01
2023-07-15 09:00:00,31.75,34.6,44.1,3.1,14.29,11.57,6.6
2023-07-15 10:00:00,34.97,34.2,49.4,4.4,16.16,11.94,6.71
2023-07-15 11:00:00,38.9,34.9,47.7,6.7,18.13,13.59,7.74
2023-07-15 12:00:00,40.57,34.3,44.2,3.7,19.45,13.45,7.36
2023-07-15 13:00:00,43.66,37.6,41.9,2.6,19.41,15.22,8.91
2023-07-15 14:00:00,41.85,38.9,32.5,3.0,18.51,14.29,8.66
2023-07-15 15:00:00,41.56,40.6,34.8,5.0,20.48,14.58,8.43
2023-07-15 16:00:00,34.87,36.9,41.5,4.8,15.72,11.92,6.47
2023-07-15 17:00:00,32.54,35.4,33.6,5.0,14.12,11.54,6.24
2023-07-15 18:00:00,25.42,33.1,46.5,4.9,11.04,9.42,4.75
2023-07-15 19:00:00,20.71,30.4,42.7,6.8,8.99,6.57,3.94
2023-07-15 20:00:00,24.15,32.2,41.1,5.1,11.2,7.91,5.26
2023-07-15 21:00:00,28.78,34.2,40.3,5.9,12.83,10.84,6.37
2023-07-15 22:00:00,32.63,31.4,46.2,3.9,14.52,11.98,6.45
2023-07-15 23:00:00,32.57,30.1,41.2,4.3,15.14,10.53,6.07
2023-07-16 00:00:00,30.25,28.0,54.7,7.9,13.46,10.19,5.46
2023-07-16 01:00:00,27.24,27.7,51.7,6.1,12.09,11.03,5.26
2023-07-16 02:00:00,23.55,23.3,65.7,5.2,10.18,8.8,4.1
2023-07-16 03:00:00,22.39,28.3,51.6,4.6,10.6,7.64,4.61
2023-07-16 04:00:00,20.91,26.7,54.8,2.8,9.89,7.32,4.58
2023-07-16 05:00:00,17.28,27.4,46.9,3.8,7.94,5.48,3.79
2023-07-16 06:00:00,17.5,29.0,43.3,1.0,7.83,6.61,3.82
2023-07-16 07:00:00,22.99,30.1,51.0,3.1,10.95,8.14,5.25
2023-07-16 08:00:00,25.72,30.9,41.5,1.5,10.79,8.51,5.27
2023-07-16 09:00:00,31.99,33.3,47.3,4.8,15.02,10.72,6.32
2023-07-16 10:00:00,34.64,33.6,52.2,6.3,15.82,11.82,7.04
2023-07-16 11:00:00,39.43,35.6,46.0,1.9,17.19,14.22,7.21
2023-07-16 12:00:00,43.87,34.0,46.0,2.3,18.86,15.37,8.43
2023-07-16 13:00:00,100.56,36.4,41.6,5.9,44.93,34.86,19.95
2023-07-16 14:00:00,38.78,35.3,39.7,4.0,17.39,13.27,8.03
2023-07-16 15:00:00,35.21,35.8,40.5,4.0,16.29,12.55,6.69
2023-07-16 16:00:00,35.65,36.5,37.4,3.9,16.43,12.13,6.99
2023-07-16 17:00:00,27.25,33.1,37.7,2.1,12.54,10.16,5.61
2023-07-16 18:00:00,25.47,33.2,44.3,2.2,11.88,8.4,5.26
2023-07-16 19:00:00,26.72,34.1,48.6,7.3,12.72,9.02,5.16
2023-07-16 20:00:00,22.93,29.8,41.8,4.8,11.32,7.88,4.46
2023-07-16 21:00:00,23.26,33.3,51.0,1.3,10.19,8.41,4.46
2023-07-16 22:00:00,31.43,31.2,52.6,2.1,14.11,11.45,7.01
2023-07-16 23:00:00,26.36,27.7,52.8,4.2,11.27,8.71,5.51
2023-07-17 00:00:00,39.3,26.4,54.3,2.4,17.66,13.81,7.64
2023-07-17 01:00:00,35.84,27.4,50.2,2.3,15.7,12.83,7.25
2023-07-17 02:00:00,26.1,24.7,54.5,2.0,12.51,9.22,5.13
2023-07-17 03:00:00,24.21,24.1,52.8,1.9,10.87,8.71,4.49
2023-07-17 04:00:00,22.19,26.9,51.9,4.1,9.39,8.08,4.84
2023-07-17 05:00:00,25.16,28.2,50.9,6.5,11.0,8.42,4.89
2023-07-17 06:00:00,25.77,29.6,57.9,2.8,11.4,8.5,4.98
2023-07-17 07:00:00,28.66,29.7,51.2,1.5,12.19,9.47,5.55
2023-07-17 08:00:00,33.22,33.8,42.4,1.5,14.98,11.32,6.02
2023-07-17 09:00:00,34.74,31.0,46.3,7.0,16.26,12.55,6.91
2023-07-17 10:00:00,37.61,32.7,41.2,3.7,16.11,13.38,7.78
2023-07-17 11:00:00,50.73,36.2,37.8,3.4,23.03,17.21,10.09
2023-07-17 12:00:00,48.76,34.5,47.1,6.3,20.75,16.26,9.84
2023-07-17 13:00:00,48.36,34.9,39.6,3.6,22.14,16.45,9.82
2023-07-17 14:00:00,47.61,37.1,36.4,3.4,20.91,16.71,9.86
2023-07-17 15:00:00,41.99,35.2,38.8,6.9,19.61,14.15,8.31
2023-07-17 16:00:00,42.54,36.0,37.1,3.4,19.64,15.78,8.43
2023-07-17 17:00:00,32.6,34.4,48.4,3.0,14.91,11.74,6.42
2023-07-17 18:00:00,30.74,33.1,45.0,4.0,13.75,10.55,6.21
2023-07-17 19:00:00,24.08,30.1,46.5,8.3,10.37,9.11,4.53
2023-07-17 20:00:00,30.47,32.1,45.6,7.7,13.87,10.3,6.36
2023-07-17 21:00:00,31.58,28.8,50.6,5.2,14.24,11.09,6.25
2023-07-17 22:00:00,38.46,29.2,45.3,3.5,17.51,12.94,8.12
2023-07-17 23:00:00,35.48,27.6,43.9,6.2,15.5,12.3,7.26
2023-07-18 00:00:00,36.1,27.3,58.0,3.1,16.98,12.6,7.09
2023-07-18 01:00:00,34.05,26.8,56.7,4.3,16.16,11.76,6.81
2023-07-18 02:00:00,31.5,27.2,53.3,1.9,13.97,10.41,6.47
2023-07-18 03:00:00,28.01,26.0,57.4,4.4,12.61,9.57,6.13
2023-07-18 04:00:00,24.96,29.4,58.3,2.4,11.27,8.33,4.67
2023-07-18 05:00:00,23.4,25.6,50.6,5.2,10.61,8.16,5.08
2023-07-18 06:00:00,22.73,29.1,43.5,3.1,9.82,7.95,4.78
2023-07-18 07:00:00,31.4,31.9,49.1,3.0,14.42,10.99,6.47
2023-07-18 08:00:00,30.3,32.6,37.5,5.0,13.06,10.12,6.24
2023-07-18 09:00:00,37.57,31.7,46.1,3.2,17.05,13.59,7.26
2023-07-18 10:00:00,43.52,33.2,42.7,4.7,18.54,15.72,8.99
2023-07-18 11:00:00,46.65,33.9,46.7,5.9,21.33,17.06,9.65
2023-07-18 12:00:00,49.01,37.1,37.0,1.6,22.19,16.82,10.29
2023-07-18 13:00:00,48.85,35.6,47.3,3.4,21.66,17.42,9.83
2023-07-18 14:00:00,45.02,37.3,35.5,7.2,20.48,15.02,9.1
2023-07-18 15:00:00,43.36,37.1,43.0,5.5,20.34,15.13,8.91
2023-07-18 16:00:00,46.8,39.8,32.9,8.1,21.9,16.56,9.39
2023-07-18 17:00:00,37.66,35.9,43.7,6.0,17.27,13.62,7.41
2023-07-18 18:00:00,30.62,33.2,39.1,2.6,14.06,10.6,6.35
2023-07-18 19:00:00,25.88,31.0,46.7,1.9,12.24,8.7,5.16
2023-07-18 20:00:00,33.4,31.5,52.8,2.1,15.52,11.45,6.92
2023-07-18 21:00:00,33.99,30.4,48.1,2.1,14.84,12.43,6.56
2023-07-18 22:00:00,25.38,26.1,58.6,1.2,11.64,8.11,4.92
2023-07-18 23:00:00,37.7,27.3,51.1,6.5,16.81,12.51,7.86
2023-07-19 00:00:00,37.83,28.0,47.9,3.5,18.01,12.61,7.98
2023-07-19 01:00:00,37.28,26.2,53.4,1.4,17.15,13.7,7.81
2023-07-19 02:00:00,31.91,28.3,53.1,5.1,14.25,10.82,6.49
2023-07-19 03:00:00,17.53,24.7,44.8,2.7,7.79,5.71,3.67
2023-07-19 04:00:00,28.2,28.5,52.4,1.2,11.91,9.79,5.88
2023-07-19 05:00:00,27.21,29.7,43.7,1.9,12.33,9.58,4.82
2023-07-19 06:00:00,22.9,30.8,41.1,4.4,10.01,7.04,4.42
2023-07-19 07:00:00,21.82,28.2,52.8,5.3,9.93,6.98,4.79
2023-07-19 08:00:00,40.07,32.3,51.9,2.3,19.49,13.68,8.25
2023-07-19 09:00:00,35.89,32.2,46.5,3.9,16.14,12.61,6.67
2023-07-19 10:00:00,42.39,32.3,38.5,0.5,18.34,14.31,8.47
2023-07-19 11:00:00,45.46,34.8,38.9,2.4,20.26,15.94,8.9
2023-07-19 12:00:00,42.95,34.8,40.1,1.9,19.31,15.28,8.71
2023-07-19 13:00:00,51.61,38.1,39.3,1.2,23.05,16.88,10.44
2023-07-19 14:00:00,47.96,37.6,38.5,3.5,21.71,16.38,9.21
2023-07-19 15:00:00,39.87,35.0,44.5,4.2,17.93,13.8,8.63
2023-07-19 16:00:00,37.05,35.1,46.9,0.9,16.9,12.74,7.11
2023-07-19 17:00:00,34.83,34.8,43.9,1.6,15.81,11.88,7.13
2023-07-19 18:00:00,31.93,34.3,47.4,7.0,15.18,11.54,6.56
2023-07-19 19:00:00,30.77,34.7,41.1,2.1,14.21,10.95,6.47
2023-07-19 20:00:00,35.24,32.9,61.0,5.1,16.45,12.47,7.12
2023-07-19 21:00:00,29.52,30.6,50.0,5.0,12.92,9.89,6.0
2023-07-19 22:00:00,30.51,29.0,52.7,2.6,14.08,11.04,5.49
2023-07-19 23:00:00,35.27,25.7,62.0,2.0,16.23,13.1,6.82
2023-07-20 00:00:00,41.46,29.4,49.1,2.2,18.13,13.83,8.9
2023-07-20 01:00:00,34.38,26.3,49.2,3.9,15.21,11.47,6.54
2023-07-20 02:00:00,32.54,29.2,55.5,2.9,14.77,11.56,6.33
2023-07-20 03:00:00,49.88,27.3,58.1,3.5,22.56,17.1,9.47
2023-07-20 04:00:00,29.94,30.5,48.1,5.5,13.67,10.59,6.06
2023-07-20 05:00:00,21.86,29.2,57.8,3.5,9.82,7.94,4.25
2023-07-20 06:00:00,19.96,27.2,51.0,9.8,9.13,7.02,3.87
2023-07-20 07:00:00,28.09,29.6,53.1,4.4,12.53,9.29,5.39
2023-07-20 08:00:00,35.72,31.6,53.7,2.0,16.08,13.45,7.32
2023-07-20 09:00:00,35.21,31.8,46.3,3.5,16.29,11.98,7.33
2023-07-20 10:00:00,44.83,33.8,45.8,5.5,19.99,16.34,8.96
2023-07-20 11:00:00,40.22,33.3,49.2,2.1,18.54,13.99,7.63
2023-07-20 12:00:00,51.94,36.2,38.8,4.9,23.59,18.92,10.45
2023-07-20 13:00:00,48.55,37.0,35.5,0.8,22.59,16.73,10.22
2023-07-20 14:00:00,46.04,35.3,48.3,7.2,20.87,16.51,9.02
2023-07-20 15:00:00,47.27,39.6,38.0,4.4,21.65,17.04,9.93
2023-07-20 16:00:00,42.47,36.3,38.0,1.8,17.26,14.62,8.54
2023-07-20 17:00:00,31.07,34.1,43.5,6.1,13.46,11.28,6.13
2023-07-20 18:00:00,30.44,31.9,48.3,1.2,13.84,10.5,5.88
2023-07-20 19:00:00,31.16,33.2,36.3,3.1,14.5,11.0,6.43
2023-07-20 20:00:00,31.55,31.4,49.9,4.9,14.39,10.45,6.13
2023-07-20 21:00:00,35.64,31.7,48.0,7.1,15.85,12.07,7.05
2023-07-20 22:00:00,33.85,29.1,57.3,2.8,14.7,12.27,6.6
2023-07-20 23:00:00,34.75,26.5,51.1,5.7,15.52,12.28,6.83
2023-07-21 00:00:00,40.95,30.0,54.9,2.0,18.69,14.77,7.94
2023-07-21 01:00:00,37.17,27.6,50.6,0.8,16.89,13.04,7.58
2023-07-21 02:00:00,32.23,26.4,53.0,0.7,14.94,11.39,6.45
2023-07-21 03:00:00,31.46,27.2,52.7,4.4,14.09,11.31,5.96
2023-07-21 04:00:00,29.47,28.2,60.7,1.7,13.33,9.55,5.65
2023-07-21 05:00:00,3.74,26.1,46.5,1.0,0.92,1.31,0.33
2023-07-21 06:00:00,27.61,29.5,51.0,8.2,12.06,9.68,5.86
2023-07-21 07:00:00,23.92,29.8,48.4,2.2,11.4,8.39,4.84
2023-07-21 08:00:00,35.2,32.6,44.8,3.3,16.18,12.94,7.02
2023-07-21 09:00:00,38.16,32.0,48.5,4.1,17.67,12.75,7.51
2023-07-21 10:00:00,37.7,33.4,49.5,1.7,16.74,12.76,7.45
2023-07-21 11:00:00,52.11,37.8,41.3,2.8,24.25,18.36,10.5
2023-07-21 12:00:00,51.93,38.0,44.6,4.3,23.53,18.2,10.61
2023-07-21 13:00:00,40.77,31.7,44.7,4.3,18.0,14.92,8.56
2023-07-21 14:00:00,53.57,38.5,37.5,5.8,24.32,18.86,11.01
2023-07-21 15:00:00,75.21,36.5,35.2,3.2,34.23,26.96,15.2
2023-07-21 16:00:00,35.47,35.1,51.8,6.3,16.24,12.37,6.34
2023-07-21 17:00:00,33.07,33.8,42.5,4.5,14.53,10.97,6.72
2023-07-21 18:00:00,32.17,32.9,43.1,3.9,14.49,11.1,6.9
2023-07-21 19:00:00,29.9,32.1,48.6,1.5,13.98,10.68,6.16
2023-07-21 20:00:00,32.97,30.1,53.4,3.9,14.63,11.43,6.63
2023-07-21 21:00:00,32.68,28.5,46.4,4.0,14.76,10.95,6.03
2023-07-21 22:00:00,28.55,27.7,56.7,5.1,12.34,10.29,5.47
2023-07-21 23:00:00,36.93,28.7,48.0,4.8,17.08,13.38,6.83
2023-07-22 00:00:00,27.35,27.5,58.2,3.7,12.02,9.81,5.29
2023-07-22 01:00:00,29.59,27.8,48.0,4.0,14.2,10.08,5.71
2023-07-22 02:00:00,18.11,26.7,55.7,5.2,8.58,5.9,3.63
2023-07-22 03:00:00,25.7,25.0,54.3,2.8,11.52,9.31,5.13
2023-07-22 04:00:00,22.64,28.2,44.6,1.6,9.21,7.57,4.54
2023-07-22 05:00:00,17.45,26.7,44.9,6.1,7.83,6.49,3.55
2023-07-22 06:00:00,24.55,30.2,44.0,7.8,9.88,7.72,5.29
2023-07-22 07:00:00,25.94,28.7,54.5,3.2,11.43,8.9,6.0
2023-07-22 08:00:00,27.33,30.7,37.4,9.1,13.24,8.65,5.65
2023-07-22 09:00:00,33.01,32.5,46.7,2.6,14.76,11.33,6.95
2023-07-22 10:00:00,37.92,35.3,42.9,1.1,16.76,13.82,7.63
2023-07-22 11:00:00,39.73,35.6,32.9,3.9,17.68,14.19,7.93
2023-07-22 12:00:00,40.49,36.1,36.7,6.0,18.43,14.14,8.11
2023-07-22 13:00:00,43.81,39.4,32.7,4.2,19.76,15.2,8.86
2023-07-22 14:00:00,33.97,34.0,43.5,0.5,16.34,10.79,6.82
2023-07-22 15:00:00,31.04,35.0,49.3,0.5,14.2,10.11,6.47
2023-07-22 16:00:00,30.57,34.5,48.0,4.8,13.86,10.82,6.24
2023-07-22 17:00:00,21.75,32.6,43.0,5.8,9.73,8.2,4.54
2023-07-22 18:00:00,26.5,33.2,40.0,2.3,11.86,9.4,4.97
2023-07-22 19:00:00,28.04,34.1,35.3,3.4,13.44,9.89,5.42
2023-07-22 20:00:00,25.74,30.9,45.1,7.6,11.94,10.15,5.23
2023-07-22 21:00:00,25.52,30.0,43.6,3.3,10.83,8.81,4.67
2023-07-22 22:00:00,32.39,26.7,51.8,1.6,14.95,10.43,5.99
2023-07-22 23:00:00,30.69,27.0,51.6,6.6,14.31,10.58,6.25
2023-07-23 00:00:00,24.53,26.7,49.6,3.5,12.06,8.26,5.39
2023-07-23 01:00:00,29.21,27.8,48.3,2.8,13.18,10.95,5.7
2023-07-23 02:00:00,19.58,24.2,51.5,1.4,8.68,7.51,3.61
2023-07-23 03:00:00,18.75,26.2,50.0,3.3,9.01,6.56,3.72
2023-07-23 04:00:00,19.34,29.0,56.4,5.1,8.62,6.9,3.78
2023-07-23 05:00:00,19.46,27.5,53.6,4.8,9.06,7.13,3.27
2023-07-23 06:00:00,13.72,26.0,55.4,3.5,7.19,5.26,2.5
2023-07-23 07:00:00,28.04,32.3,50.3,4.8,12.77,9.91,5.31
2023-07-23 08:00:00,30.88,32.8,49.2,2.8,14.26,10.97,6.6
2023-07-23 09:00:00,36.89,34.3,50.0,4.9,16.49,13.01,7.36
2023-07-23 10:00:00,30.06,31.6,49.0,1.3,12.71,10.35,5.52
2023-07-23 11:00:00,44.32,37.5,40.0,2.0,20.44,15.89,8.67
2023-07-23 12:00:00,41.52,34.9,39.2,6.2,18.95,14.73,8.14
2023-07-23 13:00:00,39.34,35.8,36.9,2.5,18.2,13.4,7.65
2023-07-23 14:00:00,36.36,35.7,45.6,2.0,15.89,13.08,7.17
2023-07-23 15:00:00,42.95,38.0,37.9,1.3,18.9,14.98,9.01
2023-07-23 16:00:00,33.4,35.8,34.3,3.0,15.25,12.23,6.68
2023-07-23 17:00:00,32.66,36.0,30.4,1.1,14.7,11.65,6.5
2023-07-23 18:00:00,25.8,34.3,53.5,3.5,11.0,9.03,5.34
2023-07-23 19:00:00,23.36,32.9,39.6,6.7,10.0,7.22,4.64
2023-07-23 20:00:00,23.19,30.3,44.2,5.3,10.31,7.35,4.44
2023-07-23 21:00:00,31.38,33.1,50.4,0.9,13.87,12.47,6.2
2023-07-23 22:00:00,22.66,27.0,45.5,2.5,9.62,7.96,4.38
2023-07-23 23:00:00,30.03,28.8,52.1,1.9,13.09,10.83,6.36
2023-07-24 00:00:00,34.1,27.9,59.6,1.1,15.31,12.16,6.93
2023-07-24 01:00:00,35.51,28.6,60.3,1.4,16.02,13.5,7.8
2023-07-24 02:00:00,37.52,28.7,47.3,6.6,16.32,13.37,7.43
2023-07-24 03:00:00,30.42,26.6,52.0,2.6,14.1,10.79,6.17
2023-07-24 04:00:00,26.44,28.1,48.3,3.0,12.14,9.77,5.54
2023-07-24 05:00:00,26.09,30.8,47.0,3.5,11.81,9.16,5.01
2023-07-24 06:00:00,22.5,29.1,55.6,5.0,10.68,6.89,4.51
2023-07-24 07:00:00,24.7,28.8,42.5,5.4,11.42,8.2,5.1
2023-07-24 08:00:00,33.46,31.1,49.9,7.7,14.23,12.44,7.29
2023-07-24 09:00:00,37.79,31.0,45.8,2.1,16.28,13.24,7.59
2023-07-24 10:00:00,43.56,34.7,49.2,2.5,20.02,15.67,9.1
2023-07-24 11:00:00,47.78,36.8,46.4,2.6,21.0,15.87,9.31
2023-07-24 12:00:00,50.86,35.8,39.0,3.3,23.14,18.31,10.0
2023-07-24 13:00:00,44.5,34.1,42.6,5.4,20.23,16.07,8.75
2023-07-24 14:00:00,48.72,38.2,42.6,2.2,21.83,17.46,10.31
2023-07-24 15:00:00,43.03,33.8,48.3,5.2,18.76,15.49,8.91
2023-07-24 16:00:00,37.8,33.7,31.2,2.0,17.03,12.34,7.7
2023-07-24 17:00:00,35.27,34.9,46.5,4.7,15.3,12.83,7.38
2023-07-24 18:00:00,30.1,34.5,50.8,5.4,13.9,9.17,5.58
2023-07-24 19:00:00,33.39,33.6,45.0,5.9,15.76,11.48,6.59
2023-07-24 20:00:00,35.22,31.6,50.9,3.6,15.68,12.03,7.14
2023-07-24 21:00:00,37.55,33.0,50.8,2.7,17.01,13.15,7.22
2023-07-24 22:00:00,39.99,29.3,50.0,5.2,18.55,13.14,7.42
2023-07-24 23:00:00,43.22,29.7,52.5,2.6,19.3,14.26,8.29
2023-07-25 00:00:00,43.43,28.5,49.9,1.7,19.22,15.42,8.8
2023-07-25 01:00:00,33.6,24.8,53.9,5.7,15.43,11.92,6.93
2023-07-25 02:00:00,33.83,26.4,49.1,3.1,14.5,12.04,6.76
2023-07-25 03:00:00,37.57,30.0,48.9,3.9,16.08,12.72,7.17
2023-07-25 04:00:00,26.24,26.5,61.6,6.7,10.97,9.1,5.05
2023-07-25 05:00:00,21.93,27.1,47.0,1.6,9.75,7.39,4.4
2023-07-25 06:00:00,24.51,29.4,51.8,3.8,11.07,8.01,4.86
2023-07-25 07:00:00,27.6,29.6,50.1,3.8,12.11,9.41,6.53
2023-07-25 08:00:00,27.74,30.4,54.9,6.0,11.92,9.51,5.67
2023-07-25 09:00:00,36.99,32.2,53.7,2.7,16.8,12.43,7.29
2023-07-25 10:00:00,49.96,36.3,35.9,3.0,22.07,17.99,10.1
2023-07-25 11:00:00,42.51,34.9,39.2,3.6,19.4,15.34,9.12
2023-07-25 12:00:00,51.34,34.0,40.7,1.8,23.75,18.67,10.1
2023-07-25 13:00:00,49.64,34.2,40.6,3.4,22.98,17.56,10.07
2023-07-25 14:00:00,51.56,39.9,34.1,3.2,23.41,18.52,10.53
2023-07-25 15:00:00,44.6,36.1,42.4,2.0,20.18,15.94,8.89
2023-07-25 16:00:00,40.23,36.6,35.8,5.7,17.92,14.11,8.05
2023-07-25 17:00:00,36.64,34.0,39.7,3.2,16.64,13.02,6.72
2023-07-25 18:00:00,35.93,34.6,38.5,2.6,16.56,12.89,7.46
2023-07-25 19:00:00,31.73,35.1,44.3,1.6,14.81,11.35,6.34
2023-07-25 20:00:00,32.75,30.6,46.9,1.3,15.43,11.51,6.58
2023-07-25 21:00:00,35.07,31.0,45.6,7.6,15.59,12.7,6.78
2023-07-25 22:00:00,33.54,27.0,47.4,9.8,15.69,11.78,7.22
2023-07-25 23:00:00,40.42,31.1,38.6,6.4,17.97,14.56,7.6
2023-07-26 00:00:00,42.5,27.6,59.0,3.3,19.46,14.35,8.08
2023-07-26 01:00:00,37.44,26.1,51.2,5.4,16.8,13.77,7.54
2023-07-26 02:00:00,30.25,26.1,66.2,5.7,13.15,10.15,6.1
2023-07-26 03:00:00,24.79,26.0,56.7,2.5,12.02,8.26,4.58
2023-07-26 04:00:00,24.28,26.5,61.3,4.0,11.53,9.23,5.11
2023-07-26 05:00:00,20.3,24.4,59.7,7.5,8.44,6.89,3.87
2023-07-26 06:00:00,25.65,28.9,50.1,2.4,11.7,8.99,5.18
2023-07-26 07:00:00,30.9,30.1,44.9,4.4,13.74,10.87,6.24
2023-07-26 08:00:00,7.17,32.3,40.4,4.4,3.43,2.78,1.59
2023-07-26 09:00:00,39.71,32.1,51.1,3.3,18.14,15.06,8.06
2023-07-26 10:00:00,43.1,32.9,45.8,3.5,19.81,14.94,8.47
2023-07-26 11:00:00,44.83,35.1,45.0,3.3,19.67,16.03,8.92
2023-07-26 12:00:00,46.4,33.5,47.9,3.6,19.95,15.95,9.26
2023-07-26 13:00:00,53.23,36.6,41.9,1.7,24.35,18.3,10.85
2023-07-26 14:00:00,43.45,33.8,41.1,5.3,19.01,15.11,8.33
2023-07-26 15:00:00,47.55,38.1,43.4,4.4,21.22,16.75,9.62
2023-07-26 16:00:00,40.01,36.9,38.7,8.1,17.99,12.99,8.04
2023-07-26 17:00:00,30.67,33.7,44.0,2.3,13.7,10.73,6.52
2023-07-26 18:00:00,33.95,35.1,45.5,1.7,15.66,12.03,6.62
2023-07-26 19:00:00,32.99,33.0,44.1,2.7,14.08,10.91,7.1
2023-07-26 20:00:00,28.86,30.0,38.9,3.6,12.46,9.89,5.74
2023-07-26 21:00:00,29.44,27.2,56.5,2.0,12.97,10.73,4.9
2023-07-26 22:00:00,34.88,29.5,54.8,3.3,15.56,12.36,7.05
2023-07-26 23:00:00,38.72,26.8,42.6,4.3,16.7,13.1,7.62
2023-07-27 00:00:00,39.27,28.8,44.2,1.0,17.99,13.95,7.82
2023-07-27 01:00:00,39.45,26.7,62.1,5.1,17.1,14.62,8.01
2023-07-27 02:00:00,35.04,25.5,54.6,7.1,15.16,11.32,7.32
2023-07-27 03:00:00,33.14,29.4,48.8,2.4,15.32,12.17,7.46
2023-07-27 04:00:00,25.07,28.0,48.2,5.2,11.11,9.06,4.67
2023-07-27 05:00:00,13.57,22.5,51.9,3.1,6.65,4.29,3.07
2023-07-27 06:00:00,20.51,28.3,49.1,4.4,7.65,7.53,4.21
2023-07-27 07:00:00,21.55,28.1,55.1,4.9,9.36,7.84,3.89
2023-07-27 08:00:00,34.44,30.3,47.6,2.5,16.0,12.26,7.14
2023-07-27 09:00:00,38.44,32.6,48.0,5.3,16.96,13.21,8.19
2023-07-27 10:00:00,45.81,34.5,51.4,1.4,20.89,15.81,8.96
2023-07-27 11:00:00,43.37,35.4,38.6,8.8,19.14,14.87,8.54
2023-07-27 12:00:00,49.96,37.5,40.6,2.7,22.71,17.78,10.57
2023-07-27 13:00:00,53.93,37.3,44.3,2.1,24.11,19.51,10.79
2023-07-27 14:00:00,49.8,37.4,34.5,1.6,23.38,17.72,9.92
2023-07-27 15:00:00,43.87,36.6,40.9,5.5,19.82,15.13,8.22
2023-07-27 16:00:00,43.59,37.8,48.0,4.0,19.29,14.66,8.54
2023-07-27 17:00:00,38.73,34.6,40.8,7.4,16.93,13.77,7.53
2023-07-27 18:00:00,31.58,33.6,49.1,4.3,14.53,10.9,6.78
2023-07-27 19:00:00,27.87,29.9,47.4,2.7,13.1,8.93,5.19
2023-07-27 20:00:00,35.65,33.1,53.3,5.7,15.6,12.39,7.18
2023-07-27 21:00:00,40.41,30.1,39.7,2.4,18.83,13.75,8.05
2023-07-27 22:00:00,37.89,33.4,44.2,2.5,17.42,13.03,7.24
2023-07-27 23:00:00,38.53,27.4,43.8,0.7,17.37,14.13,8.44
2023-07-28 00:00:00,37.47,27.2,47.8,2.3,16.82,13.39,7.95
2023-07-28 01:00:00,38.45,27.4,47.5,2.3,18.04,14.09,7.72
2023-07-28 02:00:00,28.68,24.8,52.9,2.5,13.09,10.48,6.32
2023-07-28 03:00:00,29.99,27.2,45.5,2.9,13.58,10.39,5.6
2023-07-28 04:00:00,28.16,27.2,51.0,3.9,12.33,10.68,5.84
2023-07-28 05:00:00,31.85,27.5,53.4,2.1,14.31,10.94,5.69
2023-07-28 06:00:00,29.96,30.7,39.5,4.3,14.47,10.05,5.55
2023-07-28 07:00:00,23.96,28.8,46.3,1.6,10.73,8.06,4.38
2023-07-28 08:00:00,32.36,31.9,58.5,6.9,15.34,11.85,6.67
2023-07-28 09:00:00,40.63,34.9,43.7,0.7,17.16,14.15,8.0
2023-07-28 10:00:00,37.97,32.9,35.5,6.6,16.83,12.69,7.71
2023-07-28 11:00:00,46.86,34.5,35.6,3.8,21.48,15.95,9.31
2023-07-28 12:00:00,57.65,39.3,38.0,4.7,26.25,20.61,11.35
2023-07-28 13:00:00,48.17,37.0,40.1,2.5,21.18,17.12,9.44
2023-07-28 14:00:00,49.28,35.7,38.2,1.9,22.93,17.75,10.04
2023-07-28 15:00:00,46.82,37.5,50.0,7.3,22.82,16.38,9.64
2023-07-28 16:00:00,36.18,34.9,55.2,3.2,17.27,12.73,6.84
2023-07-28 17:00:00,31.48,32.6,43.5,3.4,14.83,10.6,6.69
2023-07-28 18:00:00,39.88,36.0,45.2,8.7,17.42,14.44,7.57
2023-07-28 19:00:00,31.35,31.1,51.3,2.7,14.43,10.94,6.0
2023-07-28 20:00:00,38.34,35.1,47.1,1.4,17.31,12.8,7.91
2023-07-28 21:00:00,32.91,29.4,45.5,4.0,15.14,10.76,6.09
2023-07-28 22:00:00,41.54,32.1,55.1,3.8,18.06,14.85,8.2
2023-07-28 23:00:00,33.38,25.9,52.6,5.2,15.27,11.3,6.7
2023-07-29 00:00:00,25.86,28.6,51.8,7.5,11.44,9.18,5.71
2023-07-29 01:00:00,33.54,27.3,51.2,2.6,14.91,11.86,6.73
2023-07-29 02:00:00,27.27,27.6,50.1,4.8,12.27,9.56,5.41
2023-07-29 03:00:00,25.61,28.0,51.8,3.2,10.76,9.07,4.92
2023-07-29 04:00:00,19.11,26.3,46.5,5.3,9.2,6.92,4.09
2023-07-29 05:00:00,14.72,25.9,43.1,1.8,6.94,4.49,3.1
2023-07-29 06:00:00,19.73,28.8,48.4,3.5,8.88,6.2,3.99
2023-07-29 07:00:00,19.37,30.4,43.1,1.2,8.03,6.2,4.14
2023-07-29 08:00:00,31.5,30.7,49.9,3.9,13.56,10.55,6.19
2023-07-29 09:00:00,29.16,33.1,46.5,1.8,13.61,10.53,5.83
2023-07-29 10:00:00,34.4,34.4,42.8,7.6,15.16,11.48,7.06
2023-07-29 11:00:00,36.71,33.6,51.1,3.8,16.06,12.92,7.16
2023-07-29 12:00:00,45.91,36.3,40.4,3.7,19.91,15.93,9.05
2023-07-29 13:00:00,41.23,35.8,33.7,8.0,18.57,14.34,8.53
2023-07-29 14:00:00,35.33,35.3,40.5,3.5,15.47,12.47,7.07
2023-07-29 15:00:00,41.83,37.4,45.0,4.5,18.5,14.84,8.72
2023-07-29 16:00:00,33.44,34.5,33.1,0.9,15.53,11.99,6.89
2023-07-29 17:00:00,30.43,34.2,42.5,4.7,13.69,10.75,5.53
2023-07-29 18:00:00,29.76,34.0,46.1,1.4,12.63,9.99,5.77
2023-07-29 19:00:00,35.83,34.7,55.6,5.2,15.88,13.27,7.06
2023-07-29 20:00:00,32.76,31.7,52.0,6.1,14.88,11.5,6.35
2023-07-29 21:00:00,27.21,30.9,47.6,2.6,12.45,10.75,5.29
2023-07-29 22:00:00,32.13,28.4,52.5,6.2,15.36,11.49,6.69
2023-07-29 23:00:00,30.03,27.7,41.2,3.4,13.84,10.55,6.61
2023-07-30 00:00:00,29.95,26.9,46.5,3.9,13.57,10.35,6.5
2023-07-30 01:00:00,23.73,26.9,54.9,3.1,11.21,8.68,4.78
2023-07-30 02:00:00,23.9,25.9,53.8,3.4,11.14,7.79,4.8
2023-07-30 03:00:00,23.42,28.5,51.3,6.6,9.05,7.71,5.04
2023-07-30 04:00:00,21.6,26.4,52.5,7.3,9.36,6.48,4.68
2023-07-30 05:00:00,18.34,25.2,53.7,3.3,8.18,6.19,3.94
2023-07-30 06:00:00,21.29,32.9,45.0,3.6,8.79,7.13,4.03
2023-07-30 07:00:00,22.07,29.5,43.3,1.5,9.48,7.58,4.31
2023-07-30 08:00:00,32.62,33.3,42.9,2.7,15.11,11.17,6.69
2023-07-30 09:00:00,34.31,34.7,36.1,3.6,15.23,12.42,7.02
2023-07-30 10:00:00,40.19,35.2,38.6,2.0,18.33,14.65,8.23
2023-07-30 11:00:00,40.29,34.6,48.5,3.9,18.25,13.28,8.12
2023-07-30 12:00:00,43.3,36.1,39.8,4.6,20.02,15.24,8.5
2023-07-30 13:00:00,38.25,34.2,45.9,4.3,17.07,13.56,7.53
2023-07-30 14:00:00,41.43,39.3,37.4,3.2,19.23,14.13,8.15
2023-07-30 15:00:00,32.2,34.9,40.2,5.1,15.08,11.4,6.54
2023-07-30 16:00:00,34.56,35.3,36.6,2.6,15.02,11.39,6.74
2023-07-30 17:00:00,30.38,35.0,40.0,3.4,13.9,11.01,6.03
2023-07-30 18:00:00,27.21,33.7,44.5,2.4,12.18,8.82,5.53
2023-07-30 19:00:00,24.21,31.6,49.0,4.1,10.66,9.04,4.06
2023-07-30 20:00:00,29.24,33.4,44.5,3.2,13.96,9.37,6.84
2023-07-30 21:00:00,74.73,31.4,49.5,2.1,33.74,26.37,15.0
2023-07-30 22:00:00,28.63,29.3,41.2,2.6,12.25,10.65,5.4
2023-07-30 23:00:00,24.99,27.2,55.7,2.4,11.45,7.98,4.84
2023-07-31 00:00:00,41.8,28.5,44.1,6.6,18.85,14.56,8.44
2023-07-31 01:00:00,34.24,25.7,58.1,3.6,14.98,12.99,7.43
2023-07-31 02:00:00,36.41,28.6,52.2,4.4,16.81,12.26,7.08
2023-07-31 03:00:00,33.57,26.6,42.8,7.0,15.37,11.78,6.12
2023-07-31 04:00:00,29.01,28.8,53.2,1.9,12.27,9.96,5.78
2023-07-31 05:00:00,25.21,27.5,55.9,7.1,11.53,8.59,5.0
2023-07-31 06:00:00,22.51,28.8,55.7,3.7,9.78,6.64,4.32
2023-07-31 07:00:00,30.32,31.8,42.0,5.9,13.71,11.08,6.33
2023-07-31 08:00:00,39.25,34.5,43.5,1.8,17.27,13.12,7.73
2023-07-31 09:00:00,38.11,34.9,45.6,2.4,17.38,13.47,7.47
2023-07-31 10:00:00,46.52,35.1,45.6,2.0,21.26,16.33,9.52
2023-07-31 11:00:00,49.92,35.7,43.3,4.4,22.23,17.66,9.97
2023-07-31 12:00:00,49.5,34.8,40.1,1.7,21.98,17.16,9.74
2023-07-31 13:00:00,53.54,36.5,45.1,5.3,24.0,18.28,10.3
2023-07-31 14:00:00,46.58,34.9,47.1,2.3,21.14,15.75,9.62
2023-07-31 15:00:00,48.33,36.6,39.3,2.3,21.52,17.17,9.83
2023-07-31 16:00:00,37.8,36.2,36.6,2.4,16.95,13.45,7.5
2023-07-31 17:00:00,31.28,31.8,42.2,5.0,13.32,11.47,6.58
2023-07-31 18:00:00,33.09,33.8,50.3,6.8,14.97,11.15,6.2
2023-07-31 19:00:00,30.25,33.2,49.0,6.5,13.29,10.13,6.43
2023-07-31 20:00:00,35.0,31.1,46.6,1.4,15.88,11.48,7.11
2023-07-31 21:00:00,41.22,30.5,46.4,2.3,18.78,14.31,8.22
2023-07-31 22:00:00,33.48,26.7,43.1,4.5,15.48,11.99,6.96
2023-07-31 23:00:00,37.25,26.5,51.7,4.2,16.7,13.47,7.85
2023-08-01 00:00:00,40.07,28.4,44.0,2.8,17.72,14.02,7.92
2023-08-01 01:00:00,6.8,26.3,53.2,6.0,3.79,2.7,1.24
2023-08-01 02:00:00,28.99,26.7,57.9,1.6,13.57,10.22,5.62
2023-08-01 03:00:00,26.29,25.5,48.5,4.3,11.77,9.14,5.15
2023-08-01 04:00:00,22.85,26.9,53.0,2.4,10.8,7.57,4.36
2023-08-01 05:00:00,23.81,24.2,60.0,3.7,11.03,9.27,5.33
2023-08-01 06:00:00,26.89,29.9,49.2,3.0,12.95,8.61,5.51
2023-08-01 07:00:00,31.3,32.6,42.3,8.4,14.43,10.63,6.54
2023-08-01 08:00:00,32.61,29.6,48.6,3.5,14.85,11.26,6.2
2023-08-01 09:00:00,33.55,31.1,51.5,8.2,14.91,11.14,7.17
2023-08-01 10:00:00,43.1,34.3,44.1,2.3,19.54,14.6,8.46
2023-08-01 11:00:00,51.81,36.9,39.7,5.1,22.91,17.49,10.69
2023-08-01 12:00:00,53.09,35.5,47.2,4.8,24.38,18.83,10.65
2023-08-01 13:00:00,48.76,34.2,45.6,5.8,21.57,16.96,9.68
2023-08-01 14:00:00,47.93,35.9,35.0,4.6,21.87,17.8,9.93
2023-08-01 15:00:00,41.65,34.5,45.8,4.5,18.67,14.81,8.43
2023-08-01 16:00:00,38.77,34.5,47.4,4.4,17.81,13.65,8.15
2023-08-01 17:00:00,35.16,34.2,36.7,8.7,16.23,12.16,6.89
2023-08-01 18:00:00,28.11,32.3,33.9,2.2,12.93,10.31,5.53
2023-08-01 19:00:00,30.34,31.3,41.2,0.7,13.63,9.63,5.72
2023-08-01 20:00:00,30.26,31.3,46.0,4.5,13.92,11.08,5.97
2023-08-01 21:00:00,35.27,30.2,52.8,1.8,15.31,12.06,7.0
2023-08-01 22:00:00,32.12,26.5,47.7,4.5,15.17,10.2,6.63
2023-08-01 23:00:00,44.96,28.2,52.9,2.6,20.72,15.1,8.97
2023-08-02 00:00:00,36.55,26.2,38.1,0.9,15.88,13.4,7.56
2023-08-02 01:00:00,33.87,27.3,52.1,5.1,15.96,11.92,6.81
2023-08-02 02:00:00,34.18,27.3,49.3,1.0,14.43,13.07,7.16
2023-08-02 03:00:00,29.34,25.4,64.0,2.1,13.52,9.88,5.97
2023-08-02 04:00:00,31.83,27.7,41.3,2.7,13.88,11.08,6.12
2023-08-02 05:00:00,21.35,26.3,52.4,1.6,9.63,7.37,4.33
2023-08-02 06:00:00,24.28,30.6,37.8,6.6,11.17,7.67,5.37
2023-08-02 07:00:00,28.31,28.6,46.9,4.2,13.33,9.81,5.9
2023-08-02 08:00:00,30.1,31.6,37.5,6.1,13.58,10.6,5.86
2023-08-02 09:00:00,36.94,32.1,57.0,4.5,16.46,12.78,7.41
2023-08-02 10:00:00,41.07,32.1,43.7,9.3,17.95,15.11,7.94
2023-08-02 11:00:00,50.16,36.0,39.8,3.7,22.66,17.23,9.93
2023-08-02 12:00:00,50.84,34.5,42.4,1.0,22.24,17.71,10.51
2023-08-02 13:00:00,44.71,33.4,38.3,1.8,20.49,14.85,8.47
2023-08-02 14:00:00,40.59,31.8,51.2,4.0,18.37,13.77,7.89
2023-08-02 15:00:00,41.75,34.6,45.7,2.8,19.02,13.63,7.93
2023-08-02 16:00:00,42.72,37.5,43.6,1.5,19.74,14.91,8.18
2023-08-02 17:00:00,38.39,36.5,34.1,2.2,17.58,13.62,7.48
2023-08-02 18:00:00,32.23,32.5,50.7,3.4,15.14,11.57,6.38
2023-08-02 19:00:00,33.22,31.8,50.9,3.6,14.66,11.64,6.76
2023-08-02 20:00:00,32.69,30.4,46.4,7.0,14.76,11.38,6.49
2023-08-02 21:00:00,32.7,27.8,55.1,1.3,14.26,11.29,6.73
2023-08-02 22:00:00,30.42,27.2,52.8,2.8,13.03,10.53,6.03
2023-08-02 23:00:00,40.03,29.0,41.2,3.6,17.73,13.31,8.04
2023-08-03 00:00:00,39.82,27.4,50.2,1.5,17.89,13.88,7.86
2023-08-03 01:00:00,38.17,26.6,49.7,4.6,17.48,12.84,7.14
2023-08-03 02:00:00,27.99,24.0,55.6,3.6,12.56,9.73,5.26
2023-08-03 03:00:00,5.56,26.3,57.5,3.3,2.83,1.33,0.82
2023-08-03 04:00:00,20.78,23.2,47.9,4.4,10.38,7.72,4.21
2023-08-03 05:00:00,27.92,28.7,47.3,2.5,12.05,10.58,5.82
2023-08-03 06:00:00,28.39,28.9,45.2,2.7,13.06,9.34,5.85
2023-08-03 07:00:00,24.0,27.7,46.9,1.8,10.37,7.96,4.47
2023-08-03 08:00:00,38.63,33.4,39.8,3.7,17.86,13.17,8.03
2023-08-03 09:00:00,34.69,29.6,48.8,2.9,15.96,12.07,7.02
2023-08-03 10:00:00,44.86,34.3,45.4,2.3,19.4,16.22,8.77
2023-08-03 11:00:00,49.0,35.4,43.3,1.5,21.77,16.3,9.53
2023-08-03 12:00:00,49.55,33.5,44.8,0.7,23.5,17.24,9.64
2023-08-03 13:00:00,50.95,35.8,44.2,2.0,22.22,18.6,10.39
2023-08-03 14:00:00,49.73,33.6,55.6,2.3,21.72,16.64,9.93
2023-08-03 15:00:00,35.19,31.6,46.8,3.5,16.13,12.96,6.56
2023-08-03 16:00:00,38.12,33.7,48.6,2.2,17.14,12.86,7.28
2023-08-03 17:00:00,32.58,33.6,48.5,5.5,14.0,10.73,6.62
2023-08-03 18:00:00,32.0,34.5,51.5,3.4,14.77,12.03,6.42
2023-08-03 19:00:00,32.05,32.4,47.9,4.2,14.86,11.91,6.57
2023-08-03 20:00:00,33.28,31.2,42.4,2.0,14.16,10.56,6.54
2023-08-03 21:00:00,39.55,28.2,51.7,3.1,18.84,14.45,8.36
2023-08-03 22:00:00,34.82,27.7,52.0,4.1,16.18,12.51,6.96
2023-08-03 23:00:00,32.75,26.1,56.8,2.6,14.9,11.77,6.31
2023-08-04 00:00:00,35.37,24.8,49.9,2.7,15.49,11.98,6.44
2023-08-04 01:00:00,29.17,25.2,60.1,5.4,12.79,10.48,5.92
2023-08-04 02:00:00,32.63,26.0,52.8,5.7,14.15,11.79,5.8
2023-08-04 03:00:00,27.95,25.2,57.9,3.7,11.85,9.66,5.69
2023-08-04 04:00:00,27.46,26.1,54.2,6.4,12.47,10.49,5.39
2023-08-04 05:00:00,28.64,28.4,50.5,4.9,12.79,8.7,5.25
2023-08-04 06:00:00,22.81,27.7,52.0,1.0,10.72,8.0,4.25
2023-08-04 07:00:00,24.63,27.6,54.2,3.8,11.37,8.22,4.79
2023-08-04 08:00:00,32.04,31.8,55.7,4.6,14.67,11.73,6.57
2023-08-04 09:00:00,36.16,32.6,34.8,3.7,16.31,13.03,6.97
2023-08-04 10:00:00,45.46,33.9,46.0,5.7,20.05,15.59,9.47
2023-08-04 11:00:00,46.46,35.4,41.7,2.5,21.26,16.39,9.48
2023-08-04 12:00:00,50.43,35.9,40.0,1.1,22.82,16.82,10.9
2023-08-04 13:00:00,47.76,35.8,29.2,4.3,21.42,17.25,10.08
2023-08-04 14:00:00,54.45,39.5,39.5,4.9,24.29,18.14,11.39
2023-08-04 15:00:00,45.3,33.8,42.8,5.1,20.29,15.69,8.96
2023-08-04 16:00:00,34.61,34.4,38.6,0.5,15.08,11.69,7.5
2023-08-04 17:00:00,32.79,35.9,41.1,4.5,15.4,12.08,7.05
2023-08-04 18:00:00,32.7,33.6,42.2,0.6,13.86,11.04,6.53
2023-08-04 19:00:00,33.63,33.4,35.3,5.2,15.21,12.51,6.92
2023-08-04 20:00:00,33.62,31.2,47.0,4.7,15.16,12.33,6.52
2023-08-04 21:00:00,36.48,31.7,48.9,3.9,16.63,11.64,7.3
2023-08-04 22:00:00,33.67,26.9,49.0,3.6,14.91,12.78,6.69
2023-08-04 23:00:00,41.57,29.4,50.0,4.8,18.82,13.84,8.91
2023-08-05 00:00:00,33.89,28.3,50.6,1.0,15.83,11.75,6.49
2023-08-05 01:00:00,19.54,24.2,60.2,5.7,8.49,7.18,4.35
2023-08-05 02:00:00,25.33,26.8,51.3,2.0,11.98,9.21,5.05
2023-08-05 03:00:00,22.72,25.9,56.9,3.4,10.17,8.14,4.35
2023-08-05 04:00:00,16.56,25.6,51.7,3.5,7.7,5.85,3.06
2023-08-05 05:00:00,19.43,24.5,64.5,5.2,8.09,6.39,3.44
2023-08-05 06:00:00,16.29,26.8,49.6,2.0,7.85,5.83,3.39
2023-08-05 07:00:00,24.2,30.6,43.8,2.5,11.94,8.3,5.08
2023-08-05 08:00:00,29.93,32.1,45.0,4.4,13.0,10.58,6.23
2023-08-05 09:00:00,29.51,31.8,42.2,3.1,13.17,9.17,6.29
2023-08-05 10:00:00,33.31,34.6,36.3,2.5,15.54,12.88,6.91
2023-08-05 11:00:00,40.75,35.8,44.7,4.2,17.82,14.74,8.17
2023-08-05 12:00:00,44.57,35.4,26.2,1.3,20.47,15.6,8.77
2023-08-05 13:00:00,39.17,34.6,38.9,5.3,17.08,13.91,7.7
2023-08-05 14:00:00,38.71,36.5,33.5,3.7,17.08,13.87,7.66
2023-08-05 15:00:00,40.18,36.4,41.0,2.0,18.39,14.31,8.11
2023-08-05 16:00:00,33.9,36.2,29.6,3.1,15.89,12.19,7.0
2023-08-05 17:00:00,30.63,35.7,43.9,1.6,14.21,10.87,6.31
2023-08-05 18:00:00,24.96,31.3,49.7,4.2,11.4,8.62,4.47
2023-08-05 19:00:00,27.37,31.4,38.2,4.5,11.92,8.92,5.35
2023-08-05 20:00:00,28.39,28.0,51.4,3.1,12.81,9.78,5.42
2023-08-05 21:00:00,31.33,30.7,49.8,2.7,14.0,11.13,6.2
2023-08-05 22:00:00,31.01,28.0,55.1,5.8,14.22,11.36,6.3
2023-08-05 23:00:00,28.8,28.0,43.1,3.9,12.98,10.32,5.45
2023-08-06 00:00:00,22.72,24.2,46.9,4.4,9.98,7.81,4.54
2023-08-06 01:00:00,30.41,28.0,57.9,1.6,14.04,10.68,6.01
2023-08-06 02:00:00,22.43,24.0,51.1,4.7,9.97,7.32,4.53
2023-08-06 03:00:00,21.28,27.1,48.9,3.3,9.24,7.71,4.14
2023-08-06 04:00:00,19.99,26.6,55.2,2.9,9.01,6.8,3.55
2023-08-06 05:00:00,19.87,26.9,45.8,6.9,8.56,6.36,3.24
2023-08-06 06:00:00,20.39,27.8,49.3,1.0,8.82,7.0,3.85
2023-08-06 07:00:00,22.49,28.5,54.3,2.0,10.71,7.96,4.42
2023-08-06 08:00:00,30.3,32.7,37.7,2.9,13.03,11.11,5.97
2023-08-06 09:00:00,30.18,32.1,43.0,2.7,14.37,10.54,6.28
2023-08-06 10:00:00,31.9,31.3,40.8,3.6,14.96,10.18,6.6
2023-08-06 11:00:00,35.79,33.7,39.7,3.0,15.47,12.43,6.56
2023-08-06 12:00:00,46.35,35.3,47.6,5.3,20.97,16.12,9.01
2023-08-06 13:00:00,43.64,36.9,46.7,5.1,19.81,14.82,8.92
2023-08-06 14:00:00,37.86,34.8,43.5,5.2,17.11,12.84,7.86
2023-08-06 15:00:00,33.19,34.8,44.9,2.9,14.87,12.15,7.11
2023-08-06 16:00:00,40.55,35.1,44.4,3.1,18.05,14.37,8.02
2023-08-06 17:00:00,29.19,35.6,37.9,4.8,12.75,10.75,5.17
2023-08-06 18:00:00,23.45,31.2,47.8,1.5,10.32,8.6,4.22
2023-08-06 19:00:00,28.72,32.8,38.2,5.9,13.55,10.02,5.65
2023-08-06 20:00:00,27.12,30.1,43.1,3.7,12.99,9.67,4.99
2023-08-06 21:00:00,29.2,29.0,48.8,5.8,12.15,10.17,5.5
2023-08-06 22:00:00,37.56,31.3,41.2,5.3,16.92,12.9,7.31
2023-08-06 23:00:00,29.87,26.9,45.3,2.9,13.47,9.74,5.41
2023-08-07 00:00:00,36.36,27.5,47.5,1.4,16.49,12.51,7.33
2023-08-07 01:00:00,36.52,26.9,57.4,6.8,16.26,13.39,7.97
2023-08-07 02:00:00,30.83,23.9,63.1,2.8,14.21,10.03,6.36
2023-08-07 03:00:00,31.48,23.1,56.2,2.9,14.74,11.18,6.47
2023-08-07 04:00:00,24.4,27.6,53.8,6.6,11.39,7.9,5.22
2023-08-07 05:00:00,25.06,25.5,50.6,6.7,10.12,8.43,5.61
2023-08-07 06:00:00,21.75,25.7,42.9,2.3,9.77,7.8,4.47
2023-08-07 07:00:00,32.26,30.9,42.5,1.3,14.32,11.25,6.75
2023-08-07 08:00:00,29.99,29.1,47.5,0.5,13.32,10.78,6.12
2023-08-07 09:00:00,34.39,30.8,47.8,3.2,15.56,11.83,7.08
2023-08-07 10:00:00,50.11,36.1,40.2,3.9,21.83,17.54,9.7
2023-08-07 11:00:00,45.99,31.7,44.5,2.4,21.68,15.95,9.79
2023-08-07 12:00:00,49.89,33.1,41.4,2.3,23.63,17.35,9.86
2023-08-07 13:00:00,48.97,34.8,44.0,2.8,22.31,17.64,9.36
2023-08-07 14:00:00,45.5,35.3,34.8,2.3,20.31,16.26,9.3
2023-08-07 15:00:00,37.63,34.1,47.0,5.9,17.44,12.5,7.67
2023-08-07 16:00:00,38.48,33.2,41.2,4.3,17.04,13.74,7.43
2023-08-07 17:00:00,39.56,36.5,50.6,5.6,18.5,14.35,7.65
2023-08-07 18:00:00,30.72,33.6,42.2,6.0,14.88,10.48,5.59
2023-08-07 19:00:00,31.71,32.8,42.2,3.2,14.26,10.92,6.65
2023-08-07 20:00:00,31.07,30.5,44.6,3.4,14.38,10.53,6.39
2023-08-07 21:00:00,31.3,29.8,45.9,8.3,14.68,10.73,6.6
2023-08-07 22:00:00,36.35,29.6,51.6,5.5,16.17,12.66,7.32
2023-08-07 23:00:00,32.41,25.6,53.0,5.4,14.44,11.55,6.54
2023-08-08 00:00:00,36.8,26.6,57.0,4.0,16.4,12.92,7.72
2023-08-08 01:00:00,35.2,26.8,54.2,3.3,16.17,12.55,7.11
2023-08-08 02:00:00,31.89,27.9,50.7,6.4,14.26,11.45,6.21
2023-08-08 03:00:00,38.42,28.7,51.5,5.4,17.12,13.58,8.07
2023-08-08 04:00:00,29.27,26.3,58.4,3.6,14.19,11.17,5.69
2023-08-08 05:00:00,25.05,28.7,52.8,2.4,11.28,8.51,4.98
2023-08-08 06:00:00,19.65,24.1,56.5,1.7,8.66,7.66,3.7
2023-08-08 07:00:00,32.33,31.6,48.2,3.8,15.23,10.64,6.08
2023-08-08 08:00:00,33.82,29.5,42.9,2.5,15.02,11.65,6.66
2023-08-08 09:00:00,35.58,31.5,59.1,2.4,16.23,12.46,7.55
2023-08-08 10:00:00,47.45,33.7,46.2,1.4,21.38,16.43,10.25
2023-08-08 11:00:00,46.31,33.9,46.5,0.8,20.91,16.67,8.65
2023-08-08 12:00:00,47.33,35.2,41.6,5.2,20.11,15.56,9.39
2023-08-08 13:00:00,55.35,37.8,27.2,1.4,25.13,19.04,10.93
2023-08-08 14:00:00,49.84,35.0,40.7,6.3,22.85,17.06,10.2
2023-08-08 15:00:00,47.5,33.8,43.9,2.1,21.8,14.83,9.47
2023-08-08 16:00:00,40.06,37.6,34.8,5.1,19.03,13.33,8.09
2023-08-08 17:00:00,37.97,34.9,38.0,5.6,16.66,14.02,7.81
2023-08-08 18:00:00,35.78,35.9,39.2,5.3,15.63,12.26,6.96
2023-08-08 19:00:00,35.58,33.1,48.1,6.1,16.41,11.76,7.31
2023-08-08 20:00:00,25.83,28.6,56.0,2.7,11.27,9.39,5.07
2023-08-08 21:00:00,32.58,30.2,48.6,8.8,15.38,10.49,7.02
2023-08-08 22:00:00,32.08,26.6,49.3,2.4,14.79,11.7,6.21
2023-08-08 23:00:00,37.64,27.0,49.7,7.0,17.27,13.67,7.57
2023-08-09 00:00:00,35.39,26.0,53.3,3.2,16.04,12.3,6.73
2023-08-09 01:00:00,34.61,23.2,57.2,1.0,15.51,12.23,6.57
2023-08-09 02:00:00,33.15,24.2,57.1,5.3,15.28,12.78,6.37
2023-08-09 03:00:00,35.38,28.9,47.1,5.3,16.34,12.41,7.27
2023-08-09 04:00:00,30.5,26.5,54.9,2.0,14.0,11.79,6.18
2023-08-09 05:00:00,25.01,26.7,54.3,5.6,11.2,8.87,5.26
2023-08-09 06:00:00,25.95,30.7,45.2,1.8,10.83,9.13,5.28
2023-08-09 07:00:00,30.24,28.6,41.1,1.7,13.42,9.42,6.5
2023-08-09 08:00:00,30.69,30.3,43.2,5.5,13.7,10.59,5.8
2023-08-09 09:00:00,42.61,33.2,51.9,2.5,19.49,14.92,8.6
2023-08-09 10:00:00,46.69,32.4,36.7,1.2,21.88,17.21,9.89
2023-08-09 11:00:00,47.42,32.9,51.1,7.5,20.67,16.94,9.61
2023-08-09 12:00:00,41.34,31.4,37.7,3.8,18.37,14.85,8.48
2023-08-09 13:00:00,45.5,33.9,39.5,3.3,20.17,15.82,9.72
2023-08-09 14:00:00,48.59,34.0,41.3,3.6,21.44,17.53,9.23
2023-08-09 15:00:00,43.34,35.5,50.3,4.5,19.76,15.9,9.25
2023-08-09 16:00:00,37.73,33.9,43.5,6.0,17.31,12.94,7.76
2023-08-09 17:00:00,41.72,37.2,38.3,4.5,18.75,14.58,8.16
2023-08-09 18:00:00,31.77,31.4,41.7,4.9,14.65,11.01,6.76
2023-08-09 19:00:00,35.45,33.9,46.0,1.9,17.33,12.13,6.86
2023-08-09 20:00:00,32.38,30.8,44.5,3.0,14.87,10.76,6.76
2023-08-09 21:00:00,35.25,30.4,46.4,4.0,14.91,12.98,6.6
2023-08-09 22:00:00,39.98,29.1,47.3,4.2,18.23,14.27,7.57
2023-08-09 23:00:00,34.35,23.6,59.3,2.4,15.71,11.97,6.87
2023-08-10 00:00:00,36.42,26.0,56.6,8.1,15.99,12.07,7.4
2023-08-10 01:00:00,37.45,25.1,49.4,1.5,16.98,13.58,7.33
2023-08-10 02:00:00,29.97,23.7,52.5,1.5,13.8,10.71,5.6
2023-08-10 03:00:00,27.74,26.2,48.9,2.2,12.53,9.63,5.14
2023-08-10 04:00:00,27.8,28.6,50.6,5.0,13.15,8.72,4.79
2023-08-10 05:00:00,17.6,22.8,61.2,0.8,8.09,5.29,3.95
2023-08-10 06:00:00,22.95,27.1,52.5,8.9,10.33,7.57,4.5
2023-08-10 07:00:00,27.93,27.2,40.4,8.9,11.86,9.19,5.93
2023-08-10 08:00:00,30.48,30.5,51.2,1.8,13.0,11.02,5.57
2023-08-10 09:00:00,37.76,31.2,39.9,3.0,16.44,13.51,7.01
2023-08-10 10:00:00,40.58,31.9,42.1,2.0,18.61,14.78,7.43
2023-08-10 11:00:00,48.78,34.9,43.1,3.1,21.74,16.57,9.71
2023-08-10 12:00:00,49.98,37.1,39.0,3.7,21.97,17.33,10.12
2023-08-10 13:00:00,55.26,39.2,41.3,5.6,24.81,19.38,10.96
2023-08-10 14:00:00,45.18,34.2,39.8,0.8,20.29,15.99,8.75
2023-08-10 15:00:00,40.58,32.5,40.2,8.8,17.87,14.68,8.18
2023-08-10 16:00:00,40.64,35.5,39.8,7.1,18.43,14.93,8.06
2023-08-10 17:00:00,35.52,36.3,45.3,3.9,16.8,13.51,7.21
2023-08-10 18:00:00,36.87,34.1,46.3,3.4,16.09,12.6,6.92
2023-08-10 19:00:00,35.67,34.1,43.6,3.8,16.26,12.6,7.13
2023-08-10 20:00:00,32.32,30.0,54.6,0.6,13.94,10.91,6.6
2023-08-10 21:00:00,32.75,28.1,55.9,4.9,15.43,11.99,6.63
2023-08-10 22:00:00,35.05,28.0,54.3,3.5,15.2,12.0,6.99
2023-08-10 23:00:00,37.07,26.3,46.5,2.5,15.76,12.93,7.32
2023-08-11 00:00:00,39.68,26.9,55.6,3.3,18.03,14.04,7.92
2023-08-11 01:00:00,33.06,26.9,50.7,2.5,14.4,11.4,6.85
2023-08-11 02:00:00,33.26,26.8,49.8,4.7,16.02,12.33,6.77
2023-08-11 03:00:00,29.26,26.2,49.2,4.1,12.55,9.84,5.73
2023-08-11 04:00:00,26.95,26.3,51.6,3.0,11.35,9.9,5.23
2023-08-11 05:00:00,28.97,27.9,47.4,2.6,13.13,9.98,5.95
2023-08-11 06:00:00,18.4,24.8,55.1,6.2,7.16,5.43,3.62
2023-08-11 07:00:00,26.79,29.3,48.0,4.5,11.29,9.32,5.89
2023-08-11 08:00:00,31.08,30.3,48.7,4.8,13.48,11.05,6.17
2023-08-11 09:00:00,36.41,31.9,48.5,4.2,15.85,13.45,7.04
2023-08-11 10:00:00,42.43,32.6,43.4,1.2,18.75,15.69,8.8
2023-08-11 11:00:00,50.7,34.4,39.0,1.0,22.47,17.99,10.42
2023-08-11 12:00:00,46.07,33.7,33.5,3.2,20.27,15.2,9.18
2023-08-11 13:00:00,53.35,36.8,43.7,6.9,24.44,18.82,10.77
2023-08-11 14:00:00,44.06,36.0,41.2,3.7,19.77,15.11,9.24
2023-08-11 15:00:00,42.18,35.3,40.8,6.1,18.99,14.68,8.54
2023-08-11 16:00:00,36.35,33.5,49.6,1.4,16.33,12.09,7.25
2023-08-11 17:00:00,40.83,35.0,35.5,4.8,18.33,14.08,8.39
2023-08-11 18:00:00,32.03,33.1,44.6,2.3,14.46,10.97,6.45
2023-08-11 19:00:00,24.24,30.4,42.7,3.7,11.17,8.54,4.66
2023-08-11 20:00:00,27.12,30.2,51.1,2.5,12.76,9.55,5.56
2023-08-11 21:00:00,35.56,29.9,37.0,4.7,16.5,11.91,6.92
2023-08-11 22:00:00,38.77,28.6,53.7,3.0,18.72,12.74,8.08
2023-08-11 23:00:00,39.22,27.4,54.9,3.3,17.25,12.91,7.8
2023-08-12 00:00:00,51.82,26.0,48.2,2.3,22.98,17.37,9.72
2023-08-12 01:00:00,31.87,26.9,52.1,2.4,14.73,11.27,6.41
2023-08-12 02:00:00,25.78,27.0,47.1,1.9,11.15,9.17,5.29
2023-08-12 03:00:00,25.68,26.4,54.4,3.8,11.57,9.2,5.67
2023-08-12 04:00:00,14.32,24.9,58.2,1.7,7.59,4.31,2.57
2023-08-12 05:00:00,14.21,25.0,49.0,2.4,7.29,4.57,2.88
2023-08-12 06:00:00,13.92,26.8,45.3,3.7,5.81,4.44,2.5
2023-08-12 07:00:00,25.93,31.8,51.3,2.4,11.01,9.09,4.96
2023-08-12 08:00:00,26.74,30.6,57.0,4.0,11.01,9.43,4.61
2023-08-12 09:00:00,36.04,34.6,44.9,0.5,16.23,13.01,7.06
2023-08-12 10:00:00,35.48,32.5,47.9,8.1,15.76,12.34,7.04
2023-08-12 11:00:00,36.31,33.3,42.4,4.9,16.29,14.25,7.58
2023-08-12 12:00:00,40.51,34.4,43.7,3.6,18.08,14.64,8.65
2023-08-12 13:00:00,37.2,34.8,44.0,6.8,16.56,12.74,7.22
2023-08-12 14:00:00,41.01,34.0,42.3,6.1,18.23,14.05,8.24
2023-08-12 15:00:00,32.93,33.2,50.9,2.9,14.85,11.79,6.38
2023-08-12 16:00:00,32.62,35.2,42.6,1.5,15.27,11.14,6.87
2023-08-12 17:00:00,35.81,35.3,43.2,2.3,14.91,12.15,7.2
2023-08-12 18:00:00,29.55,36.3,39.6,2.1,13.12,10.12,6.06
2023-08-12 19:00:00,22.31,30.8,46.8,5.0,9.51,7.91,4.71
2023-08-12 20:00:00,22.69,29.6,54.6,3.8,10.47,8.08,5.06
2023-08-12 21:00:00,25.19,27.7,51.5,5.8,11.12,7.82,4.44
2023-08-12 22:00:00,31.71,29.3,49.6,3.5,14.84,10.79,6.16
2023-08-12 23:00:00,32.28,27.8,51.5,5.1,15.03,11.84,6.57
2023-08-13 00:00:00,32.52,24.4,52.9,2.7,14.2,12.55,6.18
2023-08-13 01:00:00,19.13,23.8,48.3,4.1,8.75,6.68,4.05
2023-08-13 02:00:00,27.91,26.5,60.1,4.3,13.13,9.86,5.39
2023-08-13 03:00:00,21.16,25.8,58.4,5.1,9.36,7.35,4.24
2023-08-13 04:00:00,19.87,26.8,58.0,5.4,8.93,7.61,4.32
2023-08-13 05:00:00,15.22,25.2,48.4,2.4,6.52,4.96,2.56
2023-08-13 06:00:00,13.06,24.7,61.6,3.0,5.76,5.16,2.93
2023-08-13 07:00:00,24.36,27.4,60.9,2.0,11.12,9.22,4.33
2023-08-13 08:00:00,29.77,31.1,51.9,5.0,13.69,10.94,6.12
2023-08-13 09:00:00,35.68,34.5,50.8,2.4,16.43,12.36,7.22
2023-08-13 10:00:00,37.91,31.9,49.7,3.0,17.02,13.43,7.3
2023-08-13 11:00:00,40.45,37.0,35.4,5.4,17.79,14.87,8.38
2023-08-13 12:00:00,39.59,35.6,43.8,2.7,17.62,14.15,7.49
2023-08-13 13:00:00,32.47,32.8,39.6,2.5,15.21,10.44,6.8
2023-08-13 14:00:00,37.98,35.4,38.6,4.4,17.8,13.34,7.54
2023-08-13 15:00:00,38.53,36.2,42.2,8.2,17.27,13.06,7.43
2023-08-13 16:00:00,27.42,30.7,48.0,1.1,12.47,9.84,5.73
2023-08-13 17:00:00,31.19,34.5,44.9,5.7,14.08,11.03,6.17
2023-08-13 18:00:00,26.17,34.3,33.9,1.5,11.81,8.69,5.03
2023-08-13 19:00:00,28.91,31.9,44.9,2.8,11.86,10.51,5.92
2023-08-13 20:00:00,26.58,29.9,50.8,3.1,11.36,9.27,5.36
2023-08-13 21:00:00,28.44,28.5,53.6,4.8,13.15,9.88,5.98
2023-08-13 22:00:00,22.74,27.2,55.4,6.9,10.33,7.88,4.16
2023-08-13 23:00:00,26.63,24.7,55.6,1.4,12.49,9.31,5.33
2023-08-14 00:00:00,32.19,24.6,52.6,5.0,14.42,11.33,6.9
2023-08-14 01:00:00,33.02,24.5,57.2,2.6,14.25,11.86,7.08
2023-08-14 02:00:00,33.55,25.1,52.4,6.5,15.03,11.66,6.94
2023-08-14 03:00:00,27.43,24.3,59.4,2.4,12.85,9.84,5.42
2023-08-14 04:00:00,21.37,24.3,57.0,4.6,9.75,7.92,4.84
2023-08-14 05:00:00,25.63,27.5,50.7,1.8,10.71,9.65,4.58
2023-08-14 06:00:00,21.46,28.0,46.6,7.6,9.17,7.1,4.19
2023-08-14 07:00:00,28.93,27.8,56.2,0.5,12.69,9.66,5.85
2023-08-14 08:00:00,58.64,30.7,50.0,2.2,25.66,19.89,11.66
2023-08-14 09:00:00,39.42,30.5,57.9,4.5,17.52,13.6,7.96
2023-08-14 10:00:00,42.03,32.5,47.6,5.9,19.36,15.09,8.48
2023-08-14 11:00:00,48.39,34.9,45.2,9.5,21.26,16.01,9.66
2023-08-14 12:00:00,46.43,33.3,36.7,1.9,21.3,15.84,9.34
2023-08-14 13:00:00,49.0,33.0,46.0,2.6,22.29,16.66,10.04
2023-08-14 14:00:00,44.85,34.7,40.8,6.3,19.93,15.66,8.94
2023-08-14 15:00:00,41.49,32.7,48.9,0.8,18.84,15.0,8.42
2023-08-14 16:00:00,36.87,33.8,45.1,4.9,16.36,12.39,7.0
2023-08-14 17:00:00,28.94,33.0,49.3,3.1,13.31,10.59,6.12
2023-08-14 18:00:00,24.98,28.7,60.2,4.6,12.33,9.58,5.24
2023-08-14 19:00:00,29.4,32.0,41.6,3.7,14.23,10.72,5.73
2023-08-14 20:00:00,31.63,29.6,53.2,4.2,13.12,10.79,6.54
2023-08-14 21:00:00,33.45,30.4,50.9,4.4,14.87,10.81,6.88
2023-08-14 22:00:00,38.5,27.7,60.6,4.2,17.06,13.72,7.74
2023-08-14 23:00:00,38.32,27.5,54.5,4.4,17.56,13.82,7.72
2023-08-15 00:00:00,38.83,27.3,54.3,3.9,17.97,13.61,8.03
2023-08-15 01:00:00,36.19,24.8,58.5,4.7,16.65,13.48,7.3
2023-08-15 02:00:00,34.25,24.8,58.8,5.2,15.62,10.69,6.33
2023-08-15 03:00:00,26.84,22.6,64.1,5.3,11.59,9.45,5.78
2023-08-15 04:00:00,26.21,27.3,47.1,5.9,12.46,9.67,4.92
2023-08-15 05:00:00,19.03,26.0,50.8,2.6,8.31,7.16,3.47
2023-08-15 06:00:00,20.36,25.8,61.7,5.0,8.43,6.79,4.15
2023-08-15 07:00:00,27.28,29.6,38.7,7.3,11.41,9.32,5.62
2023-08-15 08:00:00,27.21,26.5,51.7,2.9,12.1,10.14,5.4
2023-08-15 09:00:00,35.7,30.4,48.2,5.2,16.59,12.4,7.02
2023-08-15 10:00:00,46.86,33.7,42.7,2.5,20.57,16.63,9.78
2023-08-15 11:00:00,44.87,32.7,52.7,1.9,20.52,15.43,8.96
2023-08-15 12:00:00,47.83,33.1,46.7,3.3,21.17,16.22,9.9
2023-08-15 13:00:00,51.36,34.0,41.3,5.4,22.82,18.31,10.68
2023-08-15 14:00:00,43.17,31.8,42.7,2.6,18.67,14.89,8.62
2023-08-15 15:00:00,44.3,35.7,42.6,2.5,20.34,15.44,8.24
2023-08-15 16:00:00,36.56,33.9,49.1,2.4,16.17,12.79,7.86
2023-08-15 17:00:00,32.2,32.9,45.2,2.1,14.63,10.96,6.58
2023-08-15 18:00:00,29.11,31.9,45.1,4.1,13.07,9.44,5.81
2023-08-15 19:00:00,29.72,31.1,43.2,2.2,13.26,10.35,5.92
2023-08-15 20:00:00,35.2,30.8,48.9,7.0,15.86,12.24,7.01
2023-08-15 21:00:00,32.98,28.4,51.5,2.8,15.13,11.22,6.33
2023-08-15 22:00:00,29.15,25.3,50.1,3.8,13.59,10.17,6.11
2023-08-15 23:00:00,42.5,27.1,56.6,3.1,18.69,15.55,8.96
2023-08-16 00:00:00,38.4,26.1,61.2,7.7,16.82,12.33,7.21
2023-08-16 01:00:00,31.67,25.2,54.1,3.2,15.3,9.89,6.12
2023-08-16 02:00:00,33.04,26.3,54.0,3.9,14.82,11.86,6.89
2023-08-16 03:00:00,28.57,24.9,48.6,5.1,13.12,9.73,5.76
2023-08-16 04:00:00,31.99,27.0,55.3,1.8,13.96,10.79,6.78
2023-08-16 05:00:00,24.07,28.3,52.4,0.8,10.29,8.94,5.12
2023-08-16 06:00:00,64.34,28.1,48.7,3.3,28.59,22.78,13.2
2023-08-16 07:00:00,28.85,27.3,47.6,3.8,12.79,9.81,5.88
2023-08-16 08:00:00,29.86,29.5,57.9,2.5,13.52,10.6,6.21
2023-08-16 09:00:00,39.51,32.8,46.5,3.3,18.87,13.26,8.03
2023-08-16 10:00:00,37.01,29.9,43.5,4.1,16.9,12.35,7.74
2023-08-16 11:00:00,45.88,32.6,49.1,8.1,20.17,16.03,9.23
2023-08-16 12:00:00,48.61,33.5,45.0,4.1,21.73,16.86,10.03
2023-08-16 13:00:00,48.92,33.2,44.4,3.3,21.6,17.15,9.4
2023-08-16 14:00:00,51.41,36.0,45.7,0.6,22.19,17.48,10.64
2023-08-16 15:00:00,41.7,35.1,28.8,2.6,18.74,14.58,8.43
2023-08-16 16:00:00,31.7,32.9,35.4,2.8,13.64,11.16,6.4
2023-08-16 17:00:00,35.59,34.1,50.0,3.4,16.37,12.44,7.39
2023-08-16 18:00:00,32.1,31.9,45.0,5.2,14.3,10.52,6.4
2023-08-16 19:00:00,29.54,29.6,46.3,5.2,13.39,9.71,6.22
2023-08-16 20:00:00,29.3,28.6,43.0,5.8,12.95,11.09,5.51
2023-08-16 21:00:00,34.83,29.0,50.1,2.5,16.04,11.14,6.82
2023-08-16 22:00:00,41.37,28.6,51.3,2.8,19.37,14.88,8.07
2023-08-16 23:00:00,84.01,25.4,60.7,1.7,37.29,29.17,16.58
2023-08-17 00:00:00,36.64,26.0,54.6,5.9,16.52,12.72,7.47
2023-08-17 01:00:00,36.91,27.1,50.0,4.4,17.22,12.37,7.02
2023-08-17 02:00:00,30.34,22.7,58.8,1.2,14.65,9.61,5.7
2023-08-17 03:00:00,33.0,25.3,59.2,2.6,15.26,11.62,6.41
2023-08-17 04:00:00,26.51,26.5,56.7,1.7,12.0,8.98,5.32
2023-08-17 05:00:00,41.91,25.9,56.1,7.9,19.09,14.77,8.63
2023-08-17 06:00:00,25.68,28.9,50.7,2.7,11.15,9.25,5.25
2023-08-17 07:00:00,34.61,31.6,43.2,3.5,15.02,12.69,7.16
2023-08-17 08:00:00,37.27,30.1,42.8,2.6,16.71,13.23,7.26
2023-08-17 09:00:00,37.89,30.5,41.4,3.4,17.07,13.52,7.33
2023-08-17 10:00:00,45.25,33.5,45.7,10.9,20.25,15.73,9.0
2023-08-17 11:00:00,49.13,34.4,45.3,2.5,22.21,15.97,9.86
2023-08-17 12:00:00,37.72,30.1,53.3,2.4,16.93,13.65,7.3
2023-08-17 13:00:00,50.94,34.4,45.6,2.9,23.57,17.52,9.36
2023-08-17 14:00:00,46.05,34.0,48.5,1.8,21.05,15.0,8.51
2023-08-17 15:00:00,44.56,35.0,41.4,4.9,19.23,15.39,8.97
2023-08-17 16:00:00,35.88,33.6,47.5,2.9,15.91,11.71,7.45
2023-08-17 17:00:00,33.0,33.0,39.4,4.0,14.76,11.49,6.28
2023-08-17 18:00:00,28.63,30.8,46.8,4.4,13.66,10.23,5.71
2023-08-17 19:00:00,35.0,32.0,36.5,0.8,15.51,12.11,7.51
2023-08-17 20:00:00,34.37,32.0,45.7,4.3,15.86,12.11,7.11
2023-08-17 21:00:00,36.71,27.0,57.7,3.7,15.76,12.87,7.31
2023-08-17 22:00:00,33.28,25.0,54.4,1.2,14.76,12.4,6.72
2023-08-17 23:00:00,33.4,26.0,56.4,1.5,15.39,11.73,6.74
2023-08-18 00:00:00,35.83,25.1,55.3,3.2,16.51,12.17,7.16
2023-08-18 01:00:00,35.47,26.4,49.5,2.8,16.74,12.17,6.66
2023-08-18 02:00:00,25.34,22.6,56.0,3.2,11.71,8.72,5.03
2023-08-18 03:00:00,31.07,23.8,61.3,4.3,14.42,10.52,6.14
2023-08-18 04:00:00,25.08,21.9,61.3,1.7,11.13,8.0,5.09
2023-08-18 05:00:00,27.84,28.0,47.4,4.4,12.64,9.25,5.7
2023-08-18 06:00:00,24.94,27.3,44.3,5.5,11.52,8.44,4.85
2023-08-18 07:00:00,22.28,27.4,52.1,0.5,10.55,7.5,4.66
2023-08-18 08:00:00,27.28,27.4,48.2,2.9,12.08,9.99,5.65
2023-08-18 09:00:00,36.49,28.9,48.5,2.4,16.45,13.38,7.5
2023-08-18 10:00:00,41.02,32.5,37.7,3.2,18.62,14.56,7.93
2023-08-18 11:00:00,38.19,31.3,51.6,4.1,17.65,13.5,8.14
2023-08-18 12:00:00,48.88,33.9,42.8,1.9,22.21,17.03,9.44
2023-08-18 13:00:00,53.2,37.3,39.5,1.6,23.42,19.06,11.08
2023-08-18 14:00:00,46.02,33.9,39.1,4.8,21.01,16.39,9.36
2023-08-18 15:00:00,42.12,32.8,43.2,4.6,19.89,15.16,8.77
2023-08-18 16:00:00,40.41,34.3,43.4,3.3,17.54,13.17,8.02
2023-08-18 17:00:00,31.91,31.1,43.6,3.5,15.34,12.28,5.93
2023-08-18 18:00:00,38.32,34.5,41.5,2.4,17.05,12.8,7.41
2023-08-18 19:00:00,30.02,32.8,51.5,2.7,13.12,10.67,6.0
2023-08-18 20:00:00,32.36,29.2,40.2,2.6,14.31,11.21,6.58
2023-08-18 21:00:00,32.82,26.8,52.8,4.8,14.73,10.89,6.81
2023-08-18 22:00:00,31.16,26.3,48.5,3.8,14.01,10.58,5.64
2023-08-18 23:00:00,31.99,25.4,60.1,4.9,14.45,11.25,6.42
2023-08-19 00:00:00,26.33,25.5,52.4,4.0,10.97,8.81,5.66
2023-08-19 01:00:00,26.51,26.0,47.5,3.8,12.21,9.13,6.04
2023-08-19 02:00:00,24.95,22.7,55.6,2.6,11.99,8.57,5.64
2023-08-19 03:00:00,21.7,26.0,54.6,3.0,8.96,7.06,4.92
2023-08-19 04:00:00,18.14,25.9,66.8,6.3,8.27,6.14,3.6
2023-08-19 05:00:00,15.36,25.0,43.4,3.9,6.35,5.85,3.19
2023-08-19 06:00:00,19.18,25.2,47.8,3.7,8.04,6.26,4.16
2023-08-19 07:00:00,21.68,28.2,56.7,1.0,10.22,8.1,4.64
2023-08-19 08:00:00,22.56,27.7,43.2,4.5,11.14,7.1,4.33
2023-08-19 09:00:00,32.17,32.1,45.5,4.6,14.46,11.09,6.36
2023-08-19 10:00:00,35.47,30.1,45.4,4.6,16.37,12.84,6.84
2023-08-19 11:00:00,37.74,33.7,40.4,1.3,15.76,13.55,7.71
2023-08-19 12:00:00,43.43,33.5,42.9,2.5,19.03,16.09,8.93
2023-08-19 13:00:00,39.58,33.3,42.4,2.9,17.15,13.69,7.89
2023-08-19 14:00:00,37.88,34.1,48.3,5.6,17.62,13.04,7.68
2023-08-19 15:00:00,44.13,35.7,47.7,8.4,20.47,14.47,9.18
2023-08-19 16:00:00,26.56,31.8,47.9,3.1,12.46,8.96,5.48
2023-08-19 17:00:00,26.82,32.2,44.2,3.8,12.29,9.36,4.8
2023-08-19 18:00:00,21.55,30.7,48.5,0.5,9.03,7.96,4.34
2023-08-19 19:00:00,27.57,30.5,51.4,0.5,11.91,8.31,5.43
2023-08-19 20:00:00,64.57,28.3,55.1,1.2,30.3,22.2,12.8
2023-08-19 21:00:00,26.46,25.4,55.4,4.8,11.25,9.79,5.18
2023-08-19 22:00:00,27.95,25.2,61.4,1.9,11.95,10.05,4.9
2023-08-19 23:00:00,30.96,28.2,47.1,5.1,13.86,10.15,6.56
2023-08-20 00:00:00,26.83,25.2,59.5,3.2,12.65,9.77,5.47
2023-08-20 01:00:00,21.98,24.7,57.9,5.8,10.7,7.94,4.89
2023-08-20 02:00:00,28.21,23.7,52.5,6.1,12.92,10.71,5.19
2023-08-20 03:00:00,21.87,24.3,56.1,6.2,9.99,7.76,4.18
2023-08-20 04:00:00,16.55,24.2,56.5,3.8,7.44,6.04,3.12
2023-08-20 05:00:00,22.39,26.4,51.6,5.3,9.91,8.41,4.5
2023-08-20 06:00:00,16.48,26.8,51.1,4.4,7.62,5.74,3.16
2023-08-20 07:00:00,19.62,26.1,45.0,1.9,8.68,7.25,4.07
2023-08-20 08:00:00,25.38,29.5,45.1,2.9,12.44,8.51,5.92
2023-08-20 09:00:00,26.06,26.8,50.7,7.7,11.04,8.69,5.2
2023-08-20 10:00:00,35.39,32.3,42.4,5.2,15.28,13.05,7.3
2023-08-20 11:00:00,31.43,30.6,43.0,2.3,14.07,10.61,6.14
2023-08-20 12:00:00,40.15,33.4,49.3,2.4,17.45,14.41,8.39
2023-08-20 13:00:00,40.11,32.2,44.8,2.3,18.7,14.08,8.22
2023-08-20 14:00:00,38.3,34.2,53.8,2.7,17.44,13.36,7.82
2023-08-20 15:00:00,38.54,34.9,43.3,6.9,17.82,13.96,7.69
2023-08-20 16:00:00,32.51,35.8,46.3,3.2,14.26,11.57,6.81
2023-08-20 17:00:00,24.95,30.4,46.5,2.9,10.41,8.69,5.19
2023-08-20 18:00:00,26.81,33.1,40.9,2.2,12.25,9.52,5.79
2023-08-20 19:00:00,27.29,30.7,48.5,6.3,12.52,9.55,5.17
2023-08-20 20:00:00,24.31,28.5,56.3,7.5,11.6,8.71,4.93
2023-08-20 21:00:00,29.55,29.0,48.7,2.7,13.32,10.21,5.93
2023-08-20 22:00:00,29.31,26.3,54.7,4.2,13.41,10.67,5.77
2023-08-20 23:00:00,30.97,26.7,53.2,7.6,14.46,10.17,6.27
2023-08-21 00:00:00,35.41,23.2,55.7,3.5,15.87,12.13,7.3
2023-08-21 01:00:00,31.23,23.3,55.9,3.4,13.99,11.28,6.44
2023-08-21 02:00:00,33.15,25.4,48.5,3.7,14.31,10.96,6.75
2023-08-21 03:00:00,29.54,26.4,52.2,0.8,13.44,11.57,5.65
2023-08-21 04:00:00,23.59,24.6,57.7,2.5,10.14,7.97,4.83
2023-08-21 05:00:00,19.8,21.3,59.9,4.6,9.45,6.85,3.58
2023-08-21 06:00:00,20.63,26.2,53.4,7.8,9.52,6.88,4.21
2023-08-21 07:00:00,21.52,27.8,54.3,3.9,9.05,7.63,4.16
2023-08-21 08:00:00,28.84,28.7,50.6,2.0,12.62,9.86,6.11
2023-08-21 09:00:00,37.96,30.8,47.1,3.2,17.14,14.05,7.57
2023-08-21 10:00:00,37.84,30.8,50.7,3.5,16.38,12.95,7.28
2023-08-21 11:00:00,48.5,33.8,44.1,1.7,22.11,17.19,9.91
2023-08-21 12:00:00,50.9,31.6,44.9,2.7,22.73,17.69,10.17
2023-08-21 13:00:00,53.86,35.7,43.5,3.3,23.93,18.66,10.72
2023-08-21 14:00:00,53.63,36.4,40.2,2.3,25.16,18.87,10.63
2023-08-21 15:00:00,40.95,32.5,43.6,2.8,18.19,13.79,8.02
2023-08-21 16:00:00,38.39,32.0,46.4,2.4,17.98,13.02,7.91
2023-08-21 17:00:00,32.7,33.2,45.0,4.1,15.38,11.62,6.48
2023-08-21 18:00:00,26.75,29.8,42.8,3.9,12.72,9.34,5.53
2023-08-21 19:00:00,22.27,29.6,50.2,3.8,9.6,7.78,4.6
2023-08-21 20:00:00,36.48,30.7,56.4,1.4,16.26,13.49,7.6
2023-08-21 21:00:00,38.35,28.8,44.5,1.9,17.77,13.82,7.69
2023-08-21 22:00:00,37.85,29.5,46.1,1.5,16.94,12.81,7.05
2023-08-21 23:00:00,35.72,25.8,67.0,1.1,15.81,12.18,7.37
2023-08-22 00:00:00,32.89,23.6,51.5,2.3,15.41,10.99,6.51
2023-08-22 01:00:00,34.94,24.1,61.5,2.0,15.64,11.83,6.9
2023-08-22 02:00:00,33.84,23.7,54.5,4.8,15.76,12.33,7.44
2023-08-22 03:00:00,22.92,23.9,55.7,4.6,10.49,8.56,4.91
2023-08-22 04:00:00,25.35,24.5,53.9,2.0,11.26,8.5,5.17
2023-08-22 05:00:00,20.09,24.0,57.4,1.8,7.63,7.08,3.94
2023-08-22 06:00:00,24.29,26.8,43.9,1.7,10.79,8.43,4.91
2023-08-22 07:00:00,24.16,25.5,54.3,2.6,11.25,8.66,4.17
2023-08-22 08:00:00,28.79,27.8,48.6,2.5,12.57,10.34,6.07
2023-08-22 09:00:00,36.04,30.0,38.7,0.7,15.5,12.89,6.95
2023-08-22 10:00:00,36.5,28.0,56.0,3.9,16.55,12.26,6.89
2023-08-22 11:00:00,50.57,33.6,33.2,6.4,22.41,17.29,9.8
2023-08-22 12:00:00,45.04,30.1,58.6,3.7,19.56,14.69,8.86
2023-08-22 13:00:00,50.42,34.7,45.4,1.1,23.38,17.91,10.21
2023-08-22 14:00:00,39.78,32.0,38.8,4.1,17.98,14.14,7.96
2023-08-22 15:00:00,40.01,33.1,51.0,3.5,18.34,14.48,7.73
2023-08-22 16:00:00,40.78,34.0,39.4,6.5,17.94,13.08,7.95
2023-08-22 17:00:00,38.47,35.7,37.6,2.9,17.22,13.73,7.33
2023-08-22 18:00:00,32.78,31.6,37.1,5.0,15.13,10.77,6.78
2023-08-22 19:00:00,30.02,27.2,47.0,0.8,13.32,10.85,6.25
2023-08-22 20:00:00,35.61,30.3,43.9,4.8,14.9,13.4,7.56
2023-08-22 21:00:00,32.39,27.3,55.4,0.9,14.4,11.8,6.45
2023-08-22 22:00:00,33.5,26.5,58.0,2.8,15.03,11.33,6.75
2023-08-22 23:00:00,30.68,26.2,46.4,7.3,14.15,11.63,6.27
2023-08-23 00:00:00,34.4,21.1,60.0,4.7,15.49,11.97,7.1
2023-08-23 01:00:00,33.0,23.9,46.1,6.8,14.61,11.19,6.07
2023-08-23 02:00:00,32.05,23.1,57.6,3.5,14.08,11.26,6.26
2023-08-23 03:00:00,29.57,25.8,63.9,4.1,13.84,10.81,5.81
2023-08-23 04:00:00,25.04,25.5,44.5,3.6,11.83,8.71,4.54
2023-08-23 05:00:00,16.38,22.8,51.6,3.4,6.65,5.53,3.61
2023-08-23 06:00:00,23.7,28.1,53.9,3.9,10.93,7.55,4.25
2023-08-23 07:00:00,28.22,28.1,54.5,0.8,12.01,10.27,5.22
2023-08-23 08:00:00,31.51,26.4,47.6,1.9,14.65,11.19,6.15
2023-08-23 09:00:00,36.28,30.1,55.2,2.1,16.51,12.05,7.18
2023-08-23 10:00:00,45.1,32.8,40.6,2.9,20.84,15.35,9.44
2023-08-23 11:00:00,45.9,30.5,55.8,3.2,20.94,17.2,9.79
2023-08-23 12:00:00,49.52,35.2,44.2,4.9,21.45,17.45,9.96
2023-08-23 13:00:00,45.71,31.3,52.8,1.8,20.7,15.79,8.93
2023-08-23 14:00:00,42.07,32.6,46.8,3.9,19.54,14.43,8.06
2023-08-23 15:00:00,41.74,32.2,48.7,2.4,19.48,15.31,8.54
2023-08-23 16:00:00,40.68,35.2,45.4,3.6,17.64,14.23,7.78
2023-08-23 17:00:00,32.9,31.6,51.9,4.2,14.51,11.73,6.5
2023-08-23 18:00:00,26.13,29.5,48.4,4.0,12.36,9.29,5.55
2023-08-23 19:00:00,32.67,30.7,42.6,2.1,14.75,12.41,6.7
2023-08-23 20:00:00,37.4,29.7,47.9,4.7,17.24,12.73,7.27
2023-08-23 21:00:00,31.5,28.5,46.5,4.4,14.26,10.43,6.52
2023-08-23 22:00:00,33.0,25.8,50.0,7.0,14.25,11.6,6.39
2023-08-23 23:00:00,36.8,25.6,61.6,4.3,16.8,13.12,7.75
2023-08-24 00:00:00,36.83,23.3,59.1,4.8,17.3,12.89,7.15
2023-08-24 01:00:00,35.9,26.3,55.3,5.5,15.96,12.23,7.54
2023-08-24 02:00:00,26.03,25.3,59.0,1.4,11.75,8.53,4.96
2023-08-24 03:00:00,32.87,25.4,56.6,4.6,13.7,10.73,6.83
2023-08-24 04:00:00,27.73,25.5,62.8,2.6,12.18,9.94,5.73
2023-08-24 05:00:00,19.3,25.9,42.5,5.6,8.73,5.71,3.65
2023-08-24 06:00:00,18.71,24.2,49.9,3.4,8.3,6.72,4.3
2023-08-24 07:00:00,31.19,28.3,46.6,4.0,13.78,10.8,5.83
2023-08-24 08:00:00,34.41,28.8,42.6,2.3,14.95,12.84,6.78
2023-08-24 09:00:00,41.41,31.8,46.4,4.4,17.86,14.78,7.98
2023-08-24 10:00:00,43.16,32.3,46.0,0.8,20.43,16.16,8.72
2023-08-24 11:00:00,47.53,33.0,54.3,5.0,21.8,16.77,9.6
2023-08-24 12:00:00,44.16,30.4,52.0,1.8,20.11,14.7,8.52
2023-08-24 13:00:00,50.64,33.3,41.5,2.2,22.52,17.35,10.11
2023-08-24 14:00:00,42.09,32.8,47.1,0.5,18.54,13.01,8.86
2023-08-24 15:00:00,40.08,33.8,34.3,2.6,18.03,14.26,8.17
2023-08-24 16:00:00,38.62,32.3,45.9,3.0,16.7,14.17,8.21
2023-08-24 17:00:00,32.36,31.7,46.4,2.2,14.65,11.09,6.59
2023-08-24 18:00:00,35.01,31.8,41.3,2.2,15.6,11.76,6.56
2023-08-24 19:00:00,27.08,29.3,47.9,6.3,12.54,9.98,5.14
2023-08-24 20:00:00,30.67,28.8,46.0,2.7,13.02,11.45,6.14
2023-08-24 21:00:00,26.62,25.0,49.3,4.8,12.08,9.64,5.03
2023-08-24 22:00:00,32.43,24.9,57.5,2.2,14.51,11.66,6.52
2023-08-24 23:00:00,33.25,26.1,57.9,5.5,15.17,11.1,6.97
2023-08-25 00:00:00,33.69,22.3,59.8,4.5,14.76,11.26,7.13
2023-08-25 01:00:00,32.57,25.5,51.2,5.0,14.22,10.81,6.5
2023-08-25 02:00:00,34.28,24.9,50.8,3.2,14.7,11.93,6.63
2023-08-25 03:00:00,29.2,23.2,54.1,6.2,12.03,9.56,6.11
2023-08-25 04:00:00,26.28,28.6,48.5,2.9,12.56,9.54,5.45
2023-08-25 05:00:00,28.44,26.8,47.5,4.1,13.8,10.05,5.68
2023-08-25 06:00:00,26.96,24.5,59.8,4.3,12.26,9.54,5.23
2023-08-25 07:00:00,27.46,28.3,49.0,7.4,12.88,10.55,4.93
2023-08-25 08:00:00,28.9,28.6,53.5,1.6,12.56,11.29,5.88
2023-08-25 09:00:00,41.36,28.6,42.7,1.6,18.44,15.1,8.39
2023-08-25 10:00:00,35.9,29.4,45.3,3.3,16.13,13.06,7.86
2023-08-25 11:00:00,48.19,33.5,48.1,6.7,21.45,16.44,9.53
2023-08-25 12:00:00,47.2,31.9,50.1,0.6,21.62,16.44,9.54
2023-08-25 13:00:00,50.98,33.1,38.2,2.4,23.15,18.92,10.28
2023-08-25 14:00:00,44.18,32.1,47.0,2.5,20.19,15.71,9.13
2023-08-25 15:00:00,38.42,32.2,47.0,2.6,18.15,13.25,7.94
2023-08-25 16:00:00,34.19,32.6,41.3,0.7,14.85,11.69,7.28
2023-08-25 17:00:00,32.93,32.6,46.7,5.6,14.24,11.25,6.74
2023-08-25 18:00:00,22.01,27.1,43.6,0.5,9.82,8.01,4.57
2023-08-25 19:00:00,29.71,29.8,43.6,3.4,13.44,10.18,6.3
2023-08-25 20:00:00,27.27,27.3,54.2,1.0,12.8,9.59,5.53
2023-08-25 21:00:00,31.58,29.3,49.0,5.4,14.32,10.89,6.32
2023-08-25 22:00:00,43.86,30.4,47.9,5.0,19.31,15.23,9.22
2023-08-25 23:00:00,33.24,24.4,53.9,4.8,14.0,11.57,6.99
2023-08-26 00:00:00,23.02,21.4,61.0,4.9,10.2,7.75,4.47
2023-08-26 01:00:00,25.02,23.7,58.5,7.1,11.59,8.57,4.96
2023-08-26 02:00:00,23.55,23.0,60.3,3.1,10.14,8.59,4.74
2023-08-26 03:00:00,19.87,26.4,52.9,6.0,9.16,6.43,4.21
2023-08-26 04:00:00,22.32,26.5,50.3,1.9,10.67,7.7,4.3
2023-08-26 05:00:00,16.2,26.1,49.9,3.3,6.39,6.28,2.71
2023-08-26 06:00:00,20.63,24.9,48.8,0.5,9.96,6.68,4.37
2023-08-26 07:00:00,23.07,28.0,48.3,2.5,11.16,6.89,4.54
2023-08-26 08:00:00,23.83,28.7,46.5,3.3,10.05,7.55,4.41
2023-08-26 09:00:00,27.67,30.0,56.0,6.6,13.14,9.6,5.09
2023-08-26 10:00:00,29.84,28.5,44.6,2.6,13.44,10.29,6.35
2023-08-26 11:00:00,41.14,33.4,49.0,4.5,18.69,15.15,8.6
2023-08-26 12:00:00,39.34,32.8,43.3,5.7,16.69,14.16,7.99
2023-08-26 13:00:00,38.39,33.0,43.4,2.7,17.03,13.99,7.55
2023-08-26 14:00:00,36.15,32.4,47.1,1.8,16.13,12.7,7.16
2023-08-26 15:00:00,31.0,32.0,38.6,4.0,14.45,10.56,6.03
2023-08-26 16:00:00,30.58,33.1,40.2,2.5,13.57,11.31,5.92
2023-08-26 17:00:00,18.33,29.2,42.7,4.4,7.86,6.17,3.59
2023-08-26 18:00:00,29.38,32.0,43.7,1.6,12.65,10.03,5.57
2023-08-26 19:00:00,22.49,28.0,45.8,1.7,10.1,7.53,4.19
2023-08-26 20:00:00,17.67,25.2,60.3,4.5,7.97,6.64,3.07
2023-08-26 21:00:00,33.95,29.8,45.4,8.1,15.67,11.79,6.4
2023-08-26 22:00:00,24.4,24.5,42.7,2.3,10.49,8.71,4.66
2023-08-26 23:00:00,22.85,23.7,53.9,4.7,9.9,7.76,4.19
2023-08-27 00:00:00,30.68,25.5,57.4,3.7,14.46,11.77,6.35
2023-08-27 01:00:00,29.65,26.1,60.8,5.8,13.84,11.27,5.87
2023-08-27 02:00:00,24.4,20.9,57.8,3.0,11.48,8.43,5.02
2023-08-27 03:00:00,19.54,21.9,55.1,8.0,7.88,6.23,3.83
2023-08-27 04:00:00,18.92,22.5,56.9,1.2,8.03,6.53,3.62
2023-08-27 05:00:00,18.13,26.0,54.8,8.7,8.27,8.02,3.93
2023-08-27 06:00:00,22.56,28.1,44.6,5.8,10.2,7.97,4.34
2023-08-27 07:00:00,12.85,25.3,52.5,6.0,5.46,3.67,2.38
2023-08-27 08:00:00,26.14,30.3,47.4,5.8,12.11,8.9,5.4
2023-08-27 09:00:00,31.51,28.4,50.1,6.0,14.23,10.64,6.24
2023-08-27 10:00:00,32.26,31.2,45.9,5.5,14.73,11.93,6.64
2023-08-27 11:00:00,32.66,29.8,43.6,6.4,14.54,10.83,6.42
2023-08-27 12:00:00,37.58,32.3,46.9,3.3,16.53,13.77,7.0
2023-08-27 13:00:00,35.68,32.8,44.4,7.1,16.38,11.97,6.99
2023-08-27 14:00:00,30.94,32.7,44.5,3.0,14.12,10.59,6.44
2023-08-27 15:00:00,34.39,33.6,38.3,4.8,14.91,11.66,6.47
2023-08-27 16:00:00,28.61,31.0,50.0,4.7,12.92,9.22,5.65
2023-08-27 17:00:00,25.17,30.4,42.8,5.6,11.14,8.55,4.5
2023-08-27 18:00:00,25.6,31.3,54.5,4.9,11.13,9.23,5.11
2023-08-27 19:00:00,27.05,31.5,40.3,0.8,12.13,8.94,5.51
2023-08-27 20:00:00,26.55,28.1,54.0,4.9,11.7,9.36,5.1
2023-08-27 21:00:00,25.57,27.6,41.3,0.7,11.4,7.84,5.26
2023-08-27 22:00:00,60.23,26.8,40.5,3.7,27.86,20.96,11.4
2023-08-27 23:00:00,27.59,25.9,50.2,5.7,12.66,9.75,6.16
2023-08-28 00:00:00,36.46,22.3,46.0,5.6,16.91,12.68,7.68
2023-08-28 01:00:00,37.53,22.0,61.2,5.8,16.6,14.26,7.73
2023-08-28 02:00:00,29.69,22.0,57.5,4.1,13.05,10.04,6.22
2023-08-28 03:00:00,30.88,26.1,59.7,1.9,14.16,10.26,6.39
2023-08-28 04:00:00,25.28,24.4,53.8,3.6,10.33,9.03,5.23
2023-08-28 05:00:00,20.3,25.2,55.0,3.6,8.66,6.82,4.45
2023-08-28 06:00:00,23.16,26.1,51.4,2.7,10.68,7.46,4.49
2023-08-28 07:00:00,18.46,24.7,49.9,3.2,8.46,5.21,3.37
2023-08-28 08:00:00,29.72,30.9,44.9,6.1,13.14,10.8,5.4
2023-08-28 09:00:00,37.47,30.0,41.9,3.6,16.93,13.2,7.58
2023-08-28 10:00:00,41.7,31.6,48.0,4.7,18.47,15.28,8.54
2023-08-28 11:00:00,41.87,28.9,47.8,3.5,19.43,14.79,8.61
2023-08-28 12:00:00,49.24,33.5,43.3,4.2,22.68,17.45,9.49
2023-08-28 13:00:00,44.03,32.3,59.3,1.3,19.23,15.91,8.66
2023-08-28 14:00:00,41.69,31.0,44.7,6.9,18.2,15.06,8.13
2023-08-28 15:00:00,35.55,31.4,47.9,3.2,16.92,12.62,7.16
2023-08-28 16:00:00,36.91,30.4,47.2,5.0,16.46,12.99,7.27
2023-08-28 17:00:00,26.07,29.6,54.2,4.4,12.22,8.88,5.08
2023-08-28 18:00:00,29.43,30.6,48.5,5.4,12.88,9.44,6.0
2023-08-28 19:00:00,25.5,28.7,48.2,0.8,11.22,9.0,5.17
2023-08-28 20:00:00,31.96,28.5,61.2,7.0,14.21,10.83,6.54
2023-08-28 21:00:00,34.53,29.2,44.6,5.6,15.78,12.58,6.98
2023-08-28 22:00:00,31.95,25.3,52.6,5.7,14.49,11.23,6.01
2023-08-28 23:00:00,36.14,21.1,63.2,3.4,15.5,12.68,6.81
2023-08-29 00:00:00,35.11,23.2,52.1,5.4,15.41,12.96,7.25
2023-08-29 01:00:00,36.56,24.8,58.0,3.9,16.13,12.95,7.32
2023-08-29 02:00:00,28.83,22.7,54.3,3.5,12.94,9.75,6.12
2023-08-29 03:00:00,26.02,25.3,58.6,5.3,11.95,8.86,5.5
2023-08-29 04:00:00,24.37,24.2,59.8,4.2,10.92,7.59,4.92
2023-08-29 05:00:00,20.25,21.6,57.7,1.2,8.39,7.94,4.36
2023-08-29 06:00:00,23.89,25.5,48.4,2.6,10.92,7.85,5.3
2023-08-29 07:00:00,25.36,27.0,49.6,4.2,11.21,8.77,5.11
2023-08-29 08:00:00,32.52,29.5,48.5,6.5,15.26,11.26,6.19
2023-08-29 09:00:00,35.31,31.9,50.2,7.0,15.8,11.44,7.12
2023-08-29 10:00:00,47.59,31.7,47.5,5.7,21.15,17.02,9.75
2023-08-29 11:00:00,45.71,32.1,48.2,2.3,20.29,16.68,9.39
2023-08-29 12:00:00,50.59,33.2,45.9,3.4,23.08,17.59,9.96
2023-08-29 13:00:00,44.6,32.4,49.3,3.2,19.48,15.63,8.68
2023-08-29 14:00:00,42.06,30.7,46.2,3.2,18.48,14.08,8.37
2023-08-29 15:00:00,37.41,32.8,45.5,1.0,16.68,13.22,7.96
2023-08-29 16:00:00,38.03,32.7,44.9,1.9,17.41,13.07,7.57
2023-08-29 17:00:00,28.54,29.6,46.3,1.7,12.86,9.75,5.78
2023-08-29 18:00:00,32.64,32.4,50.2,4.2,14.68,11.35,6.71
2023-08-29 19:00:00,32.78,30.7,52.2,3.1,15.04,12.24,6.7
2023-08-29 20:00:00,4.68,25.8,59.1,2.7,1.62,2.3,1.14
2023-08-29 21:00:00,32.75,28.6,45.8,3.3,15.08,10.18,6.53
2023-08-29 22:00:00,33.78,24.9,55.9,2.7,15.61,11.43,6.72
2023-08-29 23:00:00,39.28,23.2,61.7,5.0,18.42,13.84,7.7
2023-08-30 00:00:00,36.21,25.0,61.5,1.8,17.76,11.93,7.35
2023-08-30 01:00:00,35.54,22.8,49.1,1.0,16.27,11.84,7.7
2023-08-30 02:00:00,33.38,25.6,53.3,4.4,15.49,12.05,6.98
2023-08-30 03:00:00,32.42,21.6,57.1,2.2,14.28,11.18,6.22
2023-08-30 04:00:00,19.45,20.8,67.0,4.3,9.06,7.49,4.04
2023-08-30 05:00:00,21.31,23.7,44.5,1.0,10.51,6.77,4.16
2023-08-30 06:00:00,19.58,26.4,47.1,2.3,8.09,7.25,3.84
2023-08-30 07:00:00,16.33,25.0,61.1,1.7,7.93,6.35,3.38
2023-08-30 08:00:00,27.12,25.7,50.8,2.5,12.47,9.44,5.32
2023-08-30 09:00:00,35.93,29.3,42.3,2.7,16.58,13.01,7.11
2023-08-30 10:00:00,36.62,28.0,57.9,3.5,16.72,12.79,7.05
2023-08-30 11:00:00,45.35,31.7,38.8,3.6,19.71,16.17,9.06
2023-08-30 12:00:00,54.1,31.5,51.3,4.2,23.42,18.94,10.84
2023-08-30 13:00:00,47.33,33.3,36.3,2.7,21.33,16.08,9.66
2023-08-30 14:00:00,42.53,30.6,40.0,3.7,18.45,14.98,7.98
2023-08-30 15:00:00,41.66,34.5,43.6,9.1,19.59,14.08,8.42
2023-08-30 16:00:00,36.19,31.8,41.6,2.1,15.79,12.3,6.94
2023-08-30 17:00:00,33.05,32.4,46.5,1.7,15.4,11.62,5.96
2023-08-30 18:00:00,30.51,31.6,55.0,5.8,13.88,10.9,6.43
2023-08-30 19:00:00,30.51,27.3,50.5,3.1,14.09,10.31,6.22
2023-08-30 20:00:00,34.3,29.0,57.3,5.8,14.98,11.38,7.41
2023-08-30 21:00:00,28.32,24.3,56.5,3.2,13.69,10.4,5.81
2023-08-30 22:00:00,25.55,23.1,61.0,0.6,11.49,9.22,5.33
2023-08-30 23:00:00,37.83,27.1,39.7,2.9,18.07,12.75,7.04
2023-08-31 00:00:00,43.17,24.9,57.3,4.1,19.68,14.29,8.87
2023-08-31 01:00:00,36.25,25.8,55.4,3.3,15.94,12.81,7.23
2023-08-31 02:00:00,34.1,22.0,55.8,3.3,15.65,11.91,6.73
2023-08-31 03:00:00,31.2,22.9,66.0,10.7,14.47,11.03,6.35
2023-08-31 04:00:00,24.4,24.0,52.7,3.8,10.79,8.9,4.95
2023-08-31 05:00:00,18.99,24.0,47.2,4.6,8.79,6.82,3.69
2023-08-31 06:00:00,14.0,23.9,59.2,4.8,6.76,4.23,3.1
2023-08-31 07:00:00,24.17,24.9,47.0,0.5,10.38,8.67,4.77
2023-08-31 08:00:00,27.6,27.9,50.9,3.8,12.09,9.6,6.12
2023-08-31 09:00:00,32.89,27.2,58.0,7.7,14.23,12.01,6.53
2023-08-31 10:00:00,34.82,28.4,52.4,5.0,16.57,12.04,6.99
2023-08-31 11:00:00,44.93,31.7,44.8,2.7,20.01,14.76,9.06
2023-08-31 12:00:00,46.77,31.7,44.2,2.9,22.0,16.16,9.2
2023-08-31 13:00:00,49.43,33.8,49.8,2.6,22.25,16.93,10.17
2023-08-31 14:00:00,40.41,31.9,39.6,4.2,17.09,14.19,8.35
2023-08-31 15:00:00,41.84,31.5,50.1,1.4,19.19,14.98,7.84
2023-08-31 16:00:00,35.11,32.5,56.0,2.5,16.05,11.88,6.6
2023-08-31 17:00:00,25.7,29.9,50.9,3.5,11.42,9.78,4.53
2023-08-31 18:00:00,27.4,29.1,47.9,3.7,12.28,9.54,5.21
2023-08-31 19:00:00,27.05,27.9,49.7,4.1,12.83,8.68,5.01
2023-08-31 20:00:00,29.09,27.2,48.9,5.4,13.08,10.28,5.75
2023-08-31 21:00:00,38.36,28.9,46.1,1.8,17.09,12.46,7.83
2023-08-31 22:00:00,30.75,23.0,57.0,2.1,12.77,11.17,6.93
2023-08-31 23:00:00,36.72,26.0,56.3,6.1,16.93,12.16,7.04
2023-09-01 00:00:00,32.59,24.2,63.1,5.7,14.74,10.77,6.68
2023-09-01 01:00:00,37.52,24.9,44.3,5.6,16.98,13.51,7.98
2023-09-01 02:00:00,36.46,27.1,39.3,2.1,16.73,12.76,7.11
2023-09-01 03:00:00,27.61,24.7,62.5,1.0,12.64,9.74,6.31
2023-09-01 04:00:00,19.76,24.4,55.0,3.7,8.25,6.74,4.24
2023-09-01 05:00:00,24.73,21.9,58.3,6.1,10.87,8.53,4.7
2023-09-01 06:00:00,17.04,23.1,58.8,2.2,7.8,6.6,3.31
2023-09-01 07:00:00,23.58,26.6,51.1,6.5,10.64,7.86,5.07
2023-09-01 08:00:00,26.01,24.8,64.1,1.7,10.78,8.98,4.91
2023-09-01 09:00:00,33.02,29.6,50.9,2.5,14.52,11.02,6.23
2023-09-01 10:00:00,31.65,26.7,49.7,2.5,14.84,10.78,6.2
2023-09-01 11:00:00,41.77,32.6,43.0,1.7,17.06,14.29,8.1
2023-09-01 12:00:00,47.76,31.2,45.8,6.1,20.22,16.72,10.07
2023-09-01 13:00:00,45.35,32.4,41.2,3.1,20.31,15.55,8.97
2023-09-01 14:00:00,49.57,31.3,54.9,2.0,22.42,17.1,9.68
2023-09-01 15:00:00,33.17,29.4,49.4,1.7,14.82,11.17,6.17
2023-09-01 16:00:00,35.91,33.6,37.9,3.1,16.58,11.95,6.73
2023-09-01 17:00:00,33.09,32.9,46.5,0.6,15.99,11.26,6.11
2023-09-01 18:00:00,28.75,29.4,56.0,1.5,13.37,9.63,6.33
2023-09-01 19:00:00,28.45,29.7,53.7,0.5,11.86,9.93,5.9
2023-09-01 20:00:00,29.59,26.8,48.0,0.7,12.89,9.84,6.34
2023-09-01 21:00:00,28.95,26.5,46.6,10.3,13.07,10.65,6.27
2023-09-01 22:00:00,30.94,26.0,59.9,3.3,13.1,10.32,6.23
2023-09-01 23:00:00,30.63,24.7,46.3,4.8,14.03,10.74,6.03
2023-09-02 00:00:00,22.18,24.9,56.0,4.9,10.29,7.74,4.85
2023-09-02 01:00:00,24.33,23.2,53.4,6.2,9.88,8.45,5.25
2023-09-02 02:00:00,22.82,22.3,63.9,1.4,10.34,7.7,4.64
2023-09-02 03:00:00,19.18,21.2,53.2,3.7,8.81,7.68,3.44
2023-09-02 04:00:00,21.05,22.2,53.4,2.6,8.84,7.85,4.28
2023-09-02 05:00:00,20.31,24.9,57.2,3.8,9.02,7.76,3.94
2023-09-02 06:00:00,14.3,22.5,61.0,2.7,6.7,5.38,2.21
2023-09-02 07:00:00,16.78,27.6,57.7,1.9,7.24,6.1,3.3
2023-09-02 08:00:00,20.73,26.8,54.2,4.5,9.87,7.09,3.78
2023-09-02 09:00:00,24.19,27.3,53.0,0.8,10.34,8.17,4.35
2023-09-02 10:00:00,50.46,28.1,55.6,6.4,22.56,18.36,9.99
2023-09-02 11:00:00,35.53,31.8,39.0,1.7,15.82,12.71,7.05
2023-09-02 12:00:00,36.04,31.5,41.8,4.1,16.1,12.74,7.15
2023-09-02 13:00:00,40.31,34.4,36.2,5.0,18.28,13.53,8.2
2023-09-02 14:00:00,31.47,30.3,34.2,1.2,13.74,11.15,6.45
2023-09-02 15:00:00,32.05,31.2,50.8,6.5,14.08,11.45,6.43
2023-09-02 16:00:00,29.96,31.4,53.5,2.8,12.94,10.69,5.96
2023-09-02 17:00:00,22.05,29.6,51.2,10.1,10.0,7.22,4.82
2023-09-02 18:00:00,26.9,29.7,50.2,1.1,12.43,8.59,5.09
2023-09-02 19:00:00,20.93,29.0,49.6,4.8,9.28,7.25,3.7
2023-09-02 20:00:00,19.82,27.9,50.7,1.8,8.51,6.32,4.04
2023-09-02 21:00:00,27.99,28.2,58.7,3.0,12.21,9.85,5.12
2023-09-02 22:00:00,21.53,22.8,64.4,3.2,9.97,7.0,4.3
2023-09-02 23:00:00,26.72,24.2,52.0,3.1,10.95,8.66,5.59
2023-09-03 00:00:00,20.39,21.8,63.4,2.7,9.05,6.81,3.98
2023-09-03 01:00:00,29.13,22.9,62.7,5.1,12.68,10.06,5.75
2023-09-03 02:00:00,25.27,22.7,60.0,5.6,10.93,9.42,5.44
2023-09-03 03:00:00,17.02,20.7,61.0,2.7,8.04,5.82,3.31
2023-09-03 04:00:00,14.27,21.4,60.1,3.4,6.35,4.86,2.76
2023-09-03 05:00:00,20.51,24.3,47.4,3.1,8.81,7.77,4.08
2023-09-03 06:00:00,14.19,24.6,46.6,4.0,6.55,4.98,3.49
2023-09-03 07:00:00,15.96,25.4,57.4,1.7,7.41,5.48,2.95
2023-09-03 08:00:00,18.36,28.0,44.8,5.4,8.82,6.96,3.69
2023-09-03 09:00:00,28.07,29.4,41.7,5.4,12.69,9.97,5.17
2023-09-03 10:00:00,30.16,28.8,39.1,4.0,13.31,10.79,5.61
2023-09-03 11:00:00,35.4,29.3,46.4,5.0,16.74,12.68,7.35
2023-09-03 12:00:00,31.14,29.5,50.5,9.0,14.76,10.69,5.98
2023-09-03 13:00:00,33.75,31.9,48.0,6.8,16.4,12.11,6.85
2023-09-03 14:00:00,33.59,29.9,52.4,4.1,15.69,12.11,6.59
2023-09-03 15:00:00,35.34,32.0,43.6,3.6,16.23,12.42,7.83
2023-09-03 16:00:00,27.85,33.2,44.7,3.7,11.33,10.24,5.83
2023-09-03 17:00:00,27.7,30.1,52.2,3.4,13.27,9.73,5.57
2023-09-03 18:00:00,22.37,28.7,51.8,3.4,10.07,8.56,4.59
2023-09-03 19:00:00,29.65,31.3,43.5,4.9,13.24,10.09,5.54
2023-09-03 20:00:00,25.76,29.3,50.3,9.3,11.82,8.93,5.23
2023-09-03 21:00:00,15.39,24.6,44.5,0.9,6.6,5.04,2.96
2023-09-03 22:00:00,24.35,24.8,54.3,2.2,11.48,8.91,5.3
2023-09-03 23:00:00,28.31,24.0,52.1,2.1,11.96,9.41,5.65
2023-09-04 00:00:00,32.93,22.9,64.2,5.7,15.32,11.7,6.34
2023-09-04 01:00:00,34.36,24.8,49.4,3.1,15.74,12.27,7.33
2023-09-04 02:00:00,30.98,22.0,58.2,3.7,13.94,11.44,6.0
2023-09-04 03:00:00,20.42,22.4,55.0,3.4,9.84,7.23,3.76
2023-09-04 04:00:00,28.1,23.6,52.9,5.9,12.99,9.83,5.69
2023-09-04 05:00:00,20.62,25.1,55.7,3.5,10.9,7.8,4.03
2023-09-04 06:00:00,24.12,25.8,51.0,4.5,10.54,8.38,4.73
2023-09-04 07:00:00,24.55,26.4,61.6,0.6,11.07,8.45,4.54
2023-09-04 08:00:00,27.88,24.5,44.7,4.4,12.64,8.97,5.3
2023-09-04 09:00:00,33.85,27.4,54.2,2.2,15.76,12.02,6.67
2023-09-04 10:00:00,40.75,30.6,46.8,6.0,18.4,14.4,7.66
2023-09-04 11:00:00,42.12,30.8,46.8,5.0,18.28,14.93,8.27
2023-09-04 12:00:00,49.84,32.5,46.6,1.4,21.12,18.07,10.24
2023-09-04 13:00:00,45.3,34.5,47.5,1.4,19.98,15.82,8.97
2023-09-04 14:00:00,42.21,30.1,49.2,2.5,19.24,14.5,7.89
2023-09-04 15:00:00,39.05,33.4,48.9,1.6,17.73,14.17,8.09
2023-09-04 16:00:00,37.13,30.7,47.4,4.9,16.23,13.07,6.95
2023-09-04 17:00:00,33.31,31.8,40.6,8.8,14.86,11.32,6.83
2023-09-04 18:00:00,29.76,29.3,48.4,4.4,12.75,10.37,6.07
2023-09-04 19:00:00,32.43,31.4,52.1,2.3,14.29,11.12,6.04
2023-09-04 20:00:00,43.48,27.1,49.5,3.9,20.06,15.0,8.56
2023-09-04 21:00:00,26.46,24.6,49.0,5.4,11.49,10.22,5.61
2023-09-04 22:00:00,34.62,25.0,57.1,7.7,16.17,12.36,6.78
2023-09-04 23:00:00,34.58,23.8,57.1,0.5,14.65,11.41,6.46
2023-09-05 00:00:00,38.27,24.1,51.2,3.7,16.89,13.68,7.96
2023-09-05 01:00:00,35.18,22.6,55.8,3.3,16.79,12.04,6.91
2023-09-05 02:00:00,31.15,25.4,52.6,3.1,12.74,11.45,6.66
2023-09-05 03:00:00,25.69,21.7,58.0,3.6,11.54,9.4,5.09
2023-09-05 04:00:00,24.19,22.2,60.6,3.0,11.23,7.84,4.79
2023-09-05 05:00:00,15.4,22.3,55.2,2.8,6.98,5.08,3.11
2023-09-05 06:00:00,24.88,24.3,58.3,1.5,11.69,8.56,5.01
2023-09-05 07:00:00,24.94,25.8,50.4,3.5,11.69,9.47,4.59
2023-09-05 08:00:00,31.7,27.1,59.8,5.6,13.92,11.48,5.94
2023-09-05 09:00:00,29.89,28.1,58.7,1.4,13.8,10.65,5.63
2023-09-05 10:00:00,40.99,28.3,45.8,4.9,18.29,14.95,8.72
2023-09-05 11:00:00,47.15,28.9,43.2,2.4,21.37,16.15,8.99
2023-09-05 12:00:00,41.6,30.5,52.3,2.9,18.38,15.65,8.12
2023-09-05 13:00:00,49.99,33.3,45.4,8.9,23.71,17.06,10.02
2023-09-05 14:00:00,46.06,33.8,46.3,4.5,20.51,15.85,8.96
2023-09-05 15:00:00,34.96,31.4,43.0,4.8,15.23,12.67,7.19
2023-09-05 16:00:00,33.61,29.6,47.8,4.1,15.62,11.55,6.69
2023-09-05 17:00:00,32.46,30.1,46.1,2.6,14.55,11.61,6.44
2023-09-05 18:00:00,31.21,32.4,46.7,4.5,14.53,10.11,6.53
2023-09-05 19:00:00,32.36,29.5,42.4,3.3,14.42,11.05,5.89
2023-09-05 20:00:00,25.08,27.5,50.5,5.7,10.63,9.05,4.62
2023-09-05 21:00:00,28.24,26.9,45.5,3.9,13.29,9.32,5.98
2023-09-05 22:00:00,35.56,26.5,49.6,5.2,15.5,11.45,6.81
2023-09-05 23:00:00,34.24,21.5,57.8,5.8,14.92,12.12,6.55
2023-09-06 00:00:00,33.4,21.6,60.6,5.6,14.95,12.64,6.94
2023-09-06 01:00:00,36.21,20.9,61.8,3.0,15.97,12.37,6.89
2023-09-06 02:00:00,32.77,22.4,60.9,2.9,14.26,11.31,6.46
2023-09-06 03:00:00,29.84,22.0,50.2,6.0,12.69,10.7,5.81
2023-09-06 04:00:00,23.63,23.3,62.3,1.7,11.07,8.16,4.95
2023-09-06 05:00:00,22.7,22.2,54.1,2.4,10.92,8.43,4.77
2023-09-06 06:00:00,22.23,26.1,49.8,1.5,9.66,8.17,4.54
2023-09-06 07:00:00,28.05,25.1,55.2,0.9,13.25,8.88,5.97
2023-09-06 08:00:00,27.29,27.6,49.2,4.1,12.47,8.87,5.15
2023-09-06 09:00:00,41.4,29.6,50.3,6.4,18.96,14.02,8.12
2023-09-06 10:00:00,41.6,30.7,49.9,1.6,19.03,14.46,8.98
2023-09-06 11:00:00,40.68,30.6,43.4,5.3,18.03,14.67,8.33
2023-09-06 12:00:00,50.76,32.1,44.6,2.9,22.47,17.66,10.41
2023-09-06 13:00:00,49.48,34.0,42.4,4.2,22.18,16.74,10.16
2023-09-06 14:00:00,46.04,32.3,50.0,5.1,20.64,16.17,9.62
2023-09-06 15:00:00,40.17,30.3,45.3,4.7,18.54,13.13,8.35
2023-09-06 16:00:00,36.41,31.7,43.4,1.6,16.54,12.66,7.14
2023-09-06 17:00:00,28.75,30.0,42.9,1.5,12.98,10.8,5.35
2023-09-06 18:00:00,24.91,25.5,48.8,6.8,11.48,8.16,5.31
2023-09-06 19:00:00,27.99,28.5,43.0,1.2,12.08,9.86,6.11
2023-09-06 20:00:00,29.73,26.7,48.4,2.1,13.66,10.23,6.27
2023-09-06 21:00:00,26.78,27.0,59.6,3.2,12.16,7.95,5.54
2023-09-06 22:00:00,32.56,22.9,60.0,5.6,16.5,10.84,7.0
2023-09-06 23:00:00,32.59,20.7,65.5,4.1,14.07,11.18,6.64
2023-09-07 00:00:00,39.33,22.3,52.5,3.9,17.92,14.15,7.5
2023-09-07 01:00:00,35.75,22.1,47.7,4.6,15.74,12.33,7.37
2023-09-07 02:00:00,32.05,21.5,59.8,5.4,14.5,11.64,6.55
2023-09-07 03:00:00,28.92,21.6,67.4,2.2,13.69,11.19,5.72
2023-09-07 04:00:00,21.45,20.4,57.1,0.6,10.6,7.28,4.33
2023-09-07 05:00:00,25.26,22.6,57.4,1.6,11.01,9.14,5.57
2023-09-07 06:00:00,25.18,23.3,48.1,1.8,11.21,9.09,5.26
2023-09-07 07:00:00,26.21,26.7,52.1,0.9,10.74,9.17,5.51
2023-09-07 08:00:00,32.33,26.9,51.0,5.0,15.4,10.83,6.28
2023-09-07 09:00:00,31.15,27.2,40.8,6.2,13.67,10.66,5.73
2023-09-07 10:00:00,40.64,31.5,41.1,4.7,17.4,13.51,8.38
2023-09-07 11:00:00,42.55,29.5,43.0,1.9,19.23,14.64,8.17
2023-09-07 12:00:00,47.59,31.5,38.3,4.1,20.85,16.79,9.81
2023-09-07 13:00:00,78.54,30.9,43.2,3.6,34.87,27.57,15.24
2023-09-07 14:00:00,47.52,33.8,46.0,5.6,20.99,16.78,9.69
2023-09-07 15:00:00,39.46,31.3,43.2,7.2,18.39,14.6,8.27
2023-09-07 16:00:00,31.77,30.9,52.7,4.9,15.15,10.44,6.61
2023-09-07 17:00:00,31.04,29.7,46.6,3.6,14.22,10.52,6.18
2023-09-07 18:00:00,30.11,29.2,50.6,3.6,13.46,11.23,6.42
2023-09-07 19:00:00,29.83,29.5,51.1,5.4,12.8,10.37,5.85
2023-09-07 20:00:00,32.29,27.6,58.5,1.5,14.33,11.64,6.33
2023-09-07 21:00:00,26.33,25.1,50.3,1.7,12.02,9.05,5.67
2023-09-07 22:00:00,36.25,26.4,54.5,2.8,16.64,13.08,6.9
2023-09-07 23:00:00,31.48,24.1,50.3,5.0,14.49,11.02,6.11
2023-09-08 00:00:00,58.36,21.2,67.2,1.1,26.49,20.34,11.54
2023-09-08 01:00:00,32.63,19.3,55.7,2.8,14.91,11.5,6.65
2023-09-08 02:00:00,29.1,20.6,61.2,2.6,13.29,9.86,6.07
2023-09-08 03:00:00,26.34,22.0,65.4,3.5,12.14,9.77,4.98
2023-09-08 04:00:00,23.42,22.8,50.7,3.3,9.87,8.48,4.62
2023-09-08 05:00:00,24.35,24.7,57.3,4.7,10.36,8.41,4.96
2023-09-08 06:00:00,19.41,22.1,52.6,4.2,9.24,7.09,4.02
2023-09-08 07:00:00,17.61,24.2,66.6,6.5,7.99,6.26,4.29
2023-09-08 08:00:00,27.45,24.4,45.2,1.9,12.9,10.0,6.0
2023-09-08 09:00:00,27.83,25.5,45.8,3.2,13.01,9.31,5.44
2023-09-08 10:00:00,36.94,27.8,45.1,3.0,16.32,13.06,7.3
2023-09-08 11:00:00,44.74,30.3,42.2,1.5,20.76,15.32,9.11
2023-09-08 12:00:00,47.23,31.7,48.6,1.8,22.02,16.3,9.76
2023-09-08 13:00:00,45.34,29.6,57.5,2.7,20.33,15.83,9.19
2023-09-08 14:00:00,41.62,30.0,53.8,4.9,19.44,14.88,8.41
2023-09-08 15:00:00,32.08,28.4,51.1,1.7,14.24,11.53,6.7
2023-09-08 16:00:00,39.67,30.8,47.0,2.4,18.14,12.65,8.06
2023-09-08 17:00:00,28.64,28.6,46.6,4.5,13.39,10.0,5.54
2023-09-08 18:00:00,30.62,31.2,48.5,4.0,13.51,10.79,6.19
2023-09-08 19:00:00,29.78,28.1,49.2,1.4,13.34,10.25,6.15
2023-09-08 20:00:00,27.49,25.9,53.8,7.2,12.07,9.28,5.76
2023-09-08 21:00:00,28.71,23.9,51.6,1.7,12.82,10.49,5.8
2023-09-08 22:00:00,37.69,21.5,52.2,1.1,17.72,12.8,7.83
2023-09-08 23:00:00,33.52,20.6,59.4,2.6,15.0,11.64,6.68
2023-09-09 00:00:00,25.67,20.8,59.1,0.7,11.58,8.29,4.73
2023-09-09 01:00:00,26.0,20.1,56.9,0.7,12.04,8.46,5.17
2023-09-09 02:00:00,26.33,19.5,56.7,3.9,11.47,9.32,4.57
2023-09-09 03:00:00,17.07,21.8,60.7,6.3,7.1,6.23,3.55
2023-09-09 04:00:00,13.11,22.5,59.3,3.0,5.65,4.6,2.35
2023-09-09 05:00:00,14.5,21.8,67.2,2.5,6.28,4.9,2.38
2023-09-09 06:00:00,14.76,26.4,59.2,6.7,6.41,5.23,2.54
2023-09-09 07:00:00,14.91,22.1,51.5,1.1,7.19,5.37,3.11
2023-09-09 08:00:00,22.44,26.1,51.7,3.4,9.19,8.13,4.14
2023-09-09 09:00:00,23.08,27.0,44.8,2.3,11.23,8.79,4.43
2023-09-09 10:00:00,25.62,27.7,41.6,2.9,12.16,8.78,5.19
2023-09-09 11:00:00,32.64,28.5,60.8,3.1,13.64,11.29,6.25
2023-09-09 12:00:00,38.12,30.3,55.0,3.8,17.29,13.79,7.7
2023-09-09 13:00:00,31.23,30.5,44.2,3.3,13.43,10.77,6.57
2023-09-09 14:00:00,35.34,30.4,53.7,8.9,15.97,11.46,7.0
2023-09-09 15:00:00,30.23,28.9,56.3,0.7,13.09,10.75,6.08
2023-09-09 16:00:00,26.29,27.9,40.9,5.1,11.52,9.95,5.8
2023-09-09 17:00:00,26.69,29.1,53.3,1.0,11.86,9.1,5.44
2023-09-09 18:00:00,26.59,27.9,48.0,3.2,12.11,7.84,5.42
2023-09-09 19:00:00,19.6,27.0,53.5,2.0,8.78,6.1,4.58
2023-09-09 20:00:00,21.08,25.9,68.0,7.2,9.51,6.9,4.25
2023-09-09 21:00:00,19.8,23.9,63.2,4.8,9.5,6.51,3.99
2023-09-09 22:00:00,4.73,23.2,55.5,3.3,2.49,2.26,1.21
2023-09-09 23:00:00,29.54,21.2,65.7,7.4,13.4,10.82,5.81
2023-09-10 00:00:00,23.1,23.8,45.8,4.8,10.24,8.98,4.31
2023-09-10 01:00:00,23.56,19.8,62.8,7.4,11.46,8.93,3.88
2023-09-10 02:00:00,27.1,20.3,62.3,4.7,12.59,9.65,5.99
2023-09-10 03:00:00,23.39,19.9,63.6,1.2,10.14,8.15,4.45
2023-09-10 04:00:00,17.12,20.4,57.0,4.2,7.96,5.34,3.35
2023-09-10 05:00:00,18.11,22.3,59.1,8.4,8.45,5.5,3.11
2023-09-10 06:00:00,16.07,23.2,60.5,2.1,7.55,5.41,3.37
2023-09-10 07:00:00,19.72,23.9,43.8,5.3,8.91,6.07,4.32
2023-09-10 08:00:00,20.33,25.4,51.9,1.9,10.26,7.86,4.6
2023-09-10 09:00:00,26.48,26.0,48.2,3.3,12.12,9.14,5.66
2023-09-10 10:00:00,37.67,28.9,52.6,1.3,15.93,13.21,7.55
2023-09-10 11:00:00,39.89,32.5,51.9,2.7,16.86,14.4,8.45
2023-09-10 12:00:00,33.87,28.9,46.3,5.2,14.51,11.98,6.66
2023-09-10 13:00:00,38.4,31.3,41.0,0.9,17.53,12.61,7.84
2023-09-10 14:00:00,33.1,30.9,47.5,2.6,15.39,11.34,6.59
2023-09-10 15:00:00,38.31,31.7,40.2,4.2,17.98,12.88,7.81
2023-09-10 16:00:00,29.3,31.2,45.4,7.3,13.12,10.57,5.64
2023-09-10 17:00:00,23.81,29.7,46.7,2.3,10.65,8.36,4.01
2023-09-10 18:00:00,19.54,28.3,53.0,1.8,9.1,6.7,4.38
2023-09-10 19:00:00,22.43,26.5,53.8,2.0,10.04,7.84,3.99
2023-09-10 20:00:00,21.23,24.7,55.2,2.2,9.81,7.31,4.51
2023-09-10 21:00:00,20.19,24.4,62.9,4.3,8.74,6.62,4.89
2023-09-10 22:00:00,25.1,21.4,59.7,10.9,11.42,8.53,4.79
2023-09-10 23:00:00,21.94,21.4,56.2,3.7,9.76,7.21,4.56
2023-09-11 00:00:00,35.68,23.0,54.9,2.4,16.82,12.68,7.15
2023-09-11 01:00:00,35.35,21.0,55.0,5.0,16.26,12.75,7.07
2023-09-11 02:00:00,35.74,22.0,52.5,1.8,17.08,11.87,7.25
2023-09-11 03:00:00,25.79,23.0,49.4,0.7,11.87,9.84,5.62
2023-09-11 04:00:00,20.77,21.1,64.4,4.1,9.1,7.88,3.95
2023-09-11 05:00:00,18.99,22.4,53.5,2.1,8.25,6.04,4.31
2023-09-11 06:00:00,16.88,22.7,58.3,3.0,7.33,5.89,3.42
2023-09-11 07:00:00,24.57,23.1,54.7,2.2,11.54,8.12,4.71
2023-09-11 08:00:00,28.18,24.2,54.8,6.7,12.83,9.5,4.95
2023-09-11 09:00:00,34.84,28.2,55.9,2.7,15.59,11.0,7.04
2023-09-11 10:00:00,41.22,28.5,50.7,3.3,19.09,13.16,8.06
2023-09-11 11:00:00,46.49,32.0,41.0,2.2,21.39,16.18,9.17
2023-09-11 12:00:00,46.14,31.4,43.4,1.3,21.03,16.39,9.36
2023-09-11 13:00:00,41.46,29.4,53.0,3.6,18.41,14.12,8.06
2023-09-11 14:00:00,42.56,31.9,48.1,6.0,18.49,14.74,8.55
2023-09-11 15:00:00,32.89,30.0,52.6,2.8,15.32,11.56,6.53
2023-09-11 16:00:00,36.34,31.8,44.6,5.2,16.56,13.44,7.7
2023-09-11 17:00:00,27.81,28.5,42.9,0.8,13.08,10.03,5.64
2023-09-11 18:00:00,25.95,26.6,54.6,2.2,10.91,9.25,5.28
2023-09-11 19:00:00,24.09,25.8,54.4,1.6,11.03,8.19,4.68
2023-09-11 20:00:00,24.37,24.5,56.0,3.0,10.28,8.96,4.9
2023-09-11 21:00:00,25.54,23.1,49.4,6.4,11.57,8.36,5.54
2023-09-11 22:00:00,31.65,22.3,54.0,2.9,14.16,11.44,6.48
2023-09-11 23:00:00,36.06,23.4,51.2,4.1,16.65,13.56,7.6
2023-09-12 00:00:00,32.36,23.8,57.4,6.4,14.96,10.96,6.86
2023-09-12 01:00:00,61.98,18.6,63.8,2.8,27.71,21.24,12.45
2023-09-12 02:00:00,32.05,22.4,56.9,2.9,14.39,10.99,6.88
2023-09-12 03:00:00,25.92,19.9,64.9,1.3,11.43,9.06,4.96
2023-09-12 04:00:00,22.5,21.7,65.5,2.8,9.16,8.73,4.71
2023-09-12 05:00:00,21.8,19.5,62.4,5.0,9.82,7.26,4.88
2023-09-12 06:00:00,17.39,23.8,58.8,5.8,6.7,5.82,3.17
2023-09-12 07:00:00,22.1,21.2,55.9,4.8,9.49,6.36,4.57
2023-09-12 08:00:00,24.64,25.9,49.2,0.5,11.22,8.41,4.74
2023-09-12 09:00:00,35.1,27.2,56.5,1.5,15.86,11.58,7.49
2023-09-12 10:00:00,43.7,28.3,45.7,4.9,20.1,15.5,8.92
2023-09-12 11:00:00,37.92,27.9,54.0,7.2,17.02,13.27,7.86
2023-09-12 12:00:00,46.49,30.6,55.8,4.6,21.5,17.02,9.1
2023-09-12 13:00:00,42.73,30.9,50.2,2.1,19.48,15.64,8.48
2023-09-12 14:00:00,43.31,30.2,47.4,1.4,19.64,15.31,7.99
2023-09-12 15:00:00,35.52,31.3,39.7,6.1,15.22,12.62,6.69
2023-09-12 16:00:00,33.66,29.7,49.2,1.4,15.99,11.74,6.91
2023-09-12 17:00:00,27.74,29.8,53.3,1.7,11.88,9.41,5.68
2023-09-12 18:00:00,25.37,27.8,49.8,4.0,11.56,8.62,4.67
2023-09-12 19:00:00,23.28,27.1,56.6,1.9,11.47,8.16,4.7
2023-09-12 20:00:00,29.52,26.3,54.2,2.2,12.26,10.84,5.92
2023-09-12 21:00:00,25.63,23.6,57.2,1.7,11.31,8.9,5.71
2023-09-12 22:00:00,32.85,21.1,57.1,7.2,13.53,11.63,7.0
2023-09-12 23:00:00,33.35,22.3,49.9,1.5,15.37,11.92,7.09
2023-09-13 00:00:00,34.93,22.7,54.6,6.9,15.67,12.28,6.86
2023-09-13 01:00:00,34.58,20.9,56.7,2.7,15.28,11.28,6.68
2023-09-13 02:00:00,29.56,20.8,62.0,5.6,12.88,11.28,6.09
2023-09-13 03:00:00,28.24,20.4,59.5,7.3,12.53,9.84,5.35
2023-09-13 04:00:00,27.79,22.1,62.9,3.6,12.8,9.97,5.46
2023-09-13 05:00:00,19.28,21.5,59.6,5.1,8.26,6.79,4.07
2023-09-13 06:00:00,23.15,22.1,55.0,2.4,10.3,6.93,4.72
2023-09-13 07:00:00,27.44,25.7,49.1,2.9,12.41,9.65,5.02
2023-09-13 08:00:00,22.66,24.5,51.6,3.8,10.01,7.05,4.68
2023-09-13 09:00:00,29.95,27.9,51.3,5.8,13.57,9.94,5.73
2023-09-13 10:00:00,40.39,29.4,46.8,4.2,17.6,14.45,7.83
2023-09-13 11:00:00,41.35,29.7,43.0,0.6,18.17,14.64,7.96
2023-09-13 12:00:00,45.5,27.7,55.7,2.6,20.4,15.7,8.91
2023-09-13 13:00:00,43.53,30.2,48.6,6.0,18.82,14.68,8.28
2023-09-13 14:00:00,38.44,30.0,49.4,2.2,17.08,13.39,7.8
2023-09-13 15:00:00,32.91,29.4,44.6,2.9,14.59,11.39,6.12
2023-09-13 16:00:00,35.44,29.8,43.0,3.0,16.27,12.52,7.22
2023-09-13 17:00:00,28.76,30.0,47.2,1.7,13.47,10.4,5.97
2023-09-13 18:00:00,24.97,27.1,41.3,2.8,11.81,8.8,5.1
2023-09-13 19:00:00,27.1,26.3,56.3,5.5,12.32,9.91,5.48
2023-09-13 20:00:00,24.14,24.9,50.6,5.8,10.19,8.79,4.46
2023-09-13 21:00:00,30.21,25.7,51.8,4.0,13.02,10.78,6.37
2023-09-13 22:00:00,31.43,22.4,59.3,4.5,14.33,10.32,6.15
2023-09-13 23:00:00,35.92,19.9,59.0,3.7,16.52,12.09,7.21
2023-09-14 00:00:00,36.69,18.4,56.1,0.9,15.89,13.11,7.27
2023-09-14 01:00:00,33.66,20.8,66.6,4.6,15.85,11.35,7.09
2023-09-14 02:00:00,31.62,19.0,53.6,10.1,14.82,10.86,6.51
2023-09-14 03:00:00,26.78,21.3,47.3,2.2,12.79,9.97,4.76
2023-09-14 04:00:00,20.27,18.8,65.8,8.5,9.23,7.39,4.62
2023-09-14 05:00:00,21.86,20.8,51.8,10.5,9.25,7.82,4.53
2023-09-14 06:00:00,24.94,20.6,65.5,1.7,11.53,8.72,4.88
2023-09-14 07:00:00,19.7,24.5,56.5,6.8,8.81,7.42,3.94
2023-09-14 08:00:00,25.14,26.1,54.1,4.5,11.31,9.11,5.32
2023-09-14 09:00:00,29.89,26.9,48.9,3.4,14.11,10.69,6.09
2023-09-14 10:00:00,36.23,26.0,48.7,2.8,16.03,11.57,7.38
2023-09-14 11:00:00,40.61,27.5,49.1,4.2,18.42,14.21,8.27
2023-09-14 12:00:00,43.49,29.8,43.9,5.8,19.37,14.97,9.02
2023-09-14 13:00:00,37.01,27.4,57.2,0.8,16.37,12.65,7.77
2023-09-14 14:00:00,40.3,29.7,44.6,3.7,17.81,14.3,8.13
2023-09-14 15:00:00,36.11,32.2,47.9,4.3,15.86,12.8,7.06
2023-09-14 16:00:00,32.06,29.2,54.0,0.7,13.86,11.65,6.71
2023-09-14 17:00:00,27.0,26.4,47.9,6.3,13.16,9.47,5.33
2023-09-14 18:00:00,21.12,26.7,53.9,7.4,9.51,7.04,4.16
2023-09-14 19:00:00,19.56,25.4,49.0,4.1,9.02,6.46,4.04
2023-09-14 20:00:00,34.38,28.3,49.2,1.5,15.16,13.18,7.07
2023-09-14 21:00:00,29.64,26.3,50.1,7.0,12.85,11.07,5.99
2023-09-14 22:00:00,34.3,23.7,52.1,5.4,15.07,12.05,7.01
2023-09-14 23:00:00,33.82,21.0,59.5,0.7,14.83,11.15,6.71
2023-09-15 00:00:00,34.8,22.4,51.1,3.9,15.73,12.26,6.41
2023-09-15 01:00:00,35.3,18.4,66.6,1.5,15.8,12.76,7.09
2023-09-15 02:00:00,29.25,21.5,52.8,1.7,14.05,10.57,5.76
2023-09-15 03:00:00,28.04,21.5,51.9,2.0,12.22,10.16,5.53
2023-09-15 04:00:00,23.01,20.4,58.3,3.0,10.6,8.69,3.96
2023-09-15 05:00:00,17.91,23.1,54.4,6.1,7.02,6.01,3.24
2023-09-15 06:00:00,21.05,21.7,59.7,0.8,9.24,7.23,3.44
2023-09-15 07:00:00,20.56,21.7,58.4,4.6,10.53,7.81,4.13
2023-09-15 08:00:00,27.14,26.4,44.2,7.8,11.58,8.83,5.69
2023-09-15 09:00:00,27.8,26.1,57.6,4.3,12.91,10.08,5.95
2023-09-15 10:00:00,41.91,28.3,48.6,5.5,19.06,15.15,8.64
2023-09-15 11:00:00,47.16,31.2,47.8,6.5,21.02,16.51,9.29
2023-09-15 12:00:00,43.86,28.2,61.2,4.8,18.99,15.45,8.89
2023-09-15 13:00:00,41.73,29.5,55.0,4.4,18.62,14.64,8.31
2023-09-15 14:00:00,39.54,32.3,46.3,0.6,17.41,14.14,7.8
2023-09-15 15:00:00,42.71,30.7,40.2,3.6,18.71,13.76,8.62
2023-09-15 16:00:00,30.1,28.2,43.4,3.4,12.51,11.24,5.88
2023-09-15 17:00:00,23.86,27.0,57.4,3.6,10.67,7.73,4.86
2023-09-15 18:00:00,25.18,26.6,50.0,3.2,10.98,8.27,5.36
2023-09-15 19:00:00,25.78,25.1,53.0,6.5,11.06,8.56,4.77
2023-09-15 20:00:00,25.8,25.3,48.0,6.3,10.91,9.08,4.85
2023-09-15 21:00:00,30.91,23.7,57.7,1.6,13.53,10.77,6.5
2023-09-15 22:00:00,34.17,22.8,62.3,3.7,15.69,11.64,6.85
2023-09-15 23:00:00,31.51,20.1,67.5,7.6,14.31,10.95,6.42
2023-09-16 00:00:00,24.77,20.3,57.4,4.1,11.22,8.71,4.82
2023-09-16 01:00:00,28.09,16.8,67.1,5.4,12.26,9.63,5.41
2023-09-16 02:00:00,16.86,19.9,59.6,2.9,8.43,5.56,3.16
2023-09-16 03:00:00,20.45,21.7,62.4,2.9,8.9,7.66,3.98
2023-09-16 04:00:00,25.99,18.3,62.1,2.7,11.87,8.3,5.1
2023-09-16 05:00:00,14.77,21.9,53.6,0.6,7.15,4.99,2.87
2023-09-16 06:00:00,14.46,21.3,65.0,6.8,6.39,5.32,2.77
2023-09-16 07:00:00,16.01,24.6,54.9,2.8,6.18,5.88,3.03
2023-09-16 08:00:00,18.08,25.0,52.3,2.9,8.36,6.68,3.42
2023-09-16 09:00:00,22.02,26.6,52.9,5.1,10.02,7.94,4.78
2023-09-16 10:00:00,34.35,27.3,47.5,3.7,14.69,11.93,7.09
2023-09-16 11:00:00,39.74,30.3,49.8,2.8,18.04,13.32,7.98
2023-09-16 12:00:00,31.91,29.6,47.5,6.2,14.3,11.21,6.99
2023-09-16 13:00:00,36.4,28.5,45.8,5.6,16.56,12.77,7.49
2023-09-16 14:00:00,31.45,29.9,60.0,8.2,13.46,11.22,6.16
2023-09-16 15:00:00,28.65,29.0,44.2,4.3,13.28,9.72,6.11
2023-09-16 16:00:00,25.8,29.3,50.6,4.6,11.32,8.93,5.21
2023-09-16 17:00:00,19.75,27.6,51.1,2.7,8.38,6.71,4.39
2023-09-16 18:00:00,20.97,26.2,47.4,1.4,9.82,6.84,4.38
2023-09-16 19:00:00,19.75,26.3,50.7,1.4,9.32,7.21,3.74
2023-09-16 20:00:00,18.03,24.8,47.5,4.3,8.18,6.44,3.74
2023-09-16 21:00:00,19.1,25.0,64.3,1.5,8.91,7.3,3.33
2023-09-16 22:00:00,21.41,21.6,56.7,6.5,9.35,8.6,4.19
2023-09-16 23:00:00,21.6,18.2,61.2,4.7,9.47,7.42,4.78
2023-09-17 00:00:00,26.48,19.7,70.1,2.1,12.54,9.62,5.46
2023-09-17 01:00:00,22.7,17.3,59.2,2.4,9.02,8.1,3.99
2023-09-17 02:00:00,22.97,20.2,66.3,4.7,9.28,7.91,4.9
2023-09-17 03:00:00,24.25,17.2,66.3,5.6,10.75,8.47,4.76
2023-09-17 04:00:00,21.01,18.7,51.6,5.7,9.16,7.13,4.15
2023-09-17 05:00:00,15.87,20.5,57.6,4.1,7.72,5.43,3.11
2023-09-17 06:00:00,15.5,24.3,57.0,1.7,6.75,5.31,2.64
2023-09-17 07:00:00,20.65,21.6,58.2,5.5,9.4,7.34,4.18
2023-09-17 08:00:00,20.14,24.6,54.7,5.3,9.49,6.57,3.75
2023-09-17 09:00:00,24.05,26.7,48.9,5.7,11.28,8.22,5.2
2023-09-17 10:00:00,27.96,29.3,45.3,1.8,12.01,9.08,5.42
2023-09-17 11:00:00,34.53,29.2,47.4,4.6,15.72,12.12,7.1
2023-09-17 12:00:00,38.27,30.5,57.2,7.6,16.35,13.37,7.63
2023-09-17 13:00:00,34.1,30.7,42.7,2.3,15.78,12.73,6.97
2023-09-17 14:00:00,29.94,27.7,48.3,4.8,13.28,10.8,5.4
2023-09-17 15:00:00,28.76,29.9,48.3,2.3,13.22,10.06,5.49
2023-09-17 16:00:00,26.75,30.1,40.5,2.6,11.87,8.85,5.56
2023-09-17 17:00:00,13.68,26.6,54.2,3.5,5.98,4.02,2.49
2023-09-17 18:00:00,17.89,26.2,46.2,6.4,8.22,5.39,3.43
2023-09-17 19:00:00,19.3,24.6,49.0,0.8,8.83,7.26,3.34
2023-09-17 20:00:00,18.97,25.7,47.5,9.1,8.22,6.73,4.17
2023-09-17 21:00:00,20.95,23.1,48.0,5.2,8.73,7.97,4.46
2023-09-17 22:00:00,21.74,21.6,64.5,2.8,9.52,8.37,4.04
2023-09-17 23:00:00,26.59,19.1,63.7,2.8,12.08,9.3,5.33
2023-09-18 00:00:00,34.65,19.9,64.7,3.4,16.21,12.55,7.08
2023-09-18 01:00:00,31.83,18.7,65.8,6.1,14.18,11.74,6.53
2023-09-18 02:00:00,34.77,19.7,59.5,0.6,15.19,11.94,7.09
2023-09-18 03:00:00,30.01,17.8,62.5,3.8,12.86,10.78,6.39
2023-09-18 04:00:00,22.42,20.3,64.7,1.0,10.16,8.89,3.45
2023-09-18 05:00:00,22.44,20.1,68.0,1.5,9.9,6.82,4.6
2023-09-18 06:00:00,21.53,20.0,53.7,4.6,9.37,6.96,4.36
2023-09-18 07:00:00,22.8,21.1,71.3,2.2,11.0,7.97,4.72
2023-09-18 08:00:00,19.7,22.6,50.3,0.9,9.03,6.84,4.12
2023-09-18 09:00:00,32.19,25.3,51.3,1.8,14.69,9.74,6.39
2023-09-18 10:00:00,34.55,27.0,51.9,2.1,15.26,11.91,7.37
2023-09-18 11:00:00,39.71,28.3,50.9,5.1,17.81,13.4,7.83
2023-09-18 12:00:00,89.06,29.1,58.9,4.2,40.12,31.78,18.09
2023-09-18 13:00:00,40.98,28.0,55.4,4.9,18.15,14.87,7.89
2023-09-18 14:00:00,40.86,30.9,49.0,2.9,18.76,14.49,8.26
2023-09-18 15:00:00,28.93,28.5,55.0,1.5,12.7,10.84,6.16
2023-09-18 16:00:00,35.43,29.3,50.5,5.4,16.46,13.01,7.31
2023-09-18 17:00:00,23.27,27.6,47.5,1.7,10.8,9.16,4.76
2023-09-18 18:00:00,22.78,27.4,53.5,2.9,10.5,8.28,3.78
2023-09-18 19:00:00,22.33,25.3,54.0,2.3,10.05,7.91,4.64
2023-09-18 20:00:00,28.87,24.9,49.9,2.5,12.91,10.5,6.01
2023-09-18 21:00:00,29.62,23.0,62.7,4.1,13.81,9.87,5.92
2023-09-18 22:00:00,31.04,23.1,56.1,1.8,13.75,11.16,6.29
2023-09-18 23:00:00,34.95,19.6,54.9,3.3,14.54,11.92,7.1
2023-09-19 00:00:00,33.68,17.2,58.6,4.3,14.98,12.12,6.97
2023-09-19 01:00:00,34.52,17.9,65.2,6.0,15.31,11.85,7.03
2023-09-19 02:00:00,31.61,20.8,64.3,2.9,13.85,9.95,6.69
2023-09-19 03:00:00,30.1,19.1,63.5,2.6,14.01,11.15,6.04
2023-09-19 04:00:00,26.34,20.0,62.5,2.9,11.1,8.83,4.85
2023-09-19 05:00:00,22.42,19.0,57.1,3.5,9.93,7.28,4.79
2023-09-19 06:00:00,19.27,21.7,58.4,2.6,8.62,7.11,4.22
2023-09-19 07:00:00,23.04,21.3,56.8,2.3,10.04,8.29,4.91
2023-09-19 08:00:00,23.7,22.8,55.6,2.9,11.11,8.91,5.33
2023-09-19 09:00:00,26.23,24.8,53.6,5.2,12.6,9.27,5.32
2023-09-19 10:00:00,35.39,27.3,47.9,2.3,15.97,12.42,7.19
2023-09-19 11:00:00,41.15,28.5,53.5,5.8,18.68,14.22,8.03
2023-09-19 12:00:00,45.47,29.3,43.7,2.5,20.8,15.87,9.58
2023-09-19 13:00:00,37.6,26.6,45.6,4.1,17.03,13.2,6.81
2023-09-19 14:00:00,36.11,29.1,45.1,8.0,17.16,12.25,6.8
2023-09-19 15:00:00,34.84,28.7,54.0,7.4,15.48,12.06,6.95
2023-09-19 16:00:00,27.48,26.2,54.3,3.2,12.58,9.61,5.2
2023-09-19 17:00:00,27.21,27.7,41.8,1.1,12.06,9.24,5.17
2023-09-19 18:00:00,25.88,26.3,55.5,6.5,12.29,9.35,4.86
2023-09-19 19:00:00,27.04,26.2,52.3,1.6,11.73,9.58,5.93
2023-09-19 20:00:00,22.84,24.3,52.8,6.8,9.84,7.45,4.86
2023-09-19 21:00:00,26.14,22.0,56.4,4.9,11.77,8.71,5.29
2023-09-19 22:00:00,28.83,23.0,49.7,7.0,13.71,10.35,5.27
2023-09-19 23:00:00,35.92,17.3,64.1,4.4,16.93,12.64,7.14
2023-09-20 00:00:00,38.79,19.5,54.2,9.8,16.61,13.49,7.34
2023-09-20 01:00:00,33.37,16.5,62.5,3.4,15.51,11.61,6.9
2023-09-20 02:00:00,30.81,17.6,61.2,2.7,13.92,11.51,6.39
2023-09-20 03:00:00,31.33,19.9,64.0,3.0,13.85,10.8,6.06
2023-09-20 04:00:00,25.18,17.7,62.9,2.8,12.04,9.56,5.23
2023-09-20 05:00:00,22.26,18.3,65.6,3.0,10.39,7.17,4.96
2023-09-20 06:00:00,18.73,25.0,48.0,6.2,8.78,6.65,3.55
2023-09-20 07:00:00,22.87,20.6,58.7,4.0,10.49,8.72,4.48
2023-09-20 08:00:00,25.24,26.4,54.9,4.8,11.15,8.53,4.83
2023-09-20 09:00:00,26.31,25.0,60.2,2.5,11.94,8.87,5.36
2023-09-20 10:00:00,33.05,25.7,47.5,9.1,15.03,11.09,7.34
2023-09-20 11:00:00,39.2,28.3,45.8,2.4,17.11,13.45,7.9
2023-09-20 12:00:00,44.04,30.3,50.2,1.8,20.16,15.83,8.7
2023-09-20 13:00:00,35.15,27.1,59.6,5.2,16.5,12.02,7.21
2023-09-20 14:00:00,40.09,28.2,51.6,5.7,18.75,14.86,7.97
2023-09-20 15:00:00,39.56,30.1,42.4,3.0,17.37,14.26,8.02
2023-09-20 16:00:00,26.12,28.7,44.1,3.7,11.61,9.6,5.39
2023-09-20 17:00:00,31.33,29.1,49.7,3.1,14.49,11.17,6.47
2023-09-20 18:00:00,22.98,27.2,53.1,2.5,10.28,7.59,4.26
2023-09-20 19:00:00,29.25,28.0,49.3,5.5,12.85,10.36,5.95
2023-09-20 20:00:00,24.08,24.2,49.5,5.0,11.43,9.0,4.49
2023-09-20 21:00:00,27.74,23.0,61.9,3.5,12.39,10.13,5.23
2023-09-20 22:00:00,30.95,21.9,55.9,3.3,13.23,10.48,6.56
2023-09-20 23:00:00,37.19,20.2,62.4,1.9,17.13,12.87,7.9
2023-09-21 00:00:00,32.05,20.7,50.3,4.3,14.97,10.47,6.62
2023-09-21 01:00:00,35.67,19.3,66.9,6.8,15.88,12.27,7.29
2023-09-21 02:00:00,34.16,19.9,56.6,4.8,15.73,11.73,6.85
2023-09-21 03:00:00,29.44,20.3,66.3,3.6,12.4,10.35,6.09
2023-09-21 04:00:00,29.71,20.1,63.0,0.8,13.35,10.45,5.93
2023-09-21 05:00:00,19.84,21.0,51.7,6.9,8.72,6.65,3.54
2023-09-21 06:00:00,22.55,19.7,61.5,2.6,10.87,7.71,4.62
2023-09-21 07:00:00,20.89,21.6,66.3,2.5,10.05,6.84,3.63
2023-09-21 08:00:00,28.52,25.0,51.0,3.4,12.69,9.23,5.1
2023-09-21 09:00:00,32.41,27.2,59.7,3.2,14.48,10.67,6.5
2023-09-21 10:00:00,30.43,23.3,57.9,7.7,14.57,9.64,6.39
2023-09-21 11:00:00,41.07,26.4,59.0,1.8,19.23,15.27,8.36
2023-09-21 12:00:00,40.11,28.1,51.1,4.6,17.56,13.67,8.16
2023-09-21 13:00:00,35.52,27.3,50.7,1.4,15.93,12.9,6.82
2023-09-21 14:00:00,35.4,27.5,60.2,2.4,16.25,12.48,7.08
2023-09-21 15:00:00,37.15,29.3,52.4,4.8,16.96,12.42,7.55
2023-09-21 16:00:00,37.07,30.5,46.3,5.4,17.18,11.88,7.46
2023-09-21 17:00:00,21.8,24.2,57.0,3.4,9.58,7.4,4.34
2023-09-21 18:00:00,26.45,26.0,50.0,5.3,12.24,9.64,5.04
2023-09-21 19:00:00,20.38,25.7,53.6,7.0,9.27,7.02,4.34
2023-09-21 20:00:00,24.19,24.9,60.1,7.0,11.45,8.17,5.02
2023-09-21 21:00:00,26.93,22.9,55.7,2.7,11.84,9.72,5.34
2023-09-21 22:00:00,31.12,23.9,50.9,2.6,13.64,11.68,6.22
2023-09-21 23:00:00,34.36,20.3,54.8,4.8,15.71,11.85,7.41
2023-09-22 00:00:00,36.87,21.2,58.9,4.4,16.8,13.28,7.45
2023-09-22 01:00:00,33.02,17.8,58.6,3.0,14.77,11.57,6.36
2023-09-22 02:00:00,31.74,18.6,54.5,2.2,14.39,10.74,6.7
2023-09-22 03:00:00,27.53,16.9,57.7,4.2,12.38,9.85,5.48
2023-09-22 04:00:00,21.58,20.6,65.2,3.2,10.18,8.08,3.85
2023-09-22 05:00:00,20.86,19.8,59.5,1.6,9.38,7.15,4.5
2023-09-22 06:00:00,19.78,21.6,58.4,4.3,9.01,7.05,3.95
2023-09-22 07:00:00,20.73,21.8,53.0,4.6,9.08,5.99,4.09
2023-09-22 08:00:00,24.63,24.4,51.8,2.9,11.53,8.53,4.99
2023-09-22 09:00:00,30.01,25.5,50.4,5.7,13.5,10.34,5.97
2023-09-22 10:00:00,31.16,24.6,53.1,1.2,15.07,10.52,6.01
2023-09-22 11:00:00,39.85,25.7,44.9,3.5,17.71,14.41,8.17
2023-09-22 12:00:00,37.99,27.8,56.0,7.5,17.17,12.41,7.64
2023-09-22 13:00:00,40.4,29.4,48.7,2.0,18.25,13.65,8.12
2023-09-22 14:00:00,49.37,31.4,47.4,1.8,22.17,17.5,9.93
2023-09-22 15:00:00,32.31,28.8,54.0,2.9,15.32,11.94,6.49
2023-09-22 16:00:00,28.61,29.4,52.9,2.4,11.9,10.19,5.79
2023-09-22 17:00:00,24.0,24.7,51.5,2.1,11.23,8.27,5.1
2023-09-22 18:00:00,22.57,29.1,52.1,7.3,10.11,7.88,4.74
2023-09-22 19:00:00,23.2,25.8,56.1,2.8,10.68,8.03,5.03
2023-09-22 20:00:00,29.25,23.5,57.4,1.1,12.96,10.14,5.91
2023-09-22 21:00:00,23.78,22.0,62.9,6.4,10.75,9.03,4.84
2023-09-22 22:00:00,26.43,19.4,64.7,3.3,11.97,9.46,5.11
2023-09-22 23:00:00,30.39,18.8,65.1,4.9,13.38,10.52,5.68
2023-09-23 00:00:00,28.62,21.9,64.5,2.9,12.71,10.27,5.64
2023-09-23 01:00:00,5.69,17.0,63.7,7.0,3.61,2.99,1.45
2023-09-23 02:00:00,22.28,16.9,64.1,2.5,10.03,7.16,4.37
2023-09-23 03:00:00,22.46,17.5,67.1,4.4,10.12,7.2,4.69
2023-09-23 04:00:00,21.41,17.2,62.4,5.6,10.31,6.98,3.91
2023-09-23 05:00:00,20.35,19.9,62.6,2.2,9.52,6.63,3.85
2023-09-23 06:00:00,14.51,22.5,54.2,5.4,6.57,5.27,3.25
2023-09-23 07:00:00,18.23,21.2,47.2,5.3,8.14,5.9,3.91
2023-09-23 08:00:00,15.89,21.3,61.4,7.7,7.0,5.32,2.85
2023-09-23 09:00:00,21.33,25.1,46.1,6.8,10.59,6.55,4.3
2023-09-23 10:00:00,25.58,25.8,49.6,3.0,11.07,9.98,4.86
2023-09-23 11:00:00,31.76,28.4,54.0,4.0,13.8,10.97,6.43
2023-09-23 12:00:00,33.69,27.0,55.7,6.8,14.88,12.36,7.02
2023-09-23 13:00:00,34.51,27.8,56.5,0.5,15.0,11.98,7.29
2023-09-23 14:00:00,29.34,28.1,40.1,4.2,13.34,10.64,5.69
2023-09-23 15:00:00,29.99,28.3,51.5,2.1,13.92,10.52,5.6
2023-09-23 16:00:00,4.7,27.1,50.2,4.9,1.91,2.03,0.72
2023-09-23 17:00:00,19.14,26.1,57.7,5.4,8.27,7.24,3.71
2023-09-23 18:00:00,17.39,23.1,63.7,4.7,8.28,5.24,4.13
2023-09-23 19:00:00,16.06,23.8,48.9,10.0,7.36,5.26,2.91
2023-09-23 20:00:00,23.74,24.4,54.8,3.4,9.34,8.48,4.88
2023-09-23 21:00:00,17.15,23.3,60.2,3.9,6.84,6.66,3.69
2023-09-23 22:00:00,22.28,20.2,58.1,3.1,10.32,7.74,4.41
2023-09-23 23:00:00,25.31,21.8,66.6,8.1,12.15,8.46,4.94
2023-09-24 00:00:00,27.46,18.8,59.4,6.8,12.45,9.62,5.87
2023-09-24 01:00:00,28.78,16.3,62.9,8.8,13.1,10.18,5.67
2023-09-24 02:00:00,23.49,15.7,59.8,8.7,10.63,8.11,4.5
2023-09-24 03:00:00,17.18,20.2,60.6,6.4,8.11,6.68,3.26
2023-09-24 04:00:00,20.03,18.3,47.0,6.9,8.45,6.51,4.21
2023-09-24 05:00:00,17.75,17.8,61.4,1.5,8.14,6.44,3.49
2023-09-24 06:00:00,10.26,17.3,69.6,1.9,4.63,3.04,2.23
2023-09-24 07:00:00,15.86,21.3,51.5,6.2,7.05,5.2,3.1
2023-09-24 08:00:00,13.95,23.8,47.4,4.8,6.0,4.51,3.13
2023-09-24 09:00:00,19.07,23.4,61.5,6.1,8.67,6.42,4.24
2023-09-24 10:00:00,21.42,24.1,61.4,5.1,9.24,7.83,4.33
2023-09-24 11:00:00,54.8,25.9,46.2,1.6,24.44,18.67,10.83
2023-09-24 12:00:00,62.45,29.4,57.4,6.7,28.4,22.28,12.15
2023-09-24 13:00:00,25.25,25.9,55.1,5.2,11.44,8.69,5.2
2023-09-24 14:00:00,30.55,27.2,56.6,3.9,13.03,11.03,6.09
2023-09-24 15:00:00,25.87,29.8,44.3,3.7,12.17,8.94,5.27
2023-09-24 16:00:00,25.1,28.2,57.6,3.9,11.06,9.13,4.86
2023-09-24 17:00:00,18.28,27.0,50.3,3.0,8.45,6.76,3.41
2023-09-24 18:00:00,15.23,24.7,52.8,5.4,6.74,4.99,3.26
2023-09-24 19:00:00,17.88,24.5,57.0,6.6,8.04,7.12,3.62
2023-09-24 20:00:00,44.22,22.4,55.2,2.3,20.48,15.17,9.02
2023-09-24 21:00:00,24.08,20.6,51.7,0.8,10.43,8.08,5.41
2023-09-24 22:00:00,23.34,19.0,61.8,2.0,10.55,8.1,4.88
2023-09-24 23:00:00,26.37,20.8,57.4,5.0,11.46,9.48,6.02
2023-09-25 00:00:00,34.0,18.5,57.9,6.0,15.45,11.24,6.98
2023-09-25 01:00:00,34.55,18.6,67.9,2.8,14.57,12.62,7.27
2023-09-25 02:00:00,32.44,18.2,74.1,1.7,14.14,11.5,6.59
2023-09-25 03:00:00,27.35,18.8,56.8,5.9,13.12,10.12,5.09
2023-09-25 04:00:00,19.34,18.3,63.1,2.1,7.8,6.97,4.14
2023-09-25 05:00:00,21.93,18.7,59.6,2.2,9.68,7.98,4.35
2023-09-25 06:00:00,21.01,19.2,72.4,1.3,9.21,7.34,4.04
2023-09-25 07:00:00,19.4,19.5,63.0,6.6,8.88,6.96,3.52
2023-09-25 08:00:00,20.63,21.3,63.1,2.7,8.9,7.64,4.33
2023-09-25 09:00:00,31.29,23.7,61.5,1.8,14.16,10.65,6.42
2023-09-25 10:00:00,32.57,23.1,57.0,7.4,14.44,11.41,6.5
2023-09-25 11:00:00,34.16,24.4,53.8,2.7,14.83,11.31,7.07
2023-09-25 12:00:00,39.54,28.9,57.0,5.0,17.46,13.33,8.28
2023-09-25 13:00:00,38.23,28.1,54.1,2.2,17.17,13.27,7.88
2023-09-25 14:00:00,39.53,27.3,47.0,4.8,18.06,14.21,8.24
2023-09-25 15:00:00,38.74,31.2,42.9,2.2,17.0,13.73,7.68
2023-09-25 16:00:00,23.7,24.8,52.3,4.3,10.49,8.35,4.85
2023-09-25 17:00:00,28.32,28.0,56.2,3.2,13.0,10.29,6.01
2023-09-25 18:00:00,20.01,25.3,61.0,5.4,8.65,6.99,4.05
2023-09-25 19:00:00,27.01,25.4,64.2,4.9,11.89,9.4,5.23
2023-09-25 20:00:00,27.23,23.1,52.7,7.0,12.01,9.77,5.27
2023-09-25 21:00:00,26.43,18.9,62.1,2.9,12.19,9.28,5.04
2023-09-25 22:00:00,29.77,20.6,57.3,5.0,13.27,9.42,5.96
2023-09-25 23:00:00,27.55,19.9,59.2,7.9,13.1,9.26,6.05
2023-09-26 00:00:00,31.38,15.1,70.5,2.7,14.35,10.93,6.17
2023-09-26 01:00:00,30.73,20.9,58.8,2.5,13.46,11.15,6.02
2023-09-26 02:00:00,31.67,18.2,68.7,5.1,14.44,11.03,6.8
2023-09-26 03:00:00,26.76,18.9,58.7,3.3,12.37,9.49,4.78
2023-09-26 04:00:00,20.47,16.7,67.7,3.0,8.74,7.5,3.43
2023-09-26 05:00:00,20.38,20.3,57.5,3.8,9.46,7.37,4.16
2023-09-26 06:00:00,21.34,21.9,48.5,7.0,9.36,7.3,4.36
2023-09-26 07:00:00,22.4,21.8,52.7,1.3,9.97,8.17,4.77
2023-09-26 08:00:00,34.35,22.7,57.3,3.4,15.94,12.24,7.26
2023-09-26 09:00:00,27.26,22.7,66.3,1.4,11.81,9.24,5.52
2023-09-26 10:00:00,29.28,24.9,51.8,6.2,13.03,10.05,5.32
2023-09-26 11:00:00,38.63,25.5,52.5,1.6,17.37,13.73,7.99
2023-09-26 12:00:00,42.97,28.0,52.9,1.3,19.7,14.97,8.04
2023-09-26 13:00:00,35.31,26.3,49.4,7.7,15.49,12.29,7.09
2023-09-26 14:00:00,36.33,28.6,47.2,3.9,16.59,13.63,7.52
2023-09-26 15:00:00,29.93,26.3,52.8,5.6,14.22,10.46,5.99
2023-09-26 16:00:00,22.25,26.7,49.8,3.4,10.12,7.5,4.49
2023-09-26 17:00:00,26.76,27.2,42.4,3.2,11.2,9.29,5.44
2023-09-26 18:00:00,19.71,24.2,51.7,6.6,9.55,7.59,3.58
2023-09-26 19:00:00,25.06,25.0,57.0,9.1,11.29,8.29,4.97
2023-09-26 20:00:00,21.08,23.6,58.9,4.2,10.49,7.44,4.75
2023-09-26 21:00:00,26.03,21.1,65.4,6.7,11.67,8.66,5.24
2023-09-26 22:00:00,27.56,22.0,63.9,6.0,12.98,10.47,5.38
2023-09-26 23:00:00,31.56,19.3,56.3,3.8,15.26,11.62,6.73
2023-09-27 00:00:00,32.11,19.9,56.4,7.1,13.57,11.53,6.94
2023-09-27 01:00:00,36.55,20.4,56.0,2.1,16.2,12.69,6.9
2023-09-27 02:00:00,29.57,17.2,62.6,6.2,13.2,10.19,5.64
2023-09-27 03:00:00,27.87,18.7,58.4,2.6,13.25,9.49,5.3
2023-09-27 04:00:00,22.86,17.3,62.4,0.7,9.91,7.28,4.88
2023-09-27 05:00:00,17.89,17.5,58.7,5.3,8.64,5.54,3.56
2023-09-27 06:00:00,19.64,19.8,64.2,6.9,8.82,6.74,4.06
2023-09-27 07:00:00,22.57,19.2,56.2,2.1,9.88,8.64,4.53
2023-09-27 08:00:00,20.79,21.2,53.6,3.7,9.05,6.59,4.54
2023-09-27 09:00:00,30.7,24.7,56.9,5.0,14.36,10.37,5.95
2023-09-27 10:00:00,29.63,24.3,58.5,2.7,13.58,9.86,5.68
2023-09-27 11:00:00,37.6,27.2,50.3,1.7,16.66,13.19,7.44
2023-09-27 12:00:00,41.4,27.3,55.5,3.0,19.54,15.07,8.15
2023-09-27 13:00:00,41.65,30.2,51.8,3.3,18.92,14.79,8.28
2023-09-27 14:00:00,37.93,28.3,59.5,4.9,17.44,13.37,7.35
2023-09-27 15:00:00,34.37,29.1,52.8,2.0,16.69,12.35,7.67
2023-09-27 16:00:00,29.38,27.5,59.5,5.5,13.64,10.02,5.55
2023-09-27 17:00:00,18.96,26.6,52.4,3.5,9.06,6.95,3.26
2023-09-27 18:00:00,19.7,26.8,58.8,6.5,8.77,5.98,4.12
2023-09-27 19:00:00,23.9,24.9,61.3,3.9,10.81,8.42,4.66
2023-09-27 20:00:00,26.41,22.9,55.8,3.3,11.7,9.59,5.52
2023-09-27 21:00:00,25.29,21.6,54.7,2.5,11.31,8.49,4.54
2023-09-27 22:00:00,30.7,20.9,56.4,1.4,13.99,10.21,6.37
2023-09-27 23:00:00,34.8,18.0,64.5,2.9,15.18,12.12,7.01
2023-09-28 00:00:00,36.78,17.0,57.9,3.1,17.11,12.83,7.5
2023-09-28 01:00:00,28.97,19.7,58.1,3.9,13.32,10.88,5.48
2023-09-28 02:00:00,29.08,20.2,65.8,5.9,13.18,10.52,5.64
2023-09-28 03:00:00,26.72,16.1,68.0,3.3,12.22,9.74,5.77
2023-09-28 04:00:00,25.55,17.0,51.8,2.6,11.44,9.78,5.08
2023-09-28 05:00:00,27.3,20.5,52.7,6.1,11.56,9.82,5.32
2023-09-28 06:00:00,19.48,20.7,70.0,4.9,7.98,6.74,4.21
2023-09-28 07:00:00,17.53,22.1,63.4,2.6,7.56,6.7,3.15
2023-09-28 08:00:00,24.8,23.7,52.6,1.8,11.8,7.06,4.99
2023-09-28 09:00:00,30.85,23.3,48.6,2.5,13.38,11.18,5.87
2023-09-28 10:00:00,33.6,25.4,47.3,1.5,14.84,11.49,7.47
2023-09-28 11:00:00,35.19,26.3,55.0,6.5,16.91,12.71,7.01
2023-09-28 12:00:00,39.55,25.4,63.4,4.1,17.62,13.86,8.18
2023-09-28 13:00:00,41.19,27.7,60.4,6.0,17.39,14.73,7.83
2023-09-28 14:00:00,36.56,29.2,41.1,5.6,16.25,12.33,7.74
2023-09-28 15:00:00,32.53,26.7,50.5,1.7,14.26,11.5,6.31
2023-09-28 16:00:00,30.67,26.9,47.4,3.2,13.72,10.99,6.02
2023-09-28 17:00:00,27.32,26.2,53.2,8.0,12.36,9.59,6.47
2023-09-28 18:00:00,20.53,24.4,48.0,2.2,10.26,6.74,4.23
2023-09-28 19:00:00,21.16,24.7,51.7,1.0,9.61,7.35,4.58
2023-09-28 20:00:00,26.87,21.3,54.1,2.8,11.79,10.19,4.75
2023-09-28 21:00:00,24.52,23.1,58.9,3.6,10.82,7.73,4.61
2023-09-28 22:00:00,32.39,20.8,56.5,1.0,14.41,10.33,6.55
2023-09-28 23:00:00,30.62,17.4,61.2,3.2,14.24,10.39,6.32
2023-09-29 00:00:00,37.69,20.4,62.1,2.3,17.5,13.45,7.41
2023-09-29 01:00:00,33.38,17.6,71.1,2.1,14.59,11.25,6.03
2023-09-29 02:00:00,34.45,16.1,75.3,2.3,15.53,12.02,6.82
2023-09-29 03:00:00,28.76,19.0,63.5,1.4,12.53,10.16,5.76
2023-09-29 04:00:00,20.72,18.6,61.3,1.2,9.07,6.62,3.91
2023-09-29 05:00:00,24.6,16.0,71.4,4.0,11.33,8.65,5.19
2023-09-29 06:00:00,23.91,18.9,67.2,7.3,10.97,8.48,5.37
2023-09-29 07:00:00,23.24,21.3,62.9,5.4,10.17,7.74,4.44
2023-09-29 08:00:00,21.88,18.9,53.4,5.7,10.72,7.65,4.65
2023-09-29 09:00:00,26.77,23.6,61.7,4.9,12.37,9.47,5.38
2023-09-29 10:00:00,32.98,24.9,55.9,7.5,15.37,11.52,6.42
2023-09-29 11:00:00,32.27,23.9,50.8,7.4,14.51,10.51,6.26
2023-09-29 12:00:00,43.6,26.9,48.4,5.2,19.69,15.41,8.55
2023-09-29 13:00:00,38.88,27.0,54.5,4.8,17.8,13.94,7.92
2023-09-29 14:00:00,26.58,25.4,41.0,2.6,12.05,10.06,5.95
2023-09-29 15:00:00,34.93,28.4,49.3,1.3,16.07,12.68,7.11
2023-09-29 16:00:00,28.53,27.7,47.4,1.3,13.27,9.8,5.86
2023-09-29 17:00:00,22.73,25.3,49.9,4.9,9.56,7.43,3.98
2023-09-29 18:00:00,19.65,24.4,52.5,0.7,8.88,6.62,3.79
2023-09-29 19:00:00,23.86,24.5,47.2,5.5,10.26,8.11,4.78
2023-09-29 20:00:00,26.58,21.9,63.0,2.9,11.47,9.07,5.37
2023-09-29 21:00:00,28.24,18.0,51.8,2.0,13.15,9.3,5.87
2023-09-29 22:00:00,30.43,20.4,60.4,3.1,13.9,11.01,5.75
2023-09-29 23:00:00,33.92,17.4,58.9,4.7,15.74,11.67,6.86
2023-09-30 00:00:00,26.31,17.0,73.5,2.4,11.85,9.03,5.49
2023-09-30 01:00:00,23.5,19.3,60.9,1.9,10.56,7.87,4.25
2023-09-30 02:00:00,24.9,16.8,53.3,4.9,11.49,9.12,4.92
2023-09-30 03:00:00,21.79,17.1,66.2,6.2,10.21,8.04,4.07
2023-09-30 04:00:00,21.68,18.4,56.5,4.0,9.37,8.26,4.67
2023-09-30 05:00:00,18.9,19.2,65.9,3.7,8.7,6.71,4.34
2023-09-30 06:00:00,13.3,18.1,65.4,5.0,5.79,3.45,2.44
2023-09-30 07:00:00,17.82,20.6,66.7,4.9,7.82,6.19,4.4
2023-09-30 08:00:00,15.45,22.0,58.5,0.5,7.34,5.16,2.91
2023-09-30 09:00:00,22.38,23.7,59.7,2.4,10.17,7.65,4.65
2023-09-30 10:00:00,23.49,24.9,54.3,7.0,10.59,9.15,4.54
2023-09-30 11:00:00,31.01,29.4,45.8,7.6,13.12,11.38,6.11
2023-09-30 12:00:00,27.74,24.5,59.9,3.6,12.3,9.47,5.46
2023-09-30 13:00:00,25.2,28.3,43.9,3.8,11.61,9.65,5.08
2023-09-30 14:00:00,26.17,28.7,49.3,0.5,12.19,9.07,5.15
2023-09-30 15:00:00,25.48,27.5,48.1,4.5,11.39,7.92,4.96
2023-09-30 16:00:00,19.99,25.3,57.8,2.1,8.87,6.34,3.66
2023-09-30 17:00:00,20.82,28.0,45.7,1.6,8.74,6.71,4.42
2023-09-30 18:00:00,11.06,21.2,56.6,2.6,4.7,3.93,1.79
2023-09-30 19:00:00,13.72,22.2,57.6,4.4,6.11,3.53,2.77
2023-09-30 20:00:00,18.8,23.7,63.0,3.2,8.54,6.39,3.61
2023-09-30 21:00:00,22.09,20.1,57.2,2.8,10.28,7.14,4.25
2023-09-30 22:00:00,23.41,21.8,55.8,4.8,10.94,8.21,4.7
2023-09-30 23:00:00,28.4,16.2,57.9,5.5,12.02,9.88,5.89
2023-10-01 00:00:00,27.24,15.8,60.2,6.1,12.29,9.1,5.39
2023-10-01 01:00:00,23.62,16.1,66.7,3.3,10.5,7.31,4.45
2023-10-01 02:00:00,22.73,17.4,63.3,4.8,10.35,7.59,4.81
2023-10-01 03:00:00,17.11,16.6,64.3,6.2,7.86,6.24,3.42
2023-10-01 04:00:00,17.54,16.7,72.7,6.6,7.3,6.82,3.47
2023-10-01 05:00:00,18.53,20.3,51.2,3.5,9.4,6.47,3.44
2023-10-01 06:00:00,16.71,21.5,69.8,2.8,7.73,6.28,3.41
2023-10-01 07:00:00,3.85,19.8,66.1,6.4,1.32,2.03,1.01
2023-10-01 08:00:00,17.05,19.2,59.3,2.3,7.49,6.0,3.63
2023-10-01 09:00:00,23.99,19.8,62.2,5.4,10.26,9.11,5.17
2023-10-01 10:00:00,23.86,24.6,51.1,6.6,10.67,8.84,5.06
2023-10-01 11:00:00,32.57,26.3,54.1,4.9,14.66,11.64,6.27
2023-10-01 12:00:00,29.45,26.2,63.3,4.5,13.53,11.37,5.79
2023-10-01 13:00:00,30.97,26.5,49.0,1.0,13.74,11.39,6.07
2023-10-01 14:00:00,29.44,25.5,52.2,2.0,14.49,10.63,5.65
2023-10-01 15:00:00,25.48,27.6,47.1,4.4,11.15,9.01,5.32
2023-10-01 16:00:00,25.25,28.6,46.7,5.3,11.11,8.4,4.98
2023-10-01 17:00:00,18.97,22.0,55.6,1.1,8.54,6.59,3.48
2023-10-01 18:00:00,14.86,24.1,49.6,0.6,6.34,5.22,2.37
2023-10-01 19:00:00,12.45,21.6,56.8,2.6,6.01,3.96,2.98
2023-10-01 20:00:00,23.17,19.5,60.9,4.3,9.92,7.93,4.48
2023-10-01 21:00:00,19.45,18.8,59.5,3.6,9.06,7.06,3.87
2023-10-01 22:00:00,23.83,19.8,48.7,0.5,10.64,8.7,4.63
2023-10-01 23:00:00,28.38,18.8,60.6,1.7,13.7,9.73,5.49
2023-10-02 00:00:00,33.46,19.4,60.5,5.0,14.72,11.24,7.14
2023-10-02 01:00:00,31.45,16.7,73.4,2.5,14.84,11.22,6.18
2023-10-02 02:00:00,31.86,13.9,67.4,1.5,14.46,11.59,6.31
2023-10-02 03:00:00,23.0,16.4,69.0,1.0,10.64,7.33,4.95
2023-10-02 04:00:00,23.01,15.1,63.7,5.8,9.63,8.13,4.58
2023-10-02 05:00:00,21.6,16.2,71.1,3.4,9.69,7.38,4.38
2023-10-02 06:00:00,19.3,19.9,55.4,3.6,8.6,7.3,3.21
2023-10-02 07:00:00,17.12,20.5,61.9,1.1,8.13,8.34,3.14
2023-10-02 08:00:00,27.71,22.4,61.3,3.5,12.3,8.79,5.04
2023-10-02 09:00:00,27.74,22.3,60.7,4.3,13.33,10.48,5.68
2023-10-02 10:00:00,36.65,25.2,64.5,1.5,16.4,12.34,7.09
2023-10-02 11:00:00,34.01,24.5,51.7,6.5,14.33,12.49,6.37
2023-10-02 12:00:00,38.1,27.6,58.0,5.2,17.0,13.44,7.4
2023-10-02 13:00:00,38.98,26.9,57.5,5.4,17.62,13.71,8.05
2023-10-02 14:00:00,34.04,26.2,52.8,3.7,15.61,11.84,6.87
2023-10-02 15:00:00,28.57,26.7,61.2,2.7,12.79,9.47,5.67
2023-10-02 16:00:00,30.18,25.8,52.2,4.3,14.7,10.54,5.96
2023-10-02 17:00:00,44.35,27.5,51.1,2.1,20.17,15.35,8.81
2023-10-02 18:00:00,16.0,24.4,54.7,1.6,7.0,6.44,3.15
2023-10-02 19:00:00,24.3,22.8,50.2,3.7,10.58,8.27,4.58
2023-10-02 20:00:00,22.47,21.2,62.4,3.4,10.82,8.27,3.98
2023-10-02 21:00:00,25.96,21.5,61.2,1.7,11.59,8.93,4.9
2023-10-02 22:00:00,26.82,20.1,59.3,3.7,12.32,9.95,4.84
2023-10-02 23:00:00,38.33,17.6,71.7,3.8,17.81,12.34,7.71
2023-10-03 00:00:00,31.74,15.3,63.5,6.1,14.05,10.77,6.4
2023-10-03 01:00:00,34.1,15.2,57.2,5.1,15.18,11.7,6.97
2023-10-03 02:00:00,33.49,16.1,74.2,2.1,15.78,11.26,6.95
2023-10-03 03:00:00,28.52,18.5,66.8,5.5,12.33,10.89,5.9
2023-10-03 04:00:00,23.56,16.6,67.2,7.9,10.98,8.97,4.4
2023-10-03 05:00:00,16.71,16.9,62.0,4.8,8.14,6.63,3.28
2023-10-03 06:00:00,17.94,16.2,66.3,5.3,7.87,5.32,3.54
2023-10-03 07:00:00,21.44,22.3,50.9,2.4,10.33,7.45,4.11
2023-10-03 08:00:00,21.74,22.2,56.2,9.3,9.81,7.35,4.14
2023-10-03 09:00:00,27.97,23.8,50.9,1.9,12.33,9.54,5.4
2023-10-03 10:00:00,34.84,25.3,55.0,5.0,15.33,11.27,6.91
2023-10-03 11:00:00,37.31,24.6,59.1,3.0,17.31,13.23,7.86
2023-10-03 12:00:00,34.59,25.8,47.8,2.8,15.42,12.8,7.03
2023-10-03 13:00:00,46.05,28.4,53.5,2.5,20.8,16.26,9.4
2023-10-03 14:00:00,37.04,26.6,53.1,3.2,16.84,11.28,7.55
2023-10-03 15:00:00,32.03,27.1,55.0,5.3,13.6,11.22,6.43
2023-10-03 16:00:00,30.9,27.0,50.4,7.1,13.85,10.75,5.39
2023-10-03 17:00:00,29.64,25.8,56.5,3.1,13.81,10.63,6.6
2023-10-03 18:00:00,16.36,23.6,52.1,4.4,6.74,5.97,3.26
2023-10-03 19:00:00,20.4,22.6,48.5,5.3,8.96,6.45,4.32
2023-10-03 20:00:00,17.77,22.5,49.7,1.4,7.96,6.08,3.33
2023-10-03 21:00:00,27.94,21.2,56.0,7.6,12.61,10.38,5.7
2023-10-03 22:00:00,32.12,20.6,51.2,2.1,14.55,10.9,6.26
2023-10-03 23:00:00,33.86,18.6,69.4,6.7,15.53,11.82,7.27
2023-10-04 00:00:00,33.31,17.7,62.3,8.8,15.58,12.25,6.28
2023-10-04 01:00:00,28.82,15.6,69.8,1.4,13.28,10.5,5.54
2023-10-04 02:00:00,32.13,15.3,69.6,6.3,14.38,11.83,6.32
2023-10-04 03:00:00,31.08,17.5,63.1,4.3,14.05,10.93,6.22
2023-10-04 04:00:00,22.22,15.9,82.6,5.5,10.52,8.1,4.66
2023-10-04 05:00:00,22.05,17.6,77.6,1.4,10.1,8.2,4.69
2023-10-04 06:00:00,16.02,20.7,66.1,5.7,7.57,5.85,2.76
2023-10-04 07:00:00,22.09,21.7,53.5,4.2,10.1,7.43,4.21
2023-10-04 08:00:00,22.71,21.6,65.3,3.6,10.07,7.76,4.69
2023-10-04 09:00:00,25.54,22.0,48.9,3.8,10.82,9.54,5.05
2023-10-04 10:00:00,29.29,23.4,62.8,5.0,12.95,10.87,5.8
2023-10-04 11:00:00,35.91,26.0,40.1,2.5,16.29,12.31,6.71
2023-10-04 12:00:00,38.02,25.4,51.9,7.2,17.0,13.72,6.81
2023-10-04 13:00:00,32.35,25.1,59.9,2.6,14.4,11.48,6.04
2023-10-04 14:00:00,36.14,28.0,52.4,6.1,16.04,12.04,7.35
2023-10-04 15:00:00,30.7,26.2,45.1,0.5,13.96,11.14,6.26
2023-10-04 16:00:00,21.85,24.6,55.3,6.7,10.09,6.94,4.2
2023-10-04 17:00:00,27.52,25.4,55.5,5.9,12.06,8.92,5.5
2023-10-04 18:00:00,19.45,25.1,54.9,1.5,8.78,6.45,3.6
2023-10-04 19:00:00,19.28,20.9,56.9,4.9,9.06,6.47,4.14
2023-10-04 20:00:00,21.25,20.8,63.3,2.9,10.3,7.06,3.86
2023-10-04 21:00:00,31.94,19.5,66.4,3.4,14.87,11.2,6.47
2023-10-04 22:00:00,32.58,19.3,60.1,1.1,14.97,10.24,6.19
2023-10-04 23:00:00,31.6,18.5,69.3,2.1,14.0,10.45,5.74
2023-10-05 00:00:00,37.69,15.8,64.3,7.4,17.12,12.96,7.96
2023-10-05 01:00:00,34.43,13.9,64.9,3.1,15.96,11.93,6.53
2023-10-05 02:00:00,31.82,17.5,69.8,0.7,13.92,11.68,6.35
2023-10-05 03:00:00,26.57,14.4,73.3,3.6,11.45,10.13,5.44
2023-10-05 04:00:00,21.8,17.0,60.5,9.7,9.92,7.74,4.73
2023-10-05 05:00:00,21.78,17.2,59.5,2.7,9.05,8.46,4.02
2023-10-05 06:00:00,18.57,18.7,70.4,1.7,8.13,5.68,3.84
2023-10-05 07:00:00,25.47,22.1,57.0,4.3,11.17,8.95,4.89
2023-10-05 08:00:00,22.73,25.5,53.4,6.7,10.43,8.37,4.36
2023-10-05 09:00:00,31.27,19.8,59.0,5.9,13.9,9.78,6.05
2023-10-05 10:00:00,32.26,24.9,60.7,4.4,14.56,11.39,6.26
2023-10-05 11:00:00,35.02,24.2,65.6,1.9,15.47,12.04,7.17
2023-10-05 12:00:00,41.26,26.8,52.2,5.3,18.7,14.69,8.7
2023-10-05 13:00:00,37.14,27.2,63.5,5.6,16.68,13.25,7.95
2023-10-05 14:00:00,39.4,28.0,47.6,5.8,17.19,13.55,8.61
2023-10-05 15:00:00,23.94,26.2,51.2,3.1,10.9,7.9,4.56
2023-10-05 16:00:00,21.88,23.9,58.7,3.1,10.01,7.77,5.25
2023-10-05 17:00:00,21.41,25.9,48.9,1.7,10.04,7.15,4.32
2023-10-05 18:00:00,16.79,23.6,59.0,5.2,7.91,6.79,3.52
2023-10-05 19:00:00,20.4,21.9,55.2,4.9,9.64,6.81,4.42
2023-10-05 20:00:00,24.64,20.2,52.0,1.4,10.94,8.47,4.89
2023-10-05 21:00:00,29.18,21.1,49.9,0.6,13.36,10.13,5.91
2023-10-05 22:00:00,31.78,20.8,57.4,7.4,13.68,11.37,6.46
2023-10-05 23:00:00,32.26,15.6,67.4,0.6,13.63,11.58,6.29
2023-10-06 00:00:00,35.83,17.3,56.4,4.2,15.68,13.06,7.19
2023-10-06 01:00:00,34.22,15.3,66.5,3.3,14.46,11.93,6.61
2023-10-06 02:00:00,33.5,13.5,68.7,5.2,15.25,11.42,6.67
2023-10-06 03:00:00,29.35,16.1,63.8,1.3,13.32,9.64,6.31
2023-10-06 04:00:00,23.74,15.1,61.2,4.5,9.93,8.17,5.17
2023-10-06 05:00:00,18.67,14.8,67.4,4.1,9.09,6.45,3.13
2023-10-06 06:00:00,18.28,17.0,62.8,5.9,8.29,6.92,3.76
2023-10-06 07:00:00,19.54,17.9,67.4,3.6,8.13,7.71,3.94
2023-10-06 08:00:00,22.87,19.8,53.8,4.8,10.9,8.56,4.35
2023-10-06 09:00:00,28.08,20.0,60.5,3.2,12.28,9.74,5.42
2023-10-06 10:00:00,32.95,22.6,50.5,8.6,15.0,10.03,6.5
2023-10-06 11:00:00,33.78,23.2,55.0,3.8,15.37,11.63,6.92
2023-10-06 12:00:00,37.38,25.6,47.8,5.0,16.2,13.0,7.3
2023-10-06 13:00:00,37.93,26.4,47.7,1.3,17.74,13.31,7.77
2023-10-06 14:00:00,33.04,26.1,52.6,3.3,16.13,11.96,6.81
2023-10-06 15:00:00,26.9,25.2,50.9,1.1,11.59,9.15,5.46
2023-10-06 16:00:00,20.26,24.7,61.7,1.5,9.32,7.19,4.01
2023-10-06 17:00:00,19.18,23.0,62.3,3.6,8.78,6.6,3.81
2023-10-06 18:00:00,21.09,22.0,61.6,2.8,9.61,7.97,4.23
2023-10-06 19:00:00,19.16,23.1,60.2,3.3,9.61,6.97,4.21
2023-10-06 20:00:00,23.07,18.1,63.0,3.5,10.49,8.18,4.6
2023-10-06 21:00:00,28.58,19.3,67.4,1.8,13.11,9.78,5.76
2023-10-06 22:00:00,32.46,17.7,61.2,2.9,15.14,11.31,6.3
2023-10-06 23:00:00,31.21,18.1,72.9,6.0,14.96,11.81,5.93
2023-10-07 00:00:00,28.64,14.0,62.4,5.9,12.56,10.05,5.54
2023-10-07 01:00:00,28.21,15.7,59.5,3.5,12.61,9.32,6.07
2023-10-07 02:00:00,20.51,16.0,57.8,5.0,9.41,7.89,4.14
2023-10-07 03:00:00,18.46,12.8,62.5,5.0,7.92,7.16,3.51
2023-10-07 04:00:00,20.69,14.6,58.4,0.9,9.84,6.83,4.29
2023-10-07 05:00:00,15.28,16.8,64.9,4.1,6.94,5.62,2.67
2023-10-07 06:00:00,9.35,18.8,65.7,5.4,3.69,3.45,1.48
2023-10-07 07:00:00,12.15,19.5,60.8,4.0,5.42,3.32,2.43
2023-10-07 08:00:00,17.09,21.4,51.4,3.7,7.18,6.13,3.81
2023-10-07 09:00:00,17.61,20.2,57.4,3.7,7.77,5.99,3.88
2023-10-07 10:00:00,22.3,20.6,63.4,3.6,8.99,8.14,4.31
2023-10-07 11:00:00,25.74,24.2,53.3,5.2,12.02,9.54,5.05
2023-10-07 12:00:00,29.8,23.0,52.4,4.3,13.18,10.87,6.17
2023-10-07 13:00:00,24.74,24.0,47.6,2.1,10.67,7.77,4.95
2023-10-07 14:00:00,30.39,26.9,49.6,3.2,13.6,11.28,6.18
2023-10-07 15:00:00,26.54,25.6,49.7,3.7,12.55,8.62,5.26
2023-10-07 16:00:00,21.29,24.0,54.8,3.1,9.9,7.19,4.09
2023-10-07 17:00:00,16.36,23.0,58.8,2.2,8.31,5.54,3.66
2023-10-07 18:00:00,9.99,23.9,53.9,1.5,3.82,4.33,2.05
2023-10-07 19:00:00,16.8,22.1,58.4,1.5,6.87,5.87,3.09
2023-10-07 20:00:00,20.33,18.7,63.9,2.5,9.02,7.63,4.26
2023-10-07 21:00:00,20.32,16.3,58.3,3.0,9.95,6.95,3.8
2023-10-07 22:00:00,27.7,20.8,68.4,4.5,12.85,9.75,5.49
2023-10-07 23:00:00,27.54,15.1,62.1,8.7,12.81,9.76,5.77
2023-10-08 00:00:00,27.55,16.8,66.5,6.4,11.9,9.76,5.27
2023-10-08 01:00:00,28.09,17.7,57.0,5.5,12.46,10.51,5.41
2023-10-08 02:00:00,24.15,15.5,65.9,5.5,10.68,8.21,5.43
2023-10-08 03:00:00,14.27,14.6,67.2,4.0,6.62,5.04,2.73
2023-10-08 04:00:00,16.45,13.8,75.7,2.3,7.79,6.81,3.05
2023-10-08 05:00:00,18.63,14.6,65.3,3.4,8.38,7.69,3.96
2023-10-08 06:00:00,12.86,18.4,68.4,1.7,5.24,3.76,2.5
2023-10-08 07:00:00,15.08,21.2,60.0,3.9,6.42,5.44,3.76
2023-10-08 08:00:00,15.08,19.7,69.6,0.6,7.1,5.55,2.87
2023-10-08 09:00:00,24.97,20.8,50.2,1.9,11.93,8.67,4.97
2023-10-08 10:00:00,27.52,23.9,57.8,4.7,12.62,9.56,5.71
2023-10-08 11:00:00,23.17,22.8,43.3,2.4,10.2,8.69,4.38
2023-10-08 12:00:00,28.08,25.1,53.6,3.1,12.32,10.52,5.67
2023-10-08 13:00:00,25.48,25.2,58.9,5.7,11.31,8.72,5.17
2023-10-08 14:00:00,25.9,24.7,61.6,0.9,12.4,9.85,4.87
2023-10-08 15:00:00,23.45,25.1,57.6,0.6,10.27,7.41,4.62
2023-10-08 16:00:00,24.65,27.3,49.8,2.2,10.66,8.5,4.82
2023-10-08 17:00:00,17.59,24.8,57.0,4.6,7.7,6.31,3.44
2023-10-08 18:00:00,22.89,24.4,67.2,2.2,10.36,7.75,4.45
2023-10-08 19:00:00,13.07,20.2,60.1,6.0,5.69,5.48,2.45
2023-10-08 20:00:00,13.42,22.0,62.5,2.8,5.82,4.73,3.15
2023-10-08 21:00:00,19.52,20.0,57.9,2.4,9.01,6.16,4.26
2023-10-08 22:00:00,19.4,15.6,70.7,2.2,8.06,6.82,4.1
2023-10-08 23:00:00,49.79,17.6,67.4,3.9,22.17,17.92,10.17
2023-10-09 00:00:00,6.47,15.0,62.9,5.9,2.84,2.32,1.2
2023-10-09 01:00:00,31.56,13.0,72.3,3.1,14.4,11.38,6.24
2023-10-09 02:00:00,28.73,15.3,69.8,2.3,12.61,10.26,6.06
2023-10-09 03:00:00,28.66,16.1,68.4,3.1,12.26,9.84,5.58
2023-10-09 04:00:00,22.35,16.0,64.6,6.5,10.3,8.52,4.77
2023-10-09 05:00:00,20.42,16.4,70.5,2.7,10.42,6.34,4.29
2023-10-09 06:00:00,22.1,17.1,58.8,4.4,9.87,7.07,3.89
2023-10-09 07:00:00,18.96,22.5,57.0,2.7,8.73,5.69,3.78
2023-10-09 08:00:00,22.96,18.3,62.6,4.5,10.27,8.25,3.91
2023-10-09 09:00:00,28.28,22.7,62.6,6.2,12.51,9.34,5.55
2023-10-09 10:00:00,26.26,22.6,52.0,4.1,12.12,8.65,4.83
2023-10-09 11:00:00,27.9,22.4,58.4,7.3,12.41,9.09,5.17
2023-10-09 12:00:00,36.27,24.4,52.3,4.1,15.84,12.42,7.63
2023-10-09 13:00:00,35.09,22.8,57.1,8.1,15.8,11.74,6.72
2023-10-09 14:00:00,36.59,24.2,56.9,4.8,15.83,13.6,6.95
2023-10-09 15:00:00,5.81,24.9,47.8,4.4,3.06,1.84,0.9
2023-10-09 16:00:00,25.67,22.1,63.8,5.6,11.96,8.87,4.99
2023-10-09 17:00:00,20.98,24.4,56.9,0.5,9.98,7.52,4.41
2023-10-09 18:00:00,20.61,21.2,54.3,2.3,8.72,7.02,3.69
2023-10-09 19:00:00,25.04,19.2,59.2,2.1,11.26,8.49,5.24
2023-10-09 20:00:00,18.31,18.5,69.3,1.5,9.35,6.24,3.14
2023-10-09 21:00:00,28.4,22.1,59.6,7.1,12.13,10.27,5.59
2023-10-09 22:00:00,36.46,14.6,61.6,1.6,16.17,13.03,7.25
2023-10-09 23:00:00,34.57,17.2,59.4,2.3,15.54,12.11,6.94
2023-10-10 00:00:00,38.98,14.4,69.8,2.7,17.3,12.52,7.44
2023-10-10 01:00:00,32.28,14.5,70.3,4.2,14.3,11.1,6.42
2023-10-10 02:00:00,31.02,15.8,66.9,5.1,13.78,10.57,5.71
2023-10-10 03:00:00,27.44,15.9,63.5,4.1,11.67,10.47,5.47
2023-10-10 04:00:00,18.06,14.5,70.6,5.0,7.58,6.25,4.02
2023-10-10 05:00:00,17.94,14.3,65.3,3.0,7.79,7.02,3.45
2023-10-10 06:00:00,17.11,18.3,57.7,9.9,6.13,5.86,3.25
2023-10-10 07:00:00,22.91,19.4,68.6,1.8,9.76,8.63,4.62
2023-10-10 08:00:00,25.78,19.5,63.1,3.0,11.61,8.86,4.95
2023-10-10 09:00:00,28.16,21.9,53.9,5.7,12.42,9.31,6.01
2023-10-10 10:00:00,33.16,21.7,58.6,2.3,14.45,11.37,6.17
2023-10-10 11:00:00,33.44,22.2,57.5,5.0,14.95,10.96,7.05
2023-10-10 12:00:00,38.21,24.2,53.2,2.9,17.05,13.57,7.23
2023-10-10 13:00:00,36.13,25.5,54.6,1.9,16.56,12.27,7.14
2023-10-10 14:00:00,33.29,25.4,48.9,3.0,15.08,12.24,6.38
2023-10-10 15:00:00,28.92,25.5,57.8,5.3,12.93,10.38,5.59
2023-10-10 16:00:00,25.31,23.1,56.3,1.5,10.85,8.54,5.06
2023-10-10 17:00:00,22.51,25.8,45.0,3.6,10.04,7.2,4.85
2023-10-10 18:00:00,22.29,21.9,56.6,4.9,9.09,7.3,4.98
2023-10-10 19:00:00,18.03,21.0,55.7,5.0,9.11,7.17,3.74
2023-10-10 20:00:00,20.86,17.9,47.5,3.0,8.59,6.52,4.06
2023-10-10 21:00:00,29.07,18.3,61.2,3.4,13.12,9.58,5.88
2023-10-10 22:00:00,30.88,18.2,67.3,5.9,13.66,9.51,6.5
2023-10-10 23:00:00,32.71,17.5,62.5,2.1,14.66,11.4,6.89
2023-10-11 00:00:00,37.07,17.7,66.3,9.4,16.73,13.12,7.6
2023-10-11 01:00:00,32.32,15.6,65.3,3.1,14.02,11.33,6.5
2023-10-11 02:00:00,30.59,15.1,63.6,2.4,14.09,11.48,5.55
2023-10-11 03:00:00,30.84,14.2,63.3,0.5,14.29,10.75,6.54
2023-10-11 04:00:00,27.44,14.4,60.3,1.6,12.21,9.93,5.54
2023-10-11 05:00:00,24.78,17.6,67.5,5.0,11.44,9.63,4.23
2023-10-11 06:00:00,19.14,18.6,65.3,4.3,9.48,7.08,3.54
2023-10-11 07:00:00,23.92,16.8,62.5,2.3,10.97,9.04,5.03
2023-10-11 08:00:00,21.22,20.8,48.9,6.9,9.74,7.46,4.15
2023-10-11 09:00:00,25.07,22.0,60.0,5.7,10.45,8.71,4.95
2023-10-11 10:00:00,25.21,20.5,54.9,2.4,11.76,9.22,5.38
2023-10-11 11:00:00,38.07,24.0,55.9,2.7,16.97,13.21,7.23
2023-10-11 12:00:00,32.68,22.4,49.4,1.9,15.12,11.32,6.43
2023-10-11 13:00:00,33.52,20.9,59.4,4.3,15.2,11.32,6.06
2023-10-11 14:00:00,29.49,24.5,54.0,4.7,12.64,10.51,5.91
2023-10-11 15:00:00,30.44,24.9,42.1,3.0,13.56,9.8,5.7
2023-10-11 16:00:00,22.65,23.8,63.5,4.9,10.76,7.09,4.41
2023-10-11 17:00:00,22.87,27.5,49.3,9.3,11.81,8.41,4.24
2023-10-11 18:00:00,20.94,22.8,55.4,4.1,8.98,7.49,4.79
2023-10-11 19:00:00,17.26,21.2,61.2,4.3,7.01,5.25,3.41
2023-10-11 20:00:00,21.5,20.3,59.3,2.9,9.65,7.22,4.56
2023-10-11 21:00:00,22.07,17.7,64.5,0.5,10.06,7.49,4.55
2023-10-11 22:00:00,27.53,18.6,56.0,7.4,12.68,9.22,5.91
2023-10-11 23:00:00,34.28,16.7,63.3,5.2,15.93,12.57,6.76
2023-10-12 00:00:00,29.92,15.6,55.7,4.6,13.69,10.9,5.81
2023-10-12 01:00:00,30.12,13.7,66.4,0.7,13.17,10.49,6.15
2023-10-12 02:00:00,31.07,12.1,76.7,5.1,14.16,11.85,6.27
2023-10-12 03:00:00,25.97,13.9,59.8,4.5,11.1,8.49,5.11
2023-10-12 04:00:00,28.56,15.6,63.6,3.9,12.11,9.87,5.75
2023-10-12 05:00:00,25.42,15.3,55.0,4.2,12.04,8.89,5.04
2023-10-12 06:00:00,17.66,17.4,63.1,6.7,8.45,5.93,3.5
2023-10-12 07:00:00,22.23,17.8,64.9,0.5,8.95,6.52,4.75
2023-10-12 08:00:00,25.45,20.1,61.8,1.8,12.05,8.46,5.16
2023-10-12 09:00:00,25.84,19.3,57.8,6.4,11.7,9.84,4.86
2023-10-12 10:00:00,27.34,22.3,46.6,0.5,12.82,9.75,5.63
2023-10-12 11:00:00,60.83,22.1,51.3,6.5,26.53,21.71,11.7
2023-10-12 12:00:00,34.4,21.5,64.5,0.7,15.17,12.85,6.85
2023-10-12 13:00:00,32.83,24.1,59.5,5.2,14.42,10.87,7.06
2023-10-12 14:00:00,36.37,26.8,51.4,6.3,16.26,13.6,7.74
2023-10-12 15:00:00,25.45,22.1,58.3,4.1,11.5,8.69,4.78
2023-10-12 16:00:00,20.7,24.0,50.1,4.3,8.22,7.58,4.0
2023-10-12 17:00:00,21.43,24.2,61.4,1.0,9.37,8.0,3.99
2023-10-12 18:00:00,22.94,25.4,49.9,2.1,10.08,7.85,4.91
2023-10-12 19:00:00,17.89,20.0,62.1,6.4,7.72,6.21,3.53
2023-10-12 20:00:00,25.9,18.5,55.1,5.6,11.5,9.01,5.38
2023-10-12 21:00:00,22.9,16.4,63.4,1.1,11.45,7.45,4.59
2023-10-12 22:00:00,29.63,18.7,67.8,5.5,13.28,9.95,5.86
2023-10-12 23:00:00,33.18,14.6,61.7,3.1,14.13,11.7,5.97
2023-10-13 00:00:00,33.23,14.4,70.5,3.8,15.28,10.73,6.69
2023-10-13 01:00:00,32.4,11.7,64.6,1.4,15.02,11.18,6.6
2023-10-13 02:00:00,35.75,15.6,60.8,3.0,16.43,12.41,6.91
2023-10-13 03:00:00,25.19,16.2,64.5,3.2,10.97,8.53,5.0
2023-10-13 04:00:00,29.67,16.2,69.4,4.5,13.91,11.02,5.92
2023-10-13 05:00:00,21.92,13.3,66.5,4.4,10.15,7.97,4.36
2023-10-13 06:00:00,20.05,17.7,65.9,3.8,9.41,7.05,3.99
2023-10-13 07:00:00,22.01,15.5,71.2,0.8,10.13,8.51,4.17
2023-10-13 08:00:00,29.89,19.4,56.9,1.8,13.94,10.56,5.75
2023-10-13 09:00:00,24.83,20.9,51.3,1.8,11.23,8.28,5.09
2023-10-13 10:00:00,28.27,22.2,55.5,6.3,12.9,9.84,5.49
2023-10-13 11:00:00,31.93,23.6,62.0,6.5,14.17,10.87,6.47
2023-10-13 12:00:00,34.9,23.6,51.6,5.4,15.5,11.8,6.88
2023-10-13 13:00:00,29.5,21.2,63.7,1.9,14.11,10.5,5.46
2023-10-13 14:00:00,32.74,25.1,52.6,5.7,14.47,12.22,6.6
2023-10-13 15:00:00,31.93,24.3,63.7,1.9,14.21,11.71,6.59
2023-10-13 16:00:00,23.95,22.3,68.5,3.8,10.59,8.27,5.03
2023-10-13 17:00:00,20.09,20.5,64.6,4.9,9.19,7.19,3.89
2023-10-13 18:00:00,18.4,24.1,46.9,1.0,7.55,6.19,3.75
2023-10-13 19:00:00,23.07,22.4,45.1,4.0,9.98,8.6,4.44
2023-10-13 20:00:00,21.5,20.3,59.9,2.3,9.57,7.73,4.74
2023-10-13 21:00:00,31.93,17.0,68.2,3.5,14.41,11.13,6.33
2023-10-13 22:00:00,35.9,13.0,70.9,3.0,15.54,13.11,6.74
2023-10-13 23:00:00,34.46,16.9,60.1,4.6,15.7,12.07,7.11
2023-10-14 00:00:00,26.03,15.3,58.2,3.5,11.39,8.76,5.09
2023-10-14 01:00:00,27.88,13.7,72.2,2.5,12.59,10.61,6.15
2023-10-14 02:00:00,25.98,15.8,74.4,6.6,12.22,9.09,5.24
2023-10-14 03:00:00,18.42,15.5,62.0,7.6,8.38,6.15,3.61
2023-10-14 04:00:00,16.31,15.0,70.1,5.4,7.62,5.93,3.09
2023-10-14 05:00:00,12.26,15.6,78.3,4.0,4.96,3.14,2.11
2023-10-14 06:00:00,15.83,16.6,63.1,6.2,6.34,5.68,3.45
2023-10-14 07:00:00,17.23,18.8,60.6,4.1,8.19,6.89,2.95
2023-10-14 08:00:00,14.25,17.8,65.5,1.7,7.17,5.59,3.02
2023-10-14 09:00:00,19.3,21.0,57.4,0.6,9.37,7.28,3.61
2023-10-14 10:00:00,19.88,20.2,66.5,4.8,8.43,7.28,3.76
2023-10-14 11:00:00,23.98,24.6,52.4,5.0,10.48,8.99,5.02
2023-10-14 12:00:00,27.74,24.2,54.8,6.8,11.47,9.53,5.3
2023-10-14 13:00:00,23.47,22.9,49.3,5.6,10.13,8.56,4.61
2023-10-14 14:00:00,22.78,24.2,53.8,4.3,10.18,8.18,4.74
2023-10-14 15:00:00,16.37,22.6,51.8,1.9,7.56,6.26,3.65
2023-10-14 16:00:00,20.58,25.7,54.9,4.0,9.28,6.6,3.96
2023-10-14 17:00:00,17.01,25.0,45.6,3.2,8.13,6.17,3.35
2023-10-14 18:00:00,12.99,22.6,61.8,2.2,6.3,4.71,2.32
2023-10-14 19:00:00,15.09,22.7,52.4,5.4,6.78,5.83,2.64
2023-10-14 20:00:00,18.07,19.3,69.8,1.7,8.48,5.42,3.61
2023-10-14 21:00:00,18.4,18.9,68.1,4.2,8.29,6.38,3.92
2023-10-14 22:00:00,19.56,18.4,64.6,4.1,9.33,6.62,3.7
2023-10-14 23:00:00,29.82,15.5,57.7,2.6,14.05,10.33,6.35
2023-10-15 00:00:00,24.47,14.6,63.3,3.2,11.14,9.28,4.75
2023-10-15 01:00:00,25.06,15.4,61.0,1.5,11.47,9.98,4.8
2023-10-15 02:00:00,25.77,14.8,62.3,0.7,11.79,9.81,5.56
2023-10-15 03:00:00,29.25,12.9,76.4,0.5,13.03,10.25,5.96
2023-10-15 04:00:00,14.5,11.3,69.7,1.9,7.14,4.57,3.23
2023-10-15 05:00:00,16.68,15.1,62.6,6.0,6.68,6.13,3.66
2023-10-15 06:00:00,13.03,13.2,64.4,3.6,5.97,5.5,2.9
2023-10-15 07:00:00,14.21,16.1,62.0,1.5,6.67,4.98,2.82
2023-10-15 08:00:00,15.81,17.6,65.6,6.5,7.09,6.46,3.57
2023-10-15 09:00:00,17.61,19.3,52.7,3.9,7.68,5.08,3.89
2023-10-15 10:00:00,23.14,22.6,57.4,0.7,10.97,8.46,4.26
2023-10-15 11:00:00,21.61,24.0,57.4,5.1,9.05,7.92,4.56
2023-10-15 12:00:00,28.42,24.0,46.6,3.4,13.15,10.62,5.9
2023-10-15 13:00:00,26.4,24.6,47.3,3.7,11.69,9.26,4.77
2023-10-15 14:00:00,25.57,24.8,53.9,4.1,10.83,8.64,5.16
2023-10-15 15:00:00,19.26,19.9,67.3,1.3,8.77,7.35,3.85
2023-10-15 16:00:00,16.7,23.2,62.2,7.3,6.88,4.24,3.07
2023-10-15 17:00:00,16.27,19.7,57.3,2.3,6.78,5.12,3.41
2023-10-15 18:00:00,11.89,22.1,64.5,4.2,5.24,4.13,2.32
2023-10-15 19:00:00,14.66,17.0,62.0,5.9,7.13,5.15,2.93
2023-10-15 20:00:00,15.46,18.6,60.0,2.7,7.44,6.21,3.34
2023-10-15 21:00:00,18.2,18.4,62.4,4.2,8.35,7.06,3.38
2023-10-15 22:00:00,17.96,14.7,70.6,9.0,8.39,6.24,3.76
2023-10-15 23:00:00,28.65,16.8,60.8,5.9,13.22,9.15,5.99
2023-10-16 00:00:00,33.08,15.1,63.9,5.2,14.32,11.57,6.86
2023-10-16 01:00:00,36.7,14.4,60.5,3.2,17.4,12.69,7.36
2023-10-16 02:00:00,33.72,14.7,68.1,3.3,14.87,11.37,6.61
2023-10-16 03:00:00,24.08,13.3,72.7,3.5,10.08,8.07,5.19
2023-10-16 04:00:00,20.82,14.6,71.5,4.6,8.51,7.6,4.36
2023-10-16 05:00:00,27.2,15.1,59.0,1.7,11.13,9.34,5.31
2023-10-16 06:00:00,24.17,16.1,62.7,6.0,10.42,8.56,4.88
2023-10-16 07:00:00,20.72,16.4,70.6,0.6,9.14,6.67,4.54
2023-10-16 08:00:00,24.19,16.8,65.0,1.8,10.63,8.54,4.81
2023-10-16 09:00:00,25.72,19.4,60.8,3.4,11.38,9.4,4.82
2023-10-16 10:00:00,32.12,20.6,59.4,2.3,14.0,11.77,6.52
2023-10-16 11:00:00,32.0,21.1,61.4,2.9,14.59,11.8,6.24
2023-10-16 12:00:00,30.12,24.3,56.3,2.7,13.88,10.09,5.75
2023-10-16 13:00:00,30.49,21.7,55.0,2.4,13.94,11.25,5.48
2023-10-16 14:00:00,31.1,23.4,60.3,2.9,12.87,10.18,6.26
2023-10-16 15:00:00,26.33,25.2,47.7,3.6,11.96,7.83,5.4
2023-10-16 16:00:00,23.91,24.4,61.4,3.4,10.59,8.33,4.41
2023-10-16 17:00:00,18.14,24.0,50.7,5.5,7.89,6.93,3.75
2023-10-16 18:00:00,17.84,20.3,62.4,2.6,8.67,5.66,3.92
2023-10-16 19:00:00,22.93,21.1,57.8,2.4,10.59,7.67,4.68
2023-10-16 20:00:00,24.16,17.1,61.1,3.6,10.1,8.07,4.85
2023-10-16 21:00:00,27.27,17.0,70.4,0.9,12.86,10.41,5.58
2023-10-16 22:00:00,33.24,15.9,68.6,1.5,14.44,12.14,6.28
2023-10-16 23:00:00,34.99,14.3,66.6,5.4,15.5,12.36,7.38
2023-10-17 00:00:00,38.4,13.6,76.4,3.5,17.2,12.89,7.65
2023-10-17 01:00:00,32.63,12.9,73.4,1.1,13.87,11.1,6.5
2023-10-17 02:00:00,29.96,12.0,65.6,3.2,13.31,11.31,5.79
2023-10-17 03:00:00,24.04,14.9,54.8,3.0,10.21,8.42,4.5
2023-10-17 04:00:00,22.47,13.9,67.9,2.3,9.94,7.85,4.25
2023-10-17 05:00:00,23.21,15.2,72.7,2.9,10.77,8.23,4.4
2023-10-17 06:00:00,23.04,16.2,67.6,1.9,11.31,7.93,4.8
2023-10-17 07:00:00,23.19,17.2,71.2,3.3,11.29,8.69,4.88
2023-10-17 08:00:00,19.05,18.6,58.7,3.1,8.08,6.67,3.73
2023-10-17 09:00:00,30.0,19.3,60.3,4.1,14.6,10.01,6.22
2023-10-17 10:00:00,26.44,23.1,55.8,7.2,11.47,9.02,5.62
2023-10-17 11:00:00,36.03,23.1,57.4,1.9,15.55,12.37,7.64
2023-10-17 12:00:00,33.87,22.8,60.5,3.1,15.14,11.77,6.42
2023-10-17 13:00:00,63.97,22.6,65.0,3.9,28.54,22.45,12.91
2023-10-17 14:00:00,27.71,23.3,65.3,3.8,12.09,9.23,5.22
2023-10-17 15:00:00,30.22,23.9,63.6,4.4,13.23,9.88,5.88
2023-10-17 16:00:00,21.43,25.0,57.3,2.4,10.16,7.61,4.14
2023-10-17 17:00:00,19.12,19.9,58.4,4.3,8.55,7.09,4.06
2023-10-17 18:00:00,17.29,21.9,58.8,2.0,7.37,6.01,3.63
2023-10-17 19:00:00,16.41,21.4,61.5,1.6,6.65,5.65,3.73
2023-10-17 20:00:00,23.77,16.2,65.2,5.7,10.19,8.36,4.54
2023-10-17 21:00:00,31.8,16.9,59.2,3.4,14.08,11.05,6.03
2023-10-17 22:00:00,37.71,14.4,64.5,3.0,16.94,12.9,7.35
2023-10-17 23:00:00,34.03,15.6,69.7,6.9,15.47,11.58,6.35
2023-10-18 00:00:00,37.58,13.4,66.7,4.7,16.92,13.33,7.85
2023-10-18 01:00:00,34.36,13.2,68.3,4.5,15.72,11.66,6.7
2023-10-18 02:00:00,32.28,12.6,68.4,2.0,14.43,10.43,6.0
2023-10-18 03:00:00,26.43,14.5,62.1,2.1,12.01,9.32,5.12
2023-10-18 04:00:00,24.02,14.3,66.0,3.4,10.32,8.6,4.82
2023-10-18 05:00:00,22.13,15.1,63.6,4.4,10.27,8.43,4.75
2023-10-18 06:00:00,33.01,16.0,61.4,3.0,15.04,11.42,6.22
2023-10-18 07:00:00,20.6,17.8,57.3,1.1,9.81,6.88,4.06
2023-10-18 08:00:00,23.39,17.9,62.1,4.5,11.13,8.13,4.56
2023-10-18 09:00:00,29.35,22.1,60.6,5.2,14.47,10.17,5.51
2023-10-18 10:00:00,28.37,18.9,66.9,7.2,13.56,10.0,5.89
2023-10-18 11:00:00,33.65,19.2,54.0,3.1,15.33,10.8,6.53
2023-10-18 12:00:00,39.56,19.9,68.2,2.3,18.51,13.48,7.73
2023-10-18 13:00:00,36.69,20.0,61.5,6.8,17.38,12.7,7.52
2023-10-18 14:00:00,34.8,24.3,49.3,4.8,15.38,12.7,7.17
2023-10-18 15:00:00,27.35,23.9,53.3,1.1,11.8,10.19,5.71
2023-10-18 16:00:00,24.93,24.4,45.3,4.0,10.43,8.88,5.15
2023-10-18 17:00:00,23.29,20.2,51.7,0.7,10.45,7.9,4.77
2023-10-18 18:00:00,23.68,21.9,66.4,2.2,10.12,8.49,4.5
2023-10-18 19:00:00,15.91,19.6,56.9,1.2,8.08,6.14,2.59
2023-10-18 20:00:00,20.25,18.5,64.5,2.0,8.07,6.52,4.01
2023-10-18 21:00:00,30.56,17.9,62.0,3.5,13.48,10.45,6.16
2023-10-18 22:00:00,30.34,14.6,66.5,2.5,14.23,10.19,5.36
2023-10-18 23:00:00,32.1,18.6,63.5,1.3,14.51,12.1,6.09
2023-10-19 00:00:00,31.65,15.7,54.7,3.4,14.65,10.81,6.24
2023-10-19 01:00:00,32.39,12.4,75.7,4.7,14.05,10.21,6.31
2023-10-19 02:00:00,27.53,11.4,69.8,1.0,11.66,9.85,5.53
2023-10-19 03:00:00,32.51,13.1,65.8,6.2,14.95,11.89,6.73
2023-10-19 04:00:00,23.48,14.0,69.6,4.4,10.81,7.27,4.47
2023-10-19 05:00:00,20.64,16.1,61.1,3.6,9.66,7.51,4.22
2023-10-19 06:00:00,4.25,13.8,68.5,3.0,1.85,0.71,0.8
2023-10-19 07:00:00,23.19,17.2,62.6,3.0,11.3,8.04,4.52
2023-10-19 08:00:00,25.9,15.8,68.7,2.7,11.74,9.54,5.51
2023-10-19 09:00:00,29.97,20.0,58.9,1.5,13.87,10.91,6.13
2023-10-19 10:00:00,29.45,20.4,54.4,1.2,13.48,10.94,5.77
2023-10-19 11:00:00,33.76,24.5,56.4,2.6,14.19,11.55,6.92
2023-10-19 12:00:00,36.7,20.1,58.6,4.4,16.76,12.91,7.56
2023-10-19 13:00:00,33.86,24.9,45.0,2.5,15.58,11.92,6.86
2023-10-19 14:00:00,31.02,20.5,60.4,5.5,14.44,10.41,6.63
2023-10-19 15:00:00,28.28,20.9,56.3,2.9,12.38,9.79,5.61
2023-10-19 16:00:00,25.49,19.9,61.9,4.2,11.97,8.91,5.05
2023-10-19 17:00:00,16.34,22.0,53.4,3.2,6.72,6.21,2.74
2023-10-19 18:00:00,21.57,18.8,55.4,3.5,9.87,7.68,4.29
2023-10-19 19:00:00,20.2,17.3,69.1,2.3,8.8,7.55,3.71
2023-10-19 20:00:00,25.3,18.4,66.2,3.6,10.76,9.25,4.58
2023-10-19 21:00:00,29.22,17.4,63.1,1.5,12.64,9.33,5.98
2023-10-19 22:00:00,35.05,15.6,67.5,3.0,16.32,12.33,6.86
2023-10-19 23:00:00,37.16,14.3,70.9,3.3,17.25,13.23,7.23
2023-10-20 00:00:00,38.15,16.3,64.4,4.7,16.86,13.5,7.15
2023-10-20 01:00:00,37.39,13.2,62.1,3.0,16.73,13.21,7.03
2023-10-20 02:00:00,31.76,14.1,68.6,4.4,13.62,10.57,6.91
2023-10-20 03:00:00,27.36,13.2,73.1,1.9,12.84,9.4,6.23
2023-10-20 04:00:00,25.71,11.9,72.7,0.7,12.08,9.3,5.06
2023-10-20 05:00:00,22.62,15.1,66.1,3.6,9.47,7.98,4.4
2023-10-20 06:00:00,19.01,14.4,69.6,3.4,7.63,7.43,3.97
2023-10-20 07:00:00,21.8,16.4,63.2,4.5,10.7,8.34,4.36
2023-10-20 08:00:00,23.44,18.3,67.3,2.6,10.94,8.76,4.51
2023-10-20 09:00:00,25.15,16.2,71.3,0.7,11.42,9.02,4.86
2023-10-20 10:00:00,34.26,17.9,56.0,4.8,15.11,11.43,6.88
2023-10-20 11:00:00,33.91,22.7,62.3,7.2,14.98,11.31,6.83
2023-10-20 12:00:00,39.9,21.2,69.8,3.0,17.96,13.54,8.0
2023-10-20 13:00:00,29.71,21.7,60.5,4.1,14.0,10.04,5.73
2023-10-20 14:00:00,29.64,23.1,61.2,3.8,12.99,10.95,5.72
2023-10-20 15:00:00,27.36,22.1,54.3,3.9,12.86,9.54,5.07
2023-10-20 16:00:00,26.37,22.8,54.1,6.0,11.49,9.79,6.15
2023-10-20 17:00:00,21.78,21.3,57.4,4.9,9.07,7.79,4.74
2023-10-20 18:00:00,20.56,20.6,57.2,5.1,9.25,6.7,4.44
2023-10-20 19:00:00,17.97,18.1,55.7,1.3,8.45,6.78,3.63
2023-10-20 20:00:00,20.64,18.1,61.4,1.7,9.74,7.35,3.95
2023-10-20 21:00:00,28.09,18.2,66.3,4.4,12.09,10.8,5.36
2023-10-20 22:00:00,27.62,14.5,60.1,3.7,13.18,9.83,6.03
2023-10-20 23:00:00,32.45,15.7,66.1,5.2,14.09,10.75,6.46
2023-10-21 00:00:00,27.28,13.2,68.9,1.3,12.47,9.53,5.75
2023-10-21 01:00:00,22.82,13.9,65.8,3.9,9.67,7.5,4.49
2023-10-21 02:00:00,27.23,12.8,71.1,3.5,12.42,8.82,5.5
2023-10-21 03:00:00,23.47,12.8,70.7,5.9,10.47,7.51,4.69
2023-10-21 04:00:00,13.67,13.8,65.5,1.9,6.03,5.06,2.94
2023-10-21 05:00:00,13.2,15.9,70.2,2.8,6.37,4.63,2.22
2023-10-21 06:00:00,9.07,15.5,68.2,1.7,4.44,2.16,1.81
2023-10-21 07:00:00,13.58,17.1,71.4,3.3,6.44,4.42,2.66
2023-10-21 08:00:00,19.51,17.1,63.2,6.2,7.72,7.5,4.12
2023-10-21 09:00:00,19.37,21.3,56.8,4.5,8.69,6.92,4.04
2023-10-21 10:00:00,24.37,21.1,57.6,5.0,11.65,7.67,5.04
2023-10-21 11:00:00,21.47,21.3,64.3,1.3,9.41,7.15,4.51
2023-10-21 12:00:00,28.03,21.8,57.1,3.3,13.41,10.16,5.78
2023-10-21 13:00:00,23.89,23.9,54.8,5.7,11.23,8.03,4.63
2023-10-21 14:00:00,23.25,21.7,67.7,5.7,10.25,8.12,5.03
2023-10-21 15:00:00,20.17,19.8,53.5,8.9,8.93,6.61,4.44
2023-10-21 16:00:00,14.42,22.1,59.3,3.7,5.46,5.77,2.9
2023-10-21 17:00:00,12.65,23.0,56.1,0.5,5.71,3.74,2.49
2023-10-21 18:00:00,17.2,22.5,55.7,6.4,7.25,4.99,3.67
2023-10-21 19:00:00,16.53,18.8,56.7,7.5,6.66,6.07,2.99
2023-10-21 20:00:00,20.22,17.7,59.4,6.9,9.86,7.04,3.87
2023-10-21 21:00:00,21.22,17.1,61.4,5.2,9.15,8.43,4.03
2023-10-21 22:00:00,23.58,14.7,68.8,2.1,11.61,8.56,4.39
2023-10-21 23:00:00,20.96,14.9,70.4,1.6,8.53,7.47,4.32
2023-10-22 00:00:00,25.36,13.0,59.5,4.7,10.55,8.89,5.41
2023-10-22 01:00:00,25.21,14.1,61.0,1.7,11.56,8.59,4.79
2023-10-22 02:00:00,28.1,13.5,70.5,7.4,12.99,9.43,5.46
2023-10-22 03:00:00,22.13,13.8,70.6,3.3,11.02,7.43,4.45
2023-10-22 04:00:00,21.44,12.8,61.3,0.8,9.32,7.92,4.31
2023-10-22 05:00:00,17.03,16.8,68.2,1.7,7.58,5.68,3.6
2023-10-22 06:00:00,13.01,15.7,65.1,2.5,6.5,5.19,2.6
2023-10-22 07:00:00,15.83,16.5,67.9,4.7,6.96,5.84,2.92
2023-10-22 08:00:00,18.19,16.3,60.2,4.9,8.36,5.49,4.39
2023-10-22 09:00:00,18.06,18.6,54.7,2.1,7.26,6.32,3.49
2023-10-22 10:00:00,22.26,20.1,58.3,4.3,10.6,7.05,4.34
2023-10-22 11:00:00,24.77,19.8,58.9,0.8,12.67,8.59,5.01
2023-10-22 12:00:00,30.05,21.3,56.8,1.4,13.13,10.73,5.97
2023-10-22 13:00:00,20.08,22.0,55.6,3.7,10.46,6.56,4.1
2023-10-22 14:00:00,26.24,22.5,65.4,4.7,12.39,9.58,5.19
2023-10-22 15:00:00,18.07,19.6,52.0,6.7,8.64,5.23,3.64
2023-10-22 16:00:00,14.17,21.6,53.9,3.2,6.49,4.46,3.32
2023-10-22 17:00:00,18.49,20.4,57.4,1.5,8.39,7.01,3.32
2023-10-22 18:00:00,16.61,19.9,60.2,6.9,7.74,5.96,3.18
2023-10-22 19:00:00,18.67,20.3,63.2,3.2,8.54,6.17,3.79
2023-10-22 20:00:00,19.6,20.5,63.7,3.5,7.65,6.69,3.94
2023-10-22 21:00:00,25.56,17.2,68.8,5.9,11.64,9.32,5.01
2023-10-22 22:00:00,24.62,13.1,70.7,4.0,12.01,8.3,5.11
2023-10-22 23:00:00,24.89,13.4,59.3,2.5,11.53,8.57,4.77
2023-10-23 00:00:00,35.65,13.8,59.1,3.7,15.31,12.62,7.22
2023-10-23 01:00:00,36.89,13.1,74.0,4.2,16.41,13.43,7.3
2023-10-23 02:00:00,29.09,13.7,73.0,6.3,13.74,10.13,5.88
2023-10-23 03:00:00,25.66,12.3,72.5,2.2,11.78,8.68,5.59
2023-10-23 04:00:00,22.77,12.4,65.1,3.8,10.89,8.06,4.55
2023-10-23 05:00:00,15.53,16.3,62.8,6.8,7.26,5.74,3.17
2023-10-23 06:00:00,20.13,14.8,64.2,0.9,9.67,7.84,4.24
2023-10-23 07:00:00,16.08,14.4,61.6,2.0,7.56,6.13,3.05
2023-10-23 08:00:00,23.67,19.4,62.0,2.8,10.79,7.7,5.23
2023-10-23 09:00:00,29.45,16.3,75.2,4.5,13.62,10.07,6.26
2023-10-23 10:00:00,29.85,14.5,64.1,5.8,12.21,10.12,5.78
2023-10-23 11:00:00,37.98,21.9,64.2,2.0,16.73,13.29,7.66
2023-10-23 12:00:00,31.14,22.9,52.1,2.3,14.45,11.18,5.87
2023-10-23 13:00:00,36.76,22.7,49.1,5.6,15.71,13.04,7.86
2023-10-23 14:00:00,32.73,20.3,64.6,1.7,15.29,10.76,6.55
2023-10-23 15:00:00,23.0,22.0,56.5,2.3,10.41,9.07,4.72
2023-10-23 16:00:00,30.32,21.1,65.0,4.9,13.15,9.9,6.36
2023-10-23 17:00:00,20.63,20.0,67.4,1.8,9.34,7.19,4.09
2023-10-23 18:00:00,17.6,21.9,56.4,5.6,7.4,6.78,3.73
2023-10-23 19:00:00,17.28,17.0,70.4,3.5,8.16,5.8,3.34
2023-10-23 20:00:00,22.99,17.7,58.4,3.3,11.03,7.37,4.72
2023-10-23 21:00:00,26.97,17.7,58.3,1.6,12.11,9.44,5.42
2023-10-23 22:00:00,31.3,15.3,71.0,4.5,14.92,11.14,6.05
2023-10-23 23:00:00,33.04,15.6,57.6,6.2,15.28,12.02,6.68
2023-10-24 00:00:00,36.38,13.6,67.7,4.6,16.71,12.93,7.58
2023-10-24 01:00:00,32.82,12.9,74.8,2.6,15.08,11.53,6.66
2023-10-24 02:00:00,26.21,12.6,75.5,4.6,11.58,9.38,4.09
2023-10-24 03:00:00,26.92,13.1,66.1,3.6,12.17,9.55,5.32
2023-10-24 04:00:00,17.63,12.1,74.5,5.9,8.03,5.8,3.17
2023-10-24 05:00:00,21.68,11.5,64.5,3.3,9.8,7.34,4.73
2023-10-24 06:00:00,17.35,16.0,61.5,2.2,7.59,5.25,3.87
2023-10-24 07:00:00,21.21,17.5,64.2,1.4,9.38,7.26,4.49
2023-10-24 08:00:00,26.83,17.4,65.0,2.4,11.22,9.15,5.51
2023-10-24 09:00:00,24.92,17.5,57.8,3.9,10.61,8.12,4.89
2023-10-24 10:00:00,33.7,17.2,72.7,1.8,14.94,11.48,6.57
2023-10-24 11:00:00,32.71,20.7,49.8,0.9,14.05,10.88,6.5
2023-10-24 12:00:00,39.18,19.3,61.1,3.3,17.82,13.32,7.84
2023-10-24 13:00:00,32.88,19.6,61.4,2.8,15.5,11.5,5.76
2023-10-24 14:00:00,28.94,22.0,48.9,3.1,12.78,10.01,6.36
2023-10-24 15:00:00,29.01,20.7,65.8,3.3,13.65,10.22,5.82
2023-10-24 16:00:00,22.46,21.9,54.0,5.1,10.77,7.83,4.63
2023-10-24 17:00:00,18.7,20.3,60.1,7.6,7.72,6.66,3.78
2023-10-24 18:00:00,18.6,18.6,63.3,2.3,8.37,5.98,3.89
2023-10-24 19:00:00,20.69,15.8,57.8,7.2,8.61,6.69,3.89
2023-10-24 20:00:00,26.9,15.8,59.7,2.2,10.84,9.07,5.47
2023-10-24 21:00:00,22.46,14.5,74.4,5.0,10.33,7.59,4.84
2023-10-24 22:00:00,31.1,12.7,68.4,4.5,13.35,10.81,6.14
2023-10-24 23:00:00,63.63,13.0,54.9,1.0,27.61,22.91,12.81
2023-10-25 00:00:00,35.29,10.8,69.5,4.8,15.96,12.33,7.14
2023-10-25 01:00:00,37.07,11.8,69.7,6.5,16.47,12.67,7.2
2023-10-25 02:00:00,30.87,12.2,70.5,6.9,13.71,11.36,6.83
2023-10-25 03:00:00,26.84,10.8,61.1,4.6,12.26,9.56,5.08
2023-10-25 04:00:00,25.03,13.1,68.1,5.3,11.88,8.37,5.42
2023-10-25 05:00:00,21.06,11.3,66.3,1.2,9.46,8.47,4.52
2023-10-25 06:00:00,18.83,12.7,69.9,1.8,8.75,6.48,3.56
2023-10-25 07:00:00,22.1,15.4,68.1,2.3,9.88,8.52,4.14
2023-10-25 08:00:00,21.92,17.9,64.6,3.7,9.64,7.99,4.24
2023-10-25 09:00:00,25.78,19.4,67.7,3.0,11.88,8.2,5.16
2023-10-25 10:00:00,29.73,21.8,68.8,4.4,12.92,9.05,6.08
2023-10-25 11:00:00,37.18,19.8,54.6,3.3,16.59,14.27,7.31
2023-10-25 12:00:00,26.75,21.0,56.9,5.2,11.11,9.57,4.83
2023-10-25 13:00:00,34.79,20.1,63.6,4.7,14.78,11.99,6.81
2023-10-25 14:00:00,31.14,20.0,59.4,5.0,14.15,11.02,5.99
2023-10-25 15:00:00,23.1,22.0,44.0,5.6,10.91,8.25,4.22
2023-10-25 16:00:00,24.33,20.0,59.0,5.7,10.86,8.02,4.79
2023-10-25 17:00:00,22.0,22.2,63.5,5.2,9.96,7.24,4.16
2023-10-25 18:00:00,21.28,17.1,56.5,1.1,10.24,7.73,4.38
2023-10-25 19:00:00,14.18,18.9,62.5,4.2,6.53,3.71,2.96
2023-10-25 20:00:00,26.97,15.3,56.1,0.6,12.47,9.77,5.61
2023-10-25 21:00:00,25.46,14.3,71.2,5.0,11.32,8.77,5.48
2023-10-25 22:00:00,32.77,15.1,67.0,1.1,14.63,11.79,6.59
2023-10-25 23:00:00,35.65,12.3,66.4,8.6,15.13,12.53,7.17
2023-10-26 00:00:00,32.62,11.5,68.1,4.1,15.64,11.0,6.43
2023-10-26 01:00:00,35.46,10.6,63.8,1.9,16.33,12.64,6.91
2023-10-26 02:00:00,6.02,14.3,71.9,3.4,1.88,2.64,0.94
2023-10-26 03:00:00,22.14,10.9,66.9,5.6,9.94,7.75,4.63
2023-10-26 04:00:00,26.48,12.4,71.6,1.9,12.77,8.47,4.58
2023-10-26 05:00:00,18.88,12.8,63.8,3.7,8.3,6.3,3.55
2023-10-26 06:00:00,17.68,14.5,77.6,0.5,8.64,6.29,3.74
2023-10-26 07:00:00,19.81,14.4,74.5,5.3,10.47,7.27,3.48
2023-10-26 08:00:00,24.24,16.3,74.8,2.0,10.87,8.12,5.01
2023-10-26 09:00:00,27.17,18.5,72.7,3.0,11.7,9.82,5.02
2023-10-26 10:00:00,32.43,17.8,59.4,3.7,13.89,12.32,6.45
2023-10-26 11:00:00,30.46,21.8,53.4,1.7,14.22,10.16,5.93
2023-10-26 12:00:00,32.96,22.7,66.8,6.9,14.85,11.95,6.88
2023-10-26 13:00:00,33.52,22.4,56.4,3.4,14.6,12.36,6.98
2023-10-26 14:00:00,35.81,21.7,62.1,2.2,16.18,12.95,7.03
2023-10-26 15:00:00,27.03,17.0,60.5,4.9,12.23,10.21,5.03
2023-10-26 16:00:00,26.28,21.6,55.1,6.4,12.7,9.3,5.18
2023-10-26 17:00:00,20.92,19.6,64.6,6.6,10.22,6.63,3.98
2023-10-26 18:00:00,18.6,18.8,51.6,3.2,7.95,6.34,3.61
2023-10-26 19:00:00,20.2,15.1,69.8,2.8,9.33,6.31,3.75
2023-10-26 20:00:00,23.14,17.4,65.8,6.9,10.14,8.01,4.79
2023-10-26 21:00:00,28.82,13.2,65.5,1.0,12.54,9.76,5.61
2023-10-26 22:00:00,34.5,14.3,66.9,5.0,15.82,12.69,6.88
2023-10-26 23:00:00,34.71,14.5,67.6,1.9,15.43,11.99,6.55
2023-10-27 00:00:00,37.79,11.4,71.5,3.4,17.21,13.31,7.86
2023-10-27 01:00:00,31.41,13.4,71.3,7.4,13.6,11.6,6.45
2023-10-27 02:00:00,30.04,10.3,67.5,4.0,14.24,9.66,5.74
2023-10-27 03:00:00,25.52,12.5,82.5,3.7,11.39,9.84,5.67
2023-10-27 04:00:00,24.36,10.2,70.8,1.1,10.14,8.53,4.77
2023-10-27 05:00:00,19.93,14.5,66.0,2.4,9.37,6.83,3.62
2023-10-27 06:00:00,21.65,15.3,75.4,0.5,10.49,7.3,4.28
2023-10-27 07:00:00,18.5,15.8,55.8,6.1,8.36,6.23,3.98
2023-10-27 08:00:00,23.68,15.8,74.7,4.3,10.95,8.98,4.8
2023-10-27 09:00:00,29.04,15.6,65.7,1.5,12.77,10.06,5.68
2023-10-27 10:00:00,25.91,18.4,59.3,2.9,10.78,9.02,5.58
2023-10-27 11:00:00,39.13,21.6,52.4,5.5,17.83,13.43,8.05
2023-10-27 12:00:00,34.12,21.0,52.5,1.6,15.36,12.05,7.13
2023-10-27 13:00:00,51.77,18.9,59.6,2.2,23.69,17.83,10.15
2023-10-27 14:00:00,31.47,19.8,61.7,3.7,13.8,10.68,6.42
2023-10-27 15:00:00,27.41,23.1,59.3,1.7,12.18,9.68,5.72
2023-10-27 16:00:00,23.37,21.5,59.5,2.9,10.47,8.49,4.17
2023-10-27 17:00:00,23.31,18.1,59.7,8.5,10.69,7.16,4.37
2023-10-27 18:00:00,21.69,16.3,71.1,3.8,9.22,7.65,4.18
2023-10-27 19:00:00,21.58,16.8,77.2,4.7,9.98,7.44,4.35
2023-10-27 20:00:00,24.7,13.7,75.1,4.4,10.9,8.71,5.05
2023-10-27 21:00:00,27.07,14.9,64.3,2.1,11.55,10.0,5.66
2023-10-27 22:00:00,35.52,17.6,65.4,5.8,15.67,12.95,6.57
2023-10-27 23:00:00,30.12,10.5,74.2,1.5,13.28,11.27,6.44
2023-10-28 00:00:00,26.44,11.6,78.1,6.8,12.12,9.17,5.36
2023-10-28 01:00:00,25.5,13.4,66.3,2.1,11.51,8.72,4.86
2023-10-28 02:00:00,5.06,12.4,64.3,7.5,2.96,1.99,1.22
2023-10-28 03:00:00,18.36,11.2,76.2,5.4,7.95,6.69,3.0
2023-10-28 04:00:00,13.29,11.7,72.0,1.8,6.19,4.79,2.63
2023-10-28 05:00:00,15.99,11.0,65.3,1.8,6.89,4.53,3.35
2023-10-28 06:00:00,15.54,13.3,71.5,1.3,6.7,5.13,2.97
2023-10-28 07:00:00,19.32,15.3,74.8,2.3,8.49,7.19,4.01
2023-10-28 08:00:00,14.48,17.9,59.1,4.4,6.2,5.56,3.14
2023-10-28 09:00:00,23.35,16.6,59.6,3.6,10.75,8.41,4.22
2023-10-28 10:00:00,29.2,18.5,62.0,4.1,13.47,10.28,5.73
2023-10-28 11:00:00,24.39,18.4,65.4,0.8,10.48,8.15,5.25
2023-10-28 12:00:00,22.86,20.9,58.5,1.2,9.58,8.1,4.3
2023-10-28 13:00:00,24.32,22.2,63.0,4.6,11.33,8.78,4.57
2023-10-28 14:00:00,23.31,22.2,58.7,5.8,10.77,8.89,5.02
2023-10-28 15:00:00,21.88,19.3,65.9,2.8,10.63,7.12,4.56
2023-10-28 16:00:00,16.17,20.8,55.4,1.8,7.03,6.1,3.47
2023-10-28 17:00:00,19.48,18.8,55.3,2.6,8.84,7.51,4.34
2023-10-28 18:00:00,12.05,20.3,58.0,3.1,5.44,3.89,2.25
2023-10-28 19:00:00,11.25,17.3,56.5,4.2,5.61,4.14,2.19
2023-10-28 20:00:00,20.42,14.0,69.3,3.1,9.63,6.18,3.85
2023-10-28 21:00:00,14.78,14.6,56.4,6.4,6.58,5.38,2.68
2023-10-28 22:00:00,22.77,14.4,64.4,3.0,10.31,8.17,4.91
2023-10-28 23:00:00,33.13,13.1,66.9,1.9,14.84,11.24,6.57
2023-10-29 00:00:00,26.08,10.9,65.6,2.3,10.59,8.97,5.41
2023-10-29 01:00:00,22.55,10.3,70.1,3.4,9.95,8.47,4.69
2023-10-29 02:00:00,23.15,9.6,72.5,5.2,9.92,7.79,4.38
2023-10-29 03:00:00,20.36,10.6,77.6,6.1,8.61,7.4,4.11
2023-10-29 04:00:00,18.07,10.4,66.3,1.9,8.54,5.12,3.1
2023-10-29 05:00:00,17.27,14.0,69.0,0.5,7.21,5.67,3.5
2023-10-29 06:00:00,12.26,12.2,72.1,6.1,5.49,4.91,2.39
2023-10-29 07:00:00,19.83,14.9,66.0,2.2,8.78,7.17,3.46
2023-10-29 08:00:00,18.28,16.1,62.2,5.6,7.8,6.95,3.65
2023-10-29 09:00:00,22.3,18.8,55.8,3.8,10.14,7.75,5.18
2023-10-29 10:00:00,21.72,20.2,69.3,3.1,10.66,7.19,4.6
2023-10-29 11:00:00,28.57,20.6,59.6,1.7,12.21,10.46,5.56
2023-10-29 12:00:00,25.47,20.9,57.3,4.5,12.31,9.5,4.94
2023-10-29 13:00:00,26.05,19.3,71.4,5.5,11.48,9.17,5.21
2023-10-29 14:00:00,20.96,19.4,61.8,3.3,10.73,7.69,4.37
2023-10-29 15:00:00,17.99,19.6,73.2,3.3,7.94,6.57,3.35
2023-10-29 16:00:00,19.39,21.5,51.1,5.0,8.69,7.2,3.74
2023-10-29 17:00:00,14.5,19.7,59.2,3.5,5.26,4.72,2.83
2023-10-29 18:00:00,12.72,19.9,53.3,5.3,6.44,4.7,2.08
2023-10-29 19:00:00,14.0,18.8,60.8,1.0,6.09,4.85,2.91
2023-10-29 20:00:00,44.66,15.0,65.4,5.9,19.75,16.11,9.03
2023-10-29 21:00:00,18.91,14.8,63.9,2.3,9.0,6.58,3.61
2023-10-29 22:00:00,23.0,13.5,68.0,1.8,11.52,8.31,4.44
2023-10-29 23:00:00,25.39,12.0,67.5,0.8,11.89,8.98,4.8
2023-10-30 00:00:00,30.08,10.7,70.6,5.7,12.87,9.77,6.1
2023-10-30 01:00:00,30.19,12.8,64.9,1.1,13.35,10.76,5.78
2023-10-30 02:00:00,31.97,10.9,78.1,7.5,13.4,10.56,6.55
2023-10-30 03:00:00,25.53,11.0,65.2,3.9,11.87,9.33,5.4
2023-10-30 04:00:00,26.27,10.3,72.7,4.6,11.71,9.57,5.35
2023-10-30 05:00:00,23.3,13.3,62.0,4.8,10.39,7.81,4.55
2023-10-30 06:00:00,21.67,11.8,65.6,2.5,10.07,7.01,4.25
2023-10-30 07:00:00,5.09,15.2,62.1,5.4,2.7,1.64,0.79
2023-10-30 08:00:00,23.42,16.6,63.4,7.3,10.1,8.19,4.76
2023-10-30 09:00:00,29.0,16.5,65.0,2.9,12.95,10.24,5.63
2023-10-30 10:00:00,29.67,18.8,55.9,5.7,12.36,9.29,6.34
2023-10-30 11:00:00,40.0,19.7,58.3,5.2,18.15,13.84,7.6
2023-10-30 12:00:00,39.84,20.1,54.9,4.0,17.94,14.21,7.83
2023-10-30 13:00:00,33.9,20.7,54.0,2.9,14.58,11.03,6.59
2023-10-30 14:00:00,32.09,20.9,64.5,3.1,13.57,11.22,6.48
2023-10-30 15:00:00,30.78,20.9,52.0,2.6,13.95,11.0,5.93
2023-10-30 16:00:00,23.26,20.3,60.0,3.2,10.2,7.91,4.84
2023-10-30 17:00:00,19.24,17.7,71.2,9.1,8.88,6.78,3.91
2023-10-30 18:00:00,50.74,18.1,68.3,2.9,22.23,17.46,10.26
2023-10-30 19:00:00,21.08,17.5,65.1,4.4,9.84,7.59,3.71
2023-10-30 20:00:00,24.08,16.0,64.7,2.6,10.88,8.69,4.61
2023-10-30 21:00:00,25.29,16.0,68.5,3.4,11.07,8.8,5.3
2023-10-30 22:00:00,26.83,14.3,68.7,1.3,12.07,8.47,5.04
2023-10-30 23:00:00,34.46,11.0,77.9,5.1,15.23,11.59,6.62
2023-10-31 00:00:00,37.16,11.1,70.0,4.4,16.16,13.71,7.62
2023-10-31 01:00:00,33.33,10.4,76.6,2.8,14.38,10.5,6.34
2023-10-31 02:00:00,34.74,10.7,69.6,3.7,16.67,12.71,6.48
2023-10-31 03:00:00,25.64,10.8,80.5,6.1,12.54,8.81,4.92
2023-10-31 04:00:00,21.01,12.2,68.5,0.9,9.11,7.58,4.79
2023-10-31 05:00:00,20.73,12.4,61.0,6.9,9.24,7.28,3.76
2023-10-31 06:00:00,19.69,15.0,66.4,3.4,9.76,6.98,3.53
2023-10-31 07:00:00,22.83,14.7,70.2,5.9,10.33,8.17,5.04
2023-10-31 08:00:00,21.71,14.4,74.8,6.0,10.48,7.64,4.45
2023-10-31 09:00:00,30.82,16.3,59.5,1.0,14.96,10.74,6.27
2023-10-31 10:00:00,36.07,19.1,52.4,5.2,16.34,13.85,6.7
2023-10-31 11:00:00,60.83,16.8,66.4,4.9,27.59,21.23,11.71
2023-10-31 12:00:00,38.02,18.0,64.8,0.9,17.77,13.45,7.65
2023-10-31 13:00:00,31.25,20.5,52.3,7.1,13.96,11.12,5.84
2023-10-31 14:00:00,33.84,22.1,55.8,4.3,16.0,11.76,7.01
2023-10-31 15:00:00,30.02,22.4,55.6,1.8,13.58,10.23,5.66
2023-10-31 16:00:00,25.81,19.7,64.5,1.5,12.83,9.0,5.38
2023-10-31 17:00:00,20.86,20.8,57.0,3.9,9.41,7.42,4.06
2023-10-31 18:00:00,12.51,18.3,59.9,1.0,6.06,4.69,2.33
2023-10-31 19:00:00,19.3,14.7,67.0,1.8,8.61,7.17,3.41
2023-10-31 20:00:00,22.08,15.6,58.3,7.3,9.3,6.97,5.1
2023-10-31 21:00:00,24.95,13.4,77.4,5.0,11.82,8.61,4.74
2023-10-31 22:00:00,31.45,14.5,71.2,4.1,14.82,10.47,6.54
2023-10-31 23:00:00,32.85,12.1,66.0,2.1,13.78,10.98,6.21
2023-11-01 00:00:00,32.86,9.2,67.3,2.1,14.18,10.79,7.02
2023-11-01 01:00:00,31.27,8.4,68.7,3.3,14.27,11.64,6.51
2023-11-01 02:00:00,29.38,10.4,74.4,5.0,13.11,10.08,5.86
2023-11-01 03:00:00,30.23,7.0,70.5,0.5,14.03,10.95,5.85
2023-11-01 04:00:00,22.02,10.4,70.3,0.9,8.87,8.24,4.64
2023-11-01 05:00:00,19.64,12.3,60.8,6.1,9.85,5.98,3.72
2023-11-01 06:00:00,18.78,11.4,73.0,5.5,8.18,6.7,3.87
2023-11-01 07:00:00,21.77,15.7,68.1,4.6,9.82,6.5,4.48
2023-11-01 08:00:00,24.81,17.3,62.4,3.5,11.32,9.47,5.26
2023-11-01 09:00:00,45.56,15.2,66.7,1.7,21.35,16.02,9.11
2023-11-01 10:00:00,33.73,17.5,67.0,1.4,14.44,12.12,6.32
2023-11-01 11:00:00,37.51,20.5,60.2,6.5,16.96,13.09,6.81
2023-11-01 12:00:00,32.3,19.8,64.1,2.9,13.9,11.16,6.12
2023-11-01 13:00:00,31.49,18.2,56.3,4.6,14.69,10.69,6.68
2023-11-01 14:00:00,30.05,20.3,61.6,3.3,13.34,10.81,6.25
2023-11-01 15:00:00,25.53,19.0,62.1,4.9,11.72,9.68,5.37
2023-11-01 16:00:00,24.23,21.5,64.3,2.0,10.71,8.57,4.47
2023-11-01 17:00:00,16.06,19.9,60.3,3.5,8.29,5.51,3.34
2023-11-01 18:00:00,17.13,17.5,62.5,2.9,7.34,6.45,3.13
2023-11-01 19:00:00,24.77,17.0,60.8,2.2,11.44,9.56,4.91
2023-11-01 20:00:00,21.35,13.5,75.2,4.0,8.5,7.71,3.91
2023-11-01 21:00:00,30.53,13.0,56.6,3.7,14.04,9.73,6.2
2023-11-01 22:00:00,32.06,15.3,68.2,3.5,13.65,10.71,6.18
2023-11-01 23:00:00,29.39,12.0,69.5,4.0,14.14,9.49,6.11
2023-11-02 00:00:00,36.54,12.3,68.3,1.7,16.1,12.82,7.47
2023-11-02 01:00:00,33.65,10.8,69.4,2.9,14.64,10.89,6.64
2023-11-02 02:00:00,30.06,12.2,69.0,2.7,13.67,10.47,5.52
2023-11-02 03:00:00,28.06,7.4,77.5,5.1,11.96,10.54,5.51
2023-11-02 04:00:00,24.88,10.7,67.2,0.8,10.78,8.55,4.99
2023-11-02 05:00:00,22.72,14.2,67.6,2.4,10.35,7.26,4.46
2023-11-02 06:00:00,22.89,14.2,68.7,6.7,10.02,7.99,4.62
2023-11-02 07:00:00,21.97,16.0,60.1,2.5,10.36,7.51,4.57
2023-11-02 08:00:00,20.26,15.3,68.2,1.7,9.74,6.37,3.82
2023-11-02 09:00:00,26.26,15.8,66.9,5.0,12.13,8.76,5.41
2023-11-02 10:00:00,38.56,16.2,60.5,0.9,16.7,13.58,7.96
2023-11-02 11:00:00,35.75,17.2,57.5,3.2,15.7,12.74,7.29
2023-11-02 12:00:00,40.87,20.8,55.0,5.9,17.86,14.27,8.53
2023-11-02 13:00:00,37.43,20.9,59.6,7.4,16.71,13.53,7.25
2023-11-02 14:00:00,31.8,20.2,59.4,2.3,14.53,11.46,5.9
2023-11-02 15:00:00,28.2,20.9,65.9,2.5,12.89,9.88,5.95
2023-11-02 16:00:00,23.61,19.8,58.4,3.9,11.55,8.02,4.74
2023-11-02 17:00:00,16.61,20.3,55.2,2.2,8.4,5.79,3.33
2023-11-02 18:00:00,19.99,19.2,64.2,1.7,9.27,6.43,4.42
2023-11-02 19:00:00,23.98,15.0,61.1,3.2,11.13,8.67,4.41
2023-11-02 20:00:00,22.2,15.7,61.2,1.2,9.37,7.44,4.17
2023-11-02 21:00:00,28.48,11.5,66.3,6.4,13.31,9.74,6.11
2023-11-02 22:00:00,33.33,13.0,53.4,2.7,15.26,11.3,6.5
2023-11-02 23:00:00,31.67,12.6,71.7,2.7,14.48,10.93,6.07
2023-11-03 00:00:00,33.85,8.8,78.2,5.3,15.33,11.11,6.86
2023-11-03 01:00:00,31.43,9.6,77.0,2.7,14.93,10.51,6.51
2023-11-03 02:00:00,29.17,10.1,81.3,5.1,14.09,10.54,5.72
2023-11-03 03:00:00,24.26,10.6,78.8,1.9,10.99,9.21,4.87
2023-11-03 04:00:00,21.48,10.3,69.9,3.7,9.96,7.47,4.37
2023-11-03 05:00:00,24.53,9.8,77.8,5.1,10.75,9.58,5.06
2023-11-03 06:00:00,17.69,12.5,68.5,3.3,8.1,5.99,3.68
2023-11-03 07:00:00,21.3,11.3,68.3,1.2,9.93,7.93,4.36
2023-11-03 08:00:00,22.47,14.7,62.5,4.9,9.27,7.44,4.19
2023-11-03 09:00:00,30.42,15.7,63.8,3.5,13.21,10.55,6.03
2023-11-03 10:00:00,34.5,17.4,64.8,2.6,15.85,12.08,6.57
2023-11-03 11:00:00,36.13,17.8,70.6,9.4,16.39,11.79,7.52
2023-11-03 12:00:00,35.74,17.2,67.1,6.1,16.19,13.07,7.03
2023-11-03 13:00:00,33.39,19.4,56.9,0.8,15.09,11.83,6.71
2023-11-03 14:00:00,28.25,21.5,53.0,4.0,13.3,9.82,5.62
2023-11-03 15:00:00,32.34,21.8,60.7,2.8,15.03,10.83,6.31
2023-11-03 16:00:00,21.83,23.1,60.8,0.8,9.6,7.45,4.31
2023-11-03 17:00:00,22.64,21.2,64.7,0.5,10.85,8.19,4.17
2023-11-03 18:00:00,22.63,15.8,63.7,4.0,10.18,8.01,4.36
2023-11-03 19:00:00,19.59,15.8,67.4,2.6,8.0,6.18,3.87
2023-11-03 20:00:00,26.32,15.1,70.2,4.7,12.09,9.37,5.42
2023-11-03 21:00:00,29.39,13.7,60.8,3.3,12.51,10.59,5.61
2023-11-03 22:00:00,35.55,12.7,70.2,5.1,16.32,12.13,7.56
2023-11-03 23:00:00,32.8,15.2,70.3,5.5,14.43,11.85,6.11
2023-11-04 00:00:00,23.04,8.9,75.8,4.4,9.24,8.31,4.94
2023-11-04 01:00:00,24.24,9.0,72.8,3.1,11.03,7.31,4.53
2023-11-04 02:00:00,23.97,12.4,82.2,9.0,11.58,9.05,4.38
2023-11-04 03:00:00,20.78,9.1,82.7,2.6,9.09,6.92,3.97
2023-11-04 04:00:00,16.84,11.2,70.7,3.6,7.78,6.4,3.55
2023-11-04 05:00:00,10.99,12.9,67.6,3.6,5.07,3.07,1.66
2023-11-04 06:00:00,16.18,13.1,71.7,3.2,6.19,5.96,3.06
2023-11-04 07:00:00,20.69,13.9,67.0,1.5,9.42,7.91,4.2
2023-11-04 08:00:00,18.98,16.3,70.8,2.8,8.83,5.8,3.68
2023-11-04 09:00:00,22.16,14.9,59.8,2.1,9.75,8.39,4.33
2023-11-04 10:00:00,57.21,16.7,62.8,6.4,25.57,18.98,11.59
2023-11-04 11:00:00,26.5,19.2,64.3,4.4,11.76,9.47,5.56
2023-11-04 12:00:00,28.59,16.1,69.7,2.5,13.17,9.72,5.63
2023-11-04 13:00:00,26.49,21.9,50.4,3.9,11.24,8.62,5.4
2023-11-04 14:00:00,22.66,20.4,54.8,5.9,9.39,7.4,4.72
2023-11-04 15:00:00,18.64,20.0,51.7,7.0,8.74,6.38,3.37
2023-11-04 16:00:00,17.2,16.8,59.5,1.2,7.3,7.15,3.41
2023-11-04 17:00:00,16.55,16.5,57.8,5.3,7.92,5.7,2.8
2023-11-04 18:00:00,14.22,16.8,66.5,7.8,6.49,5.01,3.26
2023-11-04 19:00:00,16.55,17.4,64.3,3.4,7.12,5.31,3.59
2023-11-04 20:00:00,18.92,11.8,69.1,9.9,7.94,5.89,3.63
2023-11-04 21:00:00,22.72,14.8,66.4,7.5,8.56,7.69,4.63
2023-11-04 22:00:00,26.65,11.9,75.7,4.4,11.67,10.08,4.53
2023-11-04 23:00:00,25.7,11.0,65.6,5.8,11.59,8.39,5.64
2023-11-05 00:00:00,23.02,10.8,61.4,2.5,10.49,9.28,4.4
2023-11-05 01:00:00,24.67,10.3,75.2,6.7,10.3,8.37,5.13
2023-11-05 02:00:00,23.59,8.6,71.7,4.0,10.28,9.07,4.37
2023-11-05 03:00:00,16.08,10.8,65.9,3.6,7.91,6.03,3.69
2023-11-05 04:00:00,21.32,6.9,78.5,5.7,10.72,7.56,4.3
2023-11-05 05:00:00,16.15,10.5,61.6,6.3,7.61,5.93,2.55
2023-11-05 06:00:00,15.99,12.4,64.8,4.7,7.2,5.52,3.31
2023-11-05 07:00:00,19.21,12.9,56.6,0.7,7.86,6.1,3.85
2023-11-05 08:00:00,16.28,12.0,70.9,4.0,7.34,5.53,2.95
2023-11-05 09:00:00,22.1,17.1,71.3,5.6,9.66,7.6,4.61
2023-11-05 10:00:00,23.2,15.3,62.7,3.8,11.25,7.79,4.55
2023-11-05 11:00:00,25.08,18.1,58.3,7.0,11.09,9.01,5.24
2023-11-05 12:00:00,24.36,19.3,69.8,6.4,11.41,8.59,4.68
2023-11-05 13:00:00,29.7,19.6,63.6,3.7,13.22,11.15,5.85
2023-11-05 14:00:00,22.54,21.5,70.1,3.1,10.76,8.4,4.5
2023-11-05 15:00:00,22.41,19.5,61.4,1.0,10.05,7.74,4.6
2023-11-05 16:00:00,13.17,19.7,61.5,4.2,6.15,4.53,2.57
2023-11-05 17:00:00,18.74,18.2,69.4,2.4,8.41,6.67,3.98
2023-11-05 18:00:00,17.67,18.1,61.5,4.5,8.29,6.41,3.03
2023-11-05 19:00:00,16.04,18.1,63.5,5.4,6.73,6.25,3.75
2023-11-05 20:00:00,17.29,14.9,54.0,3.1,8.3,5.25,3.73
2023-11-05 21:00:00,21.67,14.6,75.2,0.5,8.78,7.57,4.59
2023-11-05 22:00:00,29.2,14.4,68.7,6.0,13.41,10.35,5.88
2023-11-05 23:00:00,21.13,13.2,67.6,3.8,8.96,7.5,4.0
2023-11-06 00:00:00,37.03,9.6,77.0,2.6,17.02,12.5,7.65
2023-11-06 01:00:00,31.79,11.3,64.6,4.3,14.97,11.6,6.53
2023-11-06 02:00:00,31.28,9.9,69.4,4.5,13.37,10.93,6.12
2023-11-06 03:00:00,26.96,11.4,73.1,1.7,11.59,9.05,5.34
2023-11-06 04:00:00,22.76,11.1,71.0,4.3,9.76,7.54,4.5
2023-11-06 05:00:00,21.06,11.4,72.5,2.5,10.21,6.74,3.94
2023-11-06 06:00:00,17.24,12.7,70.0,5.4,7.03,5.49,3.62
2023-11-06 07:00:00,23.65,13.6,70.8,7.1,10.27,7.96,4.63
2023-11-06 08:00:00,19.34,15.0,59.4,1.4,7.76,6.7,3.99
2023-11-06 09:00:00,28.93,15.6,71.7,6.7,13.25,9.43,5.84
2023-11-06 10:00:00,30.51,16.7,61.6,6.5,13.95,11.06,5.57
2023-11-06 11:00:00,31.14,20.7,59.4,2.7,12.92,10.02,6.57
2023-11-06 12:00:00,35.58,19.6,57.5,0.7,16.73,12.2,7.74
2023-11-06 13:00:00,30.18,18.5,60.4,4.4,13.85,10.53,5.8
2023-11-06 14:00:00,31.43,19.1,62.2,2.8,13.61,10.94,6.27
2023-11-06 15:00:00,24.02,20.9,62.5,2.0,9.96,9.23,5.25
2023-11-06 16:00:00,24.98,17.8,67.2,1.4,12.17,8.96,5.15
2023-11-06 17:00:00,18.77,15.8,67.2,2.0,8.69,5.9,3.21
2023-11-06 18:00:00,18.95,14.9,63.1,2.2,8.59,6.72,3.71
2023-11-06 19:00:00,21.82,13.2,70.0,5.3,10.43,6.97,4.24
2023-11-06 20:00:00,21.9,12.6,70.1,5.3,9.98,8.27,4.13
2023-11-06 21:00:00,27.43,11.5,70.5,3.5,11.87,8.38,5.42
2023-11-06 22:00:00,63.35,14.1,69.7,3.8,27.37,21.9,12.87
2023-11-06 23:00:00,35.65,10.9,64.5,6.7,16.86,12.52,6.86
2023-11-07 00:00:00,39.53,9.5,62.5,6.6,18.41,13.13,8.22
2023-11-07 01:00:00,41.09,7.4,81.1,5.6,18.41,14.86,8.53
2023-11-07 02:00:00,31.59,9.1,72.4,2.9,14.29,11.64,6.22
2023-11-07 03:00:00,29.59,6.9,77.8,2.9,13.8,10.01,5.64
2023-11-07 04:00:00,19.41,9.5,68.3,6.3,8.53,6.53,4.27
2023-11-07 05:00:00,24.88,13.9,73.6,6.9,10.84,8.19,4.38
2023-11-07 06:00:00,22.06,12.8,70.3,5.4,9.68,7.94,4.72
2023-11-07 07:00:00,19.91,12.7,67.8,5.0,9.06,6.81,4.19
2023-11-07 08:00:00,26.96,15.4,67.0,3.8,12.7,8.77,5.73
2023-11-07 09:00:00,26.98,14.9,57.5,2.7,11.58,10.42,4.62
2023-11-07 10:00:00,30.22,15.6,67.1,2.2,13.4,11.37,6.07
2023-11-07 11:00:00,35.3,20.4,66.9,1.6,14.71,13.31,6.79
2023-11-07 12:00:00,32.46,17.0,65.2,4.8,15.67,10.51,6.53
2023-11-07 13:00:00,36.66,18.6,62.6,5.2,16.45,13.34,7.42
2023-11-07 14:00:00,28.72,19.8,58.6,2.8,13.63,10.18,6.32
2023-11-07 15:00:00,24.99,17.8,68.1,0.5,10.64,8.92,4.65
2023-11-07 16:00:00,21.59,19.7,66.6,7.1,10.39,6.85,4.11
2023-11-07 17:00:00,23.02,17.4,60.9,3.2,10.93,7.52,4.26
2023-11-07 18:00:00,18.57,17.8,64.4,8.1,7.74,6.15,3.87
2023-11-07 19:00:00,17.75,16.5,65.3,4.5,7.92,6.19,4.07
2023-11-07 20:00:00,22.35,14.0,69.2,1.5,9.47,7.62,4.49
2023-11-07 21:00:00,27.53,15.6,61.4,2.7,12.56,9.59,5.4
2023-11-07 22:00:00,28.41,10.8,76.7,4.4,13.6,9.68,6.09
2023-11-07 23:00:00,31.23,12.8,71.4,4.3,14.34,10.47,6.47
2023-11-08 00:00:00,40.43,11.6,76.1,2.2,18.26,14.24,7.36
2023-11-08 01:00:00,32.0,12.0,64.0,1.9,15.07,11.23,6.66
2023-11-08 02:00:00,30.6,9.4,67.4,2.4,13.68,10.71,6.0
2023-11-08 03:00:00,26.74,8.2,84.5,5.3,12.62,9.76,4.99
2023-11-08 04:00:00,22.85,12.9,74.2,2.2,9.52,7.88,5.0
2023-11-08 05:00:00,22.71,10.1,67.8,4.7,10.54,7.98,4.26
2023-11-08 06:00:00,22.53,10.4,75.8,6.1,10.4,7.91,4.2
2023-11-08 07:00:00,20.4,12.6,66.6,3.0,8.82,6.11,3.69
2023-11-08 08:00:00,20.81,12.7,60.3,0.5,8.96,7.68,3.83
2023-11-08 09:00:00,30.84,16.2,54.0,1.7,13.19,10.48,5.93
2023-11-08 10:00:00,31.17,15.8,65.0,2.6,13.69,11.16,6.27
2023-11-08 11:00:00,38.48,17.3,71.1,1.9,18.0,13.53,7.46
2023-11-08 12:00:00,29.54,19.9,67.7,2.5,13.38,9.93,5.83
2023-11-08 13:00:00,34.64,19.9,66.4,3.8,15.44,12.36,6.77
2023-11-08 14:00:00,36.2,19.2,65.1,0.6,15.73,12.07,7.26
2023-11-08 15:00:00,26.77,19.3,62.5,1.1,12.52,9.41,5.61
2023-11-08 16:00:00,23.34,18.5,67.5,5.9,11.03,7.97,4.52
2023-11-08 17:00:00,21.9,17.1,53.5,3.6,10.22,8.1,4.4
2023-11-08 18:00:00,18.76,16.7,69.0,7.0,7.85,7.09,3.61
2023-11-08 19:00:00,20.38,16.2,59.0,0.5,9.22,7.04,4.39
2023-11-08 20:00:00,23.06,14.0,62.7,0.5,10.55,7.93,4.24
2023-11-08 21:00:00,26.09,13.5,71.3,4.9,11.83,8.28,5.85
2023-11-08 22:00:00,34.48,10.4,76.2,3.4,14.49,11.78,6.56
2023-11-08 23:00:00,35.3,9.7,69.3,6.6,16.09,12.19,7.55
2023-11-09 00:00:00,35.83,8.6,77.0,5.3,15.09,12.22,6.98
2023-11-09 01:00:00,36.22,8.3,76.8,3.6,17.19,12.9,7.08
2023-11-09 02:00:00,30.79,10.9,69.3,3.4,13.27,10.72,5.87
2023-11-09 03:00:00,25.76,10.2,72.5,5.5,12.34,9.24,4.92
2023-11-09 04:00:00,22.44,8.0,84.8,5.4,10.01,7.1,4.17
2023-11-09 05:00:00,21.21,11.1,69.3,2.4,9.53,7.5,4.36
2023-11-09 06:00:00,17.55,10.9,69.7,4.5,7.95,5.91,3.17
2023-11-09 07:00:00,19.95,11.7,70.7,4.3,8.92,7.29,3.33
2023-11-09 08:00:00,22.66,11.8,69.0,5.9,9.1,8.19,4.21
2023-11-09 09:00:00,33.01,16.7,67.9,6.0,14.68,11.54,6.69
2023-11-09 10:00:00,24.51,14.4,74.0,2.4,10.79,8.8,5.21
2023-11-09 11:00:00,33.75,17.4,61.8,6.2,14.3,10.12,7.34
2023-11-09 12:00:00,39.51,16.9,59.4,6.8,17.39,14.3,8.05
2023-11-09 13:00:00,34.5,20.0,69.9,1.4,15.5,12.5,7.35
2023-11-09 14:00:00,33.33,18.5,62.4,3.9,14.42,12.33,7.03
2023-11-09 15:00:00,27.95,18.6,53.1,3.2,12.51,9.09,5.16
2023-11-09 16:00:00,22.28,18.2,71.5,3.0,9.96,7.35,4.71
2023-11-09 17:00:00,15.6,18.0,68.1,4.7,6.89,4.87,3.15
2023-11-09 18:00:00,20.71,16.5,72.2,1.6,8.96,7.7,4.7
2023-11-09 19:00:00,19.26,15.2,72.9,5.6,8.58,6.57,3.65
2023-11-09 20:00:00,21.95,13.2,81.4,0.7,9.8,7.77,4.73
2023-11-09 21:00:00,26.45,10.3,66.4,3.9,11.19,9.42,5.79
2023-11-09 22:00:00,35.81,9.8,68.3,2.1,16.17,12.83,7.21
2023-11-09 23:00:00,40.21,11.5,67.7,4.5,18.69,13.62,8.43
2023-11-10 00:00:00,35.79,9.0,70.6,3.7,15.68,12.21,6.87
2023-11-10 01:00:00,33.08,8.0,75.0,12.2,15.15,11.36,6.7
2023-11-10 02:00:00,28.55,6.7,73.5,6.0,12.36,10.46,6.18
2023-11-10 03:00:00,28.92,6.4,70.4,2.7,12.98,10.13,6.12
2023-11-10 04:00:00,28.45,8.4,69.5,3.7,12.41,10.68,5.66
2023-11-10 05:00:00,20.63,11.6,68.6,2.6,8.6,6.56,3.57
2023-11-10 06:00:00,14.3,10.5,77.2,4.8,6.27,5.32,2.39
2023-11-10 07:00:00,22.92,13.1,65.4,3.1,10.39,8.25,4.17
2023-11-10 08:00:00,26.46,12.9,72.6,1.5,11.95,9.26,5.26
2023-11-10 09:00:00,23.78,16.1,58.1,4.4,10.27,8.03,4.65
2023-11-10 10:00:00,31.94,15.8,49.1,0.5,13.95,11.02,6.23
2023-11-10 11:00:00,35.37,15.5,64.7,2.5,16.22,12.67,7.02
2023-11-10 12:00:00,35.06,17.7,59.7,6.5,15.28,12.17,6.79
2023-11-10 13:00:00,32.26,21.4,53.9,1.3,14.61,10.96,6.42
2023-11-10 14:00:00,34.03,21.5,53.2,3.6,14.68,12.28,6.34
2023-11-10 15:00:00,26.74,19.4,57.2,5.3,11.69,9.41,5.51
2023-11-10 16:00:00,20.28,17.9,57.5,6.5,7.94,7.94,4.88
2023-11-10 17:00:00,16.13,17.8,58.2,3.8,7.34,5.44,3.44
2023-11-10 18:00:00,23.4,16.8,57.1,1.7,10.35,8.69,5.41
2023-11-10 19:00:00,22.79,15.0,55.3,7.1,9.94,8.06,5.02
2023-11-10 20:00:00,24.21,14.5,55.6,5.0,11.45,8.86,4.57
2023-11-10 21:00:00,26.64,12.8,80.9,3.0,11.54,9.08,5.12
2023-11-10 22:00:00,30.17,10.8,70.7,2.4,13.95,10.26,5.78
2023-11-10 23:00:00,31.55,8.5,81.4,0.9,14.3,11.72,6.96
2023-11-11 00:00:00,25.46,8.6,72.8,2.0,12.16,9.08,5.41
2023-11-11 01:00:00,20.49,10.0,71.3,5.2,9.99,7.18,4.14
2023-11-11 02:00:00,21.89,8.6,75.2,1.4,9.49,7.01,4.24
2023-11-11 03:00:00,20.14,9.3,76.1,1.6,9.39,6.77,3.29
2023-11-11 04:00:00,19.63,8.9,67.1,2.0,9.99,6.39,3.98
2023-11-11 05:00:00,15.95,8.5,71.9,3.0,7.42,5.84,3.27
2023-11-11 06:00:00,17.28,10.8,72.6,1.9,7.58,6.2,3.29
2023-11-11 07:00:00,19.42,10.8,61.4,6.5,7.91,7.02,3.67
2023-11-11 08:00:00,20.75,12.0,76.1,2.3,8.31,7.56,4.3
2023-11-11 09:00:00,22.09,16.7,69.2,6.7,9.14,8.01,4.3
2023-11-11 10:00:00,23.76,15.5,54.9,8.7,11.87,8.94,4.61
2023-11-11 11:00:00,23.34,16.1,60.3,5.0,10.48,8.14,4.69
2023-11-11 12:00:00,28.39,20.4,60.1,0.5,12.86,10.09,5.83
2023-11-11 13:00:00,29.99,19.7,64.6,2.2,13.16,10.67,6.12
2023-11-11 14:00:00,24.59,18.1,69.9,2.4,11.3,8.95,4.92
2023-11-11 15:00:00,25.71,19.1,57.9,3.8,11.49,9.27,5.36
2023-11-11 16:00:00,14.29,17.6,74.6,1.8,5.83,5.03,2.51
2023-11-11 17:00:00,13.16,16.1,64.4,1.2,4.99,4.09,2.65
2023-11-11 18:00:00,17.43,16.8,62.7,1.9,6.74,5.77,4.01
2023-11-11 19:00:00,16.71,14.4,69.5,2.7,7.23,5.8,2.75
2023-11-11 20:00:00,21.39,13.7,69.1,1.0,9.38,7.5,4.34
2023-11-11 21:00:00,20.88,13.9,68.6,2.0,9.66,7.44,4.04
2023-11-11 22:00:00,21.56,12.5,79.0,1.8,10.39,7.42,4.28
2023-11-11 23:00:00,25.26,9.3,74.1,5.2,10.85,9.45,5.3
2023-11-12 00:00:00,22.76,9.9,67.3,1.8,9.94,8.06,4.52
2023-11-12 01:00:00,23.02,6.9,71.5,5.3,11.26,7.06,4.83
2023-11-12 02:00:00,26.21,9.1,80.4,3.6,12.48,9.02,5.04
2023-11-12 03:00:00,23.15,8.9,76.8,5.1,9.47,7.93,4.51
2023-11-12 04:00:00,19.06,9.7,64.6,3.3,9.38,6.83,3.76
2023-11-12 05:00:00,11.8,9.5,64.6,6.5,4.88,4.14,2.57
2023-11-12 06:00:00,14.45,14.1,67.2,2.4,6.28,5.16,2.32
2023-11-12 07:00:00,13.04,10.8,74.1,5.1,6.15,5.19,2.54
2023-11-12 08:00:00,21.1,14.9,62.7,1.8,9.18,7.54,4.38
2023-11-12 09:00:00,19.51,13.2,59.8,6.2,8.39,8.5,4.34
2023-11-12 10:00:00,48.46,16.7,58.3,0.7,21.45,17.43,9.41
2023-11-12 11:00:00,25.92,17.9,70.8,3.3,12.22,9.06,4.8
2023-11-12 12:00:00,24.99,17.9,65.0,3.1,10.85,8.97,4.93
2023-11-12 13:00:00,29.55,17.5,67.9,4.2,13.09,11.41,5.93
2023-11-12 14:00:00,21.94,18.7,67.4,3.2,9.84,6.91,4.4
2023-11-12 15:00:00,17.47,18.7,58.4,4.0,6.96,6.59,3.33
2023-11-12 16:00:00,12.77,20.5,57.6,6.0,5.8,5.11,2.08
2023-11-12 17:00:00,16.02,15.7,64.3,1.7,7.72,5.21,3.13
2023-11-12 18:00:00,13.94,15.1,67.9,2.2,6.22,4.61,3.01
2023-11-12 19:00:00,12.53,15.2,71.2,5.4,5.35,4.15,2.68
2023-11-12 20:00:00,21.13,13.1,77.7,2.2,8.97,8.24,3.75
2023-11-12 21:00:00,22.64,12.0,73.7,6.5,9.92,7.99,4.09
2023-11-12 22:00:00,23.71,12.6,73.0,3.7,10.52,7.93,4.7
2023-11-12 23:00:00,29.25,5.7,86.8,1.2,12.45,9.39,5.95
2023-11-13 00:00:00,37.05,8.1,73.3,0.6,16.1,13.46,7.67
2023-11-13 01:00:00,58.21,5.8,82.9,5.1,25.77,20.43,11.88
2023-11-13 02:00:00,29.05,6.5,79.1,5.9,12.37,10.67,5.4
2023-11-13 03:00:00,29.94,12.1,72.6,2.2,13.49,10.66,6.46
2023-11-13 04:00:00,25.14,9.9,71.1,2.2,11.56,9.48,5.01
2023-11-13 05:00:00,21.83,11.2,63.6,7.4,9.51,6.76,4.35
2023-11-13 06:00:00,18.28,10.7,72.9,4.4,7.98,6.73,4.22
2023-11-13 07:00:00,22.92,13.1,70.0,1.8,10.67,8.14,5.12
2023-11-13 08:00:00,22.26,10.6,68.4,3.3,9.91,7.6,4.22
2023-11-13 09:00:00,27.64,16.1,64.2,6.6,12.81,9.84,5.36
2023-11-13 10:00:00,35.27,14.6,62.1,4.2,15.06,12.15,7.8
2023-11-13 11:00:00,32.74,16.0,60.4,3.1,14.74,11.53,6.64
2023-11-13 12:00:00,31.47,18.4,59.5,1.7,14.59,10.5,6.17
2023-11-13 13:00:00,31.76,18.6,55.1,4.8,15.58,11.39,6.17
2023-11-13 14:00:00,34.13,18.4,59.0,2.4,16.04,12.3,7.15
2023-11-13 15:00:00,28.53,16.1,68.3,3.9,12.54,10.49,5.61
2023-11-13 16:00:00,23.83,17.8,70.0,4.1,9.91,7.69,4.18
2023-11-13 17:00:00,20.13,18.3,72.5,3.8,8.9,6.36,4.39
2023-11-13 18:00:00,21.61,15.0,64.0,2.3,10.27,7.04,4.13
2023-11-13 19:00:00,19.28,16.6,70.1,4.7,8.19,7.47,3.75
2023-11-13 20:00:00,24.91,12.0,71.3,3.9,11.11,8.65,4.69
2023-11-13 21:00:00,26.07,12.0,68.4,3.1,11.31,9.3,4.72
2023-11-13 22:00:00,29.4,13.1,70.3,1.0,13.19,10.74,5.78
2023-11-13 23:00:00,32.8,8.7,79.0,2.7,14.88,11.08,6.64
2023-11-14 00:00:00,34.52,10.4,69.1,2.8,15.92,12.15,7.04
2023-11-14 01:00:00,34.33,11.2,67.9,5.3,14.96,11.55,6.76
2023-11-14 02:00:00,32.29,8.4,71.9,3.6,14.93,10.56,6.72
2023-11-14 03:00:00,18.73,7.5,71.9,7.0,8.51,7.04,4.3
2023-11-14 04:00:00,22.19,7.6,80.8,5.0,9.42,7.71,4.37
2023-11-14 05:00:00,36.86,11.5,66.3,3.7,16.71,13.19,7.17
2023-11-14 06:00:00,24.22,12.5,66.0,1.8,10.92,8.95,5.05
2023-11-14 07:00:00,18.76,14.0,68.8,2.1,8.85,5.99,3.48
2023-11-14 08:00:00,24.61,13.1,69.5,1.8,10.69,8.34,5.61
2023-11-14 09:00:00,31.69,16.0,62.8,3.2,13.87,11.92,6.7
2023-11-14 10:00:00,28.42,15.5,73.8,4.8,12.11,10.18,5.94
2023-11-14 11:00:00,35.43,15.3,62.5,5.1,14.94,11.84,6.93
2023-11-14 12:00:00,33.45,19.1,60.2,1.3,14.92,11.31,6.68
2023-11-14 13:00:00,33.19,20.4,49.9,3.5,14.82,11.25,6.45
2023-11-14 14:00:00,29.7,16.6,62.6,3.4,12.48,10.52,6.14
2023-11-14 15:00:00,26.12,16.4,57.7,3.2,12.03,9.16,5.01
2023-11-14 16:00:00,31.01,17.5,58.4,2.5,14.27,11.33,6.71
2023-11-14 17:00:00,23.57,18.1,52.5,3.4,9.68,8.55,4.49
2023-11-14 18:00:00,23.21,13.9,62.8,3.6,10.17,7.69,4.13
2023-11-14 19:00:00,22.69,14.7,65.9,4.1,10.46,8.66,4.9
2023-11-14 20:00:00,20.19,12.2,68.1,2.9,9.25,7.27,4.34
2023-11-14 21:00:00,28.94,12.9,66.5,7.2,12.6,11.08,5.82
2023-11-14 22:00:00,34.39,9.4,71.1,2.7,16.09,11.66,6.83
2023-11-14 23:00:00,32.32,10.7,68.6,6.4,13.67,10.27,6.58
2023-11-15 00:00:00,37.93,8.4,73.8,5.4,16.76,13.53,7.81
2023-11-15 01:00:00,36.27,6.7,75.4,3.4,16.81,12.58,7.57
2023-11-15 02:00:00,36.39,8.0,75.7,3.5,16.43,12.97,7.18
2023-11-15 03:00:00,26.97,5.2,76.7,6.1,11.89,9.35,6.07
2023-11-15 04:00:00,21.52,7.8,72.5,3.5,10.68,8.14,4.12
2023-11-15 05:00:00,20.61,9.9,76.0,4.5,9.04,7.11,3.78
2023-11-15 06:00:00,24.1,7.8,77.7,5.5,10.01,8.59,4.96
2023-11-15 07:00:00,16.95,7.8,74.5,6.6,6.98,6.24,3.12
2023-11-15 08:00:00,19.09,9.4,78.7,2.1,9.36,6.78,4.09
2023-11-15 09:00:00,28.24,16.2,64.9,8.2,11.91,10.24,6.1
2023-11-15 10:00:00,30.66,15.3,64.8,7.8,14.39,10.94,6.42
2023-11-15 11:00:00,34.53,15.7,64.8,2.5,15.34,12.07,7.06
2023-11-15 12:00:00,37.88,18.7,62.4,4.1,18.02,13.46,7.18
2023-11-15 13:00:00,33.13,17.2,58.8,0.9,15.21,11.55,6.9
2023-11-15 14:00:00,27.08,18.3,52.6,1.8,12.21,9.31,5.08
2023-11-15 15:00:00,33.12,17.8,64.0,4.0,13.99,11.86,6.56
2023-11-15 16:00:00,21.77,16.6,68.3,4.3,9.49,8.79,3.88
2023-11-15 17:00:00,18.87,16.9,58.7,3.7,8.99,6.76,3.54
2023-11-15 18:00:00,23.27,16.6,69.4,4.7,11.45,8.25,4.75
2023-11-15 19:00:00,20.56,14.0,59.0,5.3,8.45,6.89,4.15
2023-11-15 20:00:00,24.1,12.3,66.5,1.8,10.43,8.36,4.91
2023-11-15 21:00:00,29.22,11.1,79.2,4.4,12.52,10.06,5.26
2023-11-15 22:00:00,34.47,7.0,77.4,3.9,15.56,12.39,7.07
2023-11-15 23:00:00,33.67,9.8,70.7,1.5,15.5,11.86,7.29
2023-11-16 00:00:00,39.37,6.6,77.3,2.2,17.49,14.56,7.61
2023-11-16 01:00:00,29.23,8.9,79.3,3.1,13.05,9.76,5.76
2023-11-16 02:00:00,33.72,7.6,67.6,6.0,15.57,11.68,6.31
2023-11-16 03:00:00,25.98,8.1,80.9,2.1,11.92,8.83,5.33
2023-11-16 04:00:00,27.75,9.5,70.1,1.9,11.81,8.5,6.16
2023-11-16 05:00:00,21.93,7.9,78.1,4.8,9.3,7.04,4.29
2023-11-16 06:00:00,18.89,10.8,67.9,8.2,8.91,6.48,3.95
2023-11-16 07:00:00,23.24,11.9,78.2,3.3,10.54,8.22,4.72
2023-11-16 08:00:00,26.56,12.5,68.8,2.8,12.24,9.42,5.47
2023-11-16 09:00:00,29.68,12.7,62.1,2.3,12.46,10.64,5.66
2023-11-16 10:00:00,29.25,16.2,66.9,1.0,13.64,9.69,5.73
2023-11-16 11:00:00,33.36,17.4,69.7,1.9,14.71,11.37,6.38
2023-11-16 12:00:00,35.56,17.3,69.2,1.3,16.25,12.91,6.89
2023-11-16 13:00:00,34.47,16.0,65.3,3.5,15.46,12.6,6.9
2023-11-16 14:00:00,33.7,17.0,67.7,8.3,15.66,12.28,7.01
2023-11-16 15:00:00,23.04,17.5,60.9,5.3,10.58,8.19,4.46
2023-11-16 16:00:00,25.16,18.1,65.2,4.1,11.11,8.02,5.09
2023-11-16 17:00:00,20.85,13.9,69.1,3.5,9.02,7.94,4.37
2023-11-16 18:00:00,18.48,14.4,52.2,4.2,8.32,6.03,3.7
2023-11-16 19:00:00,19.72,13.5,62.8,2.9,8.61,7.3,4.29
2023-11-16 20:00:00,23.79,12.7,69.9,1.9,11.56,8.11,4.78
2023-11-16 21:00:00,19.07,9.5,73.4,4.0,8.02,6.73,3.38
2023-11-16 22:00:00,30.07,10.0,71.9,3.7,13.57,10.13,6.3
2023-11-16 23:00:00,32.38,8.8,73.9,7.2,14.14,11.26,6.22
2023-11-17 00:00:00,36.97,6.7,82.0,4.3,17.32,12.4,7.72
2023-11-17 01:00:00,32.62,7.6,76.6,5.2,15.12,10.97,6.85
2023-11-17 02:00:00,31.35,6.8,64.2,1.3,13.21,10.69,6.05
2023-11-17 03:00:00,31.99,8.5,83.5,5.1,14.46,10.27,6.93
2023-11-17 04:00:00,26.87,7.0,66.1,8.6,12.16,9.04,5.92
2023-11-17 05:00:00,23.9,9.2,77.7,4.4,10.54,7.66,4.29
2023-11-17 06:00:00,19.39,8.9,65.5,4.9,8.79,6.28,3.73
2023-11-17 07:00:00,23.0,10.4,78.6,8.4,10.63,7.51,4.56
2023-11-17 08:00:00,23.8,13.1,66.9,3.0,10.9,9.04,4.72
2023-11-17 09:00:00,27.65,14.3,68.8,5.6,11.55,8.97,5.94
2023-11-17 10:00:00,32.91,14.5,56.7,3.0,13.7,11.56,6.2
2023-11-17 11:00:00,33.14,15.7,68.8,3.2,13.21,11.81,6.57
2023-11-17 12:00:00,39.37,14.8,68.4,4.4,17.53,13.68,8.36
2023-11-17 13:00:00,34.23,19.6,63.6,2.3,14.98,12.34,6.81
2023-11-17 14:00:00,33.43,18.6,66.4,9.4,15.06,11.45,6.96
2023-11-17 15:00:00,31.78,18.4,62.8,2.7,13.95,11.19,5.92
2023-11-17 16:00:00,26.97,14.6,65.5,1.5,11.94,9.4,5.93
2023-11-17 17:00:00,18.12,15.3,61.6,2.6,8.09,6.09,4.07
2023-11-17 18:00:00,21.75,14.6,64.2,5.9,8.67,7.91,4.36
2023-11-17 19:00:00,23.77,11.0,76.8,2.6,11.08,8.28,4.64
2023-11-17 20:00:00,26.62,14.0,63.1,4.1,11.86,9.22,5.43
2023-11-17 21:00:00,25.35,13.5,58.6,7.0,10.7,8.24,4.98
2023-11-17 22:00:00,30.25,13.2,63.2,2.3,13.43,10.4,6.3
2023-11-17 23:00:00,37.12,7.5,78.0,1.6,16.04,12.91,7.29
2023-11-18 00:00:00,25.05,8.3,72.5,1.4,11.51,9.47,4.66
2023-11-18 01:00:00,25.45,9.6,75.5,3.2,11.65,8.64,5.32
2023-11-18 02:00:00,28.08,7.1,65.5,1.4,12.56,10.25,5.34
2023-11-18 03:00:00,21.21,6.8,61.0,3.3,9.46,7.37,4.27
2023-11-18 04:00:00,16.7,5.3,78.9,6.0,8.04,5.34,3.77
2023-11-18 05:00:00,14.26,10.6,76.3,5.2,6.81,5.63,2.49
2023-11-18 06:00:00,16.54,9.9,63.5,4.0,6.55,5.84,2.92
2023-11-18 07:00:00,13.12,10.1,74.6,5.8,5.55,4.2,2.59
2023-11-18 08:00:00,17.9,12.9,74.5,1.4,8.36,6.6,3.58
2023-11-18 09:00:00,22.16,14.0,67.2,4.1,10.46,8.51,4.63
2023-11-18 10:00:00,27.39,15.2,70.3,1.5,13.41,8.97,6.01
2023-11-18 11:00:00,27.87,15.7,66.2,3.4,12.88,10.17,5.15
2023-11-18 12:00:00,25.17,19.2,59.6,3.3,10.38,8.1,5.05
2023-11-18 13:00:00,29.15,17.1,67.6,2.4,12.94,9.34,5.35
2023-11-18 14:00:00,23.39,19.9,69.7,5.6,10.92,7.49,4.85
2023-11-18 15:00:00,18.24,18.1,59.5,2.2,7.29,6.28,3.47
2023-11-18 16:00:00,18.09,17.3,62.8,3.8,8.29,6.52,3.75
2023-11-18 17:00:00,20.05,15.8,60.1,3.4,8.68,6.77,4.16
2023-11-18 18:00:00,16.12,16.4,65.1,3.2,7.49,5.11,3.37
2023-11-18 19:00:00,16.49,13.9,66.5,0.8,7.81,5.93,3.27
2023-11-18 20:00:00,22.61,11.1,76.5,4.6,9.62,8.0,3.97
2023-11-18 21:00:00,17.75,9.7,79.4,0.5,8.83,6.21,3.17
2023-11-18 22:00:00,20.93,10.6,75.2,5.6,8.43,7.76,4.33
2023-11-18 23:00:00,22.16,7.6,80.2,2.4,10.25,7.78,4.74
2023-11-19 00:00:00,27.95,7.9,71.0,1.5,13.19,10.43,5.09
2023-11-19 01:00:00,26.69,9.1,68.4,3.1,12.11,8.3,4.72
2023-11-19 02:00:00,28.07,7.8,76.9,3.8,12.22,9.16,6.14
2023-11-19 03:00:00,22.01,6.4,76.4,2.6,9.79,8.18,4.47
2023-11-19 04:00:00,17.57,10.1,81.9,1.5,7.25,5.19,3.05
2023-11-19 05:00:00,16.53,9.6,62.9,0.6,7.06,6.22,2.94
2023-11-19 06:00:00,16.07,11.3,73.5,4.7,7.13,6.17,3.05
2023-11-19 07:00:00,12.35,7.6,77.9,6.3,5.62,4.13,2.16
2023-11-19 08:00:00,25.36,12.8,64.8,1.4,11.32,9.1,4.84
2023-11-19 09:00:00,22.7,14.9,61.3,2.2,10.41,7.9,4.66
2023-11-19 10:00:00,24.73,17.3,61.5,0.6,11.16,8.8,4.92
2023-11-19 11:00:00,27.81,13.6,59.4,6.2,12.3,8.92,5.62
2023-11-19 12:00:00,28.8,18.4,69.2,3.3,13.39,10.46,5.91
2023-11-19 13:00:00,25.92,19.6,74.0,6.8,11.57,8.78,5.0
2023-11-19 14:00:00,22.63,14.3,65.2,3.4,9.55,7.34,4.96
2023-11-19 15:00:00,22.9,17.8,59.4,6.0,10.34,7.16,4.74
2023-11-19 16:00:00,19.55,17.6,56.4,7.4,7.88,6.73,4.04
2023-11-19 17:00:00,14.5,15.3,60.1,2.7,5.85,4.87,2.73
2023-11-19 18:00:00,19.32,14.1,64.2,4.3,9.2,6.61,4.03
2023-11-19 19:00:00,17.26,14.6,72.5,4.4,8.85,5.82,3.59
2023-11-19 20:00:00,20.41,11.4,86.3,0.6,9.57,6.57,4.22
2023-11-19 21:00:00,24.88,10.7,67.6,3.2,11.54,9.48,5.21
2023-11-19 22:00:00,24.26,11.0,66.3,5.9,11.01,8.34,5.0
2023-11-19 23:00:00,27.06,11.4,64.5,7.3,11.51,9.94,5.49
2023-11-20 00:00:00,37.87,8.6,75.9,6.4,17.64,12.8,7.92
2023-11-20 01:00:00,33.03,7.5,76.7,8.1,14.85,12.91,6.26
2023-11-20 02:00:00,32.23,6.4,76.9,4.4,14.05,11.65,6.84
2023-11-20 03:00:00,28.66,5.8,74.8,2.2,13.66,10.83,5.76
2023-11-20 04:00:00,22.2,9.5,79.4,3.9,11.03,8.37,4.14
2023-11-20 05:00:00,27.64,8.4,77.8,3.1,11.38,9.91,5.96
2023-11-20 06:00:00,17.33,11.4,74.0,2.3,8.22,6.21,3.5
2023-11-20 07:00:00,18.6,10.3,73.4,5.2,8.43,6.37,3.84
2023-11-20 08:00:00,27.88,11.2,69.7,4.2,12.78,9.91,5.47
2023-11-20 09:00:00,30.13,14.1,63.5,5.3,14.34,10.18,6.23
2023-11-20 10:00:00,29.53,14.5,69.2,2.4,13.51,10.62,6.17
2023-11-20 11:00:00,36.36,13.9,69.5,6.5,16.32,12.14,7.1
2023-11-20 12:00:00,39.51,19.2,63.8,2.2,17.29,14.0,7.61
2023-11-20 13:00:00,34.76,16.0,56.9,4.1,15.64,11.85,7.13
2023-11-20 14:00:00,38.59,18.5,63.5,1.0,17.61,14.08,7.39
2023-11-20 15:00:00,24.03,18.2,60.6,3.7,9.78,7.79,4.99
2023-11-20 16:00:00,26.33,14.6,62.1,1.4,11.51,8.46,5.3
2023-11-20 17:00:00,24.76,14.2,70.6,2.7,11.15,8.8,4.97
2023-11-20 18:00:00,23.07,14.2,67.9,6.0,10.14,7.46,4.23
2023-11-20 19:00:00,21.34,12.1,81.2,6.3,10.41,7.52,4.28
2023-11-20 20:00:00,23.87,14.7,68.7,5.1,10.0,8.77,4.68
2023-11-20 21:00:00,29.45,10.5,69.9,2.9,12.25,10.32,5.31
2023-11-20 22:00:00,34.13,11.0,70.3,3.9,16.37,11.44,6.61
2023-11-20 23:00:00,36.34,9.4,66.9,2.1,16.29,12.35,7.13
2023-11-21 00:00:00,38.52,8.0,80.5,4.5,16.87,13.85,7.69
2023-11-21 01:00:00,32.36,7.2,76.9,2.8,15.11,11.45,6.42
2023-11-21 02:00:00,31.6,8.8,75.1,2.1,14.04,10.85,6.01
2023-11-21 03:00:00,26.07,5.9,71.6,4.0,11.67,9.5,4.65
2023-11-21 04:00:00,23.7,10.2,75.6,1.5,10.67,7.64,4.55
2023-11-21 05:00:00,24.46,6.5,71.5,4.6,11.54,9.01,5.32
2023-11-21 06:00:00,21.19,10.7,68.4,1.9,9.59,7.78,4.66
2023-11-21 07:00:00,28.44,8.6,74.3,3.8,13.33,9.46,5.89
2023-11-21 08:00:00,25.15,11.5,67.3,3.0,11.72,8.88,4.93
2023-11-21 09:00:00,28.57,13.4,63.9,3.9,12.29,9.77,6.02
2023-11-21 10:00:00,32.43,13.8,67.2,2.3,14.73,11.91,6.09
2023-11-21 11:00:00,33.32,15.2,70.8,2.6,14.6,12.58,6.78
2023-11-21 12:00:00,35.77,14.2,71.4,1.6,16.47,11.7,7.06
2023-11-21 13:00:00,37.73,15.3,69.1,5.2,16.87,13.3,7.43
2023-11-21 14:00:00,32.45,17.7,65.2,1.1,14.56,11.23,6.55
2023-11-21 15:00:00,26.43,16.9,61.4,2.9,11.11,8.81,5.3
2023-11-21 16:00:00,22.35,15.3,71.3,3.3,9.82,7.34,4.08
2023-11-21 17:00:00,20.8,17.5,54.3,2.0,8.55,7.13,4.61
2023-11-21 18:00:00,4.22,12.7,71.0,3.0,1.35,1.11,0.86
2023-11-21 19:00:00,24.91,12.7,72.9,3.1,11.0,9.23,5.49
2023-11-21 20:00:00,21.32,11.2,70.1,2.1,9.98,7.84,4.11
2023-11-21 21:00:00,27.62,11.6,66.5,4.3,11.56,9.51,5.99
2023-11-21 22:00:00,32.53,9.6,72.3,0.8,13.84,11.45,6.58
2023-11-21 23:00:00,30.33,8.3,70.3,2.0,14.07,10.41,6.41
2023-11-22 00:00:00,33.91,4.7,80.9,4.2,15.36,11.68,6.59
2023-11-22 01:00:00,33.29,8.3,78.8,4.2,15.44,11.33,6.36
2023-11-22 02:00:00,30.25,6.5,78.4,2.4,13.85,9.84,6.63
2023-11-22 03:00:00,28.97,7.2,77.3,4.5,13.25,10.4,4.94
2023-11-22 04:00:00,24.34,6.4,80.1,3.4,10.76,7.83,4.58
2023-11-22 05:00:00,20.61,6.9,80.1,3.7,8.74,7.22,4.52
2023-11-22 06:00:00,22.06,11.6,66.2,2.7,10.45,7.44,4.71
2023-11-22 07:00:00,26.31,7.9,66.9,8.6,11.99,9.94,5.6
2023-11-22 08:00:00,28.84,10.2,73.1,4.9,13.34,10.4,5.76
2023-11-22 09:00:00,23.69,15.3,70.2,2.3,11.59,7.99,4.78
2023-11-22 10:00:00,33.69,15.3,57.7,2.2,15.01,11.85,6.85
2023-11-22 11:00:00,34.54,14.9,66.5,5.2,15.79,11.28,6.76
2023-11-22 12:00:00,36.38,18.0,68.0,3.0,16.56,12.46,7.14
2023-11-22 13:00:00,33.99,17.3,62.6,1.3,15.62,11.54,6.8
2023-11-22 14:00:00,32.54,17.2,71.0,0.8,15.06,11.91,6.51
2023-11-22 15:00:00,28.87,17.0,70.3,3.1,12.3,9.67,5.8
2023-11-22 16:00:00,23.3,16.9,62.9,3.1,10.48,8.0,5.3
2023-11-22 17:00:00,19.76,16.1,62.8,4.7,8.55,7.32,3.79
2023-11-22 18:00:00,3.97,17.6,61.1,3.9,1.41,1.15,1.4
2023-11-22 19:00:00,22.58,12.8,69.3,5.1,10.63,7.98,4.4
2023-11-22 20:00:00,26.24,11.6,64.2,2.6,12.22,9.61,5.44
2023-11-22 21:00:00,30.63,8.7,66.8,4.2,13.42,10.6,6.1
2023-11-22 22:00:00,31.01,9.3,61.5,6.2,13.87,10.54,5.94
2023-11-22 23:00:00,35.7,11.1,70.6,1.1,16.75,12.86,7.34
2023-11-23 00:00:00,38.48,8.8,83.6,4.7,17.28,13.49,7.65
2023-11-23 01:00:00,37.98,6.0,66.8,4.8,17.25,13.2,7.5
2023-11-23 02:00:00,32.17,6.7,75.0,5.3,14.89,11.33,5.88
2023-11-23 03:00:00,28.02,4.9,77.0,2.4,12.95,9.72,5.47
2023-11-23 04:00:00,25.3,5.9,76.2,3.1,10.98,7.68,5.13
2023-11-23 05:00:00,19.2,8.4,80.2,2.2,9.87,6.33,4.0
2023-11-23 06:00:00,20.59,8.4,69.4,2.6,9.69,7.36,3.8
2023-11-23 07:00:00,23.94,8.8,63.7,7.9,11.05,7.58,4.7
2023-11-23 08:00:00,26.43,12.4,66.4,3.3,12.41,9.19,5.12
2023-11-23 09:00:00,27.89,12.9,65.2,5.8,12.75,10.43,5.16
2023-11-23 10:00:00,32.86,11.8,58.7,5.3,14.76,11.57,6.45
2023-11-23 11:00:00,33.0,12.1,70.7,3.3,14.48,11.1,6.26
2023-11-23 12:00:00,37.83,15.2,59.9,9.3,16.42,13.34,7.34
2023-11-23 13:00:00,34.87,14.1,66.6,5.8,15.12,11.18,6.76
2023-11-23 14:00:00,31.63,13.9,65.5,3.4,14.59,11.03,6.56
2023-11-23 15:00:00,27.67,18.2,56.8,2.6,13.21,10.55,5.33
2023-11-23 16:00:00,24.66,15.9,69.4,1.2,10.63,8.9,5.17
2023-11-23 17:00:00,20.96,14.8,64.8,3.4,9.2,7.28,3.92
2023-11-23 18:00:00,22.72,13.9,67.6,2.8,10.14,8.01,4.75
2023-11-23 19:00:00,21.09,11.3,73.4,4.7,10.24,8.01,3.91
2023-11-23 20:00:00,28.8,12.3,70.7,0.6,13.13,9.56,5.54
2023-11-23 21:00:00,32.23,10.2,72.5,5.7,14.85,11.21,6.41
2023-11-23 22:00:00,30.09,8.0,70.2,3.1,14.24,10.88,6.14
2023-11-23 23:00:00,35.24,7.2,69.8,3.4,15.51,11.25,7.33
2023-11-24 00:00:00,34.52,5.4,78.4,1.9,15.85,12.41,6.69
2023-11-24 01:00:00,34.33,6.1,71.9,7.1,15.65,11.9,7.08
2023-11-24 02:00:00,37.41,6.2,80.6,3.0,16.97,13.06,6.93
2023-11-24 03:00:00,27.88,6.1,76.1,5.8,12.31,9.68,6.1
2023-11-24 04:00:00,25.8,7.3,78.5,2.2,12.13,9.85,4.78
2023-11-24 05:00:00,23.51,7.9,69.6,1.4,10.59,8.11,4.63
2023-11-24 06:00:00,18.65,9.4,67.0,4.3,8.62,7.06,3.48
2023-11-24 07:00:00,20.02,11.7,78.4,8.7,9.63,6.73,4.1
2023-11-24 08:00:00,21.89,12.4,68.3,4.3,8.93,6.98,4.14
2023-11-24 09:00:00,26.44,14.3,71.5,4.1,11.44,9.73,4.75
2023-11-24 10:00:00,25.28,12.8,61.6,3.2,11.1,8.9,4.73
2023-11-24 11:00:00,36.51,14.3,65.4,2.5,16.26,12.4,7.23
2023-11-24 12:00:00,41.29,16.8,70.3,3.2,18.41,13.77,7.79
2023-11-24 13:00:00,35.52,17.4,55.3,1.7,16.18,13.47,7.29
2023-11-24 14:00:00,28.86,15.5,76.8,2.3,12.85,10.01,6.36
2023-11-24 15:00:00,27.04,17.3,64.3,3.5,12.18,9.68,5.99
2023-11-24 16:00:00,23.75,14.4,62.6,1.7,11.55,7.96,4.42
2023-11-24 17:00:00,19.61,15.8,66.8,5.3,8.76,6.93,3.34
2023-11-24 18:00:00,23.3,14.0,72.8,0.5,9.95,8.89,4.37
2023-11-24 19:00:00,24.18,10.8,67.0,2.6,11.22,8.35,4.93
2023-11-24 20:00:00,22.01,10.9,67.5,3.6,10.02,7.63,4.19
2023-11-24 21:00:00,30.46,13.5,69.0,6.9,15.21,11.5,6.3
2023-11-24 22:00:00,36.22,9.3,75.1,3.9,16.05,11.71,6.91
2023-11-24 23:00:00,39.9,11.4,69.3,2.5,18.26,13.54,8.12
2023-11-25 00:00:00,34.65,4.9,80.1,2.8,15.64,12.07,6.79
2023-11-25 01:00:00,24.47,7.7,79.0,2.7,11.46,8.37,4.37
2023-11-25 02:00:00,31.73,2.6,81.8,1.9,14.08,11.31,6.41
2023-11-25 03:00:00,20.97,6.6,72.7,1.7,10.24,7.34,4.58
2023-11-25 04:00:00,17.56,8.0,74.3,3.4,7.68,5.88,3.24
2023-11-25 05:00:00,17.8,9.1,81.9,2.4,9.42,6.67,3.49
2023-11-25 06:00:00,14.78,7.7,76.4,1.3,6.21,4.85,2.66
2023-11-25 07:00:00,17.98,11.7,76.2,2.1,7.65,6.61,3.82
2023-11-25 08:00:00,15.75,10.6,68.7,3.6,6.21,5.26,3.36
2023-11-25 09:00:00,21.26,12.4,70.4,2.3,10.77,7.49,4.17
2023-11-25 10:00:00,27.88,13.2,72.1,2.2,12.84,10.5,5.43
2023-11-25 11:00:00,26.59,13.2,75.6,4.2,12.5,9.1,5.52
2023-11-25 12:00:00,27.84,18.1,68.5,4.6,12.32,10.24,5.5
2023-11-25 13:00:00,27.92,16.3,58.9,2.2,12.37,9.3,5.86
2023-11-25 14:00:00,27.6,18.0,68.1,3.4,13.29,9.4,5.49
2023-11-25 15:00:00,17.72,17.8,71.1,5.1,8.31,6.1,3.75
2023-11-25 16:00:00,20.51,14.3,64.0,4.6,10.46,7.09,4.21
2023-11-25 17:00:00,16.32,16.7,59.4,1.1,8.58,6.15,3.18
2023-11-25 18:00:00,16.65,14.6,66.3,2.8,7.67,6.13,2.65
2023-11-25 19:00:00,19.64,11.1,71.6,4.8,9.41,7.63,3.97
2023-11-25 20:00:00,16.06,12.1,67.8,1.9,6.28,5.84,2.74
2023-11-25 21:00:00,19.33,8.6,67.8,2.0,8.92,7.76,4.26
2023-11-25 22:00:00,19.83,11.3,77.8,4.2,8.68,7.48,3.7
2023-11-25 23:00:00,25.36,9.1,68.8,2.5,11.47,8.95,5.09
2023-11-26 00:00:00,30.89,6.8,73.3,2.7,13.91,11.48,5.7
2023-11-26 01:00:00,26.51,8.3,74.6,3.6,11.92,9.42,4.58
2023-11-26 02:00:00,21.41,3.9,72.0,5.0,10.47,7.71,4.05
2023-11-26 03:00:00,20.73,5.3,69.9,3.5,9.42,7.23,4.4
2023-11-26 04:00:00,15.41,6.5,74.0,6.3,6.41,5.31,2.79
2023-11-26 05:00:00,14.26,11.1,74.9,1.4,6.52,4.69,2.93
2023-11-26 06:00:00,17.29,7.1,76.4,5.0,7.63,5.77,3.41
2023-11-26 07:00:00,32.52,7.4,64.8,3.8,15.2,10.94,6.57
2023-11-26 08:00:00,21.91,9.1,80.1,5.5,9.6,7.67,4.4
2023-11-26 09:00:00,21.77,13.9,71.3,2.6,10.17,7.09,4.18
2023-11-26 10:00:00,24.97,12.9,69.5,3.4,11.42,8.76,5.15
2023-11-26 11:00:00,26.12,14.5,67.4,5.6,12.01,9.03,5.27
2023-11-26 12:00:00,29.5,16.7,67.3,5.7,12.72,9.7,6.02
2023-11-26 13:00:00,28.77,15.8,76.6,2.9,12.76,10.48,5.62
2023-11-26 14:00:00,25.59,16.6,68.5,5.6,11.76,9.06,4.99
2023-11-26 15:00:00,23.36,16.9,65.2,4.5,10.16,8.07,4.87
2023-11-26 16:00:00,18.6,14.9,59.9,3.1,8.83,6.13,4.14
2023-11-26 17:00:00,18.43,14.5,67.4,7.9,8.33,6.43,3.69
2023-11-26 18:00:00,15.47,14.1,70.9,0.8,7.64,5.61,2.76
2023-11-26 19:00:00,17.08,13.8,66.8,2.9,7.11,5.99,3.33
2023-11-26 20:00:00,18.44,10.1,69.3,2.6,9.03,6.58,3.77
2023-11-26 21:00:00,20.8,5.4,80.3,7.0,9.31,7.96,4.3
2023-11-26 22:00:00,23.03,9.8,67.3,1.4,10.4,7.34,4.27
2023-11-26 23:00:00,27.98,9.1,77.4,4.2,12.57,8.53,5.38
2023-11-27 00:00:00,39.68,7.1,73.3,4.8,18.18,13.55,7.85
2023-11-27 01:00:00,38.33,6.7,65.4,1.9,16.3,12.47,8.11
2023-11-27 02:00:00,29.51,5.3,75.4,1.7,13.17,10.07,5.38
2023-11-27 03:00:00,32.13,7.0,75.3,0.9,13.67,11.0,6.64
2023-11-27 04:00:00,24.36,8.1,77.1,1.8,10.87,9.85,4.36
2023-11-27 05:00:00,23.91,7.7,77.0,5.5,10.75,8.39,4.73
2023-11-27 06:00:00,19.14,12.3,62.7,7.2,9.01,5.54,4.07
2023-11-27 07:00:00,22.76,7.5,75.7,6.5,10.92,7.46,4.19
2023-11-27 08:00:00,25.94,11.3,67.7,2.9,11.53,9.59,4.95
2023-11-27 09:00:00,25.19,10.6,69.4,4.8,10.46,9.26,5.31
2023-11-27 10:00:00,34.18,14.9,61.1,5.6,15.36,12.01,7.11
2023-11-27 11:00:00,38.76,12.3,69.0,5.5,16.55,13.47,7.72
2023-11-27 12:00:00,35.97,13.4,83.5,1.1,15.22,12.97,7.21
2023-11-27 13:00:00,38.8,15.0,75.3,2.1,17.13,14.38,8.25
2023-11-27 14:00:00,32.18,16.5,59.2,7.1,13.64,10.16,6.92
2023-11-27 15:00:00,31.03,15.0,66.3,4.9,13.39,10.45,6.61
2023-11-27 16:00:00,19.61,14.6,65.0,5.7,9.08,6.52,3.51
2023-11-27 17:00:00,28.46,14.4,67.5,3.6,12.46,9.76,5.92
2023-11-27 18:00:00,25.14,13.2,72.7,3.0,11.74,9.21,4.99
2023-11-27 19:00:00,21.7,14.6,65.8,4.4,10.16,6.91,4.5
2023-11-27 20:00:00,20.22,12.1,65.9,3.4,9.19,6.27,3.83
2023-11-27 21:00:00,29.62,9.3,78.6,2.9,13.1,9.93,5.49
2023-11-27 22:00:00,29.05,11.8,63.7,2.8,13.23,10.06,5.64
2023-11-27 23:00:00,36.51,8.3,75.0,1.8,17.33,13.06,7.69
2023-11-28 00:00:00,37.52,5.2,70.3,3.7,17.08,13.16,6.89
2023-11-28 01:00:00,33.14,6.5,71.0,3.6,14.86,12.25,6.87
2023-11-28 02:00:00,35.55,6.8,79.6,4.0,15.96,13.72,7.23
2023-11-28 03:00:00,31.01,5.1,74.5,1.5,14.01,10.98,6.07
2023-11-28 04:00:00,27.68,5.1,68.5,6.7,12.51,10.2,5.29
2023-11-28 05:00:00,22.52,7.6,71.3,4.9,10.31,8.15,4.52
2023-11-28 06:00:00,17.95,7.9,70.3,1.6,7.29,6.21,3.54
2023-11-28 07:00:00,24.94,11.9,63.4,1.2,11.86,8.56,4.61
2023-11-28 08:00:00,24.57,12.1,72.3,4.3,11.03,8.86,5.04
2023-11-28 09:00:00,25.52,11.3,62.7,2.7,12.06,8.91,4.73
2023-11-28 10:00:00,36.12,14.1,64.1,2.6,15.07,12.57,7.63
2023-11-28 11:00:00,40.74,16.4,65.0,5.7,17.41,13.95,8.41
2023-11-28 12:00:00,36.39,13.2,66.4,2.8,16.96,13.61,7.04
2023-11-28 13:00:00,40.89,14.3,64.9,4.2,18.4,14.41,8.2
2023-11-28 14:00:00,32.97,16.0,61.2,3.7,14.57,11.43,6.6
2023-11-28 15:00:00,28.04,15.9,58.9,2.3,12.33,10.3,6.34
2023-11-28 16:00:00,23.67,15.2,62.6,2.7,10.65,8.71,4.13
2023-11-28 17:00:00,26.59,14.0,70.4,7.2,13.12,9.08,5.67
2023-11-28 18:00:00,19.54,13.0,66.3,2.7,7.38,6.21,3.69
2023-11-28 19:00:00,24.34,12.8,69.4,5.3,10.39,8.3,4.99
2023-11-28 20:00:00,23.85,12.7,74.4,6.0,10.21,7.67,4.85
2023-11-28 21:00:00,27.84,9.0,76.3,1.2,13.15,10.32,5.54
2023-11-28 22:00:00,35.32,12.1,63.1,4.4,16.58,11.27,7.19
2023-11-28 23:00:00,34.54,10.4,73.8,5.0,15.45,12.07,6.49
2023-11-29 00:00:00,35.57,8.5,79.0,3.2,16.4,12.29,6.6
2023-11-29 01:00:00,38.41,6.9,72.8,3.9,17.0,13.31,7.52
2023-11-29 02:00:00,36.83,8.8,65.5,1.8,17.22,13.33,7.6
2023-11-29 03:00:00,30.7,5.6,75.1,2.6,14.02,10.91,6.08
2023-11-29 04:00:00,23.7,5.3,78.6,4.7,10.53,7.47,4.3
2023-11-29 05:00:00,21.31,6.5,79.2,4.1,8.38,8.13,4.08
2023-11-29 06:00:00,21.78,6.8,73.2,1.6,9.62,7.12,4.2
2023-11-29 07:00:00,23.39,9.7,62.2,8.9,10.34,7.48,4.15
2023-11-29 08:00:00,22.86,11.3,64.1,7.1,10.27,8.09,4.51
2023-11-29 09:00:00,30.89,12.4,70.9,2.1,13.95,9.67,6.07
2023-11-29 10:00:00,33.05,13.3,78.0,6.1,14.68,12.15,6.45
2023-11-29 11:00:00,31.29,14.6,66.4,2.4,13.85,10.05,6.12
2023-11-29 12:00:00,34.26,17.8,69.2,3.9,15.88,11.84,6.94
2023-11-29 13:00:00,34.32,16.6,58.8,5.2,14.64,11.74,6.81
2023-11-29 14:00:00,32.65,17.2,60.1,2.8,14.23,11.9,6.28
2023-11-29 15:00:00,33.81,15.9,53.2,3.8,14.99,12.24,6.65
2023-11-29 16:00:00,25.93,12.7,70.6,3.3,11.21,8.5,4.85
2023-11-29 17:00:00,20.49,11.6,65.6,5.1,9.43,7.81,3.98
2023-11-29 18:00:00,22.14,16.5,67.2,3.4,9.5,7.09,4.49
2023-11-29 19:00:00,21.71,11.3,67.9,3.9,9.52,7.49,4.46
2023-11-29 20:00:00,26.15,9.9,82.2,5.8,12.18,9.2,5.31
2023-11-29 21:00:00,30.54,9.9,81.1,4.6,14.13,11.02,5.84
2023-11-29 22:00:00,35.86,9.2,61.5,3.7,16.05,13.1,7.45
2023-11-29 23:00:00,35.52,8.3,77.0,3.3,15.94,12.38,7.2
2023-11-30 00:00:00,73.39,9.0,69.4,1.6,32.69,24.91,14.62
2023-11-30 01:00:00,37.94,8.1,77.5,1.0,17.54,12.97,7.6
2023-11-30 02:00:00,31.16,4.5,71.9,7.4,14.03,10.26,6.08
2023-11-30 03:00:00,34.7,7.3,82.4,1.9,15.93,12.15,7.13
2023-11-30 04:00:00,26.24,5.8,82.2,2.4,11.86,9.02,5.17
2023-11-30 05:00:00,20.59,7.0,68.6,4.1,9.23,7.96,3.99
2023-11-30 06:00:00,25.81,6.6,75.2,5.6,10.61,9.52,4.84
2023-11-30 07:00:00,27.88,6.9,76.6,5.7,11.97,10.65,5.23
2023-11-30 08:00:00,25.34,10.7,74.8,5.6,11.23,9.22,4.63
2023-11-30 09:00:00,27.92,10.6,71.3,8.3,11.68,9.84,5.64
2023-11-30 10:00:00,32.5,14.6,70.4,1.0,14.22,11.45,6.67
2023-11-30 11:00:00,37.46,13.8,67.1,3.0,16.96,12.83,7.88
2023-11-30 12:00:00,39.87,15.5,68.5,6.6,17.22,13.66,8.13
2023-11-30 13:00:00,37.1,17.6,56.1,3.4,17.11,12.8,7.01
2023-11-30 14:00:00,33.18,13.5,67.7,6.1,15.83,12.41,6.85
2023-11-30 15:00:00,32.92,14.4,72.4,0.6,14.87,11.12,6.53
2023-11-30 16:00:00,24.65,15.3,72.7,3.6,10.86,8.97,5.02
2023-11-30 17:00:00,25.26,14.7,67.2,6.8,11.75,8.19,4.88
2023-11-30 18:00:00,20.96,14.9,65.7,2.3,9.73,7.24,4.44
2023-11-30 19:00:00,23.76,13.3,74.9,6.9,10.39,8.27,4.9
2023-11-30 20:00:00,25.14,10.8,70.5,0.5,11.04,8.94,4.57
2023-11-30 21:00:00,29.04,9.9,77.9,1.2,12.84,10.43,5.71
2023-11-30 22:00:00,31.98,8.7,73.0,3.4,14.88,10.94,6.11
2023-11-30 23:00:00,39.03,5.0,78.2,1.4,17.1,14.04,8.1
2023-12-01 00:00:00,34.94,6.0,71.3,2.1,15.94,11.79,6.99
2023-12-01 01:00:00,33.92,6.1,70.4,2.5,15.27,11.54,6.64
2023-12-01 02:00:00,38.32,6.3,81.4,3.4,17.49,13.13,7.63
2023-12-01 03:00:00,31.72,4.4,87.4,3.0,13.99,10.94,6.47
2023-12-01 04:00:00,19.56,4.3,79.3,6.8,8.6,6.56,4.26
2023-12-01 05:00:00,21.36,6.7,75.1,6.3,9.94,6.88,4.09
2023-12-01 06:00:00,17.24,11.0,75.9,5.0,7.08,6.35,3.53
2023-12-01 07:00:00,20.4,8.0,76.0,4.4,8.71,6.64,4.14
2023-12-01 08:00:00,17.68,12.3,57.2,2.0,6.62,6.61,3.15
2023-12-01 09:00:00,28.93,14.2,71.9,4.1,13.74,10.53,5.95
2023-12-01 10:00:00,30.17,13.1,61.5,1.7,13.51,9.79,5.88
2023-12-01 11:00:00,35.92,13.1,68.2,3.3,16.06,12.83,7.9
2023-12-01 12:00:00,32.71,15.7,63.0,3.3,15.09,11.43,6.26
2023-12-01 13:00:00,35.97,15.7,62.0,4.6,16.01,12.07,7.06
2023-12-01 14:00:00,31.98,14.3,67.1,5.7,14.01,11.03,6.02
2023-12-01 15:00:00,33.03,14.4,71.2,2.6,14.83,11.84,6.25
2023-12-01 16:00:00,29.05,15.6,65.5,0.9,13.52,10.77,5.89
2023-12-01 17:00:00,24.74,15.5,72.4,0.9,11.1,8.18,5.43
2023-12-01 18:00:00,20.96,12.6,76.6,6.1,9.48,7.76,3.89
2023-12-01 19:00:00,27.74,11.8,77.5,3.5,12.19,9.53,5.47
2023-12-01 20:00:00,21.64,11.6,69.8,2.3,9.68,6.59,4.45
2023-12-01 21:00:00,25.76,9.0,70.8,0.8,12.17,10.28,5.0
2023-12-01 22:00:00,32.81,7.6,74.7,3.7,14.28,12.52,6.67
2023-12-01 23:00:00,41.4,5.9,82.5,1.6,18.36,14.24,8.43
2023-12-02 00:00:00,27.61,5.0,83.4,3.1,13.25,9.8,5.37
2023-12-02 01:00:00,26.91,9.6,59.5,3.6,12.17,10.23,5.42
2023-12-02 02:00:00,21.7,5.2,79.3,2.2,9.02,7.19,4.67
2023-12-02 03:00:00,24.86,7.7,63.0,2.0,12.25,9.1,4.85
2023-12-02 04:00:00,22.06,8.6,73.5,0.6,9.42,8.35,4.29
2023-12-02 05:00:00,19.59,6.6,73.4,4.0,7.47,7.65,3.94
2023-12-02 06:00:00,15.29,8.5,69.6,2.0,6.57,5.38,3.25
2023-12-02 07:00:00,15.85,9.3,77.1,6.2,6.59,4.5,3.41
2023-12-02 08:00:00,16.45,8.0,71.1,4.1,7.76,6.64,2.78
2023-12-02 09:00:00,22.7,9.4,72.7,3.8,10.91,7.71,4.83
2023-12-02 10:00:00,22.6,13.0,63.7,3.6,10.14,7.14,4.26
2023-12-02 11:00:00,24.42,13.3,68.4,2.1,11.21,8.05,4.72
2023-12-02 12:00:00,27.06,17.6,67.7,7.9,12.23,7.96,5.18
2023-12-02 13:00:00,26.14,14.9,61.7,7.8,12.41,9.22,5.07
2023-12-02 14:00:00,23.96,18.4,65.2,2.6,10.64,8.15,4.86
2023-12-02 15:00:00,23.66,14.6,66.8,5.2,9.86,8.18,5.12
2023-12-02 16:00:00,19.88,17.6,63.1,1.5,8.86,7.13,4.7
2023-12-02 17:00:00,16.9,14.7,64.6,5.2,6.2,5.39,3.13
2023-12-02 18:00:00,17.33,13.8,71.3,2.5,7.43,6.07,3.08
2023-12-02 19:00:00,34.83,11.0,74.2,2.5,15.29,11.9,6.83
2023-12-02 20:00:00,19.94,11.3,69.8,3.6,8.34,7.79,4.16
2023-12-02 21:00:00,22.87,11.7,71.0,3.0,10.8,7.65,4.43
2023-12-02 22:00:00,21.55,7.7,78.4,1.5,9.54,6.09,4.87
2023-12-02 23:00:00,29.85,6.4,79.0,4.0,13.67,11.54,5.28
2023-12-03 00:00:00,26.01,5.6,75.7,2.1,11.6,9.84,5.25
2023-12-03 01:00:00,27.69,7.9,80.3,3.3,12.56,10.15,5.39
2023-12-03 02:00:00,28.31,6.6,80.4,2.2,12.23,10.32,5.34
2023-12-03 03:00:00,44.83,7.7,85.4,5.9,20.14,15.85,9.03
2023-12-03 04:00:00,19.86,6.5,68.4,2.7,9.7,6.44,3.54
2023-12-03 05:00:00,16.81,6.8,79.3,6.3,6.94,6.19,3.6
2023-12-03 06:00:00,19.33,8.5,79.6,2.7,9.63,5.92,4.37
2023-12-03 07:00:00,19.41,10.6,76.3,1.9,9.41,6.41,4.47
2023-12-03 08:00:00,18.23,10.0,70.8,3.9,8.06,5.65,3.62
2023-12-03 09:00:00,20.6,13.7,60.8,3.8,9.59,6.21,4.22
2023-12-03 10:00:00,20.22,13.4,75.7,4.2,9.27,6.82,4.25
2023-12-03 11:00:00,27.85,10.2,69.3,2.5,11.95,9.14,5.74
2023-12-03 12:00:00,28.01,16.0,63.3,2.6,12.74,10.33,5.67
2023-12-03 13:00:00,30.3,13.2,78.4,2.2,13.6,10.8,6.46
2023-12-03 14:00:00,26.3,16.6,57.7,6.9,11.54,8.84,5.0
2023-12-03 15:00:00,25.93,16.5,68.3,4.5,12.07,8.76,5.21
2023-12-03 16:00:00,18.04,15.1,62.1,5.0,7.74,7.14,3.3
2023-12-03 17:00:00,20.56,14.7,62.5,2.0,8.96,6.58,4.63
2023-12-03 18:00:00,15.64,14.5,67.5,4.4,6.37,4.69,3.0
2023-12-03 19:00:00,19.66,10.9,74.3,5.1,8.63,7.1,3.61
2023-12-03 20:00:00,16.13,11.5,74.9,2.7,8.05,5.7,3.04
2023-12-03 21:00:00,23.18,10.8,76.5,1.8,10.05,8.36,4.37
2023-12-03 22:00:00,20.44,10.5,67.9,4.6,9.64,6.46,3.98
2023-12-03 23:00:00,26.79,5.1,72.1,4.1,11.97,9.12,5.33
2023-12-04 00:00:00,38.17,6.5,74.5,3.9,17.23,12.66,6.97
2023-12-04 01:00:00,34.76,3.9,81.0,1.9,14.76,12.76,6.98
2023-12-04 02:00:00,30.69,3.7,78.5,2.3,14.27,10.24,5.9
2023-12-04 03:00:00,31.68,5.9,58.7,4.2,13.99,10.93,5.55
2023-12-04 04:00:00,46.0,6.0,67.7,4.1,20.76,16.37,9.28
2023-12-04 05:00:00,21.85,8.4,72.7,3.8,10.01,7.95,4.56
2023-12-04 06:00:00,22.17,7.2,79.7,5.1,10.3,7.1,4.49
2023-12-04 07:00:00,29.66,8.7,69.0,5.5,13.15,11.14,5.69
2023-12-04 08:00:00,28.7,10.5,75.0,2.4,11.86,10.0,5.62
2023-12-04 09:00:00,32.47,10.2,64.3,1.8,15.32,11.5,6.23
2023-12-04 10:00:00,34.4,11.6,71.3,2.0,16.24,11.52,7.13
2023-12-04 11:00:00,36.48,15.4,66.8,2.4,15.91,12.94,7.01
2023-12-04 12:00:00,31.08,13.7,69.9,7.3,14.19,10.65,6.5
2023-12-04 13:00:00,34.36,16.8,58.8,1.6,15.36,12.1,7.37
2023-12-04 14:00:00,57.81,16.1,56.9,6.2,26.73,19.54,11.62
2023-12-04 15:00:00,24.88,12.7,72.4,2.0,11.05,7.97,5.21
2023-12-04 16:00:00,22.92,15.3,58.0,2.8,9.93,7.35,4.52
2023-12-04 17:00:00,18.12,14.5,62.7,1.6,7.6,6.56,3.74
2023-12-04 18:00:00,21.97,13.3,75.0,1.4,9.93,7.87,4.51
2023-12-04 19:00:00,25.12,11.3,71.3,1.3,11.28,9.74,5.13
2023-12-04 20:00:00,28.58,8.8,75.3,2.7,13.87,10.58,6.12
2023-12-04 21:00:00,30.6,10.9,74.0,3.7,12.9,10.37,6.77
2023-12-04 22:00:00,30.91,7.5,77.9,2.0,13.4,11.25,6.1
2023-12-04 23:00:00,31.23,5.3,77.5,7.0,13.44,11.04,6.34
2023-12-05 00:00:00,32.77,6.4,71.8,4.0,13.96,10.48,6.03
2023-12-05 01:00:00,32.99,4.1,92.5,6.2,14.32,11.65,6.41
2023-12-05 02:00:00,31.19,3.7,78.1,1.7,14.48,10.92,6.32
2023-12-05 03:00:00,29.27,4.7,80.0,1.7,11.77,10.21,5.8
2023-12-05 04:00:00,23.38,4.8,80.5,5.8,10.47,8.2,5.16
2023-12-05 05:00:00,24.02,5.2,75.1,3.9,11.61,8.46,4.73
2023-12-05 06:00:00,21.59,8.8,71.3,7.1,9.67,7.1,4.67
2023-12-05 07:00:00,23.2,8.6,81.1,1.7,10.09,8.61,4.36
2023-12-05 08:00:00,28.77,12.0,66.0,0.7,12.81,9.21,5.97
2023-12-05 09:00:00,26.72,10.1,73.9,6.7,11.85,9.18,5.53
2023-12-05 10:00:00,34.46,10.0,76.5,4.6,15.87,12.5,6.39
2023-12-05 11:00:00,36.13,13.8,66.3,5.4,16.0,12.96,7.1
2023-12-05 12:00:00,36.33,17.2,62.9,2.5,15.96,12.84,7.75
2023-12-05 13:00:00,38.37,15.7,69.9,0.5,16.97,12.88,7.85
2023-12-05 14:00:00,35.61,19.9,59.4,3.4,17.28,12.44,7.49
2023-12-05 15:00:00,27.3,15.4,55.1,9.1,12.4,9.89,5.12
2023-12-05 16:00:00,25.46,14.8,73.8,6.5,12.35,8.83,4.81
2023-12-05 17:00:00,23.87,10.4,66.7,1.2,11.67,8.09,4.57
2023-12-05 18:00:00,21.48,13.2,69.2,1.9,9.74,7.56,4.59
2023-12-05 19:00:00,4.93,11.6,63.5,2.6,2.37,1.42,1.19
2023-12-05 20:00:00,26.62,9.5,70.1,5.7,11.99,9.61,5.06
2023-12-05 21:00:00,34.25,8.6,71.5,5.6,15.88,11.77,6.89
2023-12-05 22:00:00,29.59,7.5,75.9,1.9,13.62,10.57,6.27
2023-12-05 23:00:00,35.86,6.3,72.1,3.7,16.4,12.25,7.51
2023-12-06 00:00:00,35.0,8.8,83.4,3.5,15.7,12.2,7.04
2023-12-06 01:00:00,37.77,4.6,78.6,3.1,15.99,13.03,7.72
2023-12-06 02:00:00,29.48,5.2,82.1,3.7,12.93,10.18,6.08
2023-12-06 03:00:00,30.63,4.5,78.5,2.5,13.7,10.84,5.78
2023-12-06 04:00:00,24.44,6.8,80.8,3.7,11.29,9.14,4.72
2023-12-06 05:00:00,21.44,6.7,65.5,4.6,10.08,7.68,4.93
2023-12-06 06:00:00,18.65,7.0,72.0,1.1,7.37,6.83,4.27
2023-12-06 07:00:00,22.11,5.8,74.4,7.8,9.73,7.45,4.39
2023-12-06 08:00:00,28.73,10.3,68.9,1.8,13.38,9.64,5.58
2023-12-06 09:00:00,29.71,10.8,73.6,2.8,13.19,9.58,5.61
2023-12-06 10:00:00,7.02,12.4,72.1,3.4,3.33,2.81,2.3
2023-12-06 11:00:00,40.43,11.7,69.6,0.9,18.1,14.42,8.08
2023-12-06 12:00:00,37.93,16.4,64.0,3.8,16.43,12.77,7.87
2023-12-06 13:00:00,34.87,16.1,76.9,6.1,15.63,11.85,6.97
2023-12-06 14:00:00,34.69,17.1,65.1,6.5,14.75,13.15,7.24
2023-12-06 15:00:00,28.41,16.5,53.1,2.7,13.44,10.73,5.33
2023-12-06 16:00:00,24.76,15.2,69.6,3.8,11.03,8.73,4.83
2023-12-06 17:00:00,19.47,11.8,72.6,5.2,8.96,6.4,4.05
2023-12-06 18:00:00,24.58,15.2,71.5,2.3,10.19,8.22,5.35
2023-12-06 19:00:00,22.31,9.9,75.1,3.7,9.81,7.94,4.38
2023-12-06 20:00:00,26.47,9.6,68.0,2.9,11.6,9.27,5.27
2023-12-06 21:00:00,27.18,9.7,76.8,2.9,12.04,10.19,5.8
2023-12-06 22:00:00,6.92,8.6,74.2,1.3,2.77,2.65,1.69
2023-12-06 23:00:00,34.36,7.3,80.5,3.1,15.85,13.26,6.91
2023-12-07 00:00:00,37.02,4.9,85.8,1.8,16.68,12.01,7.17
2023-12-07 01:00:00,38.56,4.1,78.5,2.5,17.4,13.41,8.18
2023-12-07 02:00:00,64.08,8.7,78.0,2.7,28.83,23.13,12.47
2023-12-07 03:00:00,29.82,5.0,83.2,3.2,14.18,9.99,6.36
2023-12-07 04:00:00,21.7,5.3,78.5,6.7,8.91,8.25,4.09
2023-12-07 05:00:00,30.86,5.3,87.5,4.2,13.93,11.61,6.05
2023-12-07 06:00:00,26.74,7.7,80.0,8.1,12.25,9.44,5.16
2023-12-07 07:00:00,25.18,8.9,70.4,4.0,11.6,9.51,5.36
2023-12-07 08:00:00,24.24,9.8,73.5,5.4,9.73,8.87,5.01
2023-12-07 09:00:00,29.59,11.7,74.2,5.7,12.84,9.54,5.83
2023-12-07 10:00:00,32.26,15.0,75.6,4.9,14.57,11.48,6.91
2023-12-07 11:00:00,39.53,12.5,72.1,4.5,18.13,13.97,7.7
2023-12-07 12:00:00,38.03,14.3,68.3,3.1,15.89,12.19,7.09
2023-12-07 13:00:00,34.41,13.7,73.9,3.9,15.19,11.99,6.58
2023-12-07 14:00:00,32.45,15.3,64.5,2.0,15.01,11.23,6.45
2023-12-07 15:00:00,32.68,13.8,62.4,4.2,15.18,12.0,6.34
2023-12-07 16:00:00,30.12,13.4,71.4,3.6,13.93,10.51,5.83
2023-12-07 17:00:00,27.2,11.2,68.7,5.4,12.37,9.77,5.44
2023-12-07 18:00:00,24.27,12.5,82.6,6.5,11.31,7.85,4.32
2023-12-07 19:00:00,22.75,11.8,71.1,1.6,10.71,7.51,4.69
2023-12-07 20:00:00,18.02,12.6,72.4,4.6,8.64,6.48,3.51
2023-12-07 21:00:00,30.62,9.3,69.7,7.3,14.56,10.81,6.28
2023-12-07 22:00:00,33.62,6.7,82.3,6.7,15.18,11.57,6.49
2023-12-07 23:00:00,36.72,4.3,78.7,5.7,17.18,12.78,7.45
2023-12-08 00:00:00,37.61,3.6,79.1,0.9,16.83,13.72,7.89
2023-12-08 01:00:00,33.16,3.0,79.9,2.3,14.89,11.11,6.85
2023-12-08 02:00:00,35.12,7.6,68.5,1.7,16.65,12.07,6.52
2023-12-08 03:00:00,31.56,5.4,76.3,6.9,15.32,11.92,6.79
2023-12-08 04:00:00,27.93,4.5,81.3,5.0,12.68,9.64,5.66
2023-12-08 05:00:00,25.85,4.8,70.5,3.7,11.96,8.96,4.99
2023-12-08 06:00:00,23.99,6.0,82.0,8.4,9.83,8.16,4.61
2023-12-08 07:00:00,22.46,7.5,73.6,2.0,9.96,8.44,4.54
2023-12-08 08:00:00,26.05,11.7,71.2,4.3,12.04,9.47,4.97
2023-12-08 09:00:00,30.21,11.0,59.6,4.1,13.53,11.7,6.03
2023-12-08 10:00:00,34.0,10.1,73.0,2.7,15.33,11.75,7.33
2023-12-08 11:00:00,38.97,16.7,58.7,3.5,17.61,13.93,7.24
2023-12-08 12:00:00,39.09,12.4,67.4,2.2,18.03,13.82,7.95
2023-12-08 13:00:00,41.67,13.7,59.7,4.5,17.96,15.15,8.66
2023-12-08 14:00:00,39.24,16.7,59.5,3.1,18.5,12.99,7.8
2023-12-08 15:00:00,30.18,15.2,64.9,0.7,14.07,9.97,6.1
2023-12-08 16:00:00,16.64,13.4,66.6,7.4,7.61,4.97,3.4
2023-12-08 17:00:00,26.58,11.4,74.7,3.5,11.96,9.48,5.51
2023-12-08 18:00:00,21.13,10.8,61.7,4.7,8.9,7.37,4.32
2023-12-08 19:00:00,21.48,9.7,72.1,2.0,9.7,7.36,4.57
2023-12-08 20:00:00,25.23,9.8,71.8,1.6,10.64,8.95,5.26
2023-12-08 21:00:00,28.86,8.7,71.2,6.5,13.74,10.25,6.02
2023-12-08 22:00:00,35.26,7.0,71.0,4.0,16.29,12.47,7.1
2023-12-08 23:00:00,32.57,6.2,82.1,3.5,14.85,11.72,6.21
2023-12-09 00:00:00,26.14,3.7,89.8,3.6,11.15,9.13,4.79
2023-12-09 01:00:00,52.09,5.3,69.1,2.2,22.79,17.91,10.56
2023-12-09 02:00:00,27.58,6.6,71.5,6.6,11.86,9.6,5.42
2023-12-09 03:00:00,44.66,4.6,73.5,2.1,20.0,15.83,8.82
2023-12-09 04:00:00,18.43,5.0,76.5,1.8,9.0,6.68,3.73
2023-12-09 05:00:00,36.55,6.2,82.8,6.9,16.81,12.44,7.11
2023-12-09 06:00:00,16.32,8.8,76.1,2.3,7.63,5.5,3.17
2023-12-09 07:00:00,18.94,7.0,74.8,6.0,8.4,6.36,4.09
2023-12-09 08:00:00,24.11,11.8,69.9,5.2,10.78,8.57,4.74
2023-12-09 09:00:00,18.09,11.6,68.5,2.9,8.41,6.07,3.46
2023-12-09 10:00:00,25.47,12.2,73.1,2.3,11.47,9.21,5.07
2023-12-09 11:00:00,24.75,15.0,70.3,5.1,11.24,8.4,5.31
2023-12-09 12:00:00,24.7,12.2,72.3,4.0,10.41,7.93,4.65
2023-12-09 13:00:00,30.5,15.3,54.7,2.3,14.6,11.45,6.61
2023-12-09 14:00:00,27.38,15.3,65.7,6.3,11.68,9.28,5.43
2023-12-09 15:00:00,24.33,13.1,67.4,4.8,11.07,8.74,5.1
2023-12-09 16:00:00,22.7,14.7,71.4,6.6,10.2,7.72,4.72
2023-12-09 17:00:00,17.14,13.6,68.9,3.2,8.06,5.83,3.61
2023-12-09 18:00:00,16.5,11.9,72.5,1.6,7.78,5.75,3.62
2023-12-09 19:00:00,23.8,12.2,66.8,6.8,11.36,8.7,4.52
2023-12-09 20:00:00,19.78,8.8,78.2,4.1,8.58,6.28,4.01
2023-12-09 21:00:00,25.05,8.8,79.7,4.1,11.85,9.87,5.12
2023-12-09 22:00:00,26.04,6.9,67.5,4.0,11.75,9.09,5.11
2023-12-09 23:00:00,23.46,5.2,71.3,3.4,10.89,8.6,4.73
2023-12-10 00:00:00,23.83,6.0,80.7,2.3,11.28,8.07,5.14
2023-12-10 01:00:00,26.74,4.4,77.9,4.1,12.25,9.65,5.16
2023-12-10 02:00:00,28.77,2.3,86.3,4.8,12.19,9.93,6.02
2023-12-10 03:00:00,25.29,2.0,82.8,6.7,11.51,8.88,5.04
2023-12-10 04:00:00,22.79,6.4,79.8,1.2,10.67,8.51,4.48
2023-12-10 05:00:00,15.98,4.2,75.3,2.3,7.25,4.74,3.11
2023-12-10 06:00:00,21.73,7.5,76.7,5.2,10.41,7.49,4.11
2023-12-10 07:00:00,16.03,8.3,75.7,5.2,7.35,5.14,3.32
2023-12-10 08:00:00,21.04,9.0,69.8,2.1,10.04,7.88,3.56
2023-12-10 09:00:00,23.29,13.8,72.5,1.9,10.44,8.09,4.49
2023-12-10 10:00:00,25.69,12.3,59.8,2.9,12.15,9.74,5.14
2023-12-10 11:00:00,31.53,14.2,68.0,1.1,13.97,12.14,6.0
2023-12-10 12:00:00,27.18,14.3,60.4,4.9,12.31,8.85,5.47
2023-12-10 13:00:00,24.81,14.0,62.1,4.5,10.62,7.91,5.05
2023-12-10 14:00:00,26.18,14.5,71.5,5.9,11.69,8.56,5.28
2023-12-10 15:00:00,22.32,16.6,58.6,3.2,10.16,7.92,4.46
2023-12-10 16:00:00,28.95,15.5,59.7,4.3,12.26,10.51,5.81
2023-12-10 17:00:00,20.14,16.0,67.7,7.4,9.76,5.44,4.17
2023-12-10 18:00:00,16.67,12.4,63.6,7.6,7.6,6.26,3.97
2023-12-10 19:00:00,15.81,9.5,77.7,1.2,7.45,6.36,3.13
2023-12-10 20:00:00,15.8,8.9,76.6,0.5,7.09,5.71,2.77
2023-12-10 21:00:00,20.75,6.5,72.4,7.6,9.09,6.26,4.16
2023-12-10 22:00:00,26.42,8.2,79.1,3.7,10.88,9.56,5.49
2023-12-10 23:00:00,31.76,5.1,68.2,4.7,14.63,10.87,6.46
2023-12-11 00:00:00,40.6,0.5,85.7,6.6,18.86,13.83,8.52
2023-12-11 01:00:00,37.37,8.3,67.8,3.2,16.85,13.33,7.24
2023-12-11 02:00:00,33.24,3.6,77.1,3.2,14.32,12.21,6.64
2023-12-11 03:00:00,30.97,3.7,77.2,1.8,14.49,10.43,5.91
2023-12-11 04:00:00,5.05,7.6,81.3,6.5,2.87,1.94,1.33
2023-12-11 05:00:00,28.1,4.1,76.6,4.3,12.8,10.75,5.67
2023-12-11 06:00:00,22.33,8.6,73.2,1.9,10.36,7.92,3.87
2023-12-11 07:00:00,23.59,7.3,73.1,3.8,11.34,7.32,4.46
2023-12-11 08:00:00,21.01,7.5,70.1,2.7,9.77,8.06,4.18
2023-12-11 09:00:00,29.81,13.3,62.9,1.7,13.82,10.49,5.39
2023-12-11 10:00:00,36.14,13.3,69.6,1.9,17.07,12.73,6.86
2023-12-11 11:00:00,34.13,14.4,66.6,3.8,15.55,12.53,6.35
2023-12-11 12:00:00,35.92,14.3,70.6,3.9,15.62,13.01,7.2
2023-12-11 13:00:00,38.78,15.2,64.6,5.3,18.81,13.61,7.86
2023-12-11 14:00:00,54.65,12.6,67.8,2.3,25.23,19.63,10.64
2023-12-11 15:00:00,32.94,14.4,70.5,6.7,15.4,11.92,6.49
2023-12-11 16:00:00,25.22,12.4,67.3,3.6,11.14,8.35,5.37
2023-12-11 17:00:00,22.83,10.9,63.7,2.0,10.38,7.92,4.35
2023-12-11 18:00:00,19.99,12.6,73.2,3.1,8.3,7.9,3.55
2023-12-11 19:00:00,24.75,12.5,65.6,6.8,10.96,8.08,4.71
2023-12-11 20:00:00,32.7,8.9,73.7,3.4,14.56,12.24,6.66
2023-12-11 21:00:00,32.25,7.8,71.5,6.1,14.3,11.73,6.64
2023-12-11 22:00:00,73.35,5.2,72.9,1.8,32.27,25.46,15.01
2023-12-11 23:00:00,39.63,5.9,67.4,6.6,17.16,13.58,7.34
2023-12-12 00:00:00,37.12,6.2,78.3,3.2,17.04,12.53,7.62
2023-12-12 01:00:00,40.34,5.7,60.2,7.0,18.34,14.41,7.75
2023-12-12 02:00:00,36.18,5.2,84.3,6.0,16.9,12.99,7.54
2023-12-12 03:00:00,23.05,3.6,84.9,4.4,9.94,7.53,4.68
2023-12-12 04:00:00,24.15,4.0,74.6,4.5,11.1,7.98,4.73
2023-12-12 05:00:00,26.28,7.0,83.5,2.1,11.79,9.71,5.03
2023-12-12 06:00:00,23.29,8.1,84.6,4.1,10.5,8.74,4.01
2023-12-12 07:00:00,21.35,7.8,73.3,3.8,9.26,7.65,4.09
2023-12-12 08:00:00,25.08,8.7,75.6,2.7,10.37,8.62,4.89
2023-12-12 09:00:00,25.64,12.4,69.8,3.6,11.6,8.5,5.4
2023-12-12 10:00:00,33.94,11.3,78.0,6.9,14.83,11.65,6.84
2023-12-12 11:00:00,42.43,14.0,60.2,0.5,18.66,14.97,8.44
2023-12-12 12:00:00,39.92,13.5,66.7,3.1,17.77,13.83,8.99
2023-12-12 13:00:00,42.38,12.6,73.5,2.7,19.38,14.32,8.23
2023-12-12 14:00:00,36.37,16.8,68.0,7.6,15.54,12.72,7.46
2023-12-12 15:00:00,32.98,14.4,66.6,8.1,14.76,11.47,7.25
2023-12-12 16:00:00,31.59,12.6,75.8,4.0,13.45,11.83,6.42
2023-12-12 17:00:00,24.86,10.8,72.2,3.8,11.64,8.3,4.96
2023-12-12 18:00:00,22.44,9.9,72.7,6.5,10.88,7.79,4.55
2023-12-12 19:00:00,26.5,10.1,75.4,0.5,12.31,8.84,5.35
2023-12-12 20:00:00,30.29,12.2,69.0,3.9,14.16,10.49,5.82
2023-12-12 21:00:00,29.21,7.2,75.6,0.7,14.5,10.04,6.29
2023-12-12 22:00:00,32.36,9.0,69.2,7.9,13.49,11.52,6.74
2023-12-12 23:00:00,37.25,5.6,91.9,2.6,16.88,12.76,7.38
2023-12-13 00:00:00,40.1,3.1,77.9,3.6,17.98,14.22,7.94
2023-12-13 01:00:00,39.01,3.7,83.2,3.1,17.77,14.13,7.85
2023-12-13 02:00:00,30.71,2.3,90.7,6.4,13.55,10.47,6.31
2023-12-13 03:00:00,35.3,3.1,73.5,12.4,16.02,12.18,7.34
2023-12-13 04:00:00,25.17,3.6,82.7,1.1,11.65,8.23,4.91
2023-12-13 05:00:00,23.36,2.9,80.7,4.9,10.77,8.25,4.37
2023-12-13 06:00:00,20.76,9.0,82.2,2.9,8.59,7.37,4.17
2023-12-13 07:00:00,30.77,8.3,69.5,1.6,14.29,10.16,6.34
2023-12-13 08:00:00,27.37,8.2,70.4,3.1,12.0,9.85,5.62
2023-12-13 09:00:00,28.39,10.9,70.7,10.6,12.53,9.7,5.52
2023-12-13 10:00:00,36.43,10.5,68.9,2.8,16.11,12.17,7.17
2023-12-13 11:00:00,38.94,8.8,71.2,2.4,17.83,13.75,7.63
2023-12-13 12:00:00,86.37,18.0,72.5,5.8,38.1,30.24,17.35
2023-12-13 13:00:00,39.12,14.4,67.4,6.0,18.22,13.93,7.16
2023-12-13 14:00:00,32.21,13.4,64.0,2.7,15.6,10.88,6.7
2023-12-13 15:00:00,29.29,11.2,68.6,2.5,13.12,9.88,5.7
2023-12-13 16:00:00,21.74,11.3,72.4,4.3,9.21,7.7,3.74
2023-12-13 17:00:00,20.71,15.3,67.4,2.0,8.46,6.72,4.21
2023-12-13 18:00:00,27.54,14.0,64.3,3.4,12.32,10.26,5.47
2023-12-13 19:00:00,28.13,11.7,61.9,1.7,12.41,10.77,5.11
2023-12-13 20:00:00,26.93,7.6,74.7,2.6,12.53,8.26,5.26
2023-12-13 21:00:00,34.68,10.2,71.3,2.5,16.14,12.62,7.31
2023-12-13 22:00:00,33.87,7.4,71.9,4.6,14.55,11.33,6.57
2023-12-13 23:00:00,36.41,6.7,82.4,2.4,16.27,13.02,7.32
2023-12-14 00:00:00,38.27,5.5,80.3,6.4,16.82,13.17,8.21
2023-12-14 01:00:00,36.81,2.1,82.2,8.6,16.7,13.15,7.59
2023-12-14 02:00:00,33.84,2.4,79.4,1.2,13.99,11.66,7.17
2023-12-14 03:00:00,33.49,3.6,88.4,3.0,14.34,11.69,6.83
2023-12-14 04:00:00,27.26,5.8,71.3,2.5,12.01,8.63,5.16
2023-12-14 05:00:00,25.92,3.6,77.3,2.8,11.98,10.38,5.2
2023-12-14 06:00:00,25.71,6.4,74.1,2.4,11.23,8.39,5.25
2023-12-14 07:00:00,25.11,7.6,76.4,2.9,11.79,8.6,4.86
2023-12-14 08:00:00,24.45,10.3,74.9,1.7,10.41,9.05,4.74
2023-12-14 09:00:00,27.25,11.5,63.6,2.4,12.18,10.58,5.63
2023-12-14 10:00:00,34.75,10.1,68.4,5.0,15.26,13.03,6.68
2023-12-14 11:00:00,36.7,14.9,68.4,2.8,17.07,11.79,7.22
2023-12-14 12:00:00,38.35,11.7,66.6,2.0,18.01,13.88,7.78
2023-12-14 13:00:00,37.09,15.6,63.2,1.4,17.12,13.17,6.97
2023-12-14 14:00:00,40.84,13.3,68.9,2.8,19.06,14.66,7.89
2023-12-14 15:00:00,27.3,14.2,62.0,4.3,12.22,9.19,5.51
2023-12-14 16:00:00,21.91,13.8,68.8,2.3,9.41,7.96,4.88
2023-12-14 17:00:00,24.97,13.0,71.5,3.1,11.01,9.11,4.74
2023-12-14 18:00:00,22.19,12.7,69.0,7.4,9.4,7.92,4.34
2023-12-14 19:00:00,24.93,11.0,77.9,3.8,11.4,9.36,4.9
2023-12-14 20:00:00,28.34,10.3,75.2,3.7,12.52,9.71,6.4
2023-12-14 21:00:00,33.84,8.6,73.5,3.1,14.73,12.16,6.9
2023-12-14 22:00:00,30.61,4.8,76.7,3.8,13.79,10.47,6.11
2023-12-14 23:00:00,35.73,6.0,85.5,8.7,15.05,12.66,7.17
2023-12-15 00:00:00,39.31,3.9,76.0,2.3,17.82,13.51,7.7
2023-12-15 01:00:00,39.16,2.6,79.5,7.2,16.77,13.79,7.69
2023-12-15 02:00:00,39.97,3.6,77.6,1.7,17.99,14.51,8.15
2023-12-15 03:00:00,33.13,4.5,80.6,1.5,15.02,11.66,7.03
2023-12-15 04:00:00,26.85,5.1,89.1,4.4,11.54,8.81,5.39
2023-12-15 05:00:00,22.02,7.1,76.7,2.3,9.73,7.48,5.2
2023-12-15 06:00:00,21.83,8.5,72.1,3.3,9.88,8.09,4.32
2023-12-15 07:00:00,22.76,8.3,75.0,4.9,9.7,8.2,4.55
2023-12-15 08:00:00,28.63,9.8,65.6,3.7,13.18,10.34,5.65
2023-12-15 09:00:00,31.38,10.5,70.4,0.5,14.95,10.11,6.02
2023-12-15 10:00:00,31.18,12.7,77.3,2.6,14.0,10.36,6.22
2023-12-15 11:00:00,36.15,13.3,71.3,1.1,16.78,13.45,7.46
2023-12-15 12:00:00,40.44,13.3,74.2,6.8,18.33,14.93,7.82
2023-12-15 13:00:00,38.12,17.1,68.5,5.3,17.03,13.64,8.09
2023-12-15 14:00:00,35.91,13.3,64.6,8.6,16.17,13.11,7.54
2023-12-15 15:00:00,31.7,16.1,74.3,6.2,14.15,10.21,6.68
2023-12-15 16:00:00,31.06,11.4,61.5,3.4,14.11,11.13,6.44
2023-12-15 17:00:00,24.84,13.8,69.1,6.2,11.3,7.55,4.83
2023-12-15 18:00:00,22.28,13.7,57.2,4.5,10.57,8.44,4.47
2023-12-15 19:00:00,21.96,7.5,66.4,3.7,9.6,8.17,4.77
2023-12-15 20:00:00,27.62,9.3,77.5,2.9,12.15,9.21,5.56
2023-12-15 21:00:00,24.64,8.9,69.9,4.5,11.58,8.51,4.58
2023-12-15 22:00:00,34.03,7.0,81.9,4.0,15.34,12.41,6.88
2023-12-15 23:00:00,36.72,6.1,65.8,4.1,16.46,12.62,7.34
2023-12-16 00:00:00,26.19,4.9,77.7,3.0,10.58,8.54,4.8
2023-12-16 01:00:00,26.53,2.5,74.9,4.9,12.72,10.37,5.48
2023-12-16 02:00:00,66.27,7.5,73.3,1.2,29.56,23.7,13.28
2023-12-16 03:00:00,24.55,3.4,87.7,4.8,11.19,8.86,4.85
2023-12-16 04:00:00,21.42,5.3,86.6,4.9,9.38,7.67,3.8
2023-12-16 05:00:00,19.87,4.5,81.2,3.6,9.29,7.26,4.32
2023-12-16 06:00:00,18.58,3.1,72.3,2.3,8.83,6.45,3.45
2023-12-16 07:00:00,22.21,6.3,70.4,3.6,9.5,7.69,5.15
2023-12-16 08:00:00,21.47,6.8,76.6,1.5,10.46,7.55,4.55
2023-12-16 09:00:00,20.33,11.9,65.7,2.5,8.41,7.61,4.47
2023-12-16 10:00:00,30.87,10.6,74.6,3.1,13.85,10.75,6.21
2023-12-16 11:00:00,29.78,11.8,78.3,4.5,12.9,10.59,6.06
2023-12-16 12:00:00,28.13,11.7,65.0,1.9,12.99,10.0,5.53
2023-12-16 13:00:00,25.72,14.0,62.8,1.8,12.37,8.96,5.22
2023-12-16 14:00:00,27.78,12.9,62.6,4.1,12.69,9.56,5.27
2023-12-16 15:00:00,23.68,15.3,64.4,4.5,10.37,8.28,4.0
2023-12-16 16:00:00,25.1,13.8,67.7,1.3,10.89,9.64,4.99
2023-12-16 17:00:00,18.24,11.7,70.1,0.8,9.2,6.56,3.14
2023-12-16 18:00:00,16.26,12.8,73.2,1.7,6.91,6.74,3.31
2023-12-16 19:00:00,21.35,10.3,73.6,6.5,9.12,7.77,4.13
2023-12-16 20:00:00,23.48,9.0,72.9,4.5,10.3,7.45,4.67
2023-12-16 21:00:00,24.4,5.5,77.6,6.8,10.74,8.58,4.74
2023-12-16 22:00:00,28.48,6.4,76.8,4.4,12.47,9.5,6.01
2023-12-16 23:00:00,28.76,5.9,76.6,7.8,12.53,10.85,5.5
2023-12-17 00:00:00,30.3,6.6,72.7,3.2,13.54,10.09,6.43
2023-12-17 01:00:00,31.87,3.0,74.4,4.1,14.41,11.17,6.43
2023-12-17 02:00:00,65.47,7.3,75.9,4.1,29.54,22.12,12.72
2023-12-17 03:00:00,23.67,4.9,75.6,0.5,9.72,8.46,4.57
2023-12-17 04:00:00,24.66,2.3,83.9,0.7,10.69,8.82,4.48
2023-12-17 05:00:00,13.31,4.1,79.4,1.7,5.82,5.27,2.25
2023-12-17 06:00:00,23.6,8.5,73.8,3.6,10.59,8.61,4.55
2023-12-17 07:00:00,14.95,9.5,77.5,3.2,6.81,4.93,3.13
2023-12-17 08:00:00,19.71,8.9,66.3,3.7,8.26,8.01,4.5
2023-12-17 09:00:00,23.99,10.4,80.3,5.4,10.73,8.31,4.89
2023-12-17 10:00:00,26.54,9.7,61.5,5.6,12.86,8.01,5.25
2023-12-17 11:00:00,31.48,14.4,73.9,8.2,13.87,10.84,6.09
2023-12-17 12:00:00,27.07,11.8,70.9,3.8,11.4,9.69,4.65
2023-12-17 13:00:00,29.61,15.0,63.4,2.8,13.91,10.58,5.7
2023-12-17 14:00:00,25.46,15.9,57.5,2.6,11.43,9.52,5.07
2023-12-17 15:00:00,57.1,13.8,64.4,2.7,25.41,19.48,11.61
2023-12-17 16:00:00,21.12,14.7,65.6,2.7,10.24,7.76,4.46
2023-12-17 17:00:00,19.45,15.2,66.7,3.0,7.16,6.65,3.71
2023-12-17 18:00:00,17.09,11.8,77.1,1.2,7.43,4.85,3.65
2023-12-17 19:00:00,17.94,9.9,72.4,4.3,7.21,6.53,4.24
2023-12-17 20:00:00,22.0,8.8,75.0,3.9,10.68,7.25,4.91
2023-12-17 21:00:00,26.45,6.5,78.0,3.3,11.59,9.21,5.81
2023-12-17 22:00:00,25.41,5.3,76.1,1.2,10.7,9.02,4.94
2023-12-17 23:00:00,26.79,6.0,75.8,1.3,11.21,8.19,5.01
2023-12-18 00:00:00,40.11,4.3,78.4,3.8,18.61,14.61,7.65
2023-12-18 01:00:00,37.49,4.5,81.7,0.8,17.87,12.77,7.65
2023-12-18 02:00:00,36.9,1.6,77.5,4.8,16.5,12.64,8.03
2023-12-18 03:00:00,28.81,3.9,76.8,9.6,12.98,10.25,5.7
2023-12-18 04:00:00,22.88,6.0,78.5,4.0,10.0,6.52,4.45
2023-12-18 05:00:00,23.25,3.6,74.3,4.8,10.93,8.64,5.15
2023-12-18 06:00:00,21.66,6.4,76.9,3.2,9.39,7.54,4.47
2023-12-18 07:00:00,24.38,4.8,75.6,4.5,10.5,9.36,5.03
2023-12-18 08:00:00,25.73,6.9,78.3,4.4,11.33,8.84,5.17
2023-12-18 09:00:00,32.93,11.3,77.3,5.6,15.15,10.54,6.8
2023-12-18 10:00:00,34.11,10.9,68.2,4.7,15.7,11.27,6.67
2023-12-18 11:00:00,37.95,15.1,69.7,5.0,16.41,13.23,7.51
2023-12-18 12:00:00,38.97,13.8,68.4,3.8,17.46,13.1,7.83
2023-12-18 13:00:00,38.06,14.5,64.7,3.5,15.83,12.42,8.05
2023-12-18 14:00:00,34.77,12.2,69.4,3.3,15.04,12.25,7.09
2023-12-18 15:00:00,32.35,13.1,74.8,3.0,14.37,11.06,7.05
2023-12-18 16:00:00,25.34,12.1,68.7,2.4,10.91,8.56,4.94
2023-12-18 17:00:00,28.08,10.8,77.6,0.8,12.64,9.27,5.71
2023-12-18 18:00:00,22.99,12.3,68.6,4.5,11.02,8.33,4.0
2023-12-18 19:00:00,21.3,11.4,63.2,6.5,9.73,7.08,4.45
2023-12-18 20:00:00,27.8,9.4,72.0,6.9,13.33,9.04,4.8
2023-12-18 21:00:00,28.95,6.3,69.0,4.0,12.8,10.25,6.14
2023-12-18 22:00:00,36.49,6.8,74.2,1.3,16.29,12.47,7.62
2023-12-18 23:00:00,43.1,2.4,79.3,6.2,19.76,14.75,8.47
2023-12-19 00:00:00,36.72,6.4,85.4,5.0,17.22,12.84,6.98
2023-12-19 01:00:00,38.52,2.0,89.7,2.3,17.61,13.77,7.44
2023-12-19 02:00:00,30.55,2.1,81.9,5.4,14.22,10.26,5.71
2023-12-19 03:00:00,32.32,4.1,85.1,3.4,14.46,11.32,6.35
2023-12-19 04:00:00,25.22,4.7,76.3,6.3,10.76,9.04,5.01
2023-12-19 05:00:00,23.13,5.1,70.7,2.3,10.8,8.7,4.53
2023-12-19 06:00:00,20.94,4.6,81.1,5.4,9.22,7.32,4.55
2023-12-19 07:00:00,61.01,9.2,74.8,4.7,27.43,20.95,12.29
2023-12-19 08:00:00,29.96,6.2,71.8,0.5,12.59,10.15,6.21
2023-12-19 09:00:00,31.25,7.8,70.1,3.9,15.13,11.91,6.23
2023-12-19 10:00:00,32.78,11.1,75.4,4.8,15.16,11.82,6.41
2023-12-19 11:00:00,41.66,10.4,63.1,1.7,19.45,14.64,8.11
2023-12-19 12:00:00,36.81,14.9,68.9,3.7,17.22,12.86,7.02
2023-12-19 13:00:00,32.28,11.8,68.2,2.6,14.57,10.72,6.85
2023-12-19 14:00:00,36.09,16.1,67.5,4.6,15.13,12.62,7.01
2023-12-19 15:00:00,28.43,15.1,70.8,3.7,12.81,9.86,5.71
2023-12-19 16:00:00,29.91,14.9,61.7,4.2,13.11,10.15,6.23
2023-12-19 17:00:00,23.74,15.1,60.2,1.2,11.38,7.96,4.7
2023-12-19 18:00:00,25.2,11.4,77.7,1.6,11.69,9.19,4.75
2023-12-19 19:00:00,28.2,8.5,73.5,3.8,12.86,9.48,5.51
2023-12-19 20:00:00,24.42,8.6,75.3,1.9,10.47,7.35,5.42
2023-12-19 21:00:00,29.77,6.6,80.6,3.5,12.93,10.5,6.17
2023-12-19 22:00:00,34.75,5.2,73.0,4.6,14.8,11.86,6.7
2023-12-19 23:00:00,74.75,5.4,82.0,5.5,33.1,26.34,15.14
2023-12-20 00:00:00,37.16,3.9,82.5,1.7,16.68,12.64,7.66
2023-12-20 01:00:00,36.31,2.7,88.1,4.9,15.91,12.32,7.87
2023-12-20 02:00:00,36.25,3.3,87.3,2.9,16.46,12.71,7.52
2023-12-20 03:00:00,29.86,4.7,78.7,4.5,13.8,10.62,6.14
2023-12-20 04:00:00,27.93,5.8,80.8,1.7,12.76,10.02,5.66
2023-12-20 05:00:00,20.93,2.7,80.9,3.6,10.4,7.09,4.26
2023-12-20 06:00:00,29.34,5.7,77.8,5.7,13.07,10.17,5.51
2023-12-20 07:00:00,21.44,7.2,69.7,1.4,10.27,8.51,3.82
2023-12-20 08:00:00,26.75,6.9,74.6,5.6,12.69,9.3,5.34
2023-12-20 09:00:00,31.22,9.8,63.3,3.3,13.34,11.61,6.51
2023-12-20 10:00:00,39.83,11.4,69.6,5.6,18.15,13.67,7.77
2023-12-20 11:00:00,34.48,13.0,75.0,7.6,16.36,12.38,6.65
2023-12-20 12:00:00,43.76,13.1,72.1,1.8,19.47,16.0,8.47
2023-12-20 13:00:00,39.69,12.2,69.9,4.5,17.37,14.59,7.97
2023-12-20 14:00:00,36.09,16.7,62.9,2.2,16.45,11.7,6.92
2023-12-20 15:00:00,28.84,14.8,63.6,1.6,13.08,11.0,6.47
2023-12-20 16:00:00,28.98,13.8,62.8,4.2,14.3,9.91,5.55
2023-12-20 17:00:00,23.0,13.7,71.6,1.4,10.93,7.8,5.07
2023-12-20 18:00:00,26.97,11.6,62.5,3.4,12.45,9.21,5.8
2023-12-20 19:00:00,22.38,11.9,61.9,4.3,9.61,8.89,4.39
2023-12-20 20:00:00,27.27,8.8,78.0,3.5,11.41,9.44,5.42
2023-12-20 21:00:00,29.91,7.4,76.2,4.6,14.14,10.4,6.37
2023-12-20 22:00:00,32.58,7.1,75.7,5.4,14.89,11.44,6.24
2023-12-20 23:00:00,39.65,7.5,76.0,6.1,17.8,13.96,8.08
2023-12-21 00:00:00,40.25,6.6,86.2,3.8,18.12,14.39,7.36
2023-12-21 01:00:00,40.93,4.7,78.7,2.4,18.75,13.95,8.13
2023-12-21 02:00:00,30.71,4.4,80.2,3.6,13.47,10.91,6.35
2023-12-21 03:00:00,34.07,4.8,88.5,3.0,14.05,11.33,6.38
2023-12-21 04:00:00,33.93,5.8,76.8,2.1,14.91,11.4,6.87
2023-12-21 05:00:00,54.72,7.0,84.2,3.7,24.56,19.23,10.5
2023-12-21 06:00:00,28.65,5.8,66.5,0.6,12.31,10.37,5.59
2023-12-21 07:00:00,24.26,9.3,67.0,4.1,10.9,9.46,5.55
2023-12-21 08:00:00,24.23,9.1,69.7,5.6,12.04,7.97,5.19
2023-12-21 09:00:00,30.65,10.9,73.9,11.6,13.76,11.27,6.2
2023-12-21 10:00:00,37.78,13.2,77.0,6.8,16.23,12.62,7.5
2023-12-21 11:00:00,35.81,13.3,65.1,1.3,16.21,11.98,7.07
2023-12-21 12:00:00,37.41,14.3,71.7,1.8,16.94,13.07,7.08
2023-12-21 13:00:00,39.39,12.9,79.7,1.6,17.7,14.35,7.76
2023-12-21 14:00:00,35.17,15.9,72.8,3.8,15.13,12.37,6.91
2023-12-21 15:00:00,32.88,14.5,64.6,0.9,15.16,11.68,7.31
2023-12-21 16:00:00,28.26,13.1,72.6,7.1,13.9,10.32,5.57
2023-12-21 17:00:00,26.12,13.8,69.1,1.1,12.39,9.25,5.04
2023-12-21 18:00:00,22.83,15.0,62.7,3.0,10.83,8.6,4.5
2023-12-21 19:00:00,25.5,8.2,76.3,6.4,10.75,9.09,5.28
2023-12-21 20:00:00,25.35,7.4,72.7,7.3,11.14,10.14,5.16
2023-12-21 21:00:00,34.63,11.4,71.0,3.4,15.11,12.11,7.14
2023-12-21 22:00:00,33.58,6.8,69.0,3.5,15.04,12.03,7.2
2023-12-21 23:00:00,40.73,5.4,68.7,4.3,18.74,14.07,8.1
2023-12-22 00:00:00,38.44,4.1,77.7,3.1,17.66,12.88,7.86
2023-12-22 01:00:00,38.53,5.5,78.9,2.7,17.4,12.48,7.58
2023-12-22 02:00:00,34.04,7.5,69.4,4.9,14.79,10.71,6.49
2023-12-22 03:00:00,28.99,2.7,83.4,4.0,13.47,10.06,5.62
2023-12-22 04:00:00,23.41,4.1,79.3,3.4,10.8,9.13,5.11
2023-12-22 05:00:00,22.39,4.5,81.9,1.4,8.48,8.3,4.69
2023-12-22 06:00:00,23.22,7.2,80.1,1.1,10.63,8.32,4.97
2023-12-22 07:00:00,46.01,9.1,79.8,3.6,20.08,15.91,9.17
2023-12-22 08:00:00,30.3,11.0,73.8,4.2,13.48,11.22,6.28
2023-12-22 09:00:00,30.41,11.0,69.3,4.4,13.17,11.05,6.55
2023-12-22 10:00:00,33.07,14.8,67.1,6.4,14.96,10.81,6.64
2023-12-22 11:00:00,34.41,11.2,82.2,5.5,15.65,12.5,6.86
2023-12-22 12:00:00,40.23,11.6,75.0,1.7,18.29,13.76,8.12
2023-12-22 13:00:00,41.48,15.6,65.7,5.3,18.75,14.59,8.35
2023-12-22 14:00:00,38.44,13.7,66.8,4.5,17.41,12.9,7.81
2023-12-22 15:00:00,33.3,11.3,67.4,5.6,14.73,12.64,6.58
2023-12-22 16:00:00,29.37,12.4,63.2,5.8,13.3,9.73,6.02
2023-12-22 17:00:00,29.27,12.5,77.6,2.8,13.55,10.73,5.68
2023-12-22 18:00:00,24.86,10.1,74.3,2.3,11.19,9.32,5.47
2023-12-22 19:00:00,26.65,8.3,67.7,3.8,12.0,9.57,4.98
2023-12-22 20:00:00,26.97,8.2,73.5,2.5,11.65,9.59,5.31
2023-12-22 21:00:00,28.12,5.7,83.6,2.8,12.94,9.5,5.9
2023-12-22 22:00:00,33.57,7.0,73.4,1.1,15.65,11.66,6.52
2023-12-22 23:00:00,38.0,2.1,77.4,9.2,17.54,12.73,7.19
2023-12-23 00:00:00,30.54,4.3,80.6,2.6,13.62,10.96,6.3
2023-12-23 01:00:00,34.45,4.4,82.0,5.2,16.05,12.29,7.04
2023-12-23 02:00:00,27.78,3.4,77.7,9.5,12.54,9.38,5.53
2023-12-23 03:00:00,27.71,5.3,74.6,7.9,11.69,9.83,5.58
2023-12-23 04:00:00,20.86,2.1,83.8,4.3,9.85,7.36,4.06
2023-12-23 05:00:00,19.11,3.9,73.7,3.7,8.09,6.3,4.12
2023-12-23 06:00:00,15.81,5.5,74.7,2.6,6.77,5.53,3.6
2023-12-23 07:00:00,18.03,8.3,73.5,6.0,8.1,7.47,3.75
2023-12-23 08:00:00,23.27,8.8,77.1,2.7,10.67,7.89,4.93
2023-12-23 09:00:00,24.78,13.0,66.3,1.4,11.54,7.89,5.06
2023-12-23 10:00:00,29.93,9.8,75.1,2.5,12.61,9.89,6.46
2023-12-23 11:00:00,30.09,9.9,77.9,2.6,13.77,10.45,5.86
2023-12-23 12:00:00,29.51,15.5,62.9,4.8,12.51,10.59,5.79
2023-12-23 13:00:00,35.0,11.2,86.7,1.8,15.82,11.76,7.11
2023-12-23 14:00:00,27.34,14.5,73.7,2.6,12.28,9.73,5.41
2023-12-23 15:00:00,27.67,11.9,71.1,1.2,11.38,9.47,5.52
2023-12-23 16:00:00,20.95,9.7,71.4,5.8,10.52,7.23,4.46
2023-12-23 17:00:00,21.66,11.5,67.5,4.8,8.75,6.71,3.98
2023-12-23 18:00:00,21.46,12.3,77.5,3.2,9.73,7.37,4.23
2023-12-23 19:00:00,20.41,8.0,75.5,3.2,9.04,6.57,4.13
2023-12-23 20:00:00,16.06,9.4,65.6,1.8,7.1,5.71,3.21
2023-12-23 21:00:00,24.81,8.3,65.4,3.0,10.26,8.67,4.77
2023-12-23 22:00:00,30.65,4.1,79.7,6.5,14.06,11.77,5.53
2023-12-23 23:00:00,30.95,4.6,79.1,1.6,15.11,10.51,6.36
2023-12-24 00:00:00,31.61,6.5,71.6,5.1,14.18,11.54,6.87
2023-12-24 01:00:00,25.44,4.6,70.9,0.9,11.58,8.95,5.08
2023-12-24 02:00:00,25.88,3.0,70.5,2.6,11.61,9.63,5.54
2023-12-24 03:00:00,46.62,4.2,75.1,5.8,21.44,17.34,8.58
2023-12-24 04:00:00,23.09,3.1,78.5,3.3,10.87,7.99,4.8
2023-12-24 05:00:00,23.04,6.6,79.6,4.7,9.69,7.86,4.91
2023-12-24 06:00:00,18.89,7.6,74.2,1.4,8.0,6.64,4.17
2023-12-24 07:00:00,21.02,7.3,80.5,4.6,9.05,6.23,4.14
2023-12-24 08:00:00,22.1,8.8,76.5,5.5,10.0,7.79,4.81
2023-12-24 09:00:00,22.41,8.2,76.7,5.4,10.57,7.32,4.35
2023-12-24 10:00:00,22.05,8.9,78.2,3.2,8.69,7.45,3.98
2023-12-24 11:00:00,30.82,11.4,63.4,6.5,14.09,10.55,6.27
2023-12-24 12:00:00,30.93,12.6,66.2,3.9,14.7,11.23,6.41
2023-12-24 13:00:00,28.2,14.9,78.2,5.5,12.52,9.88,5.79
2023-12-24 14:00:00,23.64,14.8,56.7,2.1,10.6,8.04,5.06
2023-12-24 15:00:00,26.45,13.5,66.3,2.1,12.39,8.96,5.33
2023-12-24 16:00:00,21.4,14.6,68.9,5.0,10.01,7.26,4.69
2023-12-24 17:00:00,21.39,10.6,61.9,4.3,9.45,8.26,4.29
2023-12-24 18:00:00,23.91,12.6,65.2,4.5,10.96,8.09,4.5
2023-12-24 19:00:00,14.65,8.5,83.7,2.2,5.01,5.64,2.85
2023-12-24 20:00:00,20.31,10.3,72.5,3.0,9.33,6.86,4.29
2023-12-24 21:00:00,24.35,7.1,72.6,2.3,10.97,6.87,4.89
2023-12-24 22:00:00,31.32,2.9,81.5,1.1,14.9,9.79,6.0
2023-12-24 23:00:00,25.65,6.0,73.9,2.0,12.37,8.58,5.15
2023-12-25 00:00:00,44.2,5.3,86.2,9.8,19.8,15.96,9.02
2023-12-25 01:00:00,38.69,2.9,75.6,2.2,18.08,13.33,7.64
2023-12-25 02:00:00,35.37,2.8,78.0,1.8,15.54,11.87,7.06
2023-12-25 03:00:00,31.36,3.3,72.6,4.6,14.12,10.85,6.1
2023-12-25 04:00:00,27.02,1.2,81.1,4.1,12.8,9.76,5.38
2023-12-25 05:00:00,27.98,1.3,81.6,5.0,12.7,9.32,5.45
2023-12-25 06:00:00,21.69,7.8,80.6,4.4,10.09,7.61,4.34
2023-12-25 07:00:00,26.23,5.9,71.9,2.1,11.81,8.75,5.39
2023-12-25 08:00:00,27.15,11.2,73.0,3.5,11.9,10.13,5.89
2023-12-25 09:00:00,29.95,11.7,70.4,1.9,13.38,11.45,6.05
2023-12-25 10:00:00,42.07,13.2,58.7,2.3,18.67,14.96,8.15
2023-12-25 11:00:00,39.4,10.9,67.2,8.8,17.48,13.31,7.79
2023-12-25 12:00:00,40.89,10.3,67.8,4.8,19.07,13.99,8.62
2023-12-25 13:00:00,41.2,11.6,78.5,5.2,18.13,14.33,8.37
2023-12-25 14:00:00,32.05,12.7,71.5,0.7,13.8,10.24,6.3
2023-12-25 15:00:00,36.24,9.7,73.1,2.9,17.27,13.12,7.33
2023-12-25 16:00:00,21.84,12.0,48.1,3.8,9.77,6.59,3.93
2023-12-25 17:00:00,23.44,11.6,60.5,1.7,11.15,7.29,4.33
2023-12-25 18:00:00,23.21,8.9,76.9,5.8,11.18,7.69,4.32
2023-12-25 19:00:00,26.82,8.1,78.2,1.6,12.17,8.75,5.51
2023-12-25 20:00:00,28.65,8.1,70.6,4.3,13.37,10.49,5.39
2023-12-25 21:00:00,31.44,7.6,75.0,3.8,13.92,11.0,6.58
2023-12-25 22:00:00,35.58,4.5,78.3,5.8,15.47,12.49,6.95
2023-12-25 23:00:00,35.91,5.3,78.5,2.6,16.31,12.88,6.94
2023-12-26 00:00:00,35.72,4.2,77.1,2.5,17.09,13.57,7.26
2023-12-26 01:00:00,40.28,3.6,83.8,5.8,17.27,13.67,8.32
2023-12-26 02:00:00,37.45,2.4,86.7,2.1,17.19,13.07,7.42
2023-12-26 03:00:00,35.93,1.5,77.4,5.0,15.96,13.04,7.53
2023-12-26 04:00:00,26.24,6.5,70.2,2.0,10.92,8.56,5.38
2023-12-26 05:00:00,27.2,5.7,73.1,6.1,12.21,9.85,4.96
2023-12-26 06:00:00,23.76,7.3,75.4,5.7,10.45,7.77,4.78
2023-12-26 07:00:00,28.45,6.9,77.5,5.3,12.44,10.03,5.77
2023-12-26 08:00:00,30.77,8.1,78.2,3.5,13.84,10.79,6.01
2023-12-26 09:00:00,32.5,10.4,76.4,0.8,14.61,11.23,6.47
2023-12-26 10:00:00,34.87,8.1,76.1,1.6,14.56,11.69,6.89
2023-12-26 11:00:00,40.87,10.2,72.9,3.3,19.28,14.68,7.93
2023-12-26 12:00:00,41.08,11.5,78.5,0.9,19.25,14.69,8.05
2023-12-26 13:00:00,36.75,12.5,69.0,1.1,17.34,12.36,7.41
2023-12-26 14:00:00,32.4,12.0,72.5,1.6,14.59,11.92,6.49
2023-12-26 15:00:00,31.25,13.7,69.2,2.3,14.14,11.14,6.16
2023-12-26 16:00:00,32.01,12.8,67.8,5.0,15.02,11.67,6.52
2023-12-26 17:00:00,28.34,14.0,66.4,0.9,13.63,9.39,5.98
2023-12-26 18:00:00,21.69,14.5,73.2,8.6,10.44,7.29,4.75
2023-12-26 19:00:00,22.55,7.7,74.3,2.4,10.18,7.53,5.03
2023-12-26 20:00:00,31.4,8.6,72.0,2.6,14.26,11.63,6.35
2023-12-26 21:00:00,29.13,7.3,71.6,2.3,13.63,10.21,6.59
2023-12-26 22:00:00,36.99,5.8,79.1,4.1,16.47,12.49,8.12
2023-12-26 23:00:00,36.92,3.2,77.6,0.6,16.8,12.61,7.75
2023-12-27 00:00:00,43.62,2.6,82.6,1.3,19.04,14.5,8.59
2023-12-27 01:00:00,36.65,3.8,80.3,1.4,15.68,13.41,7.67
2023-12-27 02:00:00,38.68,1.9,79.6,4.4,17.18,14.32,8.23
2023-12-27 03:00:00,32.54,3.7,72.6,2.7,14.43,10.55,6.57
2023-12-27 04:00:00,28.96,3.6,74.5,3.2,12.82,10.0,5.98
2023-12-27 05:00:00,20.66,5.0,73.7,7.3,9.3,6.94,4.31
2023-12-27 06:00:00,19.07,4.4,73.8,2.0,8.86,6.14,3.65
2023-12-27 07:00:00,25.03,7.2,77.6,1.1,11.23,8.88,4.95
2023-12-27 08:00:00,28.94,7.0,86.3,3.2,13.27,11.01,5.92
2023-12-27 09:00:00,29.26,9.8,69.7,1.8,13.22,10.42,6.12
2023-12-27 10:00:00,33.1,12.8,66.7,1.7,15.22,13.75,6.26
2023-12-27 11:00:00,39.98,12.2,66.4,3.1,17.51,14.21,7.95
2023-12-27 12:00:00,40.98,13.1,72.6,4.5,18.93,14.35,8.3
2023-12-27 13:00:00,38.23,14.3,68.9,2.2,17.47,12.99,7.47
2023-12-27 14:00:00,37.78,11.2,70.5,6.1,16.6,13.89,7.49
2023-12-27 15:00:00,29.14,15.7,59.1,2.8,13.18,10.09,6.05
2023-12-27 16:00:00,27.44,11.0,65.9,7.0,11.97,9.92,5.66
2023-12-27 17:00:00,29.7,13.1,69.1,3.5,14.06,10.31,6.07
2023-12-27 18:00:00,24.75,11.9,70.8,4.8,10.26,9.0,4.86
2023-12-27 19:00:00,25.9,8.2,74.0,5.8,11.33,8.09,4.66
2023-12-27 20:00:00,34.09,9.8,75.6,3.7,15.74,12.5,6.79
2023-12-27 21:00:00,28.58,7.7,68.6,5.8,13.11,10.36,6.18
2023-12-27 22:00:00,37.82,8.6,75.2,2.9,17.56,12.81,8.12
2023-12-27 23:00:00,42.73,5.0,79.2,2.9,18.57,15.13,8.91
2023-12-28 00:00:00,38.87,3.8,74.7,5.3,16.99,13.47,7.39
2023-12-28 01:00:00,40.83,2.6,77.8,2.2,18.9,13.25,8.36
2023-12-28 02:00:00,33.48,0.6,86.7,4.8,15.54,10.94,6.97
2023-12-28 03:00:00,30.47,2.9,74.8,1.2,13.29,10.38,6.44
2023-12-28 04:00:00,29.4,3.5,92.1,4.3,14.25,9.88,5.74
2023-12-28 05:00:00,27.69,5.1,80.7,7.2,12.49,9.87,5.16
2023-12-28 06:00:00,27.49,3.6,79.4,3.3,12.19,10.18,5.78
2023-12-28 07:00:00,29.61,6.6,74.8,3.1,12.63,10.13,6.06
2023-12-28 08:00:00,28.27,9.1,77.0,3.7,13.02,9.63,6.3
2023-12-28 09:00:00,35.17,10.6,69.3,4.8,16.02,11.6,7.12
2023-12-28 10:00:00,35.08,8.0,72.6,2.8,15.63,12.3,7.62
2023-12-28 11:00:00,40.93,12.8,75.9,0.5,18.16,14.65,8.16
2023-12-28 12:00:00,40.2,12.2,67.0,3.5,17.81,13.66,8.13
2023-12-28 13:00:00,39.79,12.8,69.3,3.1,17.15,14.12,7.67
2023-12-28 14:00:00,36.99,9.7,68.6,3.7,17.16,13.36,7.11
2023-12-28 15:00:00,28.17,15.3,66.9,4.8,13.33,8.75,6.27
2023-12-28 16:00:00,25.62,12.8,71.5,2.4,10.26,9.37,5.1
2023-12-28 17:00:00,46.7,9.5,81.0,3.6,20.96,15.8,9.33
2023-12-28 18:00:00,20.47,11.3,65.7,2.3,9.31,7.54,4.11
2023-12-28 19:00:00,27.77,10.1,64.7,3.3,12.87,10.57,5.48
2023-12-28 20:00:00,30.61,10.1,70.6,2.8,13.55,9.92,6.15
2023-12-28 21:00:00,33.0,6.5,73.1,2.9,14.76,11.44,6.17
2023-12-28 22:00:00,33.13,5.8,77.0,3.9,15.03,11.73,6.85
2023-12-28 23:00:00,42.13,3.7,82.1,4.6,19.03,15.34,8.26
2023-12-29 00:00:00,44.88,4.8,89.6,0.5,20.59,15.24,9.23
2023-12-29 01:00:00,39.15,2.2,79.1,6.1,17.03,13.5,7.31
2023-12-29 02:00:00,37.32,1.9,70.7,2.9,16.16,12.52,7.73
2023-12-29 03:00:00,32.79,3.3,78.9,4.3,14.56,11.76,6.47
2023-12-29 04:00:00,29.87,2.0,83.3,1.5,12.68,9.13,5.87
2023-12-29 05:00:00,25.5,7.1,70.7,3.9,12.75,9.41,4.92
2023-12-29 06:00:00,24.7,8.6,74.9,4.5,10.63,8.95,5.24
2023-12-29 07:00:00,28.06,6.2,77.2,1.8,13.1,9.5,5.69
2023-12-29 08:00:00,34.4,6.1,77.9,6.6,16.25,11.82,6.57
2023-12-29 09:00:00,28.79,10.0,76.0,5.0,13.08,10.06,5.18
2023-12-29 10:00:00,35.78,10.0,71.6,3.7,15.71,11.79,7.57
2023-12-29 11:00:00,35.83,13.5,70.5,1.8,16.2,12.55,6.66
2023-12-29 12:00:00,43.77,11.4,61.4,6.0,19.01,15.33,8.77
2023-12-29 13:00:00,37.32,13.9,62.6,1.1,16.06,12.6,7.16
2023-12-29 14:00:00,32.43,13.4,66.2,1.5,15.59,12.1,6.7
2023-12-29 15:00:00,33.89,12.0,64.6,4.6,14.42,11.01,6.59
2023-12-29 16:00:00,32.9,12.9,68.6,2.3,13.9,11.22,7.35
2023-12-29 17:00:00,27.45,13.1,66.6,3.3,12.7,10.62,5.4
2023-12-29 18:00:00,25.3,10.8,68.7,3.7,11.08,8.17,4.75
2023-12-29 19:00:00,26.82,9.6,76.8,3.3,12.7,9.84,5.21
2023-12-29 20:00:00,32.08,6.9,76.1,1.3,12.68,11.02,6.42
2023-12-29 21:00:00,30.11,8.6,68.2,4.9,13.49,11.0,6.21
2023-12-29 22:00:00,35.76,7.3,72.3,2.2,15.42,12.5,7.41
2023-12-29 23:00:00,37.65,4.1,82.9,4.9,15.94,13.52,7.27
2023-12-30 00:00:00,28.23,3.7,80.6,6.0,11.97,9.85,5.4
2023-12-30 01:00:00,29.57,5.5,83.4,3.7,12.52,10.38,6.22
2023-12-30 02:00:00,31.1,1.5,86.5,4.7,13.83,10.85,6.04
2023-12-30 03:00:00,26.94,4.2,77.0,0.8,11.83,9.51,5.97
2023-12-30 04:00:00,24.32,3.0,87.6,0.8,11.23,8.38,4.63
2023-12-30 05:00:00,21.02,7.3,82.8,2.0,8.48,7.42,3.76
2023-12-30 06:00:00,21.2,5.8,68.2,2.8,9.76,6.93,4.08
2023-12-30 07:00:00,18.65,8.8,73.6,1.9,8.88,5.92,3.58
2023-12-30 08:00:00,21.93,7.0,72.8,4.3,10.43,7.17,4.75
2023-12-30 09:00:00,26.0,7.6,73.6,2.4,12.04,9.69,5.28
2023-12-30 10:00:00,29.03,10.3,67.5,5.8,13.24,10.13,5.66
2023-12-30 11:00:00,31.19,12.1,64.8,3.8,13.7,10.55,6.0
2023-12-30 12:00:00,30.8,11.7,74.4,2.9,14.41,11.29,6.36
2023-12-30 13:00:00,29.45,14.1,61.2,6.3,13.75,9.93,5.57
2023-12-30 14:00:00,36.23,12.9,69.0,5.6,16.16,11.71,6.82
2023-12-30 15:00:00,27.79,9.9,65.4,5.6,11.89,9.8,5.57
2023-12-30 16:00:00,23.74,13.3,74.4,4.8,10.18,8.07,5.05
2023-12-30 17:00:00,20.07,10.4,71.7,4.1,8.29,6.51,3.97
2023-12-30 18:00:00,18.77,10.1,75.6,2.9,8.01,7.08,3.81
2023-12-30 19:00:00,20.32,11.8,70.8,3.1,9.49,7.6,4.01
2023-12-30 20:00:00,23.44,10.8,69.7,4.3,11.04,8.21,4.73
2023-12-30 21:00:00,20.82,6.0,77.1,1.8,9.11,6.38,4.03
2023-12-30 22:00:00,24.41,6.5,83.7,5.6,10.74,8.28,5.22
2023-12-30 23:00:00,28.8,3.8,74.9,7.1,12.62,10.29,5.89
2023-12-31 00:00:00,31.77,3.4,67.2,1.4,13.77,11.27,6.4
2023-12-31 01:00:00,29.9,2.4,77.2,0.6,12.93,10.78,5.8
2023-12-31 02:00:00,32.13,0.5,77.3,1.7,15.19,11.12,6.61
2023-12-31 03:00:00,21.92,3.4,84.7,5.1,9.59,7.34,4.11
2023-12-31 04:00:00,20.93,4.2,78.0,1.4,9.38,7.48,4.59
2023-12-31 05:00:00,24.55,3.6,83.8,2.9,9.68,8.72,4.71
2023-12-31 06:00:00,20.33,7.3,75.4,1.1,8.68,7.05,4.14
2023-12-31 07:00:00,22.97,6.2,76.6,3.2,9.83,8.87,4.62
2023-12-31 08:00:00,27.94,7.2,76.2,4.1,12.89,9.73,5.79
2023-12-31 09:00:00,23.89,10.2,79.1,4.2,11.23,7.88,5.27
2023-12-31 10:00:00,28.19,8.3,74.9,3.6,13.18,9.09,5.78
2023-12-31 11:00:00,29.82,13.0,73.9,7.1,12.67,10.21,5.73
2023-12-31 12:00:00,26.36,11.9,75.0,3.7,12.51,8.31,5.5
2023-12-31 13:00:00,29.72,14.4,65.8,5.9,13.07,10.7,6.1
2023-12-31 14:00:00,30.64,15.1,65.5,9.5,13.28,10.26,6.28
2023-12-31 15:00:00,26.98,13.9,65.4,2.2,12.3,9.65,5.54
2023-12-31 16:00:00,24.36,11.2,76.9,2.4,11.64,8.66,4.53
2023-12-31 17:00:00,19.81,9.8,67.5,3.6,9.06,7.72,4.13
2023-12-31 18:00:00,18.36,8.5,70.2,1.9,7.52,6.39,4.13
2023-12-31 19:00:00,23.93,11.1,69.3,3.9,11.09,9.2,4.46
2023-12-31 20:00:00,21.57,7.9,68.7,4.6,10.39,6.88,4.02
2023-12-31 21:00:00,26.36,5.9,73.9,1.1,11.23,8.92,5.51
2023-12-31 22:00:00,28.85,5.4,83.2,4.5,13.01,10.02,5.59
2023-12-31 23:00:00,34.15,6.2,79.8,1.8,15.23,12.44,6.91
2024-01-01 00:00:00,42.53,4.9,76.0,2.5,19.21,16.09,8.47
2024-01-01 01:00:00,35.86,3.9,83.3,4.9,15.5,11.47,7.33
2024-01-01 02:00:00,33.38,4.1,89.5,1.8,14.47,12.96,6.83
2024-01-01 03:00:00,34.05,3.5,81.3,3.7,15.6,12.21,6.75
2024-01-01 04:00:00,28.69,4.2,86.0,4.0,13.27,10.11,6.14
2024-01-01 05:00:00,24.97,4.9,82.4,1.8,11.5,8.66,5.05
2024-01-01 06:00:00,27.64,5.6,75.8,2.4,12.93,9.2,5.65
2024-01-01 07:00:00,26.58,7.9,75.5,4.1,11.65,9.09,4.95
2024-01-01 08:00:00,28.98,8.6,76.3,3.3,13.91,9.92,5.54
2024-01-01 09:00:00,34.55,8.1,70.6,4.4,14.94,11.56,6.33
2024-01-01 10:00:00,35.41,11.4,57.3,5.9,16.29,12.75,7.27
2024-01-01 11:00:00,43.02,12.0,65.4,1.6,19.6,14.8,8.39
2024-01-01 12:00:00,38.13,13.4,57.2,1.1,17.18,13.53,7.65
2024-01-01 13:00:00,40.74,12.8,64.9,4.4,18.9,14.59,8.13
2024-01-01 14:00:00,39.94,14.3,58.3,5.1,18.57,14.33,8.12
2024-01-01 15:00:00,29.16,12.8,73.0,3.3,13.42,10.18,5.2
2024-01-01 16:00:00,27.99,13.5,61.9,3.0,12.36,9.58,5.2
2024-01-01 17:00:00,28.96,11.0,73.6,4.0,14.02,10.6,5.61
2024-01-01 18:00:00,28.0,10.0,75.8,3.8,12.31,10.17,5.51
2024-01-01 19:00:00,25.68,10.3,75.1,3.5,11.6,8.81,4.98
2024-01-01 20:00:00,27.02,7.6,65.5,5.5,12.67,8.63,5.62
2024-01-01 21:00:00,34.99,10.1,77.5,1.9,15.49,11.19,6.55
2024-01-01 22:00:00,39.31,6.5,78.4,4.5,17.65,14.54,7.81
2024-01-01 23:00:00,36.19,4.6,82.5,4.9,15.31,12.77,7.24
2024-01-02 00:00:00,37.19,5.0,87.2,6.5,17.03,12.47,7.34
2024-01-02 01:00:00,39.76,2.5,84.9,7.2,18.6,13.0,7.79
2024-01-02 02:00:00,38.03,4.5,72.7,3.6,17.35,13.92,7.28
2024-01-02 03:00:00,31.96,4.6,81.8,3.2,14.3,11.09,6.54
2024-01-02 04:00:00,30.65,5.6,69.7,3.6,14.05,11.32,5.71
2024-01-02 05:00:00,24.43,3.9,79.0,4.9,11.76,8.4,4.9
2024-01-02 06:00:00,19.92,3.7,77.0,0.6,9.1,8.04,3.66
2024-01-02 07:00:00,25.15,5.9,77.0,1.9,12.1,9.38,5.21
2024-01-02 08:00:00,29.11,7.7,67.3,6.5,13.25,9.54,5.69
2024-01-02 09:00:00,32.01,11.9,62.8,2.0,14.35,11.97,6.76
2024-01-02 10:00:00,33.56,13.9,65.1,2.2,15.5,11.15,6.92
2024-01-02 11:00:00,34.66,12.1,68.3,7.1,15.86,12.33,6.32
2024-01-02 12:00:00,38.92,12.4,67.0,2.5,17.39,14.05,8.32
2024-01-02 13:00:00,41.44,12.4,76.4,2.5,19.06,14.28,8.37
2024-01-02 14:00:00,39.59,14.3,68.9,6.8,17.88,13.21,8.05
2024-01-02 15:00:00,35.67,16.2,66.5,2.9,16.28,11.69,7.06
2024-01-02 16:00:00,26.91,15.1,64.0,3.5,11.55,9.28,5.7
2024-01-02 17:00:00,23.32,13.3,61.1,3.8,10.8,8.52,4.6
2024-01-02 18:00:00,26.45,12.3,69.3,6.0,12.3,9.5,5.1
2024-01-02 19:00:00,27.8,10.6,80.3,1.2,12.89,9.81,5.58
2024-01-02 20:00:00,29.95,8.0,75.5,2.3,13.79,10.49,5.82
2024-01-02 21:00:00,49.8,5.7,82.7,4.0,22.55,17.46,10.26
2024-01-02 22:00:00,34.29,5.5,83.5,3.2,14.71,11.4,6.75
2024-01-02 23:00:00,39.12,5.2,80.6,2.4,17.84,14.7,8.38
2024-01-03 00:00:00,41.52,1.5,83.2,3.1,18.93,14.95,8.54
2024-01-03 01:00:00,41.22,3.0,75.5,7.8,18.68,14.91,8.37
2024-01-03 02:00:00,36.91,1.8,80.8,0.6,15.97,12.64,7.25
2024-01-03 03:00:00,33.63,4.7,76.5,1.7,15.08,11.69,6.78
2024-01-03 04:00:00,29.26,2.9,82.2,0.6,12.97,10.06,5.94
2024-01-03 05:00:00,28.02,5.0,70.9,4.0,12.43,9.86,5.36
2024-01-03 06:00:00,26.08,4.5,75.9,0.5,11.23,9.69,5.4
2024-01-03 07:00:00,26.47,9.2,75.0,3.3,12.57,9.51,5.36
2024-01-03 08:00:00,28.38,5.5,73.9,5.9,12.94,9.02,5.62
2024-01-03 09:00:00,33.01,10.1,67.3,1.4,15.24,11.97,6.51
2024-01-03 10:00:00,37.76,8.6,69.7,2.9,17.01,12.09,7.05
2024-01-03 11:00:00,39.97,10.8,69.6,2.9,18.03,14.02,8.64
2024-01-03 12:00:00,41.25,12.7,56.9,2.8,18.1,14.27,8.27
2024-01-03 13:00:00,42.65,13.3,64.3,4.8,19.1,14.58,8.52
2024-01-03 14:00:00,37.22,13.4,72.7,0.5,16.89,11.96,7.3
2024-01-03 15:00:00,31.18,13.1,69.9,5.2,13.66,10.83,6.47
2024-01-03 16:00:00,31.26,11.4,72.4,5.7,14.48,10.83,6.08
2024-01-03 17:00:00,22.89,11.3,61.2,3.2,10.73,7.52,4.55
2024-01-03 18:00:00,22.6,10.6,69.2,6.3,10.35,7.9,4.84
2024-01-03 19:00:00,27.15,9.6,71.8,2.9,11.39,9.23,5.06
2024-01-03 20:00:00,30.34,8.0,76.8,4.6,14.0,10.76,6.27
2024-01-03 21:00:00,29.69,7.9,80.1,3.0,13.78,10.49,6.47
2024-01-03 22:00:00,35.6,5.7,81.9,0.8,15.16,12.56,7.35
2024-01-03 23:00:00,37.78,4.8,75.3,1.3,17.45,13.81,7.97
2024-01-04 00:00:00,39.18,3.1,77.4,3.2,17.66,12.74,7.39
2024-01-04 01:00:00,41.75,1.6,89.1,9.1,19.18,14.35,8.16
2024-01-04 02:00:00,69.15,3.3,78.3,1.9,32.63,23.77,13.85
2024-01-04 03:00:00,32.85,5.0,72.6,6.4,14.25,11.51,7.25
2024-01-04 04:00:00,27.79,4.4,77.7,6.7,12.43,10.26,5.27
2024-01-04 05:00:00,23.03,3.3,86.8,3.1,10.54,8.78,4.35
2024-01-04 06:00:00,28.95,6.8,71.4,3.3,12.63,9.77,6.05
2024-01-04 07:00:00,27.89,6.2,74.4,3.5,13.63,9.84,5.77
2024-01-04 08:00:00,27.38,9.1,68.7,5.1,11.36,10.18,5.69
2024-01-04 09:00:00,79.81,8.8,78.2,1.5,36.56,27.21,16.17
2024-01-04 10:00:00,36.47,11.1,72.2,2.7,16.13,11.69,7.1
2024-01-04 11:00:00,38.68,10.8,75.7,1.8,17.26,13.76,7.81
2024-01-04 12:00:00,41.49,11.6,77.9,6.2,19.05,14.86,8.13
2024-01-04 13:00:00,37.54,10.5,63.8,1.1,17.33,12.84,7.65
2024-01-04 14:00:00,35.79,13.8,63.6,5.0,16.68,13.02,7.2
2024-01-04 15:00:00,33.2,13.4,65.7,3.2,15.25,12.29,6.22
2024-01-04 16:00:00,27.9,13.0,68.7,4.8,12.72,9.8,5.96
2024-01-04 17:00:00,28.08,12.0,72.1,6.3,12.05,9.93,5.73
2024-01-04 18:00:00,30.07,9.4,70.3,2.7,13.78,10.06,6.02
2024-01-04 19:00:00,24.52,10.8,67.6,2.2,10.43,9.02,5.03
2024-01-04 20:00:00,24.99,9.5,77.3,4.3,11.87,8.88,4.74
2024-01-04 21:00:00,27.9,5.6,80.1,10.4,12.5,10.54,5.82
2024-01-04 22:00:00,36.27,6.3,78.0,4.9,16.45,12.15,7.45
2024-01-04 23:00:00,37.74,5.8,66.3,5.3,16.91,13.31,7.66
2024-01-05 00:00:00,41.02,3.0,86.4,4.2,18.11,14.78,8.46
2024-01-05 01:00:00,39.82,2.8,81.6,2.9,18.58,14.54,7.08
2024-01-05 02:00:00,32.74,3.8,78.6,4.4,14.55,11.3,6.73
2024-01-05 03:00:00,28.46,0.9,78.8,1.6,12.17,9.79,5.84
2024-01-05 04:00:00,29.99,2.1,78.4,3.5,12.86,10.66,5.93
2024-01-05 05:00:00,26.84,3.0,75.9,3.9,11.69,9.89,5.52
2024-01-05 06:00:00,24.43,2.8,70.6,6.5,10.07,8.34,4.76
2024-01-05 07:00:00,22.36,8.4,69.9,6.7,10.2,7.57,4.16
2024-01-05 08:00:00,30.42,5.0,70.0,1.1,13.73,11.11,6.09
2024-01-05 09:00:00,36.18,9.8,71.9,4.2,15.1,12.62,7.45
2024-01-05 10:00:00,37.44,11.7,64.2,5.4,17.15,12.43,7.98
2024-01-05 11:00:00,37.37,11.1,74.3,3.7,16.56,13.09,7.58
2024-01-05 12:00:00,40.61,11.4,62.1,1.3,18.04,14.08,7.88
2024-01-05 13:00:00,36.08,13.2,74.1,2.2,15.36,13.19,6.96
2024-01-05 14:00:00,39.39,13.0,72.5,2.6,18.46,13.4,7.86
2024-01-05 15:00:00,33.2,14.4,61.4,4.4,15.13,11.82,6.33
2024-01-05 16:00:00,24.82,8.4,73.4,1.1,11.21,8.77,5.53
2024-01-05 17:00:00,25.75,10.2,67.5,3.8,10.99,9.06,5.51
2024-01-05 18:00:00,26.65,11.4,73.3,1.4,12.12,10.13,5.52
2024-01-05 19:00:00,25.67,9.4,81.7,3.0,12.07,9.88,5.55
2024-01-05 20:00:00,28.56,9.2,78.9,3.2,13.12,10.35,5.79
2024-01-05 21:00:00,29.93,7.1,72.0,3.3,13.01,10.4,6.04
2024-01-05 22:00:00,38.16,5.3,78.2,4.7,17.75,13.49,7.51
2024-01-05 23:00:00,37.87,4.0,86.8,1.2,17.06,13.63,7.67
2024-01-06 00:00:00,26.45,7.2,78.0,2.4,12.53,9.38,5.1
2024-01-06 01:00:00,30.16,5.5,82.5,4.3,12.49,10.76,5.96
2024-01-06 02:00:00,31.48,3.8,82.7,7.2,13.09,10.28,6.35
2024-01-06 03:00:00,25.25,3.3,80.4,4.2,11.1,9.33,5.15
2024-01-06 04:00:00,27.75,4.5,78.3,6.2,12.31,10.65,5.71
2024-01-06 05:00:00,22.41,5.7,71.1,7.9,10.53,8.15,4.46
2024-01-06 06:00:00,21.44,6.1,72.8,6.2,10.07,7.61,4.28
2024-01-06 07:00:00,21.02,5.6,72.8,8.0,10.28,9.13,4.11
2024-01-06 08:00:00,23.23,10.7,69.4,5.2,10.44,7.67,4.34
2024-01-06 09:00:00,25.56,9.7,72.9,6.3,11.53,9.58,5.6
2024-01-06 10:00:00,28.27,13.5,67.2,3.5,12.48,9.56,5.7
2024-01-06 11:00:00,32.41,11.8,70.9,2.8,14.92,12.07,6.61
2024-01-06 12:00:00,29.5,12.0,73.0,12.1,13.46,9.52,5.95
2024-01-06 13:00:00,28.4,14.9,64.0,1.4,12.58,10.67,5.48
2024-01-06 14:00:00,26.22,13.5,71.5,7.6,11.88,9.43,5.94
2024-01-06 15:00:00,31.33,13.0,74.0,3.2,13.55,10.66,5.86
2024-01-06 16:00:00,24.73,10.5,73.4,0.6,10.44,8.12,4.98
2024-01-06 17:00:00,22.1,12.5,66.2,5.4,10.19,8.27,4.2
2024-01-06 18:00:00,17.94,9.8,77.0,3.3,8.12,7.55,4.08
2024-01-06 19:00:00,22.9,8.6,76.1,5.4,9.93,8.15,4.43
2024-01-06 20:00:00,23.11,7.3,78.4,0.9,10.81,7.94,4.83
2024-01-06 21:00:00,26.75,7.4,82.8,8.1,11.49,9.84,4.87
2024-01-06 22:00:00,26.58,3.2,83.7,4.5,12.09,7.98,5.43
2024-01-06 23:00:00,31.49,4.2,86.9,0.9,14.38,11.87,6.6
2024-01-07 00:00:00,30.87,5.1,77.1,0.5,14.42,11.12,6.33
2024-01-07 01:00:00,29.26,1.3,80.3,4.0,13.31,10.8,5.32
2024-01-07 02:00:00,30.95,3.3,85.8,8.2,14.14,11.2,5.91
2024-01-07 03:00:00,22.46,2.2,76.4,3.7,11.45,8.29,4.47
2024-01-07 04:00:00,24.9,3.1,89.8,2.8,11.65,8.53,5.26
2024-01-07 05:00:00,23.14,7.0,82.2,7.1,10.08,7.65,4.45
2024-01-07 06:00:00,18.48,3.0,80.8,8.6,8.33,5.66,3.53
2024-01-07 07:00:00,19.38,7.9,80.6,5.3,9.18,7.16,3.69
2024-01-07 08:00:00,22.93,7.3,78.6,4.8,10.04,7.39,4.3
2024-01-07 09:00:00,27.01,8.5,67.3,0.5,12.51,9.86,5.52
2024-01-07 10:00:00,28.74,8.8,69.3,2.6,12.02,10.09,5.52
2024-01-07 11:00:00,32.26,12.7,70.2,6.8,14.72,10.5,7.04
2024-01-07 12:00:00,36.34,12.0,70.3,2.9,16.31,12.28,7.19
2024-01-07 13:00:00,29.91,12.4,75.7,2.7,13.24,11.48,5.75
2024-01-07 14:00:00,24.83,13.2,69.7,3.7,10.56,9.08,4.44
2024-01-07 15:00:00,28.37,12.6,62.6,3.3,13.18,8.97,5.02
2024-01-07 16:00:00,27.7,9.3,70.1,5.9,12.79,9.64,6.06
2024-01-07 17:00:00,22.42,10.8,74.7,1.2,9.99,7.74,4.73
2024-01-07 18:00:00,17.96,11.8,60.7,4.4,7.95,6.08,3.61
2024-01-07 19:00:00,21.12,7.0,68.5,4.6,9.51,6.2,4.19
2024-01-07 20:00:00,20.7,6.4,74.5,6.2,8.76,7.55,3.58
2024-01-07 21:00:00,27.91,6.1,81.3,3.1,13.41,10.14,5.45
2024-01-07 22:00:00,25.74,4.4,77.6,2.5,11.7,8.55,4.74
2024-01-07 23:00:00,30.43,4.4,81.0,4.2,12.81,9.02,5.99
2024-01-08 00:00:00,38.26,2.0,81.6,4.8,18.58,13.4,7.44
2024-01-08 01:00:00,40.08,2.6,80.2,1.8,18.07,14.98,8.11
2024-01-08 02:00:00,36.1,2.9,77.2,1.8,16.73,12.58,7.07
2024-01-08 03:00:00,33.71,4.1,83.2,2.3,15.28,11.25,6.38
2024-01-08 04:00:00,29.57,5.5,71.1,2.3,13.42,11.09,5.86
2024-01-08 05:00:00,43.75,4.1,77.9,5.0,19.31,16.19,8.77
2024-01-08 06:00:00,27.34,8.3,79.7,3.7,13.54,9.29,5.67
2024-01-08 07:00:00,26.65,6.4,72.5,3.8,11.73,9.67,5.89
2024-01-08 08:00:00,27.05,9.2,65.1,0.5,11.88,9.42,6.13
2024-01-08 09:00:00,38.87,12.2,58.8,9.6,17.32,13.67,7.47
2024-01-08 10:00:00,38.21,10.7,74.5,5.6,17.1,13.26,7.54
2024-01-08 11:00:00,39.38,9.5,76.3,3.2,17.66,13.25,7.66
2024-01-08 12:00:00,44.31,12.5,67.3,1.1,19.97,14.91,8.13
2024-01-08 13:00:00,44.37,11.9,63.3,4.6,19.61,15.02,9.08
2024-01-08 14:00:00,36.66,12.6,68.2,3.7,16.67,12.76,7.59
2024-01-08 15:00:00,34.14,15.8,70.9,4.5,15.85,12.33,6.52
2024-01-08 16:00:00,27.05,10.5,65.1,4.5,11.62,10.36,5.74
2024-01-08 17:00:00,26.41,12.0,74.9,1.7,12.99,9.37,5.37
2024-01-08 18:00:00,25.27,9.2,64.5,2.7,10.32,8.43,5.3
2024-01-08 19:00:00,27.24,8.8,67.7,0.6,12.2,9.31,5.48
2024-01-08 20:00:00,30.35,9.1,73.6,8.5,13.44,11.28,5.97
2024-01-08 21:00:00,34.67,7.2,80.1,5.4,15.84,13.05,7.18
2024-01-08 22:00:00,37.61,5.2,85.2,6.9,16.89,12.56,7.65
2024-01-08 23:00:00,36.74,3.5,84.8,0.9,16.05,12.44,7.23
2024-01-09 00:00:00,38.51,4.1,86.8,3.5,17.55,13.48,7.96
2024-01-09 01:00:00,38.48,5.7,78.0,5.0,17.66,14.43,7.67
2024-01-09 02:00:00,36.4,1.6,78.9,1.4,16.42,13.2,7.14
2024-01-09 03:00:00,35.98,6.0,82.7,5.2,15.98,12.55,6.87
2024-01-09 04:00:00,26.7,5.5,84.3,4.3,12.92,9.71,5.92
2024-01-09 05:00:00,25.97,6.5,80.8,8.7,12.94,9.61,4.98
2024-01-09 06:00:00,28.24,6.0,79.9,1.7,12.18,9.57,5.05
2024-01-09 07:00:00,26.11,8.5,80.8,4.2,12.52,8.93,5.65
2024-01-09 08:00:00,30.76,6.5,77.9,7.3,14.43,11.14,6.31
2024-01-09 09:00:00,33.01,8.3,73.9,5.0,15.37,11.17,5.96
2024-01-09 10:00:00,37.75,11.6,73.6,2.7,16.13,13.56,7.89
2024-01-09 11:00:00,39.28,12.0,72.0,1.5,17.75,14.27,8.04
2024-01-09 12:00:00,42.52,12.1,73.9,7.7,19.98,14.73,8.75
2024-01-09 13:00:00,35.99,9.1,72.4,1.2,15.57,12.42,7.26
2024-01-09 14:00:00,36.2,12.3,73.7,8.2,16.54,12.42,7.36
2024-01-09 15:00:00,34.1,11.1,75.0,2.6,14.99,12.39,6.86
2024-01-09 16:00:00,30.94,13.1,69.4,6.0,14.71,11.5,6.15
2024-01-09 17:00:00,30.59,11.2,66.7,3.8,14.68,10.83,6.31
2024-01-09 18:00:00,24.88,9.6,78.7,6.6,11.64,8.3,5.06
2024-01-09 19:00:00,30.56,13.3,62.0,3.2,13.76,10.42,5.69
2024-01-09 20:00:00,27.96,9.6,67.7,5.8,12.53,9.96,5.3
2024-01-09 21:00:00,36.68,8.3,74.9,2.2,16.43,11.74,7.27
2024-01-09 22:00:00,39.15,8.8,60.9,3.4,17.53,12.85,7.34
2024-01-09 23:00:00,37.57,5.7,84.9,5.8,16.87,12.92,7.42
2024-01-10 00:00:00,41.71,2.5,81.1,1.5,19.29,15.33,8.38
2024-01-10 01:00:00,39.81,1.8,89.5,4.8,17.58,13.64,7.63
2024-01-10 02:00:00,38.75,4.5,87.7,3.2,17.93,12.64,8.11
2024-01-10 03:00:00,32.88,0.1,83.1,3.6,16.39,11.79,6.21
2024-01-10 04:00:00,28.92,3.6,86.5,3.9,13.18,10.92,5.58
2024-01-10 05:00:00,69.84,1.2,77.2,2.4,31.81,24.47,14.09
2024-01-10 06:00:00,25.69,5.7,79.4,1.4,10.72,8.55,4.9
2024-01-10 07:00:00,29.01,8.0,72.0,0.6,13.29,9.86,5.91
2024-01-10 08:00:00,52.43,8.4,77.4,3.2,23.48,17.8,10.18
2024-01-10 09:00:00,37.61,10.7,75.6,2.4,17.58,14.55,7.92
2024-01-10 10:00:00,35.49,13.5,67.1,4.2,16.81,11.96,6.86
2024-01-10 11:00:00,38.4,11.3,73.1,4.8,17.47,13.55,7.29
2024-01-10 12:00:00,44.75,16.5,68.9,3.6,19.8,15.49,9.07
2024-01-10 13:00:00,38.82,13.2,69.2,4.2,17.13,14.15,7.74
2024-01-10 14:00:00,41.19,14.4,79.4,3.8,17.66,14.37,7.72
2024-01-10 15:00:00,35.67,11.9,69.0,0.5,15.85,12.15,7.19
2024-01-10 16:00:00,29.3,14.8,74.6,5.8,12.92,11.24,6.06
2024-01-10 17:00:00,22.41,13.1,74.0,1.1,10.8,7.43,5.14
2024-01-10 18:00:00,25.89,12.7,59.4,3.1,12.41,9.3,5.23
2024-01-10 19:00:00,27.2,9.4,80.2,1.5,13.32,9.29,4.95
2024-01-10 20:00:00,32.61,6.1,82.0,4.4,14.33,11.11,7.25
2024-01-10 21:00:00,37.41,7.4,75.7,2.7,16.51,12.46,7.62
2024-01-10 22:00:00,35.48,3.0,82.3,1.2,15.49,12.13,6.47
2024-01-10 23:00:00,41.94,4.0,81.7,0.9,19.78,14.78,8.56
2024-01-11 00:00:00,42.93,4.0,86.1,2.2,19.74,14.44,8.62
2024-01-11 01:00:00,76.86,6.7,73.8,4.5,35.5,27.35,15.58
2024-01-11 02:00:00,38.52,3.5,87.7,4.8,17.58,13.57,7.9
2024-01-11 03:00:00,28.66,3.4,74.5,1.6,13.6,9.44,5.91
2024-01-11 04:00:00,29.38,3.6,70.9,1.6,13.1,10.37,5.94
2024-01-11 05:00:00,24.14,2.5,84.0,4.0,10.95,8.66,4.84
2024-01-11 06:00:00,25.51,5.6,83.5,7.5,11.15,9.17,5.33
2024-01-11 07:00:00,29.47,6.9,74.9,3.8,13.33,10.29,5.28
2024-01-11 08:00:00,30.53,6.6,64.8,4.7,13.42,11.02,5.88
2024-01-11 09:00:00,36.39,7.5,67.5,3.9,16.78,12.47,7.37
2024-01-11 10:00:00,38.12,9.8,74.4,1.4,17.2,13.11,7.4
2024-01-11 11:00:00,36.77,11.6,70.0,7.3,16.78,12.58,7.4
2024-01-11 12:00:00,34.72,11.7,76.4,1.2,16.28,11.67,6.61
2024-01-11 13:00:00,40.39,11.3,70.8,5.1,18.25,14.11,7.95
2024-01-11 14:00:00,36.73,13.4,64.2,8.4,16.43,13.35,7.39
2024-01-11 15:00:00,31.08,13.6,69.2,2.6,13.52,10.27,6.44
2024-01-11 16:00:00,25.52,12.5,74.1,1.8,11.26,10.13,5.56
2024-01-11 17:00:00,25.19,10.7,77.9,3.9,10.89,8.12,5.32
2024-01-11 18:00:00,25.53,11.4,69.8,5.3,12.15,9.14,5.28
2024-01-11 19:00:00,28.69,9.0,73.5,7.3,12.99,10.78,5.48
2024-01-11 20:00:00,30.24,6.2,80.4,4.6,14.21,11.82,6.21
2024-01-11 21:00:00,37.54,8.3,70.3,2.7,16.96,13.51,7.27
2024-01-11 22:00:00,34.68,6.0,80.4,3.5,16.09,12.61,6.76
2024-01-11 23:00:00,42.22,4.3,77.7,5.1,19.11,14.66,8.22
2024-01-12 00:00:00,41.22,1.3,82.0,5.3,18.51,14.82,8.72
2024-01-12 01:00:00,41.83,2.1,81.5,1.2,19.41,14.66,8.36
2024-01-12 02:00:00,36.26,6.0,77.4,4.1,16.24,12.58,7.03
2024-01-12 03:00:00,36.28,0.9,92.5,7.8,16.43,12.62,7.88
2024-01-12 04:00:00,30.59,3.3,77.7,5.3,14.36,10.7,5.6
2024-01-12 05:00:00,25.4,4.5,76.6,0.5,10.49,9.05,4.86
2024-01-12 06:00:00,5.21,6.0,84.0,2.1,2.35,1.04,1.24
2024-01-12 07:00:00,26.5,4.5,80.8,3.3,12.92,9.85,5.23
2024-01-12 08:00:00,31.07,8.3,77.9,4.7,14.79,10.88,6.44
2024-01-12 09:00:00,30.65,6.8,70.7,3.8,14.15,10.14,5.98
2024-01-12 10:00:00,37.27,10.7,72.4,1.2,16.47,13.29,7.44
2024-01-12 11:00:00,94.49,10.6,75.4,4.9,43.12,33.57,19.04
2024-01-12 12:00:00,41.18,11.1,67.4,5.7,18.15,13.85,8.29
2024-01-12 13:00:00,43.46,14.1,70.2,2.0,19.86,15.57,8.44
2024-01-12 14:00:00,39.28,12.7,67.8,1.1,18.15,13.46,7.64
2024-01-12 15:00:00,33.58,13.6,64.5,5.3,16.02,11.77,6.53
2024-01-12 16:00:00,30.39,13.1,73.3,4.3,14.05,10.69,5.79
2024-01-12 17:00:00,27.84,13.5,73.5,5.4,12.81,9.64,5.77
2024-01-12 18:00:00,27.11,8.7,74.2,3.9,12.14,9.26,5.57
2024-01-12 19:00:00,22.54,10.7,73.4,3.2,9.72,8.07,4.24
2024-01-12 20:00:00,29.09,8.0,81.0,7.7,12.67,9.52,6.15
2024-01-12 21:00:00,29.89,6.2,74.6,5.2,13.46,10.29,6.31
2024-01-12 22:00:00,40.54,3.8,81.2,3.1,18.8,13.24,8.6
2024-01-12 23:00:00,39.94,5.4,75.6,6.5,17.04,13.64,8.93
2024-01-13 00:00:00,31.94,2.3,76.1,9.5,14.72,10.64,5.89
2024-01-13 01:00:00,33.91,4.0,77.3,2.6,15.99,11.55,6.38
2024-01-13 02:00:00,30.67,5.9,71.3,6.3,13.77,10.73,6.17
2024-01-13 03:00:00,23.98,4.7,80.5,0.9,9.18,8.64,4.86
2024-01-13 04:00:00,23.81,5.8,73.2,2.1,10.48,9.25,4.92
2024-01-13 05:00:00,21.09,3.4,72.9,1.8,9.34,7.51,4.12
2024-01-13 06:00:00,16.81,6.7,79.7,2.8,7.43,5.09,3.55
2024-01-13 07:00:00,20.2,5.0,81.4,3.9,8.39,6.74,3.51
2024-01-13 08:00:00,23.53,7.7,73.1,4.8,10.42,7.75,4.41
2024-01-13 09:00:00,26.51,11.9,73.2,6.5,12.59,8.62,5.39
2024-01-13 10:00:00,25.91,9.6,68.4,1.8,10.66,9.67,5.51
2024-01-13 11:00:00,34.55,13.2,66.3,3.9,15.47,12.23,6.92
2024-01-13 12:00:00,32.17,13.9,69.4,3.8,14.38,11.5,5.96
2024-01-13 13:00:00,31.76,14.5,71.8,3.3,14.48,10.37,6.69
2024-01-13 14:00:00,30.61,11.1,68.7,4.6,14.26,10.84,6.17
2024-01-13 15:00:00,24.83,13.6,64.6,3.6,11.13,9.05,4.69
2024-01-13 16:00:00,25.13,12.1,74.4,3.8,12.15,8.86,4.75
2024-01-13 17:00:00,21.01,13.2,71.2,6.5,9.14,7.16,3.98
2024-01-13 18:00:00,18.93,8.0,75.1,6.0,9.42,7.29,3.54
2024-01-13 19:00:00,23.36,9.9,78.1,3.9,10.42,8.75,4.19
2024-01-13 20:00:00,27.72,8.4,83.7,1.7,11.94,9.63,5.69
2024-01-13 21:00:00,28.61,3.8,81.3,7.6,12.19,10.16,5.35
2024-01-13 22:00:00,31.92,4.2,76.0,4.2,14.71,11.11,6.3
2024-01-13 23:00:00,30.37,1.8,84.4,5.4,13.3,9.83,6.04
2024-01-14 00:00:00,28.5,2.6,76.7,1.0,13.03,9.44,5.56
2024-01-14 01:00:00,35.47,4.0,85.4,6.4,16.34,11.83,7.29
2024-01-14 02:00:00,34.82,3.3,76.5,4.6,15.21,12.58,7.05
2024-01-14 03:00:00,30.73,3.5,78.9,4.6,14.15,10.17,6.04
2024-01-14 04:00:00,23.22,2.2,77.2,1.4,9.8,7.89,4.33
2024-01-14 05:00:00,19.11,6.2,77.5,4.7,8.12,6.83,3.43
2024-01-14 06:00:00,18.58,5.5,78.5,1.2,8.7,6.18,3.98
2024-01-14 07:00:00,17.79,6.8,79.5,1.0,8.36,6.64,3.58
2024-01-14 08:00:00,23.79,9.5,73.2,2.7,10.71,8.26,5.02
2024-01-14 09:00:00,30.89,7.9,74.8,0.6,13.66,10.27,5.83
2024-01-14 10:00:00,29.33,10.9,68.1,1.8,13.25,11.01,6.0
2024-01-14 11:00:00,32.5,12.2,67.9,4.8,14.88,11.76,5.55
2024-01-14 12:00:00,35.94,11.6,63.2,5.7,15.93,12.9,8.03
2024-01-14 13:00:00,30.73,13.9,74.3,1.9,13.44,10.83,6.58
2024-01-14 14:00:00,34.77,13.8,67.0,5.6,15.63,12.26,6.45
2024-01-14 15:00:00,31.85,12.7,76.9,3.4,15.02,11.2,6.15
2024-01-14 16:00:00,23.73,12.2,68.8,7.6,10.23,7.94,4.61
2024-01-14 17:00:00,20.56,12.4,59.6,1.6,9.52,6.9,3.9
2024-01-14 18:00:00,22.99,11.7,67.7,1.0,11.11,8.04,4.45
2024-01-14 19:00:00,21.13,9.4,72.7,5.8,9.28,7.42,4.31
2024-01-14 20:00:00,21.17,9.7,72.7,2.8,10.29,7.84,3.94
2024-01-14 21:00:00,69.17,7.7,78.1,3.3,29.82,23.87,13.4
2024-01-14 22:00:00,32.72,2.9,81.4,3.6,14.28,12.58,7.03
2024-01-14 23:00:00,32.13,2.4,79.4,5.6,14.94,11.59,6.72
2024-01-15 00:00:00,38.16,5.5,72.8,1.2,16.51,13.43,7.54
2024-01-15 01:00:00,7.45,2.9,78.5,3.8,3.79,2.39,1.39
2024-01-15 02:00:00,37.83,3.3,83.0,3.2,17.22,12.85,7.44
2024-01-15 03:00:00,32.57,4.9,82.4,2.7,15.2,11.61,6.46
2024-01-15 04:00:00,29.21,3.7,76.2,2.8,12.45,10.14,5.75
2024-01-15 05:00:00,29.88,4.6,83.5,6.9,13.79,10.51,5.73
2024-01-15 06:00:00,28.15,4.3,81.7,2.4,12.53,9.97,5.37
2024-01-15 07:00:00,30.77,7.3,70.8,3.3,14.38,10.38,5.94
2024-01-15 08:00:00,27.59,8.9,74.5,3.5,12.09,9.61,5.31
2024-01-15 09:00:00,32.96,8.5,75.7,4.8,14.61,11.86,6.77
2024-01-15 10:00:00,39.46,9.2,67.7,3.6,18.28,14.06,8.13
2024-01-15 11:00:00,41.43,15.5,58.6,4.2,18.77,14.16,7.96
2024-01-15 12:00:00,45.15,12.3,71.7,3.0,20.65,15.99,9.26
2024-01-15 13:00:00,41.36,11.9,67.5,4.8,18.83,14.51,8.71
2024-01-15 14:00:00,42.19,14.1,74.6,3.4,19.56,14.96,8.61
2024-01-15 15:00:00,35.17,12.8,77.2,2.1,15.58,12.05,6.92
2024-01-15 16:00:00,32.72,10.8,73.4,5.5,14.3,11.64,6.13
2024-01-15 17:00:00,26.51,12.3,74.0,5.1,11.53,9.17,4.84
2024-01-15 18:00:00,26.35,9.3,67.7,4.2,10.92,9.11,5.41
2024-01-15 19:00:00,29.6,11.7,63.3,3.6,13.39,11.08,6.09
2024-01-15 20:00:00,34.1,8.8,72.7,2.1,15.15,11.98,7.3
2024-01-15 21:00:00,35.64,6.4,69.9,6.0,15.96,12.35,6.83
2024-01-15 22:00:00,37.36,5.7,78.7,1.4,15.93,13.78,7.05
2024-01-15 23:00:00,43.75,5.9,73.0,2.9,19.77,15.22,8.6
2024-01-16 00:00:00,35.9,4.0,80.1,5.9,15.98,13.0,6.52
2024-01-16 01:00:00,36.82,6.4,75.4,4.0,17.02,13.31,6.97
2024-01-16 02:00:00,39.34,4.8,81.4,3.2,17.75,13.65,8.69
2024-01-16 03:00:00,33.92,4.0,80.8,5.3,15.12,11.25,6.91
2024-01-16 04:00:00,31.65,2.4,79.2,9.1,14.52,11.82,6.05
2024-01-16 05:00:00,27.55,4.3,72.0,1.9,12.24,9.56,5.31
2024-01-16 06:00:00,27.81,6.3,77.2,1.0,12.8,10.25,6.16
2024-01-16 07:00:00,25.35,5.6,68.6,3.3,11.74,8.74,4.57
2024-01-16 08:00:00,31.56,10.0,78.2,2.5,14.07,11.04,6.47
2024-01-16 09:00:00,36.37,7.9,77.1,4.4,16.22,12.29,6.44
2024-01-16 10:00:00,40.68,9.6,76.6,3.5,19.02,13.56,8.54
2024-01-16 11:00:00,45.41,10.8,66.2,3.5,20.39,16.94,9.04
2024-01-16 12:00:00,41.99,13.5,69.5,2.8,18.4,15.44,8.29
2024-01-16 13:00:00,41.06,11.7,66.6,2.1,18.63,14.5,8.45
2024-01-16 14:00:00,33.82,10.4,72.3,2.1,15.78,12.63,6.85
2024-01-16 15:00:00,32.55,14.6,61.5,3.0,14.59,10.69,6.59
2024-01-16 16:00:00,29.65,11.8,69.5,4.5,13.06,11.42,5.94
2024-01-16 17:00:00,30.01,10.0,65.1,2.7,13.85,9.89,6.19
2024-01-16 18:00:00,24.85,9.5,71.8,2.7,11.36,8.73,4.97
2024-01-16 19:00:00,29.38,12.0,61.4,3.2,13.06,11.18,6.0
2024-01-16 20:00:00,30.13,7.1,84.2,9.2,13.76,10.38,5.96
2024-01-16 21:00:00,33.44,6.6,76.9,1.3,14.94,11.33,6.21
2024-01-16 22:00:00,38.25,4.9,78.1,2.5,18.35,13.54,8.05
2024-01-16 23:00:00,39.4,2.7,84.1,2.5,17.95,14.46,8.06
2024-01-17 00:00:00,40.37,2.7,74.3,8.1,18.76,14.35,8.53
2024-01-17 01:00:00,36.18,1.3,78.5,3.1,16.19,12.81,7.44
2024-01-17 02:00:00,37.07,4.6,81.2,3.9,17.32,11.99,6.74
2024-01-17 03:00:00,32.74,3.4,80.7,2.0,14.73,11.05,6.41
2024-01-17 04:00:00,28.9,7.5,71.4,0.5,13.31,9.95,5.87
2024-01-17 05:00:00,28.49,3.5,83.0,2.7,13.26,9.7,5.48
2024-01-17 06:00:00,28.09,4.3,80.3,4.3,12.79,9.31,5.19
2024-01-17 07:00:00,28.03,9.1,75.6,4.6,12.38,9.7,5.75
2024-01-17 08:00:00,32.68,9.7,74.3,5.0,14.42,11.37,6.62
2024-01-17 09:00:00,35.38,10.0,68.6,6.0,15.47,11.89,7.02
2024-01-17 10:00:00,36.96,9.0,72.9,1.5,15.45,13.45,7.58
2024-01-17 11:00:00,39.28,14.3,57.6,1.2,18.15,13.56,8.12
2024-01-17 12:00:00,42.23,12.3,66.6,5.3,18.87,14.95,8.42
2024-01-17 13:00:00,41.87,12.3,68.0,3.2,19.28,14.53,8.01
2024-01-17 14:00:00,41.19,14.8,69.3,7.3,18.09,14.62,8.35
2024-01-17 15:00:00,36.92,12.9,71.1,7.2,16.62,12.05,7.43
2024-01-17 16:00:00,28.84,10.7,67.4,1.7,12.99,9.82,5.45
2024-01-17 17:00:00,27.19,11.7,66.1,4.6,12.03,8.76,5.24
2024-01-17 18:00:00,28.12,9.4,79.2,1.1,13.17,9.52,5.53
2024-01-17 19:00:00,30.12,4.9,76.6,3.0,14.02,9.88,5.77
2024-01-17 20:00:00,32.54,6.8,76.4,5.8,14.53,11.59,6.66
2024-01-17 21:00:00,33.79,6.0,80.7,3.3,15.72,12.21,7.2
2024-01-17 22:00:00,34.56,3.9,78.9,0.8,16.06,12.55,6.74
2024-01-17 23:00:00,7.59,5.4,76.7,2.2,3.97,2.45,1.6
2024-01-18 00:00:00,42.19,2.7,79.2,1.3,19.71,14.81,8.84
2024-01-18 01:00:00,41.36,4.0,76.6,3.1,19.02,14.37,8.43
2024-01-18 02:00:00,35.01,1.3,83.2,4.6,16.27,11.54,7.17
2024-01-18 03:00:00,34.12,4.7,69.3,4.4,15.28,12.66,6.93
2024-01-18 04:00:00,31.83,1.9,79.9,4.8,14.22,10.25,6.61
2024-01-18 05:00:00,24.63,1.1,85.4,3.0,11.12,7.98,4.82
2024-01-18 06:00:00,29.27,7.5,77.1,2.4,13.12,9.61,5.75
2024-01-18 07:00:00,26.57,5.6,84.4,1.0,12.18,9.64,5.18
2024-01-18 08:00:00,33.4,10.8,75.2,7.1,15.08,10.92,7.09
2024-01-18 09:00:00,32.67,10.3,73.7,1.5,14.68,11.34,6.55
2024-01-18 10:00:00,35.19,11.8,69.9,1.9,16.74,12.78,7.36
2024-01-18 11:00:00,39.35,13.3,65.8,0.7,18.42,13.59,8.12
2024-01-18 12:00:00,41.27,12.7,71.3,2.6,19.29,13.84,8.12
2024-01-18 13:00:00,39.53,13.2,69.8,5.5,17.39,13.54,7.89
2024-01-18 14:00:00,37.21,15.1,64.0,2.7,16.82,12.3,7.7
2024-01-18 15:00:00,34.84,13.1,63.9,4.4,15.91,11.66,7.23
2024-01-18 16:00:00,29.83,11.4,70.1,7.8,13.59,10.91,5.96
2024-01-18 17:00:00,27.34,12.6,74.7,6.3,11.63,9.58,5.83
2024-01-18 18:00:00,22.23,7.5,75.6,1.9,10.13,8.19,4.02
2024-01-18 19:00:00,28.49,11.4,70.4,2.8,12.53,10.2,5.63
2024-01-18 20:00:00,30.03,10.2,73.9,5.0,13.82,11.21,5.93
2024-01-18 21:00:00,38.03,8.7,76.0,8.3,17.0,12.85,7.53
2024-01-18 22:00:00,35.41,7.4,76.4,4.8,15.19,11.91,7.53
2024-01-18 23:00:00,35.98,4.5,78.4,2.3,16.43,12.11,7.33
2024-01-19 00:00:00,43.11,3.7,77.0,1.6,18.96,15.12,8.61
2024-01-19 01:00:00,41.42,1.5,87.2,3.5,19.36,15.37,7.94
2024-01-19 02:00:00,35.29,5.8,74.9,2.0,15.49,11.77,7.68
2024-01-19 03:00:00,30.24,2.6,88.7,2.2,12.98,10.7,6.01
2024-01-19 04:00:00,34.15,4.4,79.5,4.3,15.36,11.99,6.4
2024-01-19 05:00:00,31.1,5.0,78.2,3.6,14.32,10.58,6.24
2024-01-19 06:00:00,20.34,3.7,83.4,1.5,7.83,6.7,4.36
2024-01-19 07:00:00,26.42,4.3,75.6,1.7,12.46,8.83,4.76
2024-01-19 08:00:00,34.47,8.2,77.0,0.6,15.0,10.46,6.77
2024-01-19 09:00:00,32.87,8.8,74.0,2.1,15.53,11.29,6.37
2024-01-19 10:00:00,36.58,10.6,73.4,6.3,15.88,13.37,7.44
2024-01-19 11:00:00,39.85,13.3,64.6,5.3,17.46,13.69,7.88
2024-01-19 12:00:00,38.76,12.9,65.1,3.1,17.23,13.01,8.25
2024-01-19 13:00:00,36.29,14.2,57.9,4.9,17.2,11.62,7.8
2024-01-19 14:00:00,40.44,13.9,65.1,3.1,19.23,14.87,8.28
2024-01-19 15:00:00,29.45,12.5,66.4,5.3,12.86,10.74,6.16
2024-01-19 16:00:00,30.93,11.0,67.4,1.9,13.25,11.01,6.53
2024-01-19 17:00:00,29.78,12.1,68.9,1.7,14.31,9.28,5.71
2024-01-19 18:00:00,22.93,10.8,71.3,1.2,9.38,8.55,4.45
2024-01-19 19:00:00,25.25,10.9,73.5,2.2,10.93,8.84,4.79
2024-01-19 20:00:00,33.34,8.0,77.3,1.7,15.17,11.11,6.51
2024-01-19 21:00:00,35.39,6.4,79.5,5.4,15.74,11.21,7.31
2024-01-19 22:00:00,36.27,5.3,81.1,2.2,15.83,13.61,7.29
2024-01-19 23:00:00,43.56,3.3,81.4,3.6,18.72,15.67,9.44
2024-01-20 00:00:00,35.88,6.1,77.0,5.0,15.7,12.42,7.18
2024-01-20 01:00:00,32.78,5.1,82.5,4.5,14.91,10.36,6.44
2024-01-20 02:00:00,27.8,1.4,85.8,2.0,12.56,9.32,5.42
2024-01-20 03:00:00,26.2,4.6,71.1,1.2,11.21,8.64,5.3
2024-01-20 04:00:00,25.14,1.1,81.8,6.6,11.5,8.8,4.58
2024-01-20 05:00:00,21.9,6.2,67.6,4.2,10.11,7.8,3.94
2024-01-20 06:00:00,23.96,4.7,69.3,4.7,9.8,8.55,4.88
2024-01-20 07:00:00,18.54,7.5,72.5,3.0,8.15,6.83,3.89
2024-01-20 08:00:00,20.69,5.3,77.0,2.2,8.35,7.42,3.92
2024-01-20 09:00:00,27.69,7.7,72.6,3.7,13.31,10.52,5.69
2024-01-20 10:00:00,28.82,11.4,61.4,1.2,13.29,10.28,5.31
2024-01-20 11:00:00,30.54,10.7,75.0,5.4,13.66,11.09,6.12
2024-01-20 12:00:00,28.44,11.3,66.9,4.4,12.01,10.94,5.25
2024-01-20 13:00:00,32.16,15.1,68.3,5.1,14.05,11.53,6.51
2024-01-20 14:00:00,29.92,16.5,60.8,3.9,13.37,10.17,6.0
2024-01-20 15:00:00,28.87,14.5,64.2,3.9,13.67,10.38,5.88
2024-01-20 16:00:00,24.6,10.9,73.1,4.1,11.32,8.25,4.72
2024-01-20 17:00:00,22.03,14.4,65.0,5.3,10.05,7.32,4.15
2024-01-20 18:00:00,24.56,8.4,74.8,2.1,11.07,9.01,5.13
2024-01-20 19:00:00,19.09,9.1,74.5,4.5,8.85,5.72,4.3
2024-01-20 20:00:00,25.77,8.3,66.9,3.8,12.33,8.91,4.94
2024-01-20 21:00:00,23.06,9.8,74.6,3.5,9.44,8.25,4.61
2024-01-20 22:00:00,27.95,7.1,70.8,3.7,12.79,9.99,6.15
2024-01-20 23:00:00,29.08,4.0,73.7,2.4,13.18,10.2,5.94
2024-01-21 00:00:00,34.87,2.5,77.3,0.8,15.81,11.84,7.53
2024-01-21 01:00:00,31.99,4.9,82.1,5.1,14.75,12.11,6.48
2024-01-21 02:00:00,30.07,2.5,73.0,6.7,13.88,10.41,5.9
2024-01-21 03:00:00,4.9,3.8,82.7,3.4,2.34,1.45,1.16
2024-01-21 04:00:00,23.73,1.9,83.4,5.7,10.57,8.89,4.96
2024-01-21 05:00:00,20.51,5.6,77.7,3.8,9.41,6.58,3.96
2024-01-21 06:00:00,22.62,6.5,77.4,6.9,10.03,7.9,4.91
2024-01-21 07:00:00,19.94,5.1,76.4,3.6,9.13,6.33,3.94
2024-01-21 08:00:00,27.8,9.8,75.6,2.0,12.81,9.21,5.36
2024-01-21 09:00:00,23.1,10.4,69.4,6.1,9.89,7.94,4.29
2024-01-21 10:00:00,28.08,11.9,61.6,5.4,13.08,9.96,5.41
2024-01-21 11:00:00,36.35,11.2,70.1,3.0,16.7,13.16,7.65
2024-01-21 12:00:00,31.82,12.9,72.6,5.8,13.43,10.65,5.99
2024-01-21 13:00:00,28.87,13.2,70.6,0.5,12.06,10.92,5.72
2024-01-21 14:00:00,30.65,13.0,77.4,5.4,14.21,10.7,6.01
2024-01-21 15:00:00,26.1,13.4,66.7,4.6,11.02,8.92,4.94
2024-01-21 16:00:00,22.38,14.5,65.8,2.9,9.74,8.31,4.27
2024-01-21 17:00:00,19.68,13.4,66.7,5.3,8.56,7.13,4.26
2024-01-21 18:00:00,28.58,9.0,69.3,1.6,12.84,9.75,5.88
2024-01-21 19:00:00,21.79,11.0,68.4,2.0,10.14,7.8,4.24
2024-01-21 20:00:00,19.66,10.1,66.7,3.7,9.42,6.85,3.99
2024-01-21 21:00:00,31.02,6.7,64.4,6.2,13.72,10.73,6.15
2024-01-21 22:00:00,31.63,6.5,73.3,1.6,14.64,10.27,6.73
2024-01-21 23:00:00,30.24,5.5,77.6,3.9,13.89,10.36,6.17
2024-01-22 00:00:00,39.37,2.7,83.9,5.0,17.75,14.16,7.88
2024-01-22 01:00:00,42.39,2.9,77.6,4.9,19.27,15.1,8.47
2024-01-22 02:00:00,37.34,4.4,75.9,4.2,16.68,13.35,7.48
2024-01-22 03:00:00,29.39,2.7,85.9,7.1,13.15,10.22,5.8
2024-01-22 04:00:00,34.92,5.4,70.8,3.4,15.98,12.86,6.96
2024-01-22 05:00:00,26.63,6.7,75.1,6.2,11.37,9.29,4.82
2024-01-22 06:00:00,30.45,7.5,79.8,4.2,13.23,10.33,5.9
2024-01-22 07:00:00,30.91,10.0,68.5,4.9,14.15,11.16,6.15
2024-01-22 08:00:00,27.95,8.2,66.5,3.4,13.02,10.0,5.5
2024-01-22 09:00:00,36.79,9.9,80.7,1.8,16.78,12.91,6.84
2024-01-22 10:00:00,36.33,11.3,74.4,1.4,16.16,13.77,7.7
2024-01-22 11:00:00,36.04,11.8,74.0,4.5,16.19,13.86,7.03
2024-01-22 12:00:00,40.65,13.5,67.4,2.9,17.6,14.55,8.32
2024-01-22 13:00:00,41.7,10.6,74.5,3.9,18.92,14.69,8.23
2024-01-22 14:00:00,36.8,13.6,55.2,5.0,16.15,12.66,7.66
2024-01-22 15:00:00,33.44,11.1,68.5,5.3,14.44,11.65,7.12
2024-01-22 16:00:00,33.32,11.2,75.3,3.6,15.7,12.1,7.41
2024-01-22 17:00:00,27.98,12.9,61.5,2.6,12.64,9.36,5.83
2024-01-22 18:00:00,24.6,10.5,69.7,5.2,10.6,8.4,4.84
2024-01-22 19:00:00,29.47,10.7,72.8,3.1,12.88,10.26,6.11
2024-01-22 20:00:00,30.95,8.0,70.5,7.0,13.99,10.38,5.7
2024-01-22 21:00:00,27.9,8.7,73.6,5.6,11.92,8.89,5.74
2024-01-22 22:00:00,39.03,5.5,79.4,5.0,18.2,12.36,7.85
2024-01-22 23:00:00,41.68,1.8,83.3,2.2,17.65,14.42,7.86
2024-01-23 00:00:00,41.8,4.4,76.8,2.8,18.67,14.37,8.21
2024-01-23 01:00:00,42.97,0.3,79.5,5.8,19.33,15.2,9.02
2024-01-23 02:00:00,36.32,1.2,84.6,0.6,16.18,11.95,6.98
2024-01-23 03:00:00,35.09,2.2,83.0,5.2,16.17,11.49,7.01
2024-01-23 04:00:00,26.58,2.5,82.4,3.1,12.14,9.67,4.84
2024-01-23 05:00:00,28.77,4.0,79.8,5.4,12.75,9.82,5.79
2024-01-23 06:00:00,31.63,4.3,80.5,3.8,13.88,11.08,6.17
2024-01-23 07:00:00,25.27,5.0,82.4,3.7,11.05,9.52,4.07
2024-01-23 08:00:00,28.6,10.7,72.7,4.7,13.14,9.27,5.62
2024-01-23 09:00:00,32.47,8.6,74.1,5.4,14.26,11.62,6.71
2024-01-23 10:00:00,38.32,7.5,72.3,4.6,18.46,13.2,7.37
2024-01-23 11:00:00,38.09,11.4,77.3,3.3,17.35,12.89,7.53
2024-01-23 12:00:00,42.8,11.0,65.2,2.6,19.31,15.14,8.74
2024-01-23 13:00:00,42.86,11.9,68.8,5.8,19.24,15.12,8.28
2024-01-23 14:00:00,39.33,14.4,64.1,3.6,17.18,14.21,7.57
2024-01-23 15:00:00,29.83,12.5,59.8,5.2,13.81,10.35,5.79
2024-01-23 16:00:00,32.99,11.0,72.6,9.9,14.25,11.11,6.68
2024-01-23 17:00:00,30.1,12.6,67.9,4.3,14.37,9.79,6.23
2024-01-23 18:00:00,28.82,12.6,69.1,2.4,13.46,9.53,5.81
2024-01-23 19:00:00,28.69,10.5,70.6,6.0,13.24,9.65,5.58
2024-01-23 20:00:00,31.05,4.7,82.2,2.4,14.37,10.03,6.43
2024-01-23 21:00:00,36.83,5.4,81.9,2.3,16.73,12.38,7.49
2024-01-23 22:00:00,42.81,5.9,71.4,1.2,19.33,15.06,8.51
2024-01-23 23:00:00,38.36,4.5,87.5,1.2,17.1,12.68,7.09
2024-01-24 00:00:00,44.48,3.6,78.5,6.0,19.91,16.2,9.13
2024-01-24 01:00:00,40.57,2.1,84.4,2.2,17.96,14.61,8.12
2024-01-24 02:00:00,37.71,1.3,83.3,1.4,17.06,13.22,7.53
2024-01-24 03:00:00,30.44,6.6,76.6,2.8,14.61,11.39,6.47
2024-01-24 04:00:00,29.82,4.1,81.8,4.7,13.67,9.77,6.02
2024-01-24 05:00:00,25.3,5.8,83.6,2.7,10.8,8.47,4.38
2024-01-24 06:00:00,25.63,5.9,80.8,2.6,12.16,8.11,5.35
2024-01-24 07:00:00,25.04,7.2,74.2,3.5,10.69,8.43,5.36
2024-01-24 08:00:00,29.41,8.3,73.6,0.6,13.86,10.16,5.74
2024-01-24 09:00:00,33.27,8.0,71.6,3.5,15.12,11.66,6.93
2024-01-24 10:00:00,38.28,8.6,77.2,9.1,17.35,14.25,8.35
2024-01-24 11:00:00,36.74,12.5,71.9,5.4,17.1,12.77,7.67
2024-01-24 12:00:00,38.17,13.0,66.7,1.1,17.92,13.69,7.3
2024-01-24 13:00:00,41.69,14.6,73.1,4.4,18.61,14.39,8.42
2024-01-24 14:00:00,36.04,14.5,72.0,3.3,15.31,12.87,7.48
2024-01-24 15:00:00,36.97,12.0,78.7,5.6,17.01,12.65,7.73
2024-01-24 16:00:00,31.1,14.4,62.7,1.4,13.5,10.56,6.15
2024-01-24 17:00:00,29.31,13.1,67.8,2.2,12.8,10.99,6.11
2024-01-24 18:00:00,69.72,11.9,68.7,5.3,31.52,24.78,14.01
2024-01-24 19:00:00,27.02,13.1,81.3,5.8,11.94,9.5,5.7
2024-01-24 20:00:00,29.1,11.5,70.3,3.7,12.75,10.96,5.71
2024-01-24 21:00:00,36.46,8.2,80.5,0.6,16.21,12.6,7.49
2024-01-24 22:00:00,39.31,6.8,81.1,6.4,18.28,13.96,8.07
2024-01-24 23:00:00,40.31,6.5,75.8,2.9,17.89,13.88,7.68
2024-01-25 00:00:00,45.3,3.3,80.4,0.9,20.4,15.56,9.0
2024-01-25 01:00:00,40.28,2.8,83.3,5.5,18.74,13.92,8.01
2024-01-25 02:00:00,38.15,4.5,84.9,3.1,17.05,13.63,7.52
2024-01-25 03:00:00,34.37,2.4,80.3,1.9,14.97,10.37,6.5
2024-01-25 04:00:00,28.23,5.0,75.4,5.4,12.56,9.49,6.13
2024-01-25 05:00:00,28.02,5.2,82.5,3.3,11.6,11.03,5.82
2024-01-25 06:00:00,30.31,4.7,72.6,4.1,13.7,11.54,5.8
2024-01-25 07:00:00,28.94,7.2,76.6,5.6,12.84,9.6,5.61
2024-01-25 08:00:00,30.65,10.4,76.8,3.6,13.23,10.41,6.72
2024-01-25 09:00:00,33.91,9.9,74.3,1.5,16.41,12.66,6.51
2024-01-25 10:00:00,38.9,11.1,67.8,7.7,16.99,13.38,7.86
2024-01-25 11:00:00,42.69,12.5,64.0,2.5,19.72,15.49,8.59
2024-01-25 12:00:00,43.34,13.5,73.8,9.6,19.83,15.56,9.02
2024-01-25 13:00:00,39.98,12.8,67.8,0.5,17.79,14.07,8.15
2024-01-25 14:00:00,38.88,14.0,62.7,3.4,17.75,13.41,7.48
2024-01-25 15:00:00,35.52,11.7,75.6,4.7,15.81,13.07,7.2
2024-01-25 16:00:00,28.05,11.6,74.1,6.5,12.41,9.37,5.66
2024-01-25 17:00:00,28.24,11.0,65.5,5.2,12.55,9.87,5.51
2024-01-25 18:00:00,21.42,11.7,82.6,2.3,10.02,7.61,4.07
2024-01-25 19:00:00,29.03,10.0,69.3,2.2,13.21,10.15,5.87
2024-01-25 20:00:00,32.22,8.3,78.0,2.8,14.64,11.7,6.32
2024-01-25 21:00:00,36.19,8.2,84.1,1.5,15.42,12.73,7.29
2024-01-25 22:00:00,37.08,6.5,80.6,4.5,16.88,12.99,7.49
2024-01-25 23:00:00,41.59,4.5,79.9,7.1,18.16,14.64,8.45
2024-01-26 00:00:00,45.41,2.6,73.7,4.3,19.89,15.51,8.8
2024-01-26 01:00:00,44.38,2.5,91.2,3.7,19.94,15.53,8.79
2024-01-26 02:00:00,38.03,1.3,86.7,3.5,17.94,12.92,7.33
2024-01-26 03:00:00,34.7,3.9,72.2,4.0,15.86,11.1,6.66
2024-01-26 04:00:00,33.38,2.9,88.2,4.7,14.38,12.16,6.9
2024-01-26 05:00:00,24.1,4.2,79.2,5.3,11.96,8.44,4.94
2024-01-26 06:00:00,26.04,5.8,75.6,4.6,11.22,9.03,5.63
2024-01-26 07:00:00,31.19,8.8,70.6,4.7,14.58,11.34,5.81
2024-01-26 08:00:00,33.04,9.9,73.0,7.4,15.57,10.94,6.51
2024-01-26 09:00:00,35.27,9.7,76.4,6.4,15.96,12.47,6.91
2024-01-26 10:00:00,34.33,12.9,66.0,5.6,14.81,12.65,7.35
2024-01-26 11:00:00,40.72,9.0,73.8,0.9,18.39,15.2,7.92
2024-01-26 12:00:00,40.37,15.7,82.1,4.5,18.13,13.86,7.94
2024-01-26 13:00:00,41.67,14.4,69.1,3.3,17.8,14.5,8.72
2024-01-26 14:00:00,36.08,13.7,72.4,4.2,16.07,12.71,7.72
2024-01-26 15:00:00,31.78,12.0,64.8,4.6,13.66,10.55,5.72
2024-01-26 16:00:00,25.44,12.2,62.6,4.8,11.43,9.16,5.19
2024-01-26 17:00:00,30.91,13.0,75.8,6.1,14.26,11.01,5.89
2024-01-26 18:00:00,25.85,12.0,75.5,6.6,11.54,9.12,5.52
2024-01-26 19:00:00,28.25,10.8,79.6,4.1,13.3,10.38,5.9
2024-01-26 20:00:00,30.59,7.4,74.7,6.4,14.01,10.34,5.93
2024-01-26 21:00:00,31.68,5.8,83.3,5.1,13.8,10.77,6.12
2024-01-26 22:00:00,34.95,6.3,63.6,2.0,15.38,13.28,6.86
2024-01-26 23:00:00,38.33,6.1,79.3,0.8,17.88,12.99,7.72
2024-01-27 00:00:00,31.32,4.3,84.1,0.5,13.98,10.97,5.87
2024-01-27 01:00:00,33.29,6.0,73.4,4.0,16.35,12.22,6.47
2024-01-27 02:00:00,28.32,3.6,84.9,3.6,12.18,10.44,5.87
2024-01-27 03:00:00,31.86,3.8,78.6,4.6,14.91,11.71,6.25
2024-01-27 04:00:00,27.25,5.3,77.3,5.8,11.39,9.6,5.48
2024-01-27 05:00:00,24.65,6.9,74.5,1.8,9.5,8.55,4.62
2024-01-27 06:00:00,21.57,4.1,87.0,5.9,9.95,7.23,4.28
2024-01-27 07:00:00,26.41,5.6,75.0,1.4,10.78,9.19,5.27
2024-01-27 08:00:00,24.14,8.1,71.4,6.2,11.53,8.88,4.92
2024-01-27 09:00:00,27.42,14.6,62.2,5.8,12.97,9.67,5.65
2024-01-27 10:00:00,30.74,10.7,69.3,4.6,13.47,10.52,5.94
2024-01-27 11:00:00,34.12,11.9,70.6,2.5,15.11,12.11,7.27
2024-01-27 12:00:00,34.72,13.8,70.6,1.3,14.51,11.67,6.49
2024-01-27 13:00:00,31.18,14.9,62.4,5.2,13.22,11.01,6.05
2024-01-27 14:00:00,28.98,13.8,69.3,2.1,12.46,9.6,5.29
2024-01-27 15:00:00,29.1,15.2,68.9,3.2,12.48,10.35,6.01
2024-01-27 16:00:00,26.47,11.1,66.0,3.7,12.0,9.41,5.19
2024-01-27 17:00:00,21.64,11.0,71.1,4.6,10.52,7.96,4.17
2024-01-27 18:00:00,17.91,12.8,68.2,3.5,7.86,6.7,3.47
2024-01-27 19:00:00,22.11,9.9,72.5,4.6,9.92,7.67,3.98
2024-01-27 20:00:00,26.24,6.7,73.3,5.5,11.94,9.32,4.92
2024-01-27 21:00:00,32.01,5.3,77.0,4.7,13.84,11.01,6.86
2024-01-27 22:00:00,27.32,4.9,78.3,2.5,12.35,9.51,5.64
2024-01-27 23:00:00,31.3,5.1,87.3,6.4,13.75,10.91,6.39
2024-01-28 00:00:00,32.17,5.0,78.2,3.8,15.31,11.18,6.73
2024-01-28 01:00:00,35.78,3.3,86.7,3.4,15.87,13.08,7.16
2024-01-28 02:00:00,30.24,4.2,86.0,3.9,13.78,10.98,6.06
2024-01-28 03:00:00,25.25,3.2,73.6,3.4,11.26,8.22,4.64
2024-01-28 04:00:00,26.1,6.2,75.2,5.0,11.56,9.01,4.88
2024-01-28 05:00:00,21.64,8.9,80.3,3.1,9.95,8.1,4.64
2024-01-28 06:00:00,18.83,5.6,78.2,5.2,8.25,6.09,3.38
2024-01-28 07:00:00,20.42,8.1,73.7,5.1,9.1,6.67,3.8
2024-01-28 08:00:00,29.04,9.3,76.6,2.4,12.9,10.74,5.43
2024-01-28 09:00:00,28.48,10.2,77.2,1.3,13.89,10.48,5.69
2024-01-28 10:00:00,30.6,12.1,69.3,5.9,13.7,10.84,6.08
2024-01-28 11:00:00,31.77,12.9,67.1,1.8,14.65,10.59,6.29
2024-01-28 12:00:00,60.98,12.3,57.5,0.8,27.09,21.12,11.45
2024-01-28 13:00:00,33.09,15.5,65.7,3.0,14.74,10.68,6.58
2024-01-28 14:00:00,31.06,14.0,65.3,2.3,14.51,11.43,6.33
2024-01-28 15:00:00,27.81,12.9,63.5,2.1,12.65,10.01,5.69
2024-01-28 16:00:00,26.88,16.6,63.0,1.8,13.03,9.57,5.09
2024-01-28 17:00:00,22.71,12.0,67.5,5.0,9.95,7.52,4.88
2024-01-28 18:00:00,19.45,11.5,71.0,5.2,9.71,6.58,3.95
2024-01-28 19:00:00,21.12,10.2,70.4,0.9,9.48,7.65,4.14
2024-01-28 20:00:00,19.76,8.5,76.1,3.8,8.83,6.62,4.24
2024-01-28 21:00:00,32.59,8.0,75.2,1.6,14.88,12.2,6.38
2024-01-28 22:00:00,32.49,4.9,84.5,3.5,14.51,10.9,6.76
2024-01-28 23:00:00,30.32,6.0,74.1,2.8,14.09,10.61,6.01
2024-01-29 00:00:00,41.21,1.8,90.8,2.0,18.48,14.59,7.81
2024-01-29 01:00:00,39.31,1.9,87.0,7.3,17.39,13.38,7.83
2024-01-29 02:00:00,42.02,6.5,83.7,7.5,18.88,15.28,8.78
2024-01-29 03:00:00,30.86,2.0,82.9,3.9,12.74,10.65,5.97
2024-01-29 04:00:00,30.95,1.5,80.9,1.9,13.61,11.16,6.17
2024-01-29 05:00:00,27.65,3.3,77.3,4.0,12.68,10.0,5.5
2024-01-29 06:00:00,28.98,8.8,82.2,6.9,13.69,9.25,5.5
2024-01-29 07:00:00,27.66,4.7,83.8,2.9,12.86,9.86,5.25
2024-01-29 08:00:00,26.27,7.3,70.2,1.6,11.91,8.43,5.24
2024-01-29 09:00:00,33.78,7.8,79.5,4.6,15.22,12.01,6.82
2024-01-29 10:00:00,35.73,10.8,66.9,4.4,15.93,12.52,6.91
2024-01-29 11:00:00,41.11,11.6,71.7,0.5,18.46,13.69,8.73
2024-01-29 12:00:00,45.5,12.3,73.3,5.9,20.78,15.5,9.19
2024-01-29 13:00:00,36.56,16.3,71.7,4.4,16.07,13.87,7.01
2024-01-29 14:00:00,36.16,11.9,70.9,2.0,16.25,12.83,7.53
2024-01-29 15:00:00,33.03,13.4,67.3,0.5,15.37,12.21,6.85
2024-01-29 16:00:00,68.33,13.6,67.9,8.0,31.14,23.68,14.22
2024-01-29 17:00:00,29.77,10.8,76.4,5.0,13.58,10.32,5.95
2024-01-29 18:00:00,26.48,12.0,73.6,2.9,11.44,8.94,5.25
2024-01-29 19:00:00,28.96,9.4,72.6,3.2,13.54,10.13,5.96
2024-01-29 20:00:00,29.1,9.3,63.5,3.7,12.1,9.56,5.9
2024-01-29 21:00:00,34.99,7.3,63.1,4.8,15.4,12.62,6.91
2024-01-29 22:00:00,40.11,3.1,81.4,1.8,18.2,14.3,7.9
2024-01-29 23:00:00,39.08,7.1,69.5,2.0,18.0,13.58,7.72
2024-01-30 00:00:00,43.88,7.6,72.3,0.9,19.5,15.24,8.83
2024-01-30 01:00:00,41.05,3.7,78.4,8.8,18.71,14.32,8.15
2024-01-30 02:00:00,40.79,2.4,91.4,6.1,17.84,14.2,7.56
2024-01-30 03:00:00,33.92,6.2,77.1,3.8,15.46,12.32,6.88
2024-01-30 04:00:00,31.63,7.3,78.8,3.2,14.77,11.97,6.7
2024-01-30 05:00:00,27.83,5.0,80.5,2.2,12.49,9.43,5.35
2024-01-30 06:00:00,26.68,6.0,64.7,4.0,12.76,10.1,5.35
2024-01-30 07:00:00,28.58,7.4,73.1,4.6,13.03,9.92,5.62
2024-01-30 08:00:00,32.02,6.3,70.4,4.6,14.78,10.29,6.53
2024-01-30 09:00:00,31.3,9.7,81.1,0.5,14.22,11.29,6.52
2024-01-30 10:00:00,41.76,13.9,58.3,4.7,17.73,14.26,8.67
2024-01-30 11:00:00,36.27,12.1,67.4,6.0,16.91,12.81,7.09
2024-01-30 12:00:00,40.21,11.6,68.8,1.5,18.4,13.01,8.15
2024-01-30 13:00:00,40.68,14.4,61.8,5.0,18.38,14.19,8.67
2024-01-30 14:00:00,39.21,12.8,69.2,5.6,17.05,14.56,7.69
2024-01-30 15:00:00,38.36,13.5,67.6,2.4,17.24,12.96,7.66
2024-01-30 16:00:00,26.03,11.2,71.4,4.7,11.55,9.22,5.14
2024-01-30 17:00:00,26.66,10.8,73.6,1.4,11.04,9.56,5.63
2024-01-30 18:00:00,21.61,12.4,70.3,4.3,10.78,7.39,4.14
2024-01-30 19:00:00,28.01,10.3,73.6,3.6,13.24,10.17,6.41
2024-01-30 20:00:00,31.35,7.6,80.4,5.8,13.72,11.2,6.5
2024-01-30 21:00:00,38.4,7.7,66.5,3.3,16.94,13.03,7.67
2024-01-30 22:00:00,38.48,5.4,81.0,3.2,17.43,12.81,8.2
2024-01-30 23:00:00,43.53,4.1,73.9,7.0,20.0,14.81,8.29
2024-01-31 00:00:00,43.39,6.3,73.2,7.0,19.45,14.65,8.33
2024-01-31 01:00:00,39.84,5.2,78.3,0.8,18.11,14.08,7.9
2024-01-31 02:00:00,34.66,3.8,81.5,3.5,15.26,12.63,6.91
2024-01-31 03:00:00,35.12,4.3,81.5,1.8,15.41,12.42,6.97
2024-01-31 04:00:00,26.95,4.5,73.8,2.4,11.88,9.49,5.62
2024-01-31 05:00:00,31.18,6.1,84.9,4.4,13.77,11.9,5.99
2024-01-31 06:00:00,61.01,5.2,75.7,1.6,26.73,20.35,12.39
2024-01-31 07:00:00,30.93,8.9,69.8,0.5,13.95,10.75,6.23
2024-01-31 08:00:00,29.48,9.4,66.4,4.8,13.97,10.83,6.16
2024-01-31 09:00:00,35.1,9.8,65.4,4.3,15.27,12.25,7.18
2024-01-31 10:00:00,38.71,10.6,64.2,6.5,17.17,13.57,7.48
2024-01-31 11:00:00,40.82,13.7,69.2,3.8,18.02,13.96,8.52
2024-01-31 12:00:00,40.85,13.0,71.5,7.2,17.83,14.76,8.19
2024-01-31 13:00:00,41.91,12.7,64.5,4.1,17.38,14.44,8.18
2024-01-31 14:00:00,35.87,13.3,62.3,3.0,15.78,13.05,7.57
2024-01-31 15:00:00,31.41,14.9,65.1,4.1,13.8,11.76,5.8
2024-01-31 16:00:00,33.79,10.8,71.5,5.0,15.71,11.64,6.25
2024-01-31 17:00:00,29.76,11.9,71.1,2.8,13.39,10.09,5.99
2024-01-31 18:00:00,27.1,13.0,63.6,2.9,12.64,9.05,5.3
2024-01-31 19:00:00,32.1,9.9,71.3,4.2,14.45,11.56,6.89
2024-01-31 20:00:00,30.01,9.3,80.7,3.3,13.35,10.8,6.11
2024-01-31 21:00:00,37.74,9.2,67.0,3.7,17.91,13.36,7.43
2024-01-31 22:00:00,38.62,7.7,74.6,8.5,17.18,13.34,7.68
2024-01-31 23:00:00,38.37,4.7,80.9,0.9,17.3,13.76,8.06
2024-02-01 00:00:00,46.56,4.4,73.9,4.3,20.7,16.89,9.37
2024-02-01 01:00:00,43.41,5.5,80.5,6.8,19.28,13.93,8.81
2024-02-01 02:00:00,37.88,5.4,70.9,2.2,17.6,14.14,7.72
2024-02-01 03:00:00,36.25,4.0,82.4,2.1,16.35,12.08,7.75
2024-02-01 04:00:00,29.68,4.5,78.8,2.8,12.86,10.64,6.06
2024-02-01 05:00:00,30.01,5.8,69.9,1.2,13.63,10.94,5.94
2024-02-01 06:00:00,20.96,8.5,77.2,3.8,9.95,7.43,4.12
2024-02-01 07:00:00,25.39,9.3,68.4,4.3,11.09,8.83,5.06
2024-02-01 08:00:00,33.13,10.0,71.2,5.6,14.58,11.21,6.75
2024-02-01 09:00:00,33.81,8.6,76.8,1.1,14.9,12.04,6.54
2024-02-01 10:00:00,38.71,11.0,65.9,3.2,17.3,13.88,7.69
2024-02-01 11:00:00,37.56,12.2,66.8,5.3,17.13,13.25,8.11
2024-02-01 12:00:00,46.56,15.4,71.1,5.1,20.97,15.42,9.12
2024-02-01 13:00:00,43.91,13.4,57.5,1.2,19.86,15.71,8.56
2024-02-01 14:00:00,37.68,15.8,72.1,0.5,17.65,13.12,7.95
2024-02-01 15:00:00,33.42,12.9,61.2,5.2,15.11,11.66,6.67
2024-02-01 16:00:00,33.26,12.5,65.5,1.6,15.36,11.71,6.83
2024-02-01 17:00:00,32.9,13.2,69.6,3.9,14.53,11.47,7.22
2024-02-01 18:00:00,29.32,13.8,70.5,1.3,13.45,9.52,5.81
2024-02-01 19:00:00,33.37,9.9,73.6,2.5,15.18,11.46,6.78
2024-02-01 20:00:00,28.38,5.1,78.1,1.8,12.64,10.02,5.44
2024-02-01 21:00:00,32.39,5.3,75.5,4.9,14.73,10.96,6.4
2024-02-01 22:00:00,35.21,6.9,83.5,4.5,15.09,12.83,7.02
2024-02-01 23:00:00,42.04,3.2,84.0,1.6,19.16,15.39,7.84
2024-02-02 00:00:00,42.37,3.4,85.8,1.0,18.41,15.64,8.78
2024-02-02 01:00:00,40.55,4.2,76.8,3.4,18.91,14.89,8.29
2024-02-02 02:00:00,40.21,0.4,71.9,2.0,18.0,13.33,8.13
2024-02-02 03:00:00,37.52,3.6,84.7,0.5,16.51,13.16,7.69
2024-02-02 04:00:00,26.87,3.0,82.2,2.4,12.47,9.86,4.82
2024-02-02 05:00:00,26.45,3.2,81.0,2.1,12.1,9.38,5.5
2024-02-02 06:00:00,28.99,5.3,74.8,4.6,13.05,10.97,5.42
2024-02-02 07:00:00,26.77,6.1,74.9,6.0,10.71,8.41,5.16
2024-02-02 08:00:00,28.69,9.7,69.3,2.2,13.41,10.38,5.93
2024-02-02 09:00:00,36.98,12.1,69.7,2.1,16.69,12.36,7.01
2024-02-02 10:00:00,34.96,11.0,65.1,3.0,15.46,12.4,7.06
2024-02-02 11:00:00,40.18,11.7,73.8,1.8,17.6,12.74,8.64
2024-02-02 12:00:00,42.76,12.7,78.9,7.3,19.87,15.26,8.46
2024-02-02 13:00:00,39.5,12.2,66.4,2.2,17.96,14.87,8.16
2024-02-02 14:00:00,40.14,12.1,61.5,1.3,18.89,14.28,7.43
2024-02-02 15:00:00,33.01,11.4,69.8,3.8,15.51,11.82,7.05
2024-02-02 16:00:00,34.21,11.4,71.9,3.7,15.5,11.78,6.78
2024-02-02 17:00:00,27.63,15.0,68.2,4.2,12.66,10.16,5.4
2024-02-02 18:00:00,28.61,10.5,79.4,7.8,12.14,10.32,5.55
2024-02-02 19:00:00,29.81,5.9,81.0,2.7,13.77,10.37,5.39
2024-02-02 20:00:00,29.12,8.1,65.2,2.8,13.19,10.07,5.86
2024-02-02 21:00:00,29.3,5.4,71.4,2.7,13.18,10.68,5.42
2024-02-02 22:00:00,39.09,6.6,78.1,4.2,17.37,13.57,7.35
2024-02-02 23:00:00,41.11,5.4,75.2,4.1,18.86,15.09,7.97
2024-02-03 00:00:00,34.57,4.9,85.7,3.7,15.3,11.93,7.04
2024-02-03 01:00:00,31.86,4.2,74.2,2.9,13.8,11.13,5.9
2024-02-03 02:00:00,29.29,3.6,84.5,3.2,12.7,10.54,5.57
2024-02-03 03:00:00,32.58,2.1,78.2,5.3,14.07,11.68,6.92
2024-02-03 04:00:00,21.06,4.7,79.7,4.1,9.96,7.4,4.19
2024-02-03 05:00:00,24.52,7.1,71.3,4.8,10.82,8.55,5.17
2024-02-03 06:00:00,20.49,9.3,75.6,2.4,9.18,7.87,4.11
2024-02-03 07:00:00,21.84,7.5,80.4,6.6,10.51,6.9,4.57
2024-02-03 08:00:00,23.95,8.9,74.6,0.8,10.3,9.04,4.91
2024-02-03 09:00:00,25.55,11.2,80.2,4.0,10.93,7.97,5.26
2024-02-03 10:00:00,31.8,13.9,63.8,5.5,14.39,11.39,6.73
2024-02-03 11:00:00,35.9,11.9,70.2,6.0,15.89,12.42,6.81
2024-02-03 12:00:00,34.36,14.5,70.8,2.6,15.97,11.69,7.11
2024-02-03 13:00:00,32.69,12.7,64.0,3.3,14.63,12.58,6.63
2024-02-03 14:00:00,27.9,14.6,66.8,0.8,12.18,9.29,5.19
2024-02-03 15:00:00,28.85,15.4,68.8,5.3,12.65,9.57,5.71
2024-02-03 16:00:00,30.13,11.5,74.8,1.5,13.97,10.16,5.93
2024-02-03 17:00:00,21.73,11.9,75.5,3.2,9.63,8.44,4.1
2024-02-03 18:00:00,20.99,13.0,64.0,9.2,9.64,7.47,4.26
2024-02-03 19:00:00,21.28,11.3,71.8,6.7,9.17,7.47,4.43
2024-02-03 20:00:00,23.52,10.7,64.6,2.7,10.08,7.82,5.37
2024-02-03 21:00:00,37.25,9.1,69.5,2.1,16.32,12.19,7.45
2024-02-03 22:00:00,31.38,6.1,75.8,2.3,13.76,10.68,5.94
2024-02-03 23:00:00,30.31,8.9,79.1,4.6,13.93,10.48,6.23
2024-02-04 00:00:00,29.15,5.1,80.5,4.8,12.39,10.06,6.34
2024-02-04 01:00:00,34.3,-0.2,84.5,2.1,14.86,12.04,6.46
2024-02-04 02:00:00,27.65,3.8,81.7,2.2,12.75,9.87,5.3
2024-02-04 03:00:00,26.7,3.7,82.2,2.7,12.24,8.86,5.05
2024-02-04 04:00:00,28.4,6.1,78.6,3.2,13.07,10.05,4.98
2024-02-04 05:00:00,19.15,5.0,75.1,6.7,8.03,6.36,4.01
2024-02-04 06:00:00,18.09,8.4,69.2,0.7,8.12,6.22,3.39
2024-02-04 07:00:00,23.35,8.7,72.4,4.3,9.69,8.93,4.65
2024-02-04 08:00:00,27.61,7.7,70.8,6.0,11.71,8.97,5.78
2024-02-04 09:00:00,23.61,10.3,74.8,4.8,10.44,8.92,4.37
2024-02-04 10:00:00,31.38,10.5,79.0,2.1,14.25,11.53,6.08
2024-02-04 11:00:00,33.87,13.0,71.2,3.4,15.76,11.05,6.55
2024-02-04 12:00:00,28.02,12.4,60.1,6.6,12.4,9.42,4.94
2024-02-04 13:00:00,34.41,14.1,63.9,1.5,15.73,11.79,6.72
2024-02-04 14:00:00,32.55,13.8,67.5,8.9,14.19,10.8,5.98
2024-02-04 15:00:00,26.77,13.8,60.3,1.7,12.74,9.57,5.41
2024-02-04 16:00:00,27.86,16.6,64.2,1.7,12.91,9.43,5.76
2024-02-04 17:00:00,25.52,12.2,71.7,5.5,11.12,8.02,4.66
2024-02-04 18:00:00,22.18,8.8,80.5,5.6,9.77,7.7,4.93
2024-02-04 19:00:00,21.55,12.0,78.7,0.8,9.81,7.41,4.63
2024-02-04 20:00:00,22.3,10.7,65.2,1.8,9.77,7.62,4.43
2024-02-04 21:00:00,27.45,4.9,77.5,7.3,11.82,8.88,5.16
2024-02-04 22:00:00,31.78,5.7,76.7,2.4,14.45,11.41,6.31
2024-02-04 23:00:00,31.61,6.3,72.8,0.5,14.23,10.64,6.87
2024-02-05 00:00:00,36.41,5.8,77.6,2.3,16.1,12.77,7.39
2024-02-05 01:00:00,44.07,4.5,78.2,4.9,19.94,15.92,8.5
2024-02-05 02:00:00,38.63,4.3,81.9,6.7,16.62,13.25,7.48
2024-02-05 03:00:00,33.46,3.1,87.1,1.7,15.25,12.48,6.29
2024-02-05 04:00:00,32.8,1.4,83.0,2.1,14.86,11.03,6.07
2024-02-05 05:00:00,31.72,8.8,70.9,3.2,13.83,12.26,6.49
2024-02-05 06:00:00,19.9,5.3,72.5,5.0,8.04,6.56,3.64
2024-02-05 07:00:00,29.0,8.3,84.3,4.4,13.3,9.92,5.97
2024-02-05 08:00:00,27.09,9.1,77.7,2.7,11.8,9.81,5.81
2024-02-05 09:00:00,35.65,11.9,71.7,1.1,16.32,12.3,7.96
2024-02-05 10:00:00,38.48,12.0,68.8,2.3,17.75,13.77,7.73
2024-02-05 11:00:00,42.49,13.1,76.4,2.1,20.09,14.71,7.6
2024-02-05 12:00:00,40.66,9.7,71.6,0.6,17.37,14.31,8.47
2024-02-05 13:00:00,36.22,12.9,60.0,8.2,16.66,12.6,7.26
2024-02-05 14:00:00,37.03,15.4,66.8,2.3,16.24,13.4,7.27
2024-02-05 15:00:00,35.42,15.1,59.7,5.7,16.23,11.75,7.11
2024-02-05 16:00:00,33.2,12.2,70.7,3.5,15.05,11.51,6.4
2024-02-05 17:00:00,24.98,10.5,78.2,8.0,12.03,8.81,5.35
2024-02-05 18:00:00,29.47,12.0,61.3,1.7,13.48,10.75,5.89
2024-02-05 19:00:00,26.29,6.2,72.0,1.5,12.46,8.48,5.42
2024-02-05 20:00:00,31.56,7.6,79.2,0.5,14.2,11.5,6.28
2024-02-05 21:00:00,33.13,10.6,68.7,4.8,14.46,11.72,6.82
2024-02-05 22:00:00,38.61,9.0,75.3,2.6,18.56,12.94,7.7
2024-02-05 23:00:00,43.13,6.5,78.3,6.1,19.58,15.39,8.41
2024-02-06 00:00:00,38.82,5.5,81.8,4.3,17.27,13.35,8.0
2024-02-06 01:00:00,39.18,1.6,78.8,3.9,17.34,14.77,8.37
2024-02-06 02:00:00,38.6,3.3,67.3,3.5,17.86,13.41,7.71
2024-02-06 03:00:00,40.39,4.1,81.0,2.3,17.13,14.82,8.66
2024-02-06 04:00:00,28.48,4.0,71.4,1.1,12.13,10.75,6.13
2024-02-06 05:00:00,32.99,5.3,82.3,3.2,14.81,11.17,6.67
2024-02-06 06:00:00,31.9,8.8,73.2,1.4,13.29,11.32,6.85
2024-02-06 07:00:00,27.65,7.3,73.8,6.5,12.03,10.63,5.3
2024-02-06 08:00:00,29.89,8.9,76.8,5.6,13.46,11.42,6.58
2024-02-06 09:00:00,32.66,11.8,61.1,4.2,15.17,11.06,6.34
2024-02-06 10:00:00,37.97,9.8,71.3,3.3,17.57,13.88,6.65
2024-02-06 11:00:00,37.37,11.7,72.2,3.3,17.14,13.18,7.5
2024-02-06 12:00:00,41.7,12.6,70.1,3.4,17.93,14.15,8.49
2024-02-06 13:00:00,44.63,14.3,64.4,5.0,19.5,15.18,8.97
2024-02-06 14:00:00,36.61,13.9,65.0,1.6,16.36,13.35,7.19
2024-02-06 15:00:00,33.79,13.8,75.2,3.7,15.76,12.51,6.67
2024-02-06 16:00:00,26.39,12.7,73.3,5.5,12.22,9.99,4.92
2024-02-06 17:00:00,28.83,11.3,67.1,3.6,13.05,10.16,5.56
2024-02-06 18:00:00,27.55,12.8,75.4,0.5,11.35,9.59,5.9
2024-02-06 19:00:00,28.05,10.2,75.6,2.2,13.01,10.01,5.95
2024-02-06 20:00:00,30.1,10.3,74.1,4.5,13.26,9.88,6.07
2024-02-06 21:00:00,33.66,6.4,78.9,7.0,14.78,11.79,6.49
2024-02-06 22:00:00,39.39,5.9,71.2,6.4,18.11,14.6,7.72
2024-02-06 23:00:00,40.81,5.5,84.9,5.6,17.99,14.34,8.22
2024-02-07 00:00:00,42.65,5.0,82.8,7.3,19.3,15.43,8.41
2024-02-07 01:00:00,41.4,5.8,78.3,2.4,18.72,14.78,8.36
2024-02-07 02:00:00,40.92,3.8,80.6,0.5,19.34,13.63,8.35
2024-02-07 03:00:00,36.06,5.8,76.6,2.8,15.98,12.97,7.37
2024-02-07 04:00:00,31.1,5.7,74.3,3.9,14.39,11.2,6.17
2024-02-07 05:00:00,31.67,5.8,79.7,2.6,13.67,11.22,5.83
2024-02-07 06:00:00,27.92,5.6,73.3,0.9,12.64,9.86,5.68
2024-02-07 07:00:00,31.13,9.3,73.6,3.6,13.82,11.08,6.15
2024-02-07 08:00:00,32.13,8.1,74.8,2.0,14.53,10.89,6.14
2024-02-07 09:00:00,29.76,10.8,73.0,4.8,13.51,10.07,5.92
2024-02-07 10:00:00,41.38,11.9,74.4,1.3,19.22,13.91,8.65
2024-02-07 11:00:00,41.2,12.7,70.8,7.6,18.6,14.17,8.15
2024-02-07 12:00:00,41.74,13.2,71.6,6.1,18.32,14.24,8.26
2024-02-07 13:00:00,41.56,13.1,58.6,6.1,17.9,14.19,8.31
2024-02-07 14:00:00,37.25,12.1,71.8,5.3,16.48,13.07,7.11
2024-02-07 15:00:00,34.93,16.4,64.7,4.3,16.23,11.76,7.18
2024-02-07 16:00:00,29.14,13.1,70.2,1.0,13.4,11.12,6.2
2024-02-07 17:00:00,31.06,12.8,66.0,4.4,13.8,10.32,6.08
2024-02-07 18:00:00,26.58,11.8,75.6,5.0,11.67,9.3,5.29
2024-02-07 19:00:00,26.91,12.4,70.3,1.6,12.03,9.86,5.0
2024-02-07 20:00:00,28.3,12.4,65.4,4.1,12.13,10.06,5.4
2024-02-07 21:00:00,35.04,8.4,71.0,3.4,15.93,12.1,6.84
2024-02-07 22:00:00,38.58,6.8,80.4,3.4,17.54,13.64,7.3
2024-02-07 23:00:00,41.83,4.3,78.5,2.0,19.56,15.22,8.7
2024-02-08 00:00:00,39.27,3.1,80.3,4.9,18.08,13.78,8.11
2024-02-08 01:00:00,36.83,2.1,80.5,6.8,15.52,12.91,7.5
2024-02-08 02:00:00,39.65,3.4,85.0,5.3,18.39,14.9,7.57
2024-02-08 03:00:00,38.05,1.6,84.5,2.9,17.27,14.5,7.27
2024-02-08 04:00:00,28.02,6.9,69.8,8.6,12.51,9.86,5.38
2024-02-08 05:00:00,31.82,6.7,71.1,2.9,14.39,11.59,6.27
2024-02-08 06:00:00,27.55,6.7,76.0,2.2,12.52,9.85,5.83
2024-02-08 07:00:00,27.82,10.0,68.8,7.9,12.87,9.94,6.03
2024-02-08 08:00:00,29.59,8.0,63.6,5.3,13.08,10.61,6.03
2024-02-08 09:00:00,30.88,9.7,68.7,5.1,14.34,11.17,5.92
2024-02-08 10:00:00,40.56,9.2,71.6,1.2,19.61,13.63,8.49
2024-02-08 11:00:00,38.89,14.3,64.9,2.0,16.98,13.42,7.5
2024-02-08 12:00:00,39.89,12.7,72.4,0.6,17.62,13.63,7.72
2024-02-08 13:00:00,43.31,14.4,55.5,5.2,19.47,15.03,8.53
2024-02-08 14:00:00,33.38,16.1,60.8,2.4,14.31,11.87,6.91
2024-02-08 15:00:00,30.53,16.5,68.2,1.6,13.66,10.94,6.18
2024-02-08 16:00:00,30.54,13.9,64.0,1.9,14.22,10.32,6.29
2024-02-08 17:00:00,28.58,13.7,61.5,4.3,12.84,9.68,4.94
2024-02-08 18:00:00,28.05,10.7,67.7,3.2,11.97,9.57,5.6
2024-02-08 19:00:00,27.09,13.4,70.1,7.1,12.65,8.72,5.21
2024-02-08 20:00:00,36.91,9.3,71.5,2.9,16.77,12.49,7.71
2024-02-08 21:00:00,33.77,8.4,70.3,5.7,15.49,11.81,7.11
2024-02-08 22:00:00,37.51,6.5,78.6,3.8,17.2,13.02,7.83
2024-02-08 23:00:00,38.84,7.9,76.4,4.7,17.93,13.29,7.96
2024-02-09 00:00:00,42.11,5.7,70.9,1.8,18.94,15.47,7.89
2024-02-09 01:00:00,42.34,6.0,77.3,5.0,19.22,15.34,8.75
2024-02-09 02:00:00,41.06,5.2,71.2,1.3,18.72,14.49,8.63
2024-02-09 03:00:00,30.58,4.5,84.4,4.6,13.95,11.71,5.76
2024-02-09 04:00:00,29.94,6.8,82.0,3.4,13.41,8.97,5.72
2024-02-09 05:00:00,28.93,6.7,74.5,2.2,13.17,9.55,5.69
2024-02-09 06:00:00,28.27,5.8,82.4,3.4,11.97,8.87,5.61
2024-02-09 07:00:00,27.83,6.9,71.9,5.9,12.87,10.0,5.97
2024-02-09 08:00:00,73.39,9.9,71.4,1.7,33.09,25.71,14.93
2024-02-09 09:00:00,32.28,12.4,66.3,1.8,14.25,11.77,6.66
2024-02-09 10:00:00,41.95,14.7,66.3,3.7,18.07,14.08,8.67
2024-02-09 11:00:00,43.28,10.6,71.7,4.2,19.55,15.46,8.61
2024-02-09 12:00:00,38.44,14.1,67.1,3.1,16.73,13.58,7.13
2024-02-09 13:00:00,38.11,15.3,65.2,2.4,16.61,13.27,7.88
2024-02-09 14:00:00,35.44,15.1,66.5,1.1,14.89,12.33,7.18
2024-02-09 15:00:00,36.0,16.0,71.0,1.0,16.85,12.38,7.47
2024-02-09 16:00:00,27.34,15.0,55.9,0.9,11.6,8.52,5.87
2024-02-09 17:00:00,26.98,11.8,79.5,6.5,12.85,9.42,4.81
2024-02-09 18:00:00,27.94,10.7,69.4,1.6,13.26,10.08,5.72
2024-02-09 19:00:00,27.64,11.5,69.9,2.5,12.26,10.98,5.41
2024-02-09 20:00:00,31.2,11.2,77.2,8.8,13.92,11.64,6.77
2024-02-09 21:00:00,31.64,8.6,76.7,6.9,14.3,10.88,6.34
2024-02-09 22:00:00,39.54,4.8,80.9,0.9,17.43,14.27,7.89
2024-02-09 23:00:00,39.27,4.6,84.7,3.8,17.57,14.41,7.83
2024-02-10 00:00:00,32.21,6.5,75.4,4.3,14.08,11.99,7.06
2024-02-10 01:00:00,32.86,4.4,83.3,1.0,14.34,11.48,6.67
2024-02-10 02:00:00,30.46,5.0,71.7,4.8,14.65,10.47,6.27
2024-02-10 03:00:00,27.45,6.6,78.2,8.9,12.56,9.84,5.93
2024-02-10 04:00:00,22.7,3.7,82.4,3.2,10.53,7.62,4.68
2024-02-10 05:00:00,21.77,5.6,83.0,3.3,9.62,7.55,4.43
2024-02-10 06:00:00,21.77,6.5,79.7,4.4,9.47,7.57,4.67
2024-02-10 07:00:00,19.08,9.0,74.2,4.9,8.05,6.4,3.93
2024-02-10 08:00:00,23.42,11.0,69.3,5.3,10.77,8.71,4.92
2024-02-10 09:00:00,28.36,8.9,71.7,1.2,12.45,9.63,5.16
2024-02-10 10:00:00,27.01,12.3,67.6,5.4,12.52,9.9,6.03
2024-02-10 11:00:00,35.16,14.6,59.9,6.0,15.55,11.95,6.84
2024-02-10 12:00:00,36.19,11.4,79.1,0.9,16.66,12.92,7.06
2024-02-10 13:00:00,29.15,14.5,71.6,0.8,13.43,9.28,5.64
2024-02-10 14:00:00,33.6,13.0,69.7,3.8,16.2,11.65,6.35
2024-02-10 15:00:00,27.03,13.7,71.7,3.5,11.85,9.57,5.79
2024-02-10 16:00:00,25.63,10.4,75.3,8.4,11.33,9.62,5.08
2024-02-10 17:00:00,21.28,15.4,60.5,2.5,9.54,7.01,3.87
2024-02-10 18:00:00,24.08,11.8,73.1,4.0,11.41,8.28,4.62
2024-02-10 19:00:00,23.54,9.9,78.5,3.6,10.64,8.44,4.51
2024-02-10 20:00:00,22.54,10.3,68.3,3.7,9.54,8.44,4.9
2024-02-10 21:00:00,24.48,6.9,68.0,4.4,11.7,8.61,4.53
2024-02-10 22:00:00,26.55,5.6,71.5,3.7,11.37,9.12,5.2
2024-02-10 23:00:00,32.73,8.5,73.3,0.5,14.73,11.22,6.81
2024-02-11 00:00:00,34.41,8.3,67.9,5.8,15.11,11.36,6.53
2024-02-11 01:00:00,33.85,4.2,78.1,2.0,14.86,11.37,6.44
2024-02-11 02:00:00,29.87,6.5,72.9,2.2,12.94,11.19,6.68
2024-02-11 03:00:00,24.46,5.6,77.3,4.3,11.44,8.08,4.8
2024-02-11 04:00:00,22.83,3.5,77.3,3.4,10.24,8.3,5.27
2024-02-11 05:00:00,25.36,5.0,77.8,3.9,11.2,8.18,4.96
2024-02-11 06:00:00,20.51,9.7,75.3,3.5,9.81,6.45,4.17
2024-02-11 07:00:00,22.84,6.5,71.4,3.1,10.81,8.26,5.27
2024-02-11 08:00:00,21.85,13.3,69.4,3.4,9.8,7.57,4.2
2024-02-11 09:00:00,28.19,10.3,67.3,1.7,12.42,9.74,5.34
2024-02-11 10:00:00,29.02,14.8,66.2,7.9,12.66,9.52,5.74
2024-02-11 11:00:00,34.84,13.0,68.0,3.9,15.81,12.58,7.19
2024-02-11 12:00:00,34.91,15.4,67.2,2.5,14.98,12.16,7.13
2024-02-11 13:00:00,30.98,16.8,64.7,4.7,13.82,11.09,6.32
2024-02-11 14:00:00,29.85,17.0,69.8,6.2,12.66,10.31,5.95
2024-02-11 15:00:00,25.97,13.9,67.2,2.5,11.42,9.44,6.08
2024-02-11 16:00:00,20.99,13.0,65.3,2.7,10.31,7.7,4.67
2024-02-11 17:00:00,20.34,13.3,72.7,3.2,9.07,7.72,3.89
2024-02-11 18:00:00,22.22,10.5,73.1,2.1,10.65,7.41,4.59
2024-02-11 19:00:00,23.29,11.6,74.5,5.5,10.35,8.07,4.8
2024-02-11 20:00:00,24.91,8.7,73.0,4.0,11.69,8.38,4.85
2024-02-11 21:00:00,26.6,10.2,65.2,1.0,11.31,9.4,5.82
2024-02-11 22:00:00,32.5,6.6,87.4,10.1,14.25,11.33,6.9
2024-02-11 23:00:00,32.38,3.8,76.5,3.9,15.2,11.6,6.65
2024-02-12 00:00:00,43.44,7.8,68.8,6.3,19.47,14.73,8.75
2024-02-12 01:00:00,36.24,5.5,81.0,3.5,15.89,12.35,7.16
2024-02-12 02:00:00,28.12,5.1,73.2,4.0,12.93,9.95,5.33
2024-02-12 03:00:00,34.89,6.8,73.8,3.3,15.65,12.0,7.16
2024-02-12 04:00:00,26.87,7.0,76.2,3.1,12.48,9.39,5.21
2024-02-12 05:00:00,27.15,5.3,76.9,2.1,11.59,9.63,5.62
2024-02-12 06:00:00,25.92,6.9,74.0,7.7,11.55,9.0,4.89
2024-02-12 07:00:00,31.65,7.1,83.5,1.9,14.24,12.02,5.59
2024-02-12 08:00:00,31.43,7.8,74.0,3.7,14.8,10.14,6.0
2024-02-12 09:00:00,34.59,12.2,64.9,1.3,15.87,11.51,6.27
2024-02-12 10:00:00,40.02,13.1,73.1,9.5,17.5,14.14,8.55
2024-02-12 11:00:00,41.6,14.7,62.7,3.8,19.0,14.76,9.07
2024-02-12 12:00:00,40.54,16.3,63.9,5.5,16.85,13.59,7.81
2024-02-12 13:00:00,43.35,16.0,60.3,3.9,18.93,14.89,8.22
2024-02-12 14:00:00,35.16,16.3,65.5,5.4,16.17,12.39,6.68
2024-02-12 15:00:00,34.99,11.7,70.1,3.7,16.04,12.72,6.93
2024-02-12 16:00:00,26.56,13.9,67.2,3.3,11.57,9.42,5.67
2024-02-12 17:00:00,28.19,15.0,66.7,3.3,12.1,9.7,5.31
2024-02-12 18:00:00,27.16,10.8,75.2,0.5,12.61,9.03,5.58
2024-02-12 19:00:00,31.88,11.5,73.8,2.9,14.72,10.32,6.36
2024-02-12 20:00:00,26.52,10.8,65.8,7.4,12.11,8.07,5.73
2024-02-12 21:00:00,32.68,9.4,69.4,4.5,14.69,11.01,6.79
2024-02-12 22:00:00,39.99,8.1,78.9,6.7,17.61,12.57,8.23
2024-02-12 23:00:00,41.51,7.4,71.2,2.0,18.92,14.47,8.19
2024-02-13 00:00:00,42.08,6.1,79.2,3.5,18.48,15.28,8.41
2024-02-13 01:00:00,68.82,3.1,84.5,0.8,30.55,24.51,13.86
2024-02-13 02:00:00,36.4,5.9,68.7,4.5,15.94,12.3,7.55
2024-02-13 03:00:00,37.24,5.7,75.1,5.3,17.18,12.5,7.38
2024-02-13 04:00:00,30.25,3.6,83.7,5.0,13.89,11.27,6.14
2024-02-13 05:00:00,28.57,8.7,72.9,1.3,12.3,9.88,5.8
2024-02-13 06:00:00,26.34,8.4,71.8,2.3,11.32,9.12,5.31
2024-02-13 07:00:00,24.68,6.8,80.0,4.4,12.15,8.41,4.64
2024-02-13 08:00:00,32.71,8.9,78.8,5.1,15.46,11.44,7.07
2024-02-13 09:00:00,35.39,10.6,67.9,2.4,15.33,11.99,7.05
2024-02-13 10:00:00,43.64,11.8,78.7,3.1,19.97,15.26,8.82
2024-02-13 11:00:00,38.08,14.1,58.1,2.8,15.89,13.06,7.21
2024-02-13 12:00:00,43.68,13.0,60.9,0.5,19.29,14.82,8.43
2024-02-13 13:00:00,37.34,16.7,61.7,3.9,15.94,12.97,7.46
2024-02-13 14:00:00,38.27,16.7,62.3,4.5,16.75,14.12,7.63
2024-02-13 15:00:00,36.57,15.9,63.5,2.4,16.54,12.33,6.87
2024-02-13 16:00:00,25.2,14.5,63.9,4.6,11.58,8.23,4.78
2024-02-13 17:00:00,27.12,15.1,62.3,2.2,11.82,8.78,5.67
2024-02-13 18:00:00,25.22,12.2,68.2,4.8,11.91,8.62,5.02
2024-02-13 19:00:00,25.88,10.3,68.6,3.3,11.59,9.62,5.47
2024-02-13 20:00:00,31.34,11.9,73.1,6.1,14.63,10.79,6.05
2024-02-13 21:00:00,36.93,9.3,73.0,3.8,16.11,14.39,7.05
2024-02-13 22:00:00,37.55,6.6,75.0,1.9,15.84,12.8,7.1
2024-02-13 23:00:00,41.14,6.0,76.5,5.6,18.87,14.04,7.71
2024-02-14 00:00:00,41.86,4.8,83.8,5.2,18.11,13.28,8.24
2024-02-14 01:00:00,40.57,8.5,71.4,1.3,19.94,14.19,8.06
2024-02-14 02:00:00,35.1,5.3,71.3,0.9,14.76,12.86,6.82
2024-02-14 03:00:00,36.84,5.7,72.3,1.6,17.24,12.74,7.52
2024-02-14 04:00:00,31.06,7.0,74.4,5.8,14.79,10.98,6.01
2024-02-14 05:00:00,28.56,4.9,80.5,2.6,13.26,10.08,5.48
2024-02-14 06:00:00,24.56,9.4,77.1,3.6,11.28,7.93,4.62
2024-02-14 07:00:00,26.43,8.1,82.6,4.1,11.6,9.7,5.42
2024-02-14 08:00:00,29.88,13.0,72.1,4.9,13.72,9.1,5.9
2024-02-14 09:00:00,30.24,11.1,66.3,5.6,13.6,11.13,6.1
2024-02-14 10:00:00,33.6,14.3,65.8,3.6,14.31,11.72,7.11
2024-02-14 11:00:00,39.07,10.1,61.1,3.1,16.91,13.66,8.48
2024-02-14 12:00:00,42.88,12.8,67.0,2.0,19.03,14.52,7.83
2024-02-14 13:00:00,38.94,14.7,63.4,4.1,17.74,13.61,8.0
2024-02-14 14:00:00,35.28,12.2,57.8,3.8,17.04,12.43,6.66
2024-02-14 15:00:00,32.04,16.0,75.3,2.5,14.23,10.69,6.37
2024-02-14 16:00:00,5.84,15.1,64.0,3.3,2.24,1.62,0.75
2024-02-14 17:00:00,26.69,12.3,58.7,4.9,12.1,8.83,4.87
2024-02-14 18:00:00,31.99,12.7,67.3,4.2,14.61,12.07,6.03
2024-02-14 19:00:00,30.21,12.8,76.9,3.4,13.57,10.08,5.77
2024-02-14 20:00:00,6.58,7.1,85.0,2.4,3.27,2.88,0.68
2024-02-14 21:00:00,36.99,7.1,75.8,4.5,17.18,13.28,7.15
2024-02-14 22:00:00,35.33,7.3,75.8,4.2,15.25,13.08,6.82
2024-02-14 23:00:00,37.51,6.8,82.0,3.3,16.81,13.23,7.69
2024-02-15 00:00:00,38.75,6.0,76.1,2.2,18.03,13.8,7.42
2024-02-15 01:00:00,43.84,6.9,78.0,1.9,19.08,14.79,8.7
2024-02-15 02:00:00,7.28,6.1,80.9,2.7,3.13,2.73,0.6
2024-02-15 03:00:00,30.88,6.6,70.7,6.6,13.46,11.53,6.21
2024-02-15 04:00:00,29.18,4.0,86.9,5.0,13.76,9.87,5.97
2024-02-15 05:00:00,26.92,7.1,71.1,6.3,11.44,9.64,5.35
2024-02-15 06:00:00,27.18,7.4,71.9,5.8,12.57,10.09,5.15
2024-02-15 07:00:00,28.14,11.3,71.0,3.3,13.1,9.76,5.84
2024-02-15 08:00:00,28.19,10.6,75.9,3.7,13.22,10.2,5.8
2024-02-15 09:00:00,35.73,10.7,74.6,1.8,15.99,12.35,7.39
2024-02-15 10:00:00,36.16,14.2,66.8,4.8,16.06,12.48,7.31
2024-02-15 11:00:00,40.12,14.8,67.7,3.1,18.15,13.53,7.34
2024-02-15 12:00:00,43.23,13.5,73.2,1.8,20.24,15.89,8.84
2024-02-15 13:00:00,38.9,14.7,66.4,1.3,17.38,13.8,7.59
2024-02-15 14:00:00,36.34,14.9,62.1,4.6,15.94,12.36,7.26
2024-02-15 15:00:00,35.49,17.1,60.5,3.4,16.52,12.51,6.96
2024-02-15 16:00:00,28.12,15.0,70.5,0.5,12.14,9.93,5.19
2024-02-15 17:00:00,26.56,15.0,61.9,5.6,12.41,8.96,5.02
2024-02-15 18:00:00,27.9,12.1,61.6,4.2,12.71,10.01,6.04
2024-02-15 19:00:00,32.65,12.2,67.9,0.8,15.1,11.55,6.28
2024-02-15 20:00:00,31.78,12.3,68.8,2.6,13.48,11.11,6.91
2024-02-15 21:00:00,35.19,8.5,78.0,4.8,15.44,12.61,7.19
2024-02-15 22:00:00,39.09,8.1,67.0,1.0,17.29,14.29,8.21
2024-02-15 23:00:00,37.82,4.8,80.0,4.9,16.93,13.55,7.29
2024-02-16 00:00:00,41.74,5.0,83.7,3.6,18.76,14.67,8.34
2024-02-16 01:00:00,40.37,5.2,73.7,5.2,18.03,13.38,8.19
2024-02-16 02:00:00,38.5,3.9,79.7,5.9,17.17,13.52,7.05
2024-02-16 03:00:00,34.24,7.7,64.1,5.1,14.51,11.2,6.6
2024-02-16 04:00:00,31.15,4.9,82.5,1.2,14.32,11.45,6.64
2024-02-16 05:00:00,26.67,8.2,78.2,3.3,11.47,9.7,5.14
2024-02-16 06:00:00,26.59,8.3,74.0,2.6,12.29,9.14,5.36
2024-02-16 07:00:00,24.38,9.3,66.3,3.6,10.1,8.95,4.61
2024-02-16 08:00:00,29.4,12.7,72.0,7.8,13.38,9.78,6.07
2024-02-16 09:00:00,37.42,8.4,72.7,1.5,16.87,12.56,7.46
2024-02-16 10:00:00,38.49,12.7,54.8,6.0,17.32,13.61,7.49
2024-02-16 11:00:00,40.39,12.4,73.0,9.2,17.65,13.8,7.97
2024-02-16 12:00:00,46.19,11.9,75.5,9.1,21.44,16.08,9.53
2024-02-16 13:00:00,37.04,13.5,74.4,5.4,16.67,13.75,7.64
2024-02-16 14:00:00,34.92,15.5,59.0,3.4,15.07,12.91,7.08
2024-02-16 15:00:00,38.23,14.3,57.3,1.9,17.72,13.17,7.7
2024-02-16 16:00:00,30.31,16.2,62.5,4.1,13.15,10.28,6.58
2024-02-16 17:00:00,26.85,13.7,70.1,4.1,11.93,8.18,5.62
2024-02-16 18:00:00,23.45,12.5,64.3,2.6,11.08,9.58,4.62
2024-02-16 19:00:00,28.57,11.3,62.5,4.2,12.9,8.53,5.84
2024-02-16 20:00:00,31.56,10.4,75.2,1.5,13.48,11.08,5.84
2024-02-16 21:00:00,31.21,8.6,72.0,4.3,13.35,10.45,6.1
2024-02-16 22:00:00,37.35,6.7,79.0,6.4,16.38,13.49,7.64
2024-02-16 23:00:00,39.6,8.5,73.9,3.4,17.89,13.74,8.34
2024-02-17 00:00:00,33.27,5.4,76.7,5.1,15.04,11.65,6.58
2024-02-17 01:00:00,29.08,5.2,77.4,4.3,13.99,10.02,6.43
2024-02-17 02:00:00,32.95,6.3,74.7,0.5,14.11,11.38,5.71
2024-02-17 03:00:00,29.29,6.3,74.2,1.5,13.67,10.43,5.13
2024-02-17 04:00:00,23.28,5.0,72.5,5.2,11.0,7.97,4.11
2024-02-17 05:00:00,21.59,8.2,76.5,0.9,10.32,7.74,4.64
2024-02-17 06:00:00,21.04,8.9,79.5,7.5,8.84,7.68,4.72
2024-02-17 07:00:00,20.19,9.6,70.0,6.4,8.91,6.54,4.08
2024-02-17 08:00:00,23.08,10.0,81.3,2.8,10.43,8.87,4.62
2024-02-17 09:00:00,26.33,11.3,72.3,2.6,11.66,9.13,5.87
2024-02-17 10:00:00,33.85,12.8,69.9,4.1,15.36,11.82,6.83
2024-02-17 11:00:00,34.24,12.3,72.5,4.1,15.38,11.19,6.72
2024-02-17 12:00:00,34.96,14.9,71.0,1.3,16.35,12.2,7.12
2024-02-17 13:00:00,32.8,16.8,61.6,2.1,15.18,11.0,6.68
2024-02-17 14:00:00,27.02,17.0,66.4,4.3,11.41,9.9,5.42
2024-02-17 15:00:00,26.9,14.9,71.4,5.4,12.18,9.41,5.49
2024-02-17 16:00:00,26.62,16.6,62.2,2.0,11.33,8.91,5.45
2024-02-17 17:00:00,18.99,17.0,63.6,4.7,7.74,6.72,3.92
2024-02-17 18:00:00,22.97,12.7,65.0,6.1,10.31,8.33,4.91
2024-02-17 19:00:00,27.94,13.0,66.0,1.5,11.98,8.62,5.79
2024-02-17 20:00:00,26.85,7.2,73.6,3.2,12.75,9.42,5.39
2024-02-17 21:00:00,30.54,7.5,70.5,5.8,13.57,9.81,5.77
2024-02-17 22:00:00,30.36,8.3,73.8,2.9,14.41,10.76,6.12
2024-02-17 23:00:00,34.29,5.6,78.9,2.4,15.63,12.48,7.32
2024-02-18 00:00:00,30.76,9.5,74.7,5.0,13.76,10.95,6.04
2024-02-18 01:00:00,33.79,6.8,71.8,3.0,15.03,11.85,6.59
2024-02-18 02:00:00,31.38,7.2,72.3,4.7,13.45,11.44,6.82
2024-02-18 03:00:00,27.65,5.9,81.2,1.6,11.52,9.55,5.65
2024-02-18 04:00:00,27.41,4.9,75.0,3.8,12.17,10.2,4.95
2024-02-18 05:00:00,20.71,6.5,80.4,2.9,9.45,7.57,3.65
2024-02-18 06:00:00,20.84,8.6,70.0,10.3,9.79,7.75,3.42
2024-02-18 07:00:00,22.3,8.5,75.7,4.0,10.57,7.02,4.32
2024-02-18 08:00:00,21.54,11.8,73.6,4.5,8.96,7.73,3.9
2024-02-18 09:00:00,27.5,13.1,55.0,1.6,12.57,10.14,5.29
2024-02-18 10:00:00,25.44,13.3,72.4,9.3,11.24,8.97,5.53
2024-02-18 11:00:00,34.42,11.6,76.6,1.0,16.42,13.07,6.64
2024-02-18 12:00:00,32.67,17.7,61.3,1.1,15.82,11.62,6.47
2024-02-18 13:00:00,30.5,15.3,67.4,1.2,14.31,10.4,6.13
2024-02-18 14:00:00,27.66,19.8,56.0,6.1,12.14,9.66,5.73
2024-02-18 15:00:00,26.34,16.6,65.9,4.8,10.92,10.19,5.44
2024-02-18 16:00:00,25.84,14.8,78.6,8.1,11.12,9.89,4.79
2024-02-18 17:00:00,23.43,15.0,55.0,1.1,10.52,7.71,4.99
2024-02-18 18:00:00,19.54,10.2,69.2,4.6,9.07,6.4,3.99
2024-02-18 19:00:00,19.94,13.6,71.7,3.7,8.76,7.74,3.59
2024-02-18 20:00:00,25.76,14.6,72.8,4.3,11.76,8.98,5.09
2024-02-18 21:00:00,25.12,6.3,69.5,3.6,11.73,8.91,4.54
2024-02-18 22:00:00,29.89,7.8,71.4,4.5,14.04,10.51,5.69
2024-02-18 23:00:00,32.11,7.1,72.6,6.5,13.88,11.49,6.17
2024-02-19 00:00:00,42.01,7.9,71.3,4.0,18.92,15.01,7.99
2024-02-19 01:00:00,42.37,9.2,72.3,6.4,19.24,14.55,8.42
2024-02-19 02:00:00,34.32,6.5,69.1,5.2,15.06,12.39,6.98
2024-02-19 03:00:00,28.95,9.3,71.6,6.0,13.13,10.41,5.99
2024-02-19 04:00:00,28.56,6.8,71.1,4.4,13.41,11.35,5.96
2024-02-19 05:00:00,31.73,8.0,74.0,3.6,14.99,11.55,6.74
2024-02-19 06:00:00,31.28,8.9,69.8,1.1,12.69,11.65,5.5
2024-02-19 07:00:00,31.81,11.4,69.4,5.7,14.47,11.04,7.15
2024-02-19 08:00:00,29.49,10.3,66.5,2.2,13.42,10.95,5.46
2024-02-19 09:00:00,29.27,13.4,72.7,0.8,13.57,11.0,4.95
2024-02-19 10:00:00,31.62,11.6,68.5,3.6,14.6,11.18,6.46
2024-02-19 11:00:00,38.69,14.0,67.3,4.2,17.27,13.98,7.89
2024-02-19 12:00:00,40.73,14.3,66.1,4.4,18.22,14.2,8.49
2024-02-19 13:00:00,43.47,15.9,65.0,4.5,19.77,14.33,9.04
2024-02-19 14:00:00,39.65,15.4,65.5,4.4,17.33,14.28,7.33
2024-02-19 15:00:00,34.29,17.4,67.1,5.5,15.33,12.27,6.99
2024-02-19 16:00:00,27.75,13.9,65.9,5.1,12.47,10.4,5.73
2024-02-19 17:00:00,24.83,11.8,66.2,5.5,10.89,8.76,5.16
2024-02-19 18:00:00,26.86,11.4,70.6,3.3,11.47,9.55,5.63
2024-02-19 19:00:00,28.97,13.7,64.5,1.1,13.12,10.22,5.59
2024-02-19 20:00:00,30.96,9.4,72.3,4.3,14.23,9.64,6.06
2024-02-19 21:00:00,31.14,10.2,66.5,2.1,14.43,10.9,6.33
2024-02-19 22:00:00,39.1,8.0,79.7,5.9,17.75,14.12,7.7
2024-02-19 23:00:00,41.29,8.6,69.8,4.8,18.49,14.51,8.3
2024-02-20 00:00:00,38.47,6.4,82.4,5.1,17.4,13.62,7.9
2024-02-20 01:00:00,38.18,10.4,71.3,2.5,16.76,13.9,7.98
2024-02-20 02:00:00,39.11,8.9,77.6,4.2,17.94,13.77,7.5
2024-02-20 03:00:00,33.06,5.7,73.3,3.7,13.7,11.72,6.67
2024-02-20 04:00:00,33.87,6.0,66.9,2.4,14.98,11.19,6.88
2024-02-20 05:00:00,28.4,12.2,61.1,5.5,12.93,9.62,5.63
2024-02-20 06:00:00,24.93,6.9,88.2,3.8,10.87,9.38,5.07
2024-02-20 07:00:00,27.12,9.7,69.4,2.0,12.09,9.82,5.81
2024-02-20 08:00:00,30.05,11.1,76.2,2.6,13.49,11.06,5.67
2024-02-20 09:00:00,31.82,12.3,62.7,2.2,13.93,11.92,5.96
2024-02-20 10:00:00,35.11,10.9,71.8,2.6,15.37,12.38,7.01
2024-02-20 11:00:00,41.89,15.3,67.4,1.9,19.14,14.26,8.15
2024-02-20 12:00:00,43.26,13.9,81.5,2.9,19.82,14.87,9.02
2024-02-20 13:00:00,41.65,18.0,60.8,4.6,18.54,14.4,8.41
2024-02-20 14:00:00,41.18,13.9,63.8,7.6,18.15,14.49,8.38
2024-02-20 15:00:00,32.29,16.0,66.6,2.1,14.53,10.9,6.41
2024-02-20 16:00:00,34.08,12.0,64.9,2.5,14.74,11.5,6.19
2024-02-20 17:00:00,24.9,11.3,72.4,0.5,10.65,9.54,5.02
2024-02-20 18:00:00,23.61,12.3,69.0,2.1,10.24,8.66,4.92
2024-02-20 19:00:00,22.75,11.3,66.7,3.1,10.88,8.75,4.29
2024-02-20 20:00:00,28.78,13.2,70.6,3.3,12.6,9.64,5.47
2024-02-20 21:00:00,32.38,9.7,72.9,2.4,14.85,11.73,5.82
2024-02-20 22:00:00,38.71,10.5,75.2,1.7,16.79,14.44,7.87
2024-02-20 23:00:00,40.75,6.9,83.9,3.9,18.16,14.17,8.36
2024-02-21 00:00:00,38.07,7.8,72.2,3.1,17.48,13.05,7.67
2024-02-21 01:00:00,39.07,5.3,75.6,3.2,17.65,13.98,7.64
2024-02-21 02:00:00,36.38,5.0,71.3,6.4,16.13,13.08,7.22
2024-02-21 03:00:00,29.12,3.6,82.3,3.9,13.0,10.24,5.4
2024-02-21 04:00:00,27.35,7.3,72.0,3.0,13.21,9.81,5.62
2024-02-21 05:00:00,25.13,8.0,76.1,2.3,12.09,9.79,5.13
2024-02-21 06:00:00,29.64,9.8,78.0,3.2,13.11,10.65,5.84
2024-02-21 07:00:00,27.54,10.2,68.3,6.0,12.24,10.53,5.4
2024-02-21 08:00:00,31.46,14.2,64.6,7.8,14.4,10.65,6.04
2024-02-21 09:00:00,29.81,12.7,73.8,2.9,13.95,9.63,5.75
2024-02-21 10:00:00,40.29,15.2,69.3,2.1,19.19,14.26,8.01
2024-02-21 11:00:00,43.3,14.2,69.9,6.7,18.66,15.75,9.07
2024-02-21 12:00:00,36.06,14.1,65.1,1.7,16.27,12.14,7.08
2024-02-21 13:00:00,38.29,17.1,56.3,2.5,16.79,13.31,7.47
2024-02-21 14:00:00,38.54,16.0,61.2,2.0,17.76,14.31,7.88
2024-02-21 15:00:00,35.17,17.3,58.2,3.9,15.87,12.98,6.79
2024-02-21 16:00:00,28.11,16.0,67.7,3.1,12.99,9.75,5.9
2024-02-21 17:00:00,26.3,13.5,69.2,2.5,12.21,9.47,5.55
2024-02-21 18:00:00,24.56,15.3,62.7,5.1,11.47,9.11,5.22
2024-02-21 19:00:00,27.34,11.2,68.5,4.4,12.32,9.83,5.39
2024-02-21 20:00:00,32.8,12.1,71.8,9.9,15.01,12.33,6.44
2024-02-21 21:00:00,31.63,11.8,68.2,2.6,13.56,10.82,6.57
2024-02-21 22:00:00,39.81,8.1,71.4,5.8,17.23,14.22,8.62
2024-02-21 23:00:00,87.62,9.4,82.6,2.5,39.89,31.14,16.87
2024-02-22 00:00:00,38.84,7.6,72.2,0.5,17.45,12.99,7.72
2024-02-22 01:00:00,42.0,7.8,78.0,1.7,18.82,14.26,8.44
2024-02-22 02:00:00,39.52,5.1,79.9,3.6,17.55,13.91,7.84
2024-02-22 03:00:00,35.59,6.8,68.2,5.5,15.84,13.09,6.89
2024-02-22 04:00:00,26.42,4.9,74.8,1.0,11.84,9.54,5.27
2024-02-22 05:00:00,25.8,10.3,75.7,5.7,11.14,8.84,5.4
2024-02-22 06:00:00,28.02,5.8,76.4,4.8,12.8,9.79,5.54
2024-02-22 07:00:00,27.07,9.5,65.3,0.8,12.12,10.15,5.24
2024-02-22 08:00:00,27.03,9.9,74.1,1.4,12.27,9.76,5.29
2024-02-22 09:00:00,34.61,13.6,64.7,1.2,15.78,12.33,6.67
2024-02-22 10:00:00,35.43,16.7,66.1,4.5,14.98,12.45,7.84
2024-02-22 11:00:00,44.44,15.8,78.4,3.8,20.5,15.53,8.62
2024-02-22 12:00:00,44.83,20.1,61.8,2.8,19.7,15.53,9.4
2024-02-22 13:00:00,41.47,14.1,70.2,1.3,18.14,15.1,8.53
2024-02-22 14:00:00,40.62,14.4,65.5,3.0,19.56,14.04,7.88
2024-02-22 15:00:00,33.63,14.8,60.6,4.5,15.35,12.47,7.11
2024-02-22 16:00:00,31.63,15.8,70.1,1.3,14.57,10.63,6.32
2024-02-22 17:00:00,30.66,13.3,65.0,5.9,13.53,10.52,5.66
2024-02-22 18:00:00,26.58,12.7,67.6,1.1,11.7,10.86,5.0
2024-02-22 19:00:00,26.33,13.5,76.7,4.1,11.46,9.83,5.82
2024-02-22 20:00:00,25.45,9.5,71.0,1.9,11.53,8.36,5.04
2024-02-22 21:00:00,33.26,8.3,80.1,1.3,13.92,12.15,6.87
2024-02-22 22:00:00,39.27,8.2,76.1,2.8,17.55,14.32,7.67
2024-02-22 23:00:00,42.32,7.3,72.4,4.4,19.2,15.22,8.33
2024-02-23 00:00:00,42.13,8.6,75.3,1.5,19.5,14.7,8.62
2024-02-23 01:00:00,38.51,5.3,74.1,3.4,16.63,13.14,7.83
2024-02-23 02:00:00,32.18,5.4,82.1,3.1,15.04,11.87,6.41
2024-02-23 03:00:00,32.13,7.5,81.2,3.2,14.55,11.26,6.03
2024-02-23 04:00:00,28.86,8.3,74.2,7.2,12.24,9.51,6.34
2024-02-23 05:00:00,26.09,10.1,78.6,2.8,11.8,8.94,4.91
2024-02-23 06:00:00,27.41,9.7,73.2,9.3,12.64,8.89,5.97
2024-02-23 07:00:00,31.84,10.4,76.1,3.7,14.8,10.73,6.48
2024-02-23 08:00:00,29.93,12.3,84.0,5.8,13.41,10.97,5.84
2024-02-23 09:00:00,32.83,12.4,81.6,2.8,15.17,11.5,6.61
2024-02-23 10:00:00,36.47,13.5,66.8,1.3,16.09,13.43,7.7
2024-02-23 11:00:00,40.17,12.3,70.7,1.3,18.33,13.66,8.35
2024-02-23 12:00:00,38.8,17.1,58.2,3.9,17.52,12.96,7.45
2024-02-23 13:00:00,40.16,16.6,68.1,6.9,17.73,14.37,7.87
2024-02-23 14:00:00,38.24,17.6,64.8,1.2,17.02,12.87,7.45
2024-02-23 15:00:00,33.89,12.1,65.7,4.6,16.09,11.54,6.98
2024-02-23 16:00:00,30.76,15.7,71.1,3.9,13.58,10.51,6.45
2024-02-23 17:00:00,27.96,13.7,66.2,4.4,12.9,9.96,5.21
2024-02-23 18:00:00,21.44,16.2,61.9,2.1,9.72,6.89,4.34
2024-02-23 19:00:00,28.46,13.7,69.6,1.1,12.96,10.11,6.06
2024-02-23 20:00:00,27.94,11.8,67.5,1.2,13.23,10.45,5.82
2024-02-23 21:00:00,30.63,9.5,72.4,2.3,14.31,10.59,6.42
2024-02-23 22:00:00,34.36,9.6,81.3,2.1,15.24,11.8,6.65
2024-02-23 23:00:00,40.95,6.5,73.1,1.6,18.96,14.62,8.51
2024-02-24 00:00:00,31.46,7.1,78.8,2.4,14.14,11.07,6.18
2024-02-24 01:00:00,27.06,5.9,74.0,3.7,12.97,9.54,5.76
2024-02-24 02:00:00,30.4,10.0,67.1,7.3,14.06,11.15,5.77
2024-02-24 03:00:00,22.79,9.0,72.8,6.8,10.5,8.21,4.08
2024-02-24 04:00:00,23.93,8.9,86.8,2.4,11.52,8.27,5.42
2024-02-24 05:00:00,22.12,5.8,80.9,1.1,11.14,7.49,5.08
2024-02-24 06:00:00,22.98,10.4,73.8,9.9,10.73,8.52,4.45
2024-02-24 07:00:00,25.97,10.6,68.7,3.4,11.62,8.74,4.4
2024-02-24 08:00:00,20.17,13.4,65.9,8.3,8.85,7.29,3.56
2024-02-24 09:00:00,26.26,13.4,60.5,3.7,12.43,9.34,4.99
2024-02-24 10:00:00,28.51,14.1,76.1,6.3,12.24,9.87,5.24
2024-02-24 11:00:00,32.35,15.5,66.8,3.3,14.14,10.41,6.38
2024-02-24 12:00:00,32.56,13.2,69.0,4.2,15.1,12.07,6.57
2024-02-24 13:00:00,30.38,15.3,66.7,3.7,13.08,9.59,5.81
2024-02-24 14:00:00,28.1,17.2,73.9,2.1,12.1,8.67,5.24
2024-02-24 15:00:00,23.6,18.1,63.7,5.1,10.85,8.6,4.48
2024-02-24 16:00:00,26.05,15.1,64.9,1.0,12.01,9.5,5.0
2024-02-24 17:00:00,22.67,15.1,74.9,2.8,10.2,7.52,4.62
2024-02-24 18:00:00,23.06,11.7,69.3,6.1,10.01,8.82,4.55
2024-02-24 19:00:00,20.74,15.1,57.4,3.5,9.65,6.72,3.93
2024-02-24 20:00:00,21.94,13.3,60.4,1.2,9.94,8.14,4.33
2024-02-24 21:00:00,23.7,11.3,69.5,2.0,10.53,8.77,4.97
2024-02-24 22:00:00,30.1,9.7,73.8,1.4,13.14,10.81,6.74
2024-02-24 23:00:00,28.66,10.4,75.6,2.4,13.12,10.75,5.34
2024-02-25 00:00:00,36.53,6.2,71.9,1.8,16.38,12.4,7.25
2024-02-25 01:00:00,27.89,5.6,76.2,4.7,12.82,9.53,5.61
2024-02-25 02:00:00,29.78,8.3,69.9,4.4,13.99,10.19,6.44
2024-02-25 03:00:00,30.2,8.4,79.5,1.6,14.28,11.22,5.9
2024-02-25 04:00:00,24.97,5.6,83.7,3.3,11.83,8.8,5.14
2024-02-25 05:00:00,39.34,7.4,84.9,2.5,17.47,13.45,8.36
2024-02-25 06:00:00,18.24,11.8,71.6,2.7,7.68,5.7,3.63
2024-02-25 07:00:00,17.96,11.1,80.0,3.9,7.94,5.42,3.15
2024-02-25 08:00:00,25.4,12.9,65.0,6.4,11.47,9.55,5.64
2024-02-25 09:00:00,30.05,11.3,71.5,6.4,14.15,10.79,5.81
2024-02-25 10:00:00,28.0,15.2,60.4,3.1,12.58,10.59,5.94
2024-02-25 11:00:00,28.31,13.2,71.1,3.0,13.29,10.06,5.92
2024-02-25 12:00:00,25.77,13.1,69.7,3.6,11.66,8.97,4.69
2024-02-25 13:00:00,28.71,17.7,50.5,3.4,13.05,10.28,5.65
2024-02-25 14:00:00,28.82,18.9,66.9,1.1,13.79,11.04,5.91
2024-02-25 15:00:00,30.28,16.2,68.8,3.9,14.38,10.29,6.17
2024-02-25 16:00:00,25.16,15.3,62.9,4.0,10.72,8.93,4.56
2024-02-25 17:00:00,22.18,17.9,64.0,3.3,10.09,7.2,4.74
2024-02-25 18:00:00,19.66,14.0,59.8,3.1,8.85,5.95,3.96
2024-02-25 19:00:00,19.96,13.0,64.6,7.1,8.27,7.2,4.54
2024-02-25 20:00:00,26.99,14.3,75.2,4.1,12.46,9.69,5.75
2024-02-25 21:00:00,26.79,9.9,66.3,5.5,12.05,9.42,5.29
2024-02-25 22:00:00,23.84,8.3,74.1,7.4,11.23,8.16,4.12
2024-02-25 23:00:00,29.47,9.4,65.7,5.5,12.79,10.78,5.88
2024-02-26 00:00:00,38.41,6.5,77.9,7.2,17.61,13.37,7.5
2024-02-26 01:00:00,38.18,6.9,78.6,5.1,16.49,13.58,7.78
2024-02-26 02:00:00,38.21,4.9,81.7,1.8,17.33,14.26,7.88
2024-02-26 03:00:00,32.78,7.4,77.5,2.2,14.44,11.83,6.99
2024-02-26 04:00:00,29.11,7.7,81.9,2.0,12.86,10.73,5.88
2024-02-26 05:00:00,29.84,9.8,69.4,2.6,13.85,10.62,5.97
2024-02-26 06:00:00,23.81,10.7,65.9,2.8,9.27,7.34,4.65
2024-02-26 07:00:00,31.22,11.4,67.3,5.5,14.39,11.45,5.91
2024-02-26 08:00:00,27.62,12.5,62.3,2.8,11.71,10.03,5.88
2024-02-26 09:00:00,33.28,13.1,68.7,4.8,15.06,11.68,6.6
2024-02-26 10:00:00,36.1,15.3,64.9,6.5,15.37,12.13,6.86
2024-02-26 11:00:00,39.86,13.8,69.9,1.5,17.74,14.44,7.65
2024-02-26 12:00:00,41.66,12.7,60.7,0.5,18.83,14.61,8.27
2024-02-26 13:00:00,40.63,18.5,61.8,6.3,18.1,14.09,8.28
2024-02-26 14:00:00,34.92,17.9,68.6,2.2,16.18,12.23,7.31
2024-02-26 15:00:00,30.25,16.5,67.0,1.7,12.2,10.0,6.57
2024-02-26 16:00:00,35.56,17.8,53.1,2.5,16.44,12.65,7.03
2024-02-26 17:00:00,25.35,14.3,66.7,1.9,11.96,8.74,4.81
2024-02-26 18:00:00,27.3,13.3,64.3,5.3,12.5,9.68,5.66
2024-02-26 19:00:00,22.54,11.9,69.7,4.3,9.21,7.44,4.4
2024-02-26 20:00:00,28.6,12.8,66.8,1.8,12.47,10.9,5.81
2024-02-26 21:00:00,32.73,8.2,82.8,4.0,14.9,11.53,6.49
2024-02-26 22:00:00,37.98,8.3,74.5,2.0,16.8,13.11,7.54
2024-02-26 23:00:00,32.74,8.8,75.0,2.0,14.4,10.73,5.72
2024-02-27 00:00:00,40.86,5.9,76.7,4.0,18.9,14.41,8.29
2024-02-27 01:00:00,36.56,6.2,78.9,4.4,16.31,12.75,6.9
2024-02-27 02:00:00,37.5,3.7,78.4,2.8,16.97,14.07,7.15
2024-02-27 03:00:00,30.35,8.1,78.1,5.1,12.82,10.42,5.12
2024-02-27 04:00:00,27.05,6.7,74.0,5.7,11.91,9.7,4.74
2024-02-27 05:00:00,25.76,6.9,82.6,6.7,11.74,8.77,5.35
2024-02-27 06:00:00,22.81,7.6,77.3,4.2,10.18,7.75,4.56
2024-02-27 07:00:00,25.26,10.1,71.1,2.1,11.72,9.53,4.84
2024-02-27 08:00:00,26.21,9.7,76.6,5.0,12.16,9.1,5.17
2024-02-27 09:00:00,28.36,16.3,66.9,1.4,13.95,9.64,5.26
2024-02-27 10:00:00,39.23,11.0,75.0,1.9,17.59,13.67,7.95
2024-02-27 11:00:00,36.2,14.9,66.5,5.7,15.94,12.05,7.36
2024-02-27 12:00:00,39.99,16.6,62.9,6.6,18.42,13.7,8.16
2024-02-27 13:00:00,41.32,15.7,65.8,1.1,18.92,15.09,8.35
2024-02-27 14:00:00,35.15,17.4,60.6,2.6,15.64,12.17,6.33
2024-02-27 15:00:00,30.88,15.7,70.1,4.2,14.26,11.53,5.8
2024-02-27 16:00:00,29.76,18.7,68.9,7.1,12.84,10.57,6.14
2024-02-27 17:00:00,29.24,13.9,70.2,3.9,13.28,11.04,6.2
2024-02-27 18:00:00,22.52,11.0,77.9,5.6,10.08,7.93,5.0
2024-02-27 19:00:00,26.07,11.4,75.9,6.8,11.53,9.97,5.63
2024-02-27 20:00:00,24.86,12.6,67.5,3.6,10.91,8.47,4.49
2024-02-27 21:00:00,31.96,10.6,75.5,4.9,15.1,12.18,6.56
2024-02-27 22:00:00,7.36,10.7,64.8,4.4,3.04,2.96,0.95
2024-02-27 23:00:00,85.79,9.3,73.8,4.5,38.55,29.63,17.24
2024-02-28 00:00:00,39.18,6.9,69.8,3.6,17.55,12.48,7.85
2024-02-28 01:00:00,64.44,6.7,75.5,4.2,28.6,22.54,12.58
2024-02-28 02:00:00,36.77,6.6,68.8,3.8,16.52,12.56,7.03
2024-02-28 03:00:00,35.46,10.2,77.2,4.3,16.57,13.21,6.88
2024-02-28 04:00:00,26.33,8.9,71.3,3.6,11.06,9.58,5.4
2024-02-28 05:00:00,24.77,11.5,74.7,2.1,11.15,8.52,5.26
2024-02-28 06:00:00,26.58,11.0,70.4,4.6,12.74,9.28,5.37
2024-02-28 07:00:00,29.36,10.8,61.8,3.0,12.23,10.39,6.56
2024-02-28 08:00:00,25.34,10.7,68.8,1.6,11.1,9.59,4.52
2024-02-28 09:00:00,32.4,13.8,64.8,5.9,14.91,11.52,7.0
2024-02-28 10:00:00,37.28,14.6,66.4,1.9,15.69,13.08,7.74
2024-02-28 11:00:00,39.06,15.6,72.8,3.7,16.77,13.65,7.85
2024-02-28 12:00:00,34.13,16.2,72.9,4.8,14.9,12.47,7.52
2024-02-28 13:00:00,40.57,14.0,66.1,4.3,17.92,14.15,7.74
2024-02-28 14:00:00,40.37,19.1,54.8,1.8,17.99,14.57,7.62
2024-02-28 15:00:00,33.11,17.0,59.9,2.0,15.06,11.54,6.96
2024-02-28 16:00:00,26.5,14.4,69.1,1.7,11.39,9.08,5.09
2024-02-28 17:00:00,25.04,16.5,63.7,1.2,10.8,9.22,4.72
2024-02-28 18:00:00,29.75,13.4,60.0,2.4,13.46,10.13,5.93
2024-02-28 19:00:00,28.6,14.4,64.3,3.7,13.41,9.99,5.46
2024-02-28 20:00:00,30.67,13.5,74.3,1.8,13.67,11.33,5.95
2024-02-28 21:00:00,33.71,12.5,70.5,8.0,15.92,12.04,6.67
2024-02-28 22:00:00,34.92,9.5,72.9,4.6,15.66,12.99,6.82
2024-02-28 23:00:00,38.82,8.1,72.4,4.0,17.46,13.3,7.73
2024-02-29 00:00:00,40.01,7.1,73.2,4.5,17.69,14.3,7.9
2024-02-29 01:00:00,40.57,6.5,79.0,3.2,18.44,15.16,8.05
2024-02-29 02:00:00,40.22,7.3,75.9,3.4,18.69,14.22,8.03
2024-02-29 03:00:00,35.5,7.2,79.2,6.3,16.27,12.73,6.97
2024-02-29 04:00:00,25.4,6.8,78.6,4.8,11.0,9.59,5.28
2024-02-29 05:00:00,26.77,7.1,75.6,4.0,12.08,10.0,5.1
2024-02-29 06:00:00,27.04,9.7,74.3,7.3,11.78,10.24,5.58
2024-02-29 07:00:00,27.75,10.4,68.5,4.4,12.42,9.37,5.56
2024-02-29 08:00:00,27.38,10.7,71.0,3.0,12.78,9.74,5.14
2024-02-29 09:00:00,39.99,14.9,72.8,0.9,17.78,14.32,8.04
2024-02-29 10:00:00,33.26,17.5,63.0,3.0,15.26,11.58,6.84
2024-02-29 11:00:00,36.49,17.4,62.1,6.8,17.07,12.28,7.24
2024-02-29 12:00:00,40.79,15.6,66.3,0.9,18.39,14.07,7.66
2024-02-29 13:00:00,44.49,17.1,57.6,1.9,19.76,14.31,8.93
2024-02-29 14:00:00,34.36,19.7,61.5,5.5,16.41,12.27,7.01
2024-02-29 15:00:00,32.04,15.4,73.9,2.9,13.5,10.33,6.4
2024-02-29 16:00:00,31.65,17.9,58.5,1.9,14.39,10.79,5.79
2024-02-29 17:00:00,26.16,13.7,68.8,5.5,11.23,9.69,5.16
2024-02-29 18:00:00,24.37,17.4,63.0,3.8,11.06,8.42,4.75
2024-02-29 19:00:00,27.62,13.0,68.1,3.8,12.89,9.86,5.14
2024-02-29 20:00:00,29.63,15.7,64.8,2.5,13.43,11.45,6.2
2024-02-29 21:00:00,35.28,13.7,71.2,4.5,16.85,12.36,7.43
2024-02-29 22:00:00,39.68,9.7,66.9,6.0,18.6,14.15,7.61
2024-02-29 23:00:00,39.96,7.8,78.1,5.0,18.1,14.49,8.26
2024-03-01 00:00:00,40.81,8.5,74.1,4.1,19.5,14.02,8.22
2024-03-01 01:00:00,39.61,7.4,66.3,2.8,18.03,13.26,7.78
2024-03-01 02:00:00,37.55,6.9,77.6,5.9,16.71,13.62,7.84
2024-03-01 03:00:00,32.71,5.2,78.3,3.9,14.32,11.8,6.46
2024-03-01 04:00:00,28.83,7.4,70.7,6.3,13.23,9.88,5.7
2024-03-01 05:00:00,29.07,7.3,76.0,2.3,13.22,9.75,5.56
2024-03-01 06:00:00,28.87,10.9,64.4,4.4,13.15,10.61,5.66
2024-03-01 07:00:00,22.31,12.7,65.3,7.0,9.88,7.99,4.5
2024-03-01 08:00:00,28.85,13.6,67.8,2.9,13.16,9.95,5.78
2024-03-01 09:00:00,30.86,14.3,58.4,7.4,15.04,11.35,6.12
2024-03-01 10:00:00,35.55,13.8,61.7,3.0,16.15,12.23,6.93
2024-03-01 11:00:00,40.08,16.4,59.3,3.2,18.62,13.02,7.97
2024-03-01 12:00:00,41.75,18.1,62.7,5.4,19.35,14.38,8.2
2024-03-01 13:00:00,38.79,16.5,66.4,2.3,16.8,13.28,8.11
2024-03-01 14:00:00,31.54,17.7,58.3,4.7,14.36,10.85,6.12
2024-03-01 15:00:00,30.16,17.1,58.7,2.5,13.4,10.33,5.55
2024-03-01 16:00:00,31.07,19.4,61.5,4.0,13.41,9.77,5.8
2024-03-01 17:00:00,19.23,17.3,63.7,5.2,7.66,7.17,4.29
2024-03-01 18:00:00,28.05,15.9,61.4,0.7,13.38,9.47,5.86
2024-03-01 19:00:00,27.38,11.3,79.6,1.3,12.86,8.61,5.23
2024-03-01 20:00:00,32.12,12.8,69.6,7.0,14.01,11.55,6.4
2024-03-01 21:00:00,32.08,11.0,69.9,5.5,14.29,9.95,6.14
2024-03-01 22:00:00,31.17,9.8,70.3,6.1,14.2,10.63,6.15
2024-03-01 23:00:00,40.15,6.7,81.1,3.2,18.26,14.84,8.52
2024-03-02 00:00:00,34.38,6.7,78.6,4.8,15.44,11.19,7.22
2024-03-02 01:00:00,32.76,7.8,66.0,10.7,14.45,12.09,6.55
2024-03-02 02:00:00,26.73,9.4,69.3,3.2,12.63,9.18,4.58
2024-03-02 03:00:00,25.79,7.0,73.4,5.8,10.94,9.14,5.2
2024-03-02 04:00:00,21.43,7.8,74.6,1.2,9.08,7.96,4.3
2024-03-02 05:00:00,18.65,11.8,72.9,3.8,8.49,5.99,3.69
2024-03-02 06:00:00,22.34,9.8,66.9,2.7,10.02,7.27,4.18
2024-03-02 07:00:00,17.71,11.2,70.1,3.7,7.63,5.65,3.88
2024-03-02 08:00:00,20.53,12.5,77.5,1.5,8.25,6.82,3.92
2024-03-02 09:00:00,22.81,12.0,69.8,2.9,10.56,7.85,4.76
2024-03-02 10:00:00,24.66,16.1,61.3,1.2,10.49,7.75,5.06
2024-03-02 11:00:00,30.81,15.3,59.0,3.3,13.6,10.9,6.05
2024-03-02 12:00:00,34.1,17.0,61.2,3.2,15.75,12.32,7.1
2024-03-02 13:00:00,29.98,18.2,56.8,2.7,13.37,10.02,5.72
2024-03-02 14:00:00,24.62,20.6,57.3,7.3,10.35,8.09,4.95
2024-03-02 15:00:00,27.67,15.6,68.0,1.2,12.03,9.47,6.08
2024-03-02 16:00:00,26.98,18.3,62.2,5.6,12.98,9.59,5.07
2024-03-02 17:00:00,19.09,17.5,60.6,2.8,8.44,6.56,3.78
2024-03-02 18:00:00,18.75,14.2,58.0,2.0,8.27,7.52,3.85
2024-03-02 19:00:00,21.99,14.9,70.3,2.4,10.3,8.08,4.48
2024-03-02 20:00:00,26.82,15.2,64.0,6.5,11.81,9.46,5.47
2024-03-02 21:00:00,43.69,10.3,72.2,5.6,20.97,14.88,8.45
2024-03-02 22:00:00,25.05,10.6,66.8,0.5,11.41,8.67,5.02
2024-03-02 23:00:00,32.02,9.8,70.2,1.7,14.7,11.13,6.23
2024-03-03 00:00:00,33.06,9.3,69.9,4.5,14.32,12.84,7.18
2024-03-03 01:00:00,30.33,9.2,66.3,2.6,13.44,10.42,6.04
2024-03-03 02:00:00,26.86,8.1,69.7,6.7,12.32,10.11,4.81
2024-03-03 03:00:00,27.93,8.8,73.4,5.3,12.65,9.26,5.69
2024-03-03 04:00:00,23.95,7.2,76.9,6.1,10.55,8.58,5.15
2024-03-03 05:00:00,18.65,9.6,69.1,2.0,8.67,7.09,3.78
2024-03-03 06:00:00,19.94,9.6,66.4,1.7,9.46,7.23,3.79
2024-03-03 07:00:00,17.19,9.7,70.5,7.0,8.68,6.22,3.24
2024-03-03 08:00:00,24.34,12.1,73.4,3.1,10.51,8.53,4.92
2024-03-03 09:00:00,24.79,14.6,61.8,3.1,12.4,8.75,5.29
2024-03-03 10:00:00,27.16,16.0,64.8,4.6,13.11,9.4,5.7
2024-03-03 11:00:00,30.23,14.5,63.3,3.0,14.57,10.12,6.07
2024-03-03 12:00:00,31.17,15.8,70.7,6.1,13.87,11.19,5.94
2024-03-03 13:00:00,32.55,18.8,58.9,7.6,14.89,11.58,6.49
2024-03-03 14:00:00,29.73,18.6,65.0,2.7,13.76,10.64,5.99
2024-03-03 15:00:00,25.05,19.0,66.2,2.0,10.97,8.11,4.88
2024-03-03 16:00:00,24.54,19.2,68.6,1.2,10.41,8.35,4.4
2024-03-03 17:00:00,21.57,17.2,56.6,2.1,9.38,7.49,4.47
2024-03-03 18:00:00,18.75,14.7,59.3,1.6,8.73,6.71,4.06
2024-03-03 19:00:00,20.26,14.3,72.6,0.7,8.95,6.32,4.65
2024-03-03 20:00:00,22.26,15.4,70.6,0.9,11.12,6.82,4.24
2024-03-03 21:00:00,26.7,15.7,62.1,3.6,12.26,9.83,5.06
2024-03-03 22:00:00,27.34,11.1,54.5,4.7,12.6,9.38,5.48
2024-03-03 23:00:00,29.34,10.1,72.2,8.6,12.88,10.9,6.03
2024-03-04 00:00:00,44.6,9.8,64.7,1.7,20.25,15.73,8.79
2024-03-04 01:00:00,41.02,8.2,70.0,4.6,18.38,14.7,8.12
2024-03-04 02:00:00,34.03,9.8,73.2,3.8,14.84,11.92,7.4
2024-03-04 03:00:00,33.61,9.7,73.9,3.4,15.15,11.95,6.21
2024-03-04 04:00:00,28.73,9.2,80.8,4.8,13.83,10.58,5.57
2024-03-04 05:00:00,26.66,9.0,71.3,2.2,11.53,8.84,4.98
2024-03-04 06:00:00,25.02,8.2,69.2,2.6,10.69,8.1,4.93
2024-03-04 07:00:00,28.66,12.8,73.2,3.0,11.97,10.04,5.24
2024-03-04 08:00:00,29.29,13.3,69.9,1.9,11.88,9.52,6.53
2024-03-04 09:00:00,32.02,13.2,66.3,3.4,15.06,10.37,6.26
2024-03-04 10:00:00,38.54,13.8,67.6,1.6,17.83,13.08,7.92
2024-03-04 11:00:00,39.26,17.6,61.0,2.6,18.6,14.21,8.44
2024-03-04 12:00:00,39.98,15.0,69.5,1.5,18.03,14.21,8.2
2024-03-04 13:00:00,39.46,18.3,70.5,0.8,17.45,14.98,7.87
2024-03-04 14:00:00,35.7,19.3,57.2,2.8,15.85,12.85,7.19
2024-03-04 15:00:00,32.2,18.7,63.7,4.2,14.4,12.0,6.23
2024-03-04 16:00:00,26.96,16.8,56.2,1.7,12.45,9.35,5.27
2024-03-04 17:00:00,23.81,14.7,61.0,9.5,11.41,8.26,5.4
2024-03-04 18:00:00,22.18,16.4,67.1,2.4,10.84,8.64,4.61
2024-03-04 19:00:00,22.2,16.1,64.3,0.6,10.18,7.61,4.27
2024-03-04 20:00:00,26.23,12.2,63.8,0.7,11.53,9.34,5.85
2024-03-04 21:00:00,31.74,12.5,69.0,4.4,14.53,11.93,6.29
2024-03-04 22:00:00,36.19,12.9,72.9,4.5,15.86,12.83,7.59
2024-03-04 23:00:00,38.0,10.0,64.8,6.5,16.76,13.96,7.81
2024-03-05 00:00:00,33.65,8.3,82.8,1.3,15.53,10.81,6.69
2024-03-05 01:00:00,42.47,9.9,74.9,2.9,18.66,14.36,8.31
2024-03-05 02:00:00,38.51,7.1,78.5,6.3,17.08,13.91,7.9
2024-03-05 03:00:00,33.15,6.4,76.3,5.4,14.18,11.32,7.18
2024-03-05 04:00:00,33.06,10.1,80.6,2.2,14.75,11.7,6.53
2024-03-05 05:00:00,23.1,9.1,77.9,6.3,11.18,8.0,4.86
2024-03-05 06:00:00,29.26,10.2,69.9,4.5,13.51,9.9,5.57
2024-03-05 07:00:00,23.13,11.0,74.6,2.4,10.67,7.22,4.8
2024-03-05 08:00:00,28.89,12.5,65.3,0.9,12.65,10.32,5.96
2024-03-05 09:00:00,28.86,16.6,62.7,3.5,12.78,9.77,5.7
2024-03-05 10:00:00,35.83,18.2,69.5,4.7,15.07,13.11,6.96
2024-03-05 11:00:00,39.5,19.4,62.6,2.4,18.15,14.35,8.09
2024-03-05 12:00:00,39.15,19.2,64.3,1.8,17.99,13.51,8.13
2024-03-05 13:00:00,40.32,18.7,67.4,1.2,18.5,14.34,8.18
2024-03-05 14:00:00,36.04,16.1,67.5,5.8,16.9,12.46,7.4
2024-03-05 15:00:00,30.73,17.7,58.6,1.0,14.02,10.48,6.71
2024-03-05 16:00:00,26.87,20.8,67.4,4.1,11.44,9.43,5.7
2024-03-05 17:00:00,27.57,16.1,67.3,5.1,12.48,9.92,5.18
2024-03-05 18:00:00,52.68,18.0,65.4,5.2,24.32,18.88,10.52
2024-03-05 19:00:00,27.83,14.6,66.8,4.4,12.73,9.34,5.44
2024-03-05 20:00:00,31.35,9.2,78.5,4.4,14.19,10.42,6.17
2024-03-05 21:00:00,27.87,12.9,78.1,3.4,12.45,9.58,5.5
2024-03-05 22:00:00,38.62,12.6,67.0,3.1,17.97,13.1,8.17
2024-03-05 23:00:00,43.69,9.6,77.8,1.6,19.16,14.79,8.31
2024-03-06 00:00:00,8.01,10.9,71.1,3.7,3.04,2.69,1.4
2024-03-06 01:00:00,39.89,6.0,66.8,1.2,18.36,13.53,7.91
2024-03-06 02:00:00,38.24,6.3,69.4,3.4,17.52,13.38,7.33
2024-03-06 03:00:00,31.21,8.8,75.5,4.9,14.72,11.13,5.94
2024-03-06 04:00:00,28.6,9.8,77.3,3.2,12.13,9.79,5.54
2024-03-06 05:00:00,22.12,11.9,72.8,3.6,10.28,7.89,4.58
2024-03-06 06:00:00,24.74,11.8,73.7,5.8,11.37,8.78,4.84
2024-03-06 07:00:00,26.65,10.3,84.6,4.3,12.45,9.86,5.58
2024-03-06 08:00:00,29.44,13.7,70.2,1.6,13.43,10.3,5.78
2024-03-06 09:00:00,34.56,15.6,64.0,3.8,16.04,11.55,6.99
2024-03-06 10:00:00,33.71,13.1,67.7,2.9,14.63,11.38,7.01
2024-03-06 11:00:00,37.06,16.8,72.0,2.0,17.03,13.83,7.58
2024-03-06 12:00:00,44.14,17.2,57.0,4.3,19.78,14.85,8.7
2024-03-06 13:00:00,38.02,17.2,69.5,3.0,17.44,12.77,7.61
2024-03-06 14:00:00,36.15,19.1,61.1,5.1,15.94,11.43,7.39
2024-03-06 15:00:00,31.73,16.5,60.1,4.0,14.38,11.79,6.43
2024-03-06 16:00:00,26.09,18.3,54.8,1.4,11.98,9.15,5.5
2024-03-06 17:00:00,29.46,17.7,70.1,2.8,13.41,9.64,5.74
2024-03-06 18:00:00,23.08,17.5,58.7,2.4,10.5,6.81,4.79
2024-03-06 19:00:00,22.58,13.0,68.7,1.7,9.79,7.77,4.68
2024-03-06 20:00:00,27.02,11.1,65.8,5.4,11.97,9.32,5.25
2024-03-06 21:00:00,26.89,12.5,78.8,2.9,11.09,10.23,5.54
2024-03-06 22:00:00,34.02,10.4,72.0,4.1,15.22,11.91,6.9
2024-03-06 23:00:00,35.97,14.2,60.2,6.2,16.31,12.13,7.22
2024-03-07 00:00:00,40.79,9.9,70.0,3.8,18.37,14.43,8.07
2024-03-07 01:00:00,36.56,8.8,80.4,2.3,15.93,12.37,6.73
2024-03-07 02:00:00,37.72,8.3,69.2,5.3,17.45,12.59,7.33
2024-03-07 03:00:00,35.25,6.9,73.9,3.2,16.06,12.01,6.92
2024-03-07 04:00:00,29.95,10.1,77.9,3.9,13.53,9.67,6.25
2024-03-07 05:00:00,24.72,9.9,73.8,6.5,10.81,9.41,4.54
2024-03-07 06:00:00,24.6,10.9,64.8,3.5,10.66,8.86,4.73
2024-03-07 07:00:00,21.44,12.4,70.2,2.7,9.99,7.47,4.31
2024-03-07 08:00:00,27.67,13.9,66.6,4.8,12.88,9.73,5.61
2024-03-07 09:00:00,29.6,12.2,69.6,1.6,13.03,10.19,5.5
2024-03-07 10:00:00,37.24,17.3,68.0,6.6,15.9,13.25,8.22
2024-03-07 11:00:00,44.68,15.8,66.2,6.7,20.29,16.16,9.47
2024-03-07 12:00:00,40.5,17.7,62.3,3.9,19.3,14.21,8.04
2024-03-07 13:00:00,33.27,20.3,58.9,1.7,14.51,12.3,6.69
2024-03-07 14:00:00,34.6,21.2,63.9,3.3,15.52,12.18,6.98
2024-03-07 15:00:00,32.06,15.8,61.4,3.1,14.51,11.12,5.9
2024-03-07 16:00:00,28.22,17.9,51.7,2.5,12.69,10.58,5.7
2024-03-07 17:00:00,23.43,17.5,61.9,1.9,11.19,7.7,4.78
2024-03-07 18:00:00,24.86,13.8,69.4,2.3,10.66,8.53,5.07
2024-03-07 19:00:00,22.15,16.0,62.7,3.8,10.69,7.45,4.64
2024-03-07 20:00:00,25.64,13.7,64.9,4.6,11.55,9.19,4.81
2024-03-07 21:00:00,33.37,12.5,67.1,8.4,15.24,11.64,6.23
2024-03-07 22:00:00,32.96,9.7,72.3,2.1,14.91,12.24,6.68
2024-03-07 23:00:00,39.59,10.6,64.8,2.0,17.76,14.36,8.23
2024-03-08 00:00:00,35.68,10.6,74.5,1.5,15.8,12.47,6.86
2024-03-08 01:00:00,42.51,9.1,59.8,7.1,19.01,15.64,8.55
2024-03-08 02:00:00,33.42,7.9,77.2,2.9,16.05,11.46,6.81
2024-03-08 03:00:00,31.04,8.2,75.7,6.8,14.55,10.44,6.22
2024-03-08 04:00:00,28.68,9.7,74.8,6.3,12.87,10.24,5.87
2024-03-08 05:00:00,23.69,10.3,62.0,0.9,11.04,8.16,4.48
2024-03-08 06:00:00,24.46,12.6,70.4,2.4,11.34,8.76,4.6
2024-03-08 07:00:00,26.54,11.7,67.2,2.5,10.92,10.14,5.31
2024-03-08 08:00:00,30.25,11.9,77.7,2.4,13.38,10.27,6.94
2024-03-08 09:00:00,33.58,15.6,67.1,3.2,14.39,11.52,6.77
2024-03-08 10:00:00,34.92,15.5,59.5,3.5,15.73,11.72,7.35
2024-03-08 11:00:00,37.73,18.4,53.4,5.1,17.58,13.33,7.28
2024-03-08 12:00:00,44.97,18.1,59.3,2.4,20.53,16.86,8.78
2024-03-08 13:00:00,40.47,19.5,64.6,2.5,18.29,13.52,7.87
2024-03-08 14:00:00,33.05,17.2,69.1,4.1,14.52,11.87,6.48
2024-03-08 15:00:00,31.85,18.8,62.4,1.9,13.53,11.04,5.95
2024-03-08 16:00:00,27.01,17.0,64.0,3.4,12.41,9.37,5.58
2024-03-08 17:00:00,24.77,15.4,63.8,2.3,11.15,8.25,5.15
2024-03-08 18:00:00,21.03,14.9,66.0,2.0,9.56,7.94,4.15
2024-03-08 19:00:00,24.08,14.2,73.0,5.3,10.78,9.35,4.83
2024-03-08 20:00:00,32.38,15.6,63.6,4.7,14.64,11.41,6.8
2024-03-08 21:00:00,33.05,11.6,73.4,2.3,14.74,11.97,6.71
2024-03-08 22:00:00,29.12,9.3,70.2,3.1,13.18,10.06,5.45
2024-03-08 23:00:00,74.05,10.4,76.6,1.7,33.16,25.8,14.68
2024-03-09 00:00:00,32.92,9.6,75.4,1.0,15.46,11.31,6.68
2024-03-09 01:00:00,28.55,8.3,78.9,4.0,12.65,10.72,5.78
2024-03-09 02:00:00,29.18,8.7,83.0,2.9,14.22,10.61,6.2
2024-03-09 03:00:00,22.42,10.5,58.5,2.0,10.41,7.26,4.24
2024-03-09 04:00:00,4.12,10.6,75.1,1.5,1.16,1.54,0.8
2024-03-09 05:00:00,23.45,11.2,72.9,4.5,11.76,8.27,4.65
2024-03-09 06:00:00,18.27,9.6,74.7,2.4,9.17,5.96,3.25
2024-03-09 07:00:00,15.03,16.9,64.9,6.5,5.64,5.48,3.36
2024-03-09 08:00:00,21.6,15.5,66.6,2.0,9.72,7.46,5.34
2024-03-09 09:00:00,24.38,16.0,66.5,2.2,10.02,8.41,4.32
2024-03-09 10:00:00,30.38,14.6,71.0,5.9,13.02,10.96,6.14
2024-03-09 11:00:00,29.48,18.9,65.5,3.9,12.84,10.15,5.44
2024-03-09 12:00:00,29.14,17.5,62.9,1.4,13.4,9.91,6.22
2024-03-09 13:00:00,32.06,18.4,60.9,3.8,14.4,11.76,5.83
2024-03-09 14:00:00,27.69,16.4,64.5,2.6,12.81,10.43,5.47
2024-03-09 15:00:00,22.7,16.9,61.7,4.9,10.86,8.44,4.69
2024-03-09 16:00:00,24.65,18.9,70.2,1.2,10.35,8.87,5.31
2024-03-09 17:00:00,20.19,18.9,54.9,6.7,9.41,6.99,3.97
2024-03-09 18:00:00,18.96,17.4,66.8,3.4,8.95,7.38,3.58
2024-03-09 19:00:00,20.15,16.2,68.3,4.9,8.22,7.14,3.88
2024-03-09 20:00:00,19.08,13.8,64.8,4.7,9.55,6.3,3.57
2024-03-09 21:00:00,23.25,12.0,71.1,1.9,10.74,7.66,4.81
2024-03-09 22:00:00,27.39,11.8,76.1,6.2,12.34,9.74,5.32
2024-03-09 23:00:00,52.12,11.6,68.4,2.2,23.29,18.6,10.18
2024-03-10 00:00:00,33.22,9.8,78.9,2.0,16.04,11.4,6.28
2024-03-10 01:00:00,29.83,11.1,76.3,3.6,12.91,10.71,5.89
2024-03-10 02:00:00,29.37,8.8,69.9,8.7,14.54,9.88,5.85
2024-03-10 03:00:00,24.44,7.8,69.1,2.6,9.67,8.05,4.44
2024-03-10 04:00:00,24.25,9.7,73.2,7.8,10.49,8.23,4.65
2024-03-10 05:00:00,20.54,10.7,65.0,3.2,9.19,7.48,3.67
2024-03-10 06:00:00,18.83,11.5,55.7,5.7,8.95,5.98,3.85
2024-03-10 07:00:00,19.51,14.7,63.9,3.7,8.43,7.42,4.14
2024-03-10 08:00:00,19.22,15.3,76.5,2.0,8.29,6.1,4.12
2024-03-10 09:00:00,25.68,13.2,65.9,6.2,11.64,9.96,5.07
2024-03-10 10:00:00,27.13,18.9,63.2,1.2,11.67,9.91,5.31
2024-03-10 11:00:00,28.03,13.5,71.3,4.5,13.01,9.2,5.24
2024-03-10 12:00:00,32.81,21.6,57.8,5.7,13.87,12.01,6.43
2024-03-10 13:00:00,26.16,18.5,60.2,5.7,11.26,9.56,5.67
2024-03-10 14:00:00,26.17,18.8,67.6,4.4,11.42,8.88,5.12
2024-03-10 15:00:00,26.99,18.8,61.6,2.3,12.13,9.84,5.51
2024-03-10 16:00:00,22.39,19.0,60.8,3.7,10.04,8.63,4.84
2024-03-10 17:00:00,19.43,17.6,66.9,4.2,10.0,6.21,4.41
2024-03-10 18:00:00,19.42,16.4,59.2,6.3,8.82,6.98,4.01
2024-03-10 19:00:00,19.99,17.3,56.9,1.8,8.88,6.32,3.92
2024-03-10 20:00:00,17.81,14.9,58.0,3.4,7.83,7.05,3.81
2024-03-10 21:00:00,23.54,11.3,73.2,2.7,10.84,7.22,5.0
2024-03-10 22:00:00,31.27,12.7,68.0,3.2,13.25,10.37,5.88
2024-03-10 23:00:00,27.64,11.3,74.5,1.9,11.67,9.35,5.43
2024-03-11 00:00:00,37.84,9.1,73.3,2.1,15.68,14.05,7.32
2024-03-11 01:00:00,36.28,10.6,64.4,5.1,15.85,13.0,6.95
2024-03-11 02:00:00,34.67,9.0,71.4,3.4,16.47,11.84,7.62
2024-03-11 03:00:00,29.68,9.1,77.6,3.6,13.08,10.61,5.13
2024-03-11 04:00:00,28.6,9.6,71.2,6.4,12.12,10.11,5.55
2024-03-11 05:00:00,25.13,7.1,81.4,2.2,11.43,8.93,5.15
2024-03-11 06:00:00,25.57,11.0,68.6,2.7,12.14,8.48,5.31
2024-03-11 07:00:00,22.01,14.0,70.8,2.6,10.16,7.15,4.45
2024-03-11 08:00:00,26.53,14.2,58.0,4.4,12.23,10.16,5.34
2024-03-11 09:00:00,30.57,13.6,66.5,3.9,14.44,11.47,5.7
2024-03-11 10:00:00,36.02,18.2,60.2,3.4,16.08,12.1,6.92
2024-03-11 11:00:00,35.65,17.3,56.2,4.5,15.4,12.49,7.24
2024-03-11 12:00:00,40.92,16.8,69.5,3.5,18.72,15.06,8.42
2024-03-11 13:00:00,40.6,22.4,53.9,5.5,18.27,14.94,8.18
2024-03-11 14:00:00,32.41,17.7,59.1,3.1,14.13,11.71,6.62
2024-03-11 15:00:00,29.91,20.4,66.0,6.3,12.55,11.55,6.59
2024-03-11 16:00:00,26.05,17.4,63.9,1.5,12.22,9.58,5.07
2024-03-11 17:00:00,31.22,18.0,66.3,1.3,13.54,12.19,6.33
2024-03-11 18:00:00,22.56,15.4,57.0,4.4,10.34,7.98,4.68
2024-03-11 19:00:00,28.83,13.7,63.6,3.0,12.77,9.96,5.92
2024-03-11 20:00:00,24.22,15.0,76.4,3.3,11.53,8.26,4.82
2024-03-11 21:00:00,28.66,13.6,72.0,4.6,13.25,9.62,6.01
2024-03-11 22:00:00,33.17,13.5,62.5,2.1,15.15,11.15,6.83
2024-03-11 23:00:00,35.51,10.7,72.3,0.9,16.12,11.42,7.23
2024-03-12 00:00:00,37.8,13.4,62.9,3.2,16.23,14.33,7.26
2024-03-12 01:00:00,35.7,10.0,79.0,6.4,16.12,12.22,7.27
2024-03-12 02:00:00,32.67,10.3,60.3,3.3,14.45,12.24,6.87
2024-03-12 03:00:00,33.87,7.6,76.3,3.9,15.3,11.71,7.06
2024-03-12 04:00:00,30.28,9.2,74.3,2.1,13.51,10.43,5.51
2024-03-12 05:00:00,26.85,11.7,64.4,3.4,11.35,9.05,5.56
2024-03-12 06:00:00,24.78,11.8,68.5,3.4,11.13,8.27,5.19
2024-03-12 07:00:00,24.71,13.4,69.8,2.2,10.3,8.1,4.85
2024-03-12 08:00:00,25.98,13.2,59.3,1.8,12.2,9.26,5.54
2024-03-12 09:00:00,28.59,15.9,58.5,2.8,13.1,9.87,5.39
2024-03-12 10:00:00,35.63,17.1,62.7,0.8,15.7,13.65,7.19
2024-03-12 11:00:00,34.53,16.2,60.4,1.8,15.24,12.0,6.71
2024-03-12 12:00:00,35.99,19.7,58.0,4.9,15.05,12.19,7.19
2024-03-12 13:00:00,40.35,16.7,63.8,4.3,18.19,14.65,8.01
2024-03-12 14:00:00,39.47,19.7,55.8,2.6,17.5,13.74,7.99
2024-03-12 15:00:00,31.96,21.9,57.6,3.8,15.21,11.71,6.54
2024-03-12 16:00:00,29.99,19.8,61.7,5.6,13.54,10.38,6.19
2024-03-12 17:00:00,23.86,19.0,65.1,5.7,11.35,8.38,4.4
2024-03-12 18:00:00,20.13,15.6,59.1,4.4,9.02,6.2,3.99
2024-03-12 19:00:00,26.01,18.4,58.8,1.5,12.33,8.78,5.14
2024-03-12 20:00:00,28.65,16.5,67.1,1.8,12.5,9.98,5.81
2024-03-12 21:00:00,31.15,11.9,62.3,2.5,14.29,10.76,6.07
2024-03-12 22:00:00,34.12,11.2,71.1,4.5,15.16,12.09,6.64
2024-03-12 23:00:00,39.87,12.8,68.8,2.3,18.59,13.98,7.73
2024-03-13 00:00:00,35.84,13.0,55.5,3.4,15.72,12.66,6.71
2024-03-13 01:00:00,35.37,7.9,72.1,5.6,15.68,12.66,7.06
2024-03-13 02:00:00,73.69,8.1,75.9,6.3,33.37,25.64,14.53
2024-03-13 03:00:00,31.02,9.6,71.4,5.7,13.64,10.74,6.51
2024-03-13 04:00:00,24.34,7.0,73.2,1.5,11.41,8.02,4.78
2024-03-13 05:00:00,22.6,11.1,71.4,6.6,10.45,8.77,4.17
2024-03-13 06:00:00,21.54,13.9,72.3,4.6,10.94,6.39,3.71
2024-03-13 07:00:00,23.66,11.2,73.3,4.2,11.33,8.95,5.09
2024-03-13 08:00:00,23.34,14.8,62.4,2.3,10.71,8.08,4.84
2024-03-13 09:00:00,31.03,15.0,58.7,6.9,13.7,11.87,6.39
2024-03-13 10:00:00,37.68,19.6,63.1,0.6,17.3,13.97,7.78
2024-03-13 11:00:00,7.53,17.3,57.3,1.2,3.28,3.53,1.72
2024-03-13 12:00:00,42.16,21.2,55.9,1.7,19.9,14.24,8.43
2024-03-13 13:00:00,40.64,18.6,62.7,4.6,18.26,13.67,7.68
2024-03-13 14:00:00,36.5,20.8,64.8,4.2,15.83,13.16,6.68
2024-03-13 15:00:00,31.0,19.8,66.6,7.2,13.97,10.72,6.07
2024-03-13 16:00:00,27.11,18.7,61.8,2.8,12.36,9.87,5.7
2024-03-13 17:00:00,26.22,17.0,61.1,2.8,11.87,9.23,4.85
2024-03-13 18:00:00,22.33,17.6,56.9,4.5,10.5,7.41,4.31
2024-03-13 19:00:00,19.61,15.3,75.5,1.9,8.26,7.28,3.93
2024-03-13 20:00:00,28.29,13.6,66.2,3.4,12.79,9.5,5.52
2024-03-13 21:00:00,27.98,15.5,68.7,0.5,12.07,9.86,5.62
2024-03-13 22:00:00,32.15,12.9,69.5,4.0,13.01,10.58,6.53
2024-03-13 23:00:00,37.3,12.1,67.1,5.3,16.59,13.18,7.24
2024-03-14 00:00:00,37.9,9.9,69.4,2.0,16.62,14.05,7.92
2024-03-14 01:00:00,33.61,9.7,65.4,2.6,15.88,10.85,6.69
2024-03-14 02:00:00,34.81,9.4,78.3,1.6,15.73,12.49,6.89
2024-03-14 03:00:00,33.06,10.5,70.8,4.1,14.91,11.2,6.59
2024-03-14 04:00:00,24.07,11.4,77.4,3.9,10.94,8.96,4.77
2024-03-14 05:00:00,27.33,11.2,68.3,5.6,12.44,9.53,5.7
2024-03-14 06:00:00,19.24,11.1,69.2,8.0,9.52,7.26,3.8
2024-03-14 07:00:00,29.44,14.7,60.7,8.6,12.74,9.93,5.85
2024-03-14 08:00:00,25.86,14.9,64.6,1.4,10.62,9.08,5.51
2024-03-14 09:00:00,31.01,13.9,61.1,3.8,13.76,10.64,6.21
2024-03-14 10:00:00,29.66,14.1,69.1,5.3,13.25,10.53,6.22
2024-03-14 11:00:00,36.98,18.8,62.0,4.4,16.75,13.09,7.82
2024-03-14 12:00:00,38.71,17.9,69.9,6.4,18.25,14.55,8.11
2024-03-14 13:00:00,36.92,20.3,52.4,3.2,16.87,13.47,7.66
2024-03-14 14:00:00,32.98,18.6,67.7,3.2,14.92,11.67,6.44
2024-03-14 15:00:00,28.28,19.8,55.3,0.7,13.13,10.67,5.8
2024-03-14 16:00:00,29.72,18.6,63.4,0.5,13.05,10.62,5.49
2024-03-14 17:00:00,24.22,21.0,53.1,4.6,10.06,9.12,3.88
2024-03-14 18:00:00,26.99,18.7,62.5,3.4,11.74,9.67,5.55
2024-03-14 19:00:00,22.83,18.1,49.7,4.4,10.36,7.71,4.13
2024-03-14 20:00:00,25.8,14.8,62.8,2.2,12.79,9.45,4.82
2024-03-14 21:00:00,32.68,14.7,66.8,6.0,14.68,11.28,6.69
2024-03-14 22:00:00,30.33,12.4,77.8,6.5,14.05,9.93,5.45
2024-03-14 23:00:00,34.1,13.5,57.2,4.4,16.18,11.63,6.67
2024-03-15 00:00:00,40.72,10.6,71.3,2.4,18.82,13.79,7.94
2024-03-15 01:00:00,34.04,8.1,71.7,2.1,15.72,11.63,6.96
2024-03-15 02:00:00,29.68,7.0,66.0,4.2,13.62,11.19,5.86
2024-03-15 03:00:00,35.14,12.7,63.2,7.1,15.37,12.13,7.14
2024-03-15 04:00:00,23.24,11.4,68.0,3.9,10.89,8.56,5.0
2024-03-15 05:00:00,24.44,12.3,71.6,5.7,11.46,8.74,5.12
2024-03-15 06:00:00,23.15,14.7,66.8,3.9,9.2,8.31,4.26
2024-03-15 07:00:00,16.95,11.2,64.0,4.5,7.77,5.98,3.22
2024-03-15 08:00:00,26.05,14.5,57.5,3.9,11.61,8.85,5.53
2024-03-15 09:00:00,31.59,15.9,67.0,3.9,13.79,11.46,6.62
2024-03-15 10:00:00,35.11,18.6,60.7,4.9,15.91,12.34,6.9
2024-03-15 11:00:00,39.23,17.5,71.1,3.0,17.49,14.38,7.96
2024-03-15 12:00:00,37.0,17.5,61.2,6.5,17.5,12.72,7.3
2024-03-15 13:00:00,38.75,18.0,68.1,6.0,17.54,13.99,7.8
2024-03-15 14:00:00,32.5,21.7,60.7,4.8,14.03,12.02,6.7
2024-03-15 15:00:00,26.95,18.7,65.7,4.9,12.91,8.77,5.42
2024-03-15 16:00:00,23.48,18.5,64.0,3.1,9.96,8.24,4.72
2024-03-15 17:00:00,20.32,19.5,62.9,5.7,10.36,7.03,3.9
2024-03-15 18:00:00,25.5,16.4,52.8,7.0,11.61,9.26,5.0
2024-03-15 19:00:00,20.19,13.7,66.3,5.3,8.73,6.91,4.19
2024-03-15 20:00:00,27.41,12.6,65.5,1.6,12.7,10.35,5.23
2024-03-15 21:00:00,29.81,13.6,74.0,5.3,13.52,10.17,5.49
2024-03-15 22:00:00,33.97,13.2,63.1,3.4,14.75,11.44,6.87
2024-03-15 23:00:00,40.38,11.2,69.2,4.1,17.92,13.53,8.36
2024-03-16 00:00:00,27.96,11.5,74.2,9.2,13.36,9.5,5.98
2024-03-16 01:00:00,29.83,7.9,76.0,2.8,13.68,10.09,5.88
2024-03-16 02:00:00,26.33,7.9,75.4,2.8,11.27,9.34,5.25
2024-03-16 03:00:00,23.05,13.7,73.1,2.3,10.9,7.64,4.46
2024-03-16 04:00:00,26.36,12.7,70.1,1.6,12.19,8.98,5.45
2024-03-16 05:00:00,14.95,12.8,65.9,1.8,5.83,5.62,2.98
2024-03-16 06:00:00,21.02,11.7,63.5,3.6,10.04,7.64,4.44
2024-03-16 07:00:00,20.2,13.5,70.2,6.6,9.79,6.93,4.3
2024-03-16 08:00:00,19.41,15.2,61.9,5.5,8.48,6.42,4.09
2024-03-16 09:00:00,27.5,18.4,60.7,1.9,12.64,10.03,4.96
2024-03-16 10:00:00,21.62,18.3,67.4,3.9,10.74,6.36,4.56
2024-03-16 11:00:00,26.99,19.5,59.5,5.8,11.76,10.34,5.39
2024-03-16 12:00:00,26.03,19.3,58.7,3.7,12.47,8.69,4.9
2024-03-16 13:00:00,29.33,21.2,57.2,6.6,13.87,10.32,5.94
2024-03-16 14:00:00,23.46,20.6,58.0,6.6,10.06,8.97,4.71
2024-03-16 15:00:00,24.51,20.1,55.0,2.8,10.27,7.93,4.65
2024-03-16 16:00:00,20.15,18.4,70.3,6.1,8.78,6.79,3.99
2024-03-16 17:00:00,17.36,18.5,59.0,4.0,7.31,5.86,3.79
2024-03-16 18:00:00,18.77,16.1,68.6,3.4,8.09,6.9,4.05
2024-03-16 19:00:00,17.88,16.4,59.2,5.2,8.47,6.21,3.61
2024-03-16 20:00:00,17.89,15.3,68.4,5.3,8.39,6.69,3.66
2024-03-16 21:00:00,30.43,10.3,72.5,4.5,14.05,10.11,6.12
2024-03-16 22:00:00,25.02,12.3,69.3,5.5,11.11,8.79,4.49
2024-03-16 23:00:00,22.75,9.9,73.0,7.4,11.64,8.05,4.44
2024-03-17 00:00:00,26.77,11.8,71.9,6.1,12.88,8.91,6.01
2024-03-17 01:00:00,24.96,11.5,69.1,1.2,11.38,8.87,5.11
2024-03-17 02:00:00,28.13,9.7,71.4,5.8,13.0,10.26,5.99
2024-03-17 03:00:00,24.06,11.4,73.2,5.2,10.97,8.8,3.92
2024-03-17 04:00:00,21.44,11.9,64.0,6.9,9.78,7.32,4.16
2024-03-17 05:00:00,17.46,11.5,63.7,4.9,8.3,5.53,3.6
2024-03-17 06:00:00,16.93,15.2,66.7,6.2,7.6,5.15,3.1
2024-03-17 07:00:00,17.45,13.0,58.4,0.5,7.57,6.32,3.61
2024-03-17 08:00:00,20.24,17.6,54.5,8.3,9.27,7.24,3.84
2024-03-17 09:00:00,25.34,16.3,73.4,2.0,11.19,8.87,4.88
2024-03-17 10:00:00,26.91,16.6,71.8,6.0,11.97,9.73,5.44
2024-03-17 11:00:00,29.37,18.4,59.1,6.9,12.51,9.88,6.04
2024-03-17 12:00:00,30.13,18.1,67.3,0.5,13.77,9.2,5.82
2024-03-17 13:00:00,30.34,21.4,63.5,6.6,13.81,10.8,5.98
2024-03-17 14:00:00,26.79,18.0,64.8,5.6,12.18,10.09,5.6
2024-03-17 15:00:00,24.15,22.3,56.9,6.8,10.7,7.41,4.31
2024-03-17 16:00:00,23.41,18.3,65.2,1.9,10.71,7.83,4.57
2024-03-17 17:00:00,16.72,20.2,63.8,5.2,7.66,6.41,3.31
2024-03-17 18:00:00,15.49,17.9,65.7,3.5,6.69,7.0,3.04
2024-03-17 19:00:00,15.42,17.1,55.8,2.3,7.53,5.01,2.44
2024-03-17 20:00:00,20.9,14.5,76.8,5.0,8.66,6.84,4.1
2024-03-17 21:00:00,18.62,14.6,78.5,3.4,8.86,7.04,4.36
2024-03-17 22:00:00,27.22,13.1,58.8,6.4,12.43,8.45,5.36
2024-03-17 23:00:00,27.85,9.6,75.0,4.7,12.89,9.74,5.46
2024-03-18 00:00:00,40.29,9.8,82.5,1.6,17.97,14.77,7.48
2024-03-18 01:00:00,34.77,9.9,77.1,2.3,15.4,12.0,6.77
2024-03-18 02:00:00,33.19,9.4,77.7,2.4,14.73,12.25,6.76
2024-03-18 03:00:00,32.76,12.6,61.7,2.8,15.14,11.48,6.74
2024-03-18 04:00:00,29.66,11.2,74.5,4.4,13.46,10.66,6.0
2024-03-18 05:00:00,21.76,10.9,72.2,6.4,9.37,7.08,4.25
2024-03-18 06:00:00,22.91,12.3,73.1,4.0,10.29,7.88,4.64
2024-03-18 07:00:00,24.19,13.5,62.6,5.0,10.88,8.63,4.41
2024-03-18 08:00:00,27.14,15.1,60.5,2.6,12.76,9.95,5.65
2024-03-18 09:00:00,29.3,15.2,65.0,3.6,12.43,10.23,5.84
2024-03-18 10:00:00,36.91,16.8,61.9,3.6,16.62,12.41,7.51
2024-03-18 11:00:00,31.72,20.2,58.9,4.7,14.5,11.35,6.23
2024-03-18 12:00:00,36.4,20.2,57.4,3.6,15.75,12.07,6.98
2024-03-18 13:00:00,37.57,20.2,58.8,2.7,16.34,13.23,7.75
2024-03-18 14:00:00,34.85,20.6,56.0,2.2,15.57,12.27,6.8
2024-03-18 15:00:00,33.33,20.3,59.4,2.3,14.33,11.88,6.26
2024-03-18 16:00:00,29.2,19.6,53.4,8.4,12.89,10.13,6.09
2024-03-18 17:00:00,22.74,19.9,62.7,2.8,9.93,8.47,4.41
2024-03-18 18:00:00,25.7,18.7,62.8,5.4,11.95,9.44,5.26
2024-03-18 19:00:00,21.67,14.5,60.3,1.2,9.82,8.1,4.29
2024-03-18 20:00:00,28.53,15.4,72.2,1.3,13.51,10.79,5.67
2024-03-18 21:00:00,34.48,12.0,65.5,4.6,15.74,12.19,6.73
2024-03-18 22:00:00,36.74,14.0,73.1,3.3,17.15,13.05,7.38
2024-03-18 23:00:00,36.71,13.2,69.8,6.2,16.39,14.11,7.06
2024-03-19 00:00:00,36.45,10.5,76.4,6.0,17.2,12.35,7.49
2024-03-19 01:00:00,32.45,10.8,72.0,5.0,13.95,11.15,6.84
2024-03-19 02:00:00,34.3,7.6,77.7,5.5,14.31,12.46,7.33
2024-03-19 03:00:00,26.99,12.4,74.1,6.1,11.95,9.79,6.09
2024-03-19 04:00:00,24.04,12.5,78.5,5.2,11.63,8.2,5.32
2024-03-19 05:00:00,20.3,13.9,72.6,3.7,9.58,7.52,3.95
2024-03-19 06:00:00,21.12,15.5,67.7,2.4,9.21,7.4,4.18
2024-03-19 07:00:00,23.21,12.6,62.1,5.3,9.78,8.63,4.4
2024-03-19 08:00:00,26.71,17.1,51.4,2.6,10.94,9.48,5.5
2024-03-19 09:00:00,28.27,19.3,60.2,2.2,12.61,9.55,5.41
2024-03-19 10:00:00,36.2,16.0,61.2,1.8,15.94,12.51,7.4
2024-03-19 11:00:00,35.75,19.0,57.8,4.2,16.35,13.39,6.96
2024-03-19 12:00:00,35.31,19.5,60.1,2.2,16.39,11.98,7.12
2024-03-19 13:00:00,36.84,21.9,61.1,2.9,16.53,12.82,7.64
2024-03-19 14:00:00,38.43,17.2,60.3,4.7,16.75,13.74,7.75
2024-03-19 15:00:00,30.61,23.3,60.5,5.3,13.9,10.0,6.37
2024-03-19 16:00:00,25.12,19.9,60.3,2.6,11.93,9.05,5.16
2024-03-19 17:00:00,19.46,20.7,59.4,5.8,8.87,5.1,3.85
2024-03-19 18:00:00,21.73,18.2,71.6,1.0,9.74,7.02,3.92
2024-03-19 19:00:00,23.87,17.8,63.5,8.8,10.27,8.51,4.74
2024-03-19 20:00:00,25.06,12.3,69.0,3.1,11.85,8.93,5.23
2024-03-19 21:00:00,25.61,13.9,70.0,2.7,11.66,9.18,4.8
2024-03-19 22:00:00,31.4,14.5,75.6,6.8,14.02,10.9,6.92
2024-03-19 23:00:00,39.91,12.7,68.6,1.6,17.72,14.17,8.19
2024-03-20 00:00:00,40.68,9.2,75.2,2.8,18.35,14.52,8.17
2024-03-20 01:00:00,33.87,11.2,70.0,2.8,14.44,11.98,6.29
2024-03-20 02:00:00,35.03,9.7,71.8,3.2,14.73,11.97,6.99
2024-03-20 03:00:00,26.65,9.8,69.8,5.8,11.63,9.17,4.98
2024-03-20 04:00:00,29.36,9.3,70.0,5.8,13.59,9.87,5.93
2024-03-20 05:00:00,23.71,13.3,76.5,4.0,10.26,7.94,4.9
2024-03-20 06:00:00,24.47,15.1,63.1,9.3,10.97,8.62,5.34
2024-03-20 07:00:00,18.81,17.8,54.9,5.8,8.6,6.7,4.2
2024-03-20 08:00:00,27.54,13.7,68.1,4.5,12.22,9.88,5.33
2024-03-20 09:00:00,29.58,18.4,67.0,2.0,12.13,9.49,5.7
2024-03-20 10:00:00,35.48,19.7,66.6,3.8,16.21,13.28,7.22
2024-03-20 11:00:00,38.38,18.6,55.7,2.1,18.52,13.35,7.67
2024-03-20 12:00:00,37.26,18.9,66.9,2.5,16.14,12.11,7.36
2024-03-20 13:00:00,34.59,19.2,71.3,4.6,16.05,11.35,6.61
2024-03-20 14:00:00,35.29,20.2,56.4,1.9,14.84,12.58,7.42
2024-03-20 15:00:00,29.44,21.1,57.8,1.3,13.8,10.7,5.59
2024-03-20 16:00:00,23.66,22.3,51.1,3.7,9.58,7.79,4.97
2024-03-20 17:00:00,20.8,21.1,67.9,0.5,9.43,7.75,3.13
2024-03-20 18:00:00,18.4,16.0,57.3,4.1,8.3,7.57,3.73
2024-03-20 19:00:00,21.82,16.1,62.7,6.5,10.28,7.11,4.66
2024-03-20 20:00:00,28.6,17.9,66.4,1.9,13.41,8.96,6.1
2024-03-20 21:00:00,30.04,13.6,64.3,2.9,13.37,10.1,5.6
2024-03-20 22:00:00,32.02,13.4,63.0,6.7,14.09,10.99,6.32
2024-03-20 23:00:00,38.1,9.9,71.9,4.7,16.88,13.64,7.85
2024-03-21 00:00:00,34.83,13.5,79.7,1.6,15.53,12.18,7.33
2024-03-21 01:00:00,36.15,8.4,72.6,2.9,16.37,13.56,7.21
2024-03-21 02:00:00,32.72,8.7,72.5,5.0,14.85,11.64,6.31
2024-03-21 03:00:00,31.36,12.9,63.0,4.4,13.83,10.62,6.51
2024-03-21 04:00:00,21.72,14.7,68.3,1.7,10.02,7.45,4.4
2024-03-21 05:00:00,20.79,12.2,73.8,1.1,9.69,7.87,4.04
2024-03-21 06:00:00,17.82,13.6,64.7,4.5,9.23,6.35,3.82
2024-03-21 07:00:00,4.45,16.2,67.2,4.1,2.65,2.34,0.82
2024-03-21 08:00:00,28.69,16.6,61.1,1.0,13.17,9.67,5.99
2024-03-21 09:00:00,28.15,16.9,54.3,8.1,12.55,10.29,5.52
2024-03-21 10:00:00,31.89,17.9,64.8,2.3,13.45,11.29,6.54
2024-03-21 11:00:00,38.09,17.3,73.6,3.0,16.29,12.99,8.37
2024-03-21 12:00:00,39.59,20.8,53.0,1.9,18.19,13.94,7.71
2024-03-21 13:00:00,35.69,20.8,59.9,5.6,16.07,12.28,6.3
2024-03-21 14:00:00,34.88,20.5,66.0,7.7,15.2,12.32,6.91
2024-03-21 15:00:00,26.72,19.5,60.1,2.1,11.94,8.92,5.73
2024-03-21 16:00:00,29.11,19.1,53.9,2.4,12.83,10.39,5.83
2024-03-21 17:00:00,28.29,20.6,59.5,4.7,12.66,8.79,5.38
2024-03-21 18:00:00,23.22,20.0,67.5,3.7,9.96,8.05,5.79
2024-03-21 19:00:00,17.71,16.9,61.1,1.4,8.28,5.98,3.32
2024-03-21 20:00:00,24.27,15.5,66.6,6.9,10.76,8.84,4.83
2024-03-21 21:00:00,30.95,13.6,62.4,4.1,14.4,11.18,5.68
2024-03-21 22:00:00,32.11,15.0,65.4,2.5,14.32,11.44,6.44
2024-03-21 23:00:00,39.09,12.7,70.7,3.5,17.65,13.75,7.45
2024-03-22 00:00:00,38.2,12.6,69.6,3.5,17.12,12.76,8.11
2024-03-22 01:00:00,33.96,12.0,67.4,3.7,14.98,12.53,6.49
2024-03-22 02:00:00,33.06,10.9,73.2,3.5,13.89,11.01,6.67
2024-03-22 03:00:00,27.0,9.8,75.6,3.9,12.76,10.14,5.47
2024-03-22 04:00:00,25.03,10.5,75.1,3.0,11.63,9.58,5.07
2024-03-22 05:00:00,21.35,14.5,65.1,1.7,9.24,7.98,4.51
2024-03-22 06:00:00,24.67,12.8,65.6,4.4,11.49,8.8,5.16
2024-03-22 07:00:00,28.03,14.4,76.5,5.3,11.53,9.79,5.59
2024-03-22 08:00:00,21.9,14.6,67.1,5.8,9.92,7.67,3.98
2024-03-22 09:00:00,24.42,15.8,63.7,0.6,10.98,8.08,4.6
2024-03-22 10:00:00,32.37,17.7,55.4,3.1,15.13,11.26,6.42
2024-03-22 11:00:00,31.93,22.4,52.4,8.3,14.66,11.64,6.43
2024-03-22 12:00:00,36.85,21.7,54.8,1.1,15.98,12.2,7.07
2024-03-22 13:00:00,37.6,20.4,61.7,5.3,17.22,14.03,7.13
2024-03-22 14:00:00,36.72,23.0,54.7,1.6,16.9,14.21,8.31
2024-03-22 15:00:00,68.39,20.9,58.9,5.6,31.22,24.18,13.52
2024-03-22 16:00:00,25.0,22.7,49.6,4.5,11.04,9.2,5.0
2024-03-22 17:00:00,17.79,23.2,63.2,4.8,9.13,6.38,3.85
2024-03-22 18:00:00,21.8,20.4,55.9,8.3,9.78,7.33,4.49
2024-03-22 19:00:00,22.92,17.8,63.8,7.1,10.39,8.13,4.4
2024-03-22 20:00:00,27.08,17.4,60.5,2.6,11.76,9.64,5.61
2024-03-22 21:00:00,27.46,15.1,64.3,2.9,13.46,9.68,5.87
2024-03-22 22:00:00,31.89,11.1,66.7,3.1,13.73,12.33,6.2
2024-03-22 23:00:00,32.03,11.8,71.3,1.9,14.08,12.18,6.76
2024-03-23 00:00:00,22.07,10.8,66.2,2.9,10.69,7.96,4.61
2024-03-23 01:00:00,24.27,10.7,72.7,8.3,10.67,7.65,4.78
2024-03-23 02:00:00,21.06,14.2,66.3,3.5,9.35,7.3,4.11
2024-03-23 03:00:00,23.02,13.4,71.1,7.4,10.18,8.19,5.29
2024-03-23 04:00:00,18.07,12.9,72.2,1.2,8.56,6.68,3.89
2024-03-23 05:00:00,15.96,14.2,65.3,0.8,7.44,5.1,3.03
2024-03-23 06:00:00,14.09,11.2,72.4,3.9,6.66,5.84,2.57
2024-03-23 07:00:00,9.22,16.3,62.2,4.9,5.0,2.43,1.39
2024-03-23 08:00:00,23.13,17.9,69.0,2.1,10.74,7.92,4.29
2024-03-23 09:00:00,19.67,14.5,64.8,3.5,9.08,7.11,4.12
2024-03-23 10:00:00,23.95,20.2,58.8,6.1,11.03,7.35,4.91
2024-03-23 11:00:00,23.41,17.9,60.1,5.1,11.01,7.32,4.51
2024-03-23 12:00:00,30.23,17.9,58.8,2.2,13.08,10.36,6.12
2024-03-23 13:00:00,27.4,23.4,66.1,2.7,12.37,9.69,4.81
2024-03-23 14:00:00,22.92,20.0,62.4,2.6,11.0,7.9,4.87
2024-03-23 15:00:00,21.19,20.3,60.0,4.8,8.07,6.76,4.72
2024-03-23 16:00:00,23.56,22.4,54.8,7.9,10.63,7.95,4.94
2024-03-23 17:00:00,17.12,19.6,66.0,2.4,7.96,6.02,3.51
2024-03-23 18:00:00,16.09,18.8,58.8,4.0,7.01,6.67,3.41
2024-03-23 19:00:00,14.95,17.5,63.6,9.0,6.17,4.74,2.23
2024-03-23 20:00:00,14.62,17.1,74.5,1.8,6.58,5.03,3.08
2024-03-23 21:00:00,21.77,14.9,61.3,4.4,10.5,7.08,4.07
2024-03-23 22:00:00,25.8,14.2,69.6,2.7,11.42,8.83,5.54
2024-03-23 23:00:00,29.79,12.2,70.7,9.3,12.99,10.54,6.26
2024-03-24 00:00:00,21.99,12.9,71.1,1.4,10.02,6.97,4.67
2024-03-24 01:00:00,24.05,12.4,67.7,3.3,9.64,9.17,4.64
2024-03-24 02:00:00,23.35,14.6,63.5,2.3,10.16,7.13,4.39
2024-03-24 03:00:00,21.98,11.3,71.5,0.8,9.46,7.33,4.6
2024-03-24 04:00:00,18.81,12.1,67.2,7.7,9.0,6.68,3.59
2024-03-24 05:00:00,16.81,13.6,56.1,3.9,7.78,5.5,3.09
2024-03-24 06:00:00,17.38,15.7,61.1,4.7,8.07,6.67,3.07
2024-03-24 07:00:00,14.86,13.8,65.9,4.2,6.45,5.07,3.52
2024-03-24 08:00:00,21.51,16.9,58.3,1.7,9.74,7.8,4.1
2024-03-24 09:00:00,23.07,14.3,67.6,1.8,10.85,8.87,4.86
2024-03-24 10:00:00,24.0,18.8,57.6,4.2,11.19,8.36,4.69
2024-03-24 11:00:00,30.86,21.9,57.5,5.2,13.42,10.0,6.04
2024-03-24 12:00:00,31.5,20.0,70.9,4.1,13.79,10.83,6.67
2024-03-24 13:00:00,29.19,21.8,63.9,3.9,13.47,10.36,5.94
2024-03-24 14:00:00,17.25,20.9,61.8,5.0,7.7,5.9,3.59
2024-03-24 15:00:00,25.94,20.3,68.7,2.2,11.89,8.89,5.42
2024-03-24 16:00:00,21.16,22.5,56.6,4.9,9.64,7.42,4.46
2024-03-24 17:00:00,22.13,18.7,61.2,3.1,9.87,8.25,4.29
2024-03-24 18:00:00,19.46,19.7,55.1,4.5,9.14,7.36,3.8
2024-03-24 19:00:00,21.06,18.5,68.2,2.4,8.79,7.36,4.53
2024-03-24 20:00:00,21.37,15.5,75.2,1.6,9.54,7.82,4.83
2024-03-24 21:00:00,25.36,15.7,69.7,0.7,10.82,8.86,4.98
2024-03-24 22:00:00,29.79,12.8,75.7,5.4,13.3,10.52,6.58
2024-03-24 23:00:00,27.4,14.0,53.5,2.0,12.27,10.43,5.5
2024-03-25 00:00:00,32.25,10.6,82.9,2.9,14.53,10.78,6.43
2024-03-25 01:00:00,34.4,11.6,69.6,5.1,15.62,12.41,7.32
2024-03-25 02:00:00,33.4,11.6,81.9,3.3,15.01,11.47,6.5
2024-03-25 03:00:00,28.86,13.8,76.1,2.1,12.52,10.45,6.08
2024-03-25 04:00:00,21.81,12.8,72.5,2.0,9.5,8.15,4.72
2024-03-25 05:00:00,18.1,14.8,64.5,3.1,8.1,7.04,4.03
2024-03-25 06:00:00,19.32,15.3,66.5,3.9,8.45,6.96,3.73
2024-03-25 07:00:00,24.2,16.5,54.7,3.0,10.48,8.55,4.98
2024-03-25 08:00:00,28.88,16.4,68.9,6.5,12.96,9.98,6.15
2024-03-25 09:00:00,30.97,19.8,47.5,0.5,14.12,9.57,6.2
2024-03-25 10:00:00,35.07,18.9,59.8,3.0,16.23,12.62,7.14
2024-03-25 11:00:00,34.97,17.9,70.3,4.9,16.25,12.42,6.66
2024-03-25 12:00:00,31.82,20.9,62.5,6.3,14.15,10.69,6.23
2024-03-25 13:00:00,34.03,22.4,49.4,2.8,15.87,12.41,6.44
2024-03-25 14:00:00,31.78,19.5,53.9,4.5,14.16,11.13,6.39
2024-03-25 15:00:00,27.43,20.4,56.5,4.0,13.49,10.09,5.62
2024-03-25 16:00:00,25.06,19.4,61.1,2.0,11.24,8.54,5.87
2024-03-25 17:00:00,23.29,21.7,62.4,4.5,10.33,7.74,4.01
2024-03-25 18:00:00,23.31,21.9,60.7,2.3,10.24,7.89,4.67
2024-03-25 19:00:00,21.49,17.9,57.2,5.3,9.15,8.3,4.24
2024-03-25 20:00:00,20.17,17.7,65.8,6.0,9.96,6.17,3.43
2024-03-25 21:00:00,27.47,16.4,67.9,3.4,12.87,9.37,5.36
2024-03-25 22:00:00,32.54,16.8,66.3,1.0,15.21,11.4,6.21
2024-03-25 23:00:00,38.23,12.4,81.5,4.9,17.69,13.56,7.74
2024-03-26 00:00:00,34.57,12.5,72.7,3.4,16.04,12.23,6.87
2024-03-26 01:00:00,36.27,11.8,74.7,1.3,17.05,13.19,6.9
2024-03-26 02:00:00,32.97,12.2,78.7,2.7,14.66,11.61,6.65
2024-03-26 03:00:00,28.6,16.1,69.0,2.5,12.5,9.35,6.52
2024-03-26 04:00:00,27.07,12.9,65.8,4.8,12.45,9.98,5.26
2024-03-26 05:00:00,20.34,12.3,75.4,3.2,9.42,7.28,4.33
2024-03-26 06:00:00,19.55,12.9,66.5,4.0,9.02,6.74,4.28
2024-03-26 07:00:00,21.97,17.7,57.8,3.5,9.9,8.75,4.35
2024-03-26 08:00:00,23.14,15.8,60.5,4.8,10.14,7.6,4.57
2024-03-26 09:00:00,29.76,19.4,66.8,4.8,13.51,10.56,6.65
2024-03-26 10:00:00,30.46,18.6,64.8,3.3,13.39,10.75,6.72
2024-03-26 11:00:00,35.55,18.8,66.8,1.6,15.58,11.63,7.57
2024-03-26 12:00:00,35.74,22.4,60.3,3.1,16.25,11.94,6.93
2024-03-26 13:00:00,35.52,21.0,59.7,1.8,15.6,12.51,6.82
2024-03-26 14:00:00,31.09,22.8,58.3,7.6,14.44,10.99,5.74
2024-03-26 15:00:00,27.64,22.7,59.7,7.3,11.9,9.89,5.19
2024-03-26 16:00:00,24.98,22.3,54.2,3.3,11.65,8.69,4.48
2024-03-26 17:00:00,22.5,20.3,53.2,0.7,9.32,7.69,4.67
2024-03-26 18:00:00,20.98,20.7,56.8,2.9,8.93,7.84,3.82
2024-03-26 19:00:00,26.26,17.0,66.3,6.4,12.63,7.93,4.95
2024-03-26 20:00:00,22.26,13.5,64.6,2.5,10.71,8.36,4.1
2024-03-26 21:00:00,28.33,16.9,74.4,4.2,12.16,9.44,5.57
2024-03-26 22:00:00,28.31,14.9,68.3,1.9,12.77,9.6,6.4
2024-03-26 23:00:00,35.92,12.7,69.4,5.6,15.54,12.6,7.24
2024-03-27 00:00:00,33.01,10.8,68.0,6.3,15.21,11.44,5.95
2024-03-27 01:00:00,34.1,9.5,77.2,4.1,15.48,11.65,6.71
2024-03-27 02:00:00,31.12,12.4,63.0,4.2,13.98,11.54,5.8
2024-03-27 03:00:00,29.01,15.0,67.6,2.9,12.81,10.81,5.42
2024-03-27 04:00:00,23.17,12.8,66.5,4.7,10.8,9.44,4.46
2024-03-27 05:00:00,20.32,13.3,68.7,3.4,9.32,7.34,4.21
2024-03-27 06:00:00,24.39,14.8,68.7,5.0,10.26,8.38,5.08
2024-03-27 07:00:00,22.52,19.3,55.1,7.9,10.11,8.0,4.76
2024-03-27 08:00:00,23.15,18.5,53.5,5.6,9.98,9.06,4.32
2024-03-27 09:00:00,27.68,17.2,58.7,3.6,12.54,9.8,5.8
2024-03-27 10:00:00,36.17,19.9,64.5,8.3,16.27,12.39,7.07
2024-03-27 11:00:00,34.21,21.4,60.2,4.1,15.49,11.74,7.07
2024-03-27 12:00:00,34.08,20.1,57.9,1.1,15.61,11.89,6.86
2024-03-27 13:00:00,33.09,23.3,65.9,4.9,14.32,11.4,7.14
2024-03-27 14:00:00,30.68,21.1,65.1,5.6,13.87,10.46,5.93
2024-03-27 15:00:00,26.82,19.9,65.3,1.6,12.63,8.9,5.33
2024-03-27 16:00:00,21.35,21.8,54.2,4.5,10.03,7.86,4.67
2024-03-27 17:00:00,19.0,20.7,64.3,6.8,8.29,6.3,3.81
2024-03-27 18:00:00,18.73,19.8,61.9,2.3,8.55,6.22,3.55
2024-03-27 19:00:00,23.29,17.5,59.4,4.0,10.14,8.26,4.6
2024-03-27 20:00:00,54.28,16.4,63.8,2.4,24.78,19.53,11.39
2024-03-27 21:00:00,27.78,17.7,57.5,5.2,12.17,9.63,5.12
2024-03-27 22:00:00,35.23,15.5,61.8,4.0,15.12,11.62,6.97
2024-03-27 23:00:00,38.04,12.4,63.4,3.2,17.5,12.89,7.88
2024-03-28 00:00:00,34.91,10.3,76.4,0.7,16.66,12.68,6.98
2024-03-28 01:00:00,33.03,11.3,70.0,7.2,15.36,10.83,7.08
2024-03-28 02:00:00,29.7,12.8,64.0,3.5,14.01,10.03,5.79
2024-03-28 03:00:00,29.85,11.8,72.5,5.4,12.9,9.37,6.09
2024-03-28 04:00:00,23.85,12.1,69.4,3.0,11.26,7.49,5.2
2024-03-28 05:00:00,20.65,13.1,73.5,5.8,9.8,6.54,4.46
2024-03-28 06:00:00,18.58,14.9,66.8,1.8,8.68,6.63,3.26
2024-03-28 07:00:00,19.7,17.4,55.9,2.2,8.18,6.37,4.32
2024-03-28 08:00:00,25.16,17.5,60.5,2.7,11.87,8.29,5.05
2024-03-28 09:00:00,24.83,18.9,55.5,1.3,11.59,8.39,4.72
2024-03-28 10:00:00,34.35,19.7,63.2,3.2,15.44,12.79,6.69
2024-03-28 11:00:00,33.28,20.3,65.0,3.5,14.79,11.19,6.43
2024-03-28 12:00:00,35.24,23.2,48.4,1.5,16.35,12.68,6.77
2024-03-28 13:00:00,31.27,23.5,55.2,3.2,13.42,11.97,6.61
2024-03-28 14:00:00,34.24,25.6,59.0,2.0,15.15,12.4,7.45
2024-03-28 15:00:00,27.29,23.3,48.3,6.1,13.2,9.32,5.48
2024-03-28 16:00:00,24.24,21.1,56.5,3.6,10.45,8.3,5.3
2024-03-28 17:00:00,25.3,19.7,60.3,7.4,12.25,9.1,5.43
2024-03-28 18:00:00,21.06,21.5,63.6,2.7,9.29,7.81,3.88
2024-03-28 19:00:00,19.63,17.6,65.6,2.7,8.54,6.4,3.86
2024-03-28 20:00:00,22.59,18.8,65.2,2.7,10.67,7.44,4.86
2024-03-28 21:00:00,29.6,15.1,68.9,2.4,13.6,10.75,6.26
2024-03-28 22:00:00,35.11,15.6,63.5,5.3,16.82,12.06,6.74
2024-03-28 23:00:00,35.31,12.4,77.3,2.4,15.74,12.37,6.67
2024-03-29 00:00:00,37.15,14.6,63.1,2.5,16.43,13.38,7.66
2024-03-29 01:00:00,35.95,11.1,56.8,0.9,16.29,12.65,6.99
2024-03-29 02:00:00,35.22,13.2,59.2,7.8,15.71,12.61,7.04
2024-03-29 03:00:00,23.05,12.6,68.3,6.3,10.85,7.9,4.46
2024-03-29 04:00:00,25.84,13.6,66.1,2.5,11.94,9.76,4.98
2024-03-29 05:00:00,23.89,13.6,65.0,3.6,10.9,8.25,4.77
2024-03-29 06:00:00,17.08,14.6,67.2,3.4,8.8,6.19,3.58
2024-03-29 07:00:00,19.22,16.7,70.0,1.3,7.61,6.63,4.52
2024-03-29 08:00:00,22.05,16.2,66.8,3.7,9.77,8.17,4.12
2024-03-29 09:00:00,26.1,17.5,66.2,1.5,11.7,8.84,5.02
2024-03-29 10:00:00,30.47,19.7,55.0,3.2,14.24,10.8,5.92
2024-03-29 11:00:00,35.03,20.7,56.6,1.3,16.11,11.92,7.13
2024-03-29 12:00:00,37.59,20.6,62.8,4.0,16.51,12.94,7.25
2024-03-29 13:00:00,37.12,24.0,55.8,1.0,16.13,13.4,7.55
2024-03-29 14:00:00,29.58,22.2,59.7,4.2,12.97,10.22,5.29
2024-03-29 15:00:00,25.81,22.2,60.4,4.7,11.49,9.02,4.82
2024-03-29 16:00:00,27.47,20.1,60.7,3.9,13.07,9.29,5.45
2024-03-29 17:00:00,23.62,24.4,62.6,3.4,10.94,7.97,4.48
2024-03-29 18:00:00,20.63,23.9,52.7,1.1,8.75,8.41,4.38
2024-03-29 19:00:00,22.61,17.9,58.5,0.5,9.98,8.47,4.45
2024-03-29 20:00:00,24.1,19.6,51.7,2.7,11.45,8.48,4.59
2024-03-29 21:00:00,29.24,16.3,68.2,5.2,13.08,9.87,5.8
2024-03-29 22:00:00,30.84,17.6,60.0,4.3,14.41,10.45,6.32
2024-03-29 23:00:00,35.09,14.7,72.7,1.6,15.96,11.58,7.36
2024-03-30 00:00:00,22.71,13.8,68.7,4.6,10.54,9.18,4.74
2024-03-30 01:00:00,24.01,9.4,71.1,3.9,11.77,7.94,4.97
2024-03-30 02:00:00,21.98,11.6,64.8,1.8,9.86,7.16,4.88
2024-03-30 03:00:00,19.93,13.1,72.5,5.0,8.47,6.99,3.52
2024-03-30 04:00:00,15.73,13.9,67.0,5.7,6.77,4.61,3.18
2024-03-30 05:00:00,14.66,12.6,70.2,2.2,6.61,5.08,2.89
2024-03-30 06:00:00,11.45,14.4,69.8,4.3,5.16,4.56,2.36
2024-03-30 07:00:00,17.36,17.5,64.4,2.9,7.52,6.36,3.34
2024-03-30 08:00:00,17.84,15.9,60.7,1.0,8.71,6.3,3.53
2024-03-30 09:00:00,16.6,19.4,63.3,6.0,7.54,5.4,3.52
2024-03-30 10:00:00,21.59,22.3,61.3,5.6,10.04,7.22,4.59
2024-03-30 11:00:00,26.57,22.1,59.3,2.6,11.25,9.02,5.24
2024-03-30 12:00:00,25.13,22.8,59.8,3.7,10.58,8.43,4.62
2024-03-30 13:00:00,23.99,19.7,63.9,3.6,10.47,7.81,5.16
2024-03-30 14:00:00,23.49,21.7,56.0,1.9,10.96,7.97,4.5
2024-03-30 15:00:00,24.5,25.9,50.8,1.7,10.24,9.02,4.52
2024-03-30 16:00:00,14.46,21.4,69.5,5.8,5.97,4.89,3.0
2024-03-30 17:00:00,17.37,23.4,62.6,6.0,6.88,6.24,3.59
2024-03-30 18:00:00,13.24,19.5,60.3,4.8,4.89,4.95,3.06
2024-03-30 19:00:00,15.95,18.8,64.8,1.2,7.39,6.22,3.11
2024-03-30 20:00:00,17.96,18.7,56.9,6.6,8.84,5.61,3.67
2024-03-30 21:00:00,19.54,16.8,60.8,8.4,9.13,7.05,4.02
2024-03-30 22:00:00,21.11,16.0,58.5,5.2,9.66,7.38,4.12
2024-03-30 23:00:00,25.02,13.2,69.6,2.8,11.11,9.7,4.88
2024-03-31 00:00:00,30.36,12.1,71.0,3.1,13.83,10.82,6.45
2024-03-31 01:00:00,22.14,12.0,75.0,6.1,9.89,8.05,4.28
2024-03-31 02:00:00,27.72,12.3,68.1,2.4,12.78,9.74,5.37
2024-03-31 03:00:00,20.02,13.0,73.8,1.7,8.81,6.55,4.43
2024-03-31 04:00:00,17.95,15.4,68.8,5.6,8.32,6.03,3.17
2024-03-31 05:00:00,13.08,14.7,78.6,2.0,4.96,4.7,2.83
2024-03-31 06:00:00,13.12,16.4,72.7,6.5,4.86,5.25,2.95
2024-03-31 07:00:00,14.54,17.1,71.0,4.0,7.16,4.75,2.53
2024-03-31 08:00:00,15.25,16.5,68.4,3.8,6.46,4.63,2.85
2024-03-31 09:00:00,20.15,19.5,56.2,5.2,9.72,6.91,3.9
2024-03-31 10:00:00,22.47,20.8,60.5,0.5,10.39,8.02,4.94
2024-03-31 11:00:00,30.17,22.8,67.8,4.7,13.25,10.4,6.21
2024-03-31 12:00:00,23.38,20.9,61.5,4.1,10.55,8.42,5.05
2024-03-31 13:00:00,25.8,19.9,56.0,3.7,11.54,9.5,5.46
2024-03-31 14:00:00,24.1,23.4,57.6,2.1,11.37,8.12,4.66
2024-03-31 15:00:00,18.0,23.5,50.8,5.6,7.64,6.05,4.06
2024-03-31 16:00:00,19.58,22.2,53.1,2.3,9.23,7.18,3.64
2024-03-31 17:00:00,14.81,21.7,60.0,3.5,6.29,4.82,2.94
2024-03-31 18:00:00,8.82,22.0,61.3,1.8,3.3,3.83,1.73
2024-03-31 19:00:00,17.45,18.8,57.5,8.1,7.21,6.5,3.53
2024-03-31 20:00:00,15.07,17.7,59.9,2.0,6.33,5.24,3.52
2024-03-31 21:00:00,18.05,17.0,56.5,5.4,7.71,6.52,3.35
2024-03-31 22:00:00,25.2,13.8,66.8,2.3,11.13,9.09,5.05
2024-03-31 23:00:00,24.68,14.4,57.0,2.3,11.0,9.27,5.0
2024-04-01 00:00:00,37.15,13.9,65.8,3.1,16.41,13.33,7.42
2024-04-01 01:00:00,36.88,16.0,65.2,5.8,16.39,13.03,7.4
2024-04-01 02:00:00,29.5,12.9,59.7,4.6,13.98,10.39,5.23
2024-04-01 03:00:00,29.34,13.8,62.4,6.1,12.96,9.7,5.88
2024-04-01 04:00:00,21.72,15.4,65.2,0.9,9.57,7.88,4.47
2024-04-01 05:00:00,26.45,13.6,66.7,7.5,11.64,9.37,5.24
2024-04-01 06:00:00,18.13,17.9,61.7,1.2,8.56,6.35,3.75
2024-04-01 07:00:00,23.43,19.7,61.8,4.8,9.44,8.05,4.6
2024-04-01 08:00:00,25.72,18.3,53.7,2.0,11.38,9.68,4.92
2024-04-01 09:00:00,28.15,18.8,64.9,5.8,12.6,10.12,5.53
2024-04-01 10:00:00,29.43,23.3,54.5,6.0,12.54,10.44,6.12
2024-04-01 11:00:00,33.47,23.1,53.3,3.8,14.79,12.47,6.5
2024-04-01 12:00:00,29.47,22.8,47.3,3.0,12.91,10.15,6.2
2024-04-01 13:00:00,36.4,25.3,52.3,5.3,16.36,13.01,7.72
2024-04-01 14:00:00,33.98,25.3,56.2,6.1,14.99,12.77,6.77
2024-04-01 15:00:00,27.69,22.7,57.5,4.9,11.57,9.22,5.01
2024-04-01 16:00:00,16.17,23.1,57.2,6.5,7.7,5.38,3.8
2024-04-01 17:00:00,17.7,22.8,55.0,4.2,8.02,6.73,4.14
2024-04-01 18:00:00,17.99,20.9,58.6,4.5,8.16,6.06,3.69
2024-04-01 19:00:00,21.59,17.6,57.4,3.9,10.44,6.51,4.82
2024-04-01 20:00:00,24.33,16.9,63.6,3.5,10.68,8.03,4.72
2024-04-01 21:00:00,26.93,15.0,63.5,4.4,12.8,8.8,5.51
2024-04-01 22:00:00,32.7,16.6,58.5,3.9,14.78,10.81,6.29
2024-04-01 23:00:00,31.29,13.0,72.1,4.9,13.58,11.24,6.54
2024-04-02 00:00:00,36.19,14.5,58.7,7.0,16.27,12.94,7.34
2024-04-02 01:00:00,34.85,16.5,66.9,2.9,16.17,12.21,6.64
2024-04-02 02:00:00,31.86,15.7,68.1,3.1,13.59,11.05,6.1
2024-04-02 03:00:00,26.71,11.0,68.2,0.5,12.1,9.73,5.04
2024-04-02 04:00:00,28.0,12.3,74.4,3.7,13.21,10.1,5.78
2024-04-02 05:00:00,21.91,13.9,64.6,1.6,10.47,7.4,4.42
2024-04-02 06:00:00,17.25,14.3,63.8,4.8,7.42,5.08,3.54
2024-04-02 07:00:00,21.29,14.8,60.3,5.2,9.16,6.62,4.39
2024-04-02 08:00:00,25.3,18.5,61.7,4.8,10.88,8.36,5.13
2024-04-02 09:00:00,25.7,20.9,54.1,3.8,11.75,9.82,5.33
2024-04-02 10:00:00,33.64,22.5,53.1,3.7,14.81,11.39,6.75
2024-04-02 11:00:00,34.62,21.4,58.0,4.3,16.01,11.6,6.67
2024-04-02 12:00:00,28.81,22.5,56.9,3.8,12.25,10.02,5.36
2024-04-02 13:00:00,34.41,23.9,61.6,5.0,15.6,11.95,7.02
2024-04-02 14:00:00,29.9,23.4,60.6,6.4,13.46,10.39,6.38
2024-04-02 15:00:00,29.42,24.6,57.2,3.7,13.17,9.63,5.83
2024-04-02 16:00:00,25.78,23.5,55.0,1.5,11.89,9.07,6.02
2024-04-02 17:00:00,21.16,21.5,56.1,1.6,9.32,6.8,4.15
2024-04-02 18:00:00,23.83,18.3,61.9,2.9,11.37,7.66,5.48
2024-04-02 19:00:00,20.23,22.1,54.7,3.5,8.61,7.77,4.03
2024-04-02 20:00:00,24.98,17.5,59.5,2.1,11.73,8.55,5.36
2024-04-02 21:00:00,29.18,17.8,62.2,3.3,12.5,10.37,5.71
2024-04-02 22:00:00,30.68,13.2,63.8,1.6,13.77,9.69,5.95
2024-04-02 23:00:00,35.61,15.0,61.9,2.2,15.52,12.63,7.21
2024-04-03 00:00:00,32.99,14.6,71.3,4.9,14.42,11.54,6.78
2024-04-03 01:00:00,32.42,14.2,60.1,8.7,14.35,11.21,6.47
2024-04-03 02:00:00,27.45,18.3,56.9,1.9,12.21,9.0,5.09
2024-04-03 03:00:00,27.58,13.0,74.8,2.7,13.11,9.47,5.67
2024-04-03 04:00:00,24.04,15.7,63.2,2.8,10.85,7.86,5.48
2024-04-03 05:00:00,23.43,16.0,71.7,2.1,10.97,8.0,4.69
2024-04-03 06:00:00,21.46,15.2,59.9,2.0,9.1,6.49,4.38
2024-04-03 07:00:00,19.77,18.7,62.0,1.6,9.03,6.14,3.46
2024-04-03 08:00:00,20.28,18.5,65.6,6.5,9.56,6.36,4.49
2024-04-03 09:00:00,28.06,21.4,53.8,4.3,12.33,10.2,5.73
2024-04-03 10:00:00,33.81,24.2,63.3,2.5,15.37,12.15,7.08
2024-04-03 11:00:00,35.36,22.5,55.0,2.3,15.78,11.93,6.96
2024-04-03 12:00:00,37.19,22.7,59.3,4.0,16.7,11.9,7.51
2024-04-03 13:00:00,34.7,25.2,50.4,4.6,15.36,13.4,6.82
2024-04-03 14:00:00,32.35,25.9,60.4,2.3,14.13,11.13,5.8
2024-04-03 15:00:00,25.14,22.3,58.8,2.8,12.07,8.77,5.03
2024-04-03 16:00:00,23.09,22.4,67.6,2.5,10.26,9.15,4.62
2024-04-03 17:00:00,20.29,23.3,61.9,1.3,10.45,7.43,4.31
2024-04-03 18:00:00,20.0,21.1,62.9,3.0,9.11,7.26,3.6
2024-04-03 19:00:00,20.16,18.6,56.9,3.7,9.17,7.37,3.97
2024-04-03 20:00:00,22.9,19.6,60.9,4.4,10.58,8.06,4.41
2024-04-03 21:00:00,25.04,18.5,60.2,3.1,11.09,8.36,4.26
2024-04-03 22:00:00,33.08,15.8,65.2,8.6,15.57,11.93,6.52
2024-04-03 23:00:00,33.67,15.3,66.4,4.2,15.21,11.25,7.02
2024-04-04 00:00:00,33.86,13.8,63.0,6.3,15.48,12.09,6.56
2024-04-04 01:00:00,31.42,12.5,68.2,6.7,14.07,11.24,6.34
2024-04-04 02:00:00,27.21,13.2,67.7,5.6,12.33,9.22,5.54
2024-04-04 03:00:00,30.06,14.2,61.8,2.4,13.0,9.75,6.06
2024-04-04 04:00:00,24.43,12.4,73.1,3.2,12.08,8.19,4.73
2024-04-04 05:00:00,29.23,14.8,67.4,0.5,13.2,10.11,5.96
2024-04-04 06:00:00,21.2,16.6,68.1,3.3,9.35,7.13,4.24
2024-04-04 07:00:00,22.6,19.5,63.1,2.5,9.89,8.47,4.21
2024-04-04 08:00:00,23.35,18.5,53.2,1.5,10.56,9.05,4.79
2024-04-04 09:00:00,30.79,18.4,57.8,5.7,13.52,10.38,6.44
2024-04-04 10:00:00,31.08,21.2,66.9,4.5,13.52,11.42,6.0
2024-04-04 11:00:00,29.74,21.7,61.9,11.2,13.66,10.61,6.13
2024-04-04 12:00:00,35.39,24.1,46.9,3.5,15.37,12.87,7.7
2024-04-04 13:00:00,33.9,23.3,58.4,2.7,14.15,11.79,7.12
2024-04-04 14:00:00,29.03,19.9,56.0,2.3,13.33,10.0,5.98
2024-04-04 15:00:00,36.23,29.3,38.3,3.2,16.54,12.51,7.37
2024-04-04 16:00:00,18.87,23.5,64.1,2.6,8.46,5.92,3.58
2024-04-04 17:00:00,22.77,22.6,57.2,9.2,10.21,7.08,4.38
2024-04-04 18:00:00,17.1,19.2,62.1,1.9,7.65,6.02,3.55
2024-04-04 19:00:00,17.83,18.1,56.0,0.6,8.23,6.44,3.58
2024-04-04 20:00:00,22.76,18.8,55.6,1.6,10.26,7.92,5.09
2024-04-04 21:00:00,27.87,18.2,54.2,6.3,12.92,9.63,5.22
2024-04-04 22:00:00,30.95,17.5,70.1,4.6,14.21,10.89,5.9
2024-04-04 23:00:00,31.43,15.8,56.8,5.3,13.97,11.56,5.86
2024-04-05 00:00:00,6.57,13.1,76.4,2.6,3.05,3.03,1.77
2024-04-05 01:00:00,30.27,10.6,66.4,4.2,13.8,11.34,5.55
2024-04-05 02:00:00,29.79,14.0,61.0,4.7,12.49,10.44,5.89
2024-04-05 03:00:00,29.29,13.5,67.5,2.7,13.11,10.48,5.69
2024-04-05 04:00:00,22.84,13.0,65.0,4.8,9.96,7.7,3.85
2024-04-05 05:00:00,22.26,16.9,64.2,4.2,10.32,7.93,4.03
2024-04-05 06:00:00,22.74,14.3,62.4,2.5,9.66,8.44,4.45
2024-04-05 07:00:00,18.64,18.8,59.9,1.0,8.45,6.46,3.67
2024-04-05 08:00:00,4.48,17.1,59.7,2.2,1.92,1.45,1.1
2024-04-05 09:00:00,32.03,20.7,63.5,4.2,13.44,12.1,6.38
2024-04-05 10:00:00,33.96,23.1,58.9,4.1,15.83,11.59,6.63
2024-04-05 11:00:00,28.92,22.2,58.6,3.6,13.22,10.31,6.02
2024-04-05 12:00:00,38.13,26.0,58.0,2.3,16.73,13.62,8.09
2024-04-05 13:00:00,37.42,26.9,53.1,3.3,16.96,13.37,7.08
2024-04-05 14:00:00,33.21,24.5,55.5,1.7,15.07,11.75,6.55
2024-04-05 15:00:00,25.96,24.8,53.6,4.4,11.13,9.83,5.64
2024-04-05 16:00:00,22.4,25.1,50.3,6.1,9.69,7.98,4.31
2024-04-05 17:00:00,18.42,23.5,52.2,3.3,7.74,6.04,3.54
2024-04-05 18:00:00,17.67,22.3,57.9,2.1,7.0,6.28,4.4
2024-04-05 19:00:00,22.15,19.7,65.5,5.6,10.61,7.51,4.54
2024-04-05 20:00:00,19.9,16.6,66.9,2.6,10.06,7.44,3.96
2024-04-05 21:00:00,25.05,15.8,67.9,4.0,11.01,8.92,5.38
2024-04-05 22:00:00,25.88,20.2,54.2,1.2,11.25,9.23,5.43
2024-04-05 23:00:00,35.62,16.1,67.3,4.8,15.62,12.94,7.97
2024-04-06 00:00:00,28.34,14.7,64.4,3.3,13.1,10.45,6.03
2024-04-06 01:00:00,23.59,16.4,65.1,3.1,11.15,7.7,4.43
2024-04-06 02:00:00,21.61,13.3,70.9,7.0,10.12,7.22,4.11
2024-04-06 03:00:00,20.67,15.4,59.7,3.5,9.72,8.11,4.31
2024-04-06 04:00:00,20.41,15.2,66.6,0.6,9.62,7.03,4.41
2024-04-06 05:00:00,15.69,16.5,65.3,7.6,6.8,5.56,3.52
2024-04-06 06:00:00,12.17,16.4,69.3,0.5,4.69,4.26,2.67
2024-04-06 07:00:00,10.62,16.6,61.4,3.7,5.11,3.85,2.14
2024-04-06 08:00:00,13.94,18.1,61.9,4.3,6.25,4.86,3.05
2024-04-06 09:00:00,19.72,19.5,61.5,6.4,9.11,7.39,4.59
2024-04-06 10:00:00,20.72,21.9,55.2,4.5,9.23,6.85,4.26
2024-04-06 11:00:00,24.9,20.6,56.6,5.5,11.38,8.15,5.14
2024-04-06 12:00:00,23.78,21.8,54.9,5.1,10.94,8.48,4.84
2024-04-06 13:00:00,22.39,24.4,54.1,2.1,10.05,8.14,4.4
2024-04-06 14:00:00,19.69,24.2,63.7,4.7,9.85,6.63,4.09
2024-04-06 15:00:00,24.19,24.5,54.1,4.3,10.87,7.91,5.17
2024-04-06 16:00:00,18.95,23.6,58.1,2.2,8.01,6.68,3.67
2024-04-06 17:00:00,23.04,26.7,52.1,1.6,10.36,7.91,4.47
2024-04-06 18:00:00,15.27,22.1,56.0,5.0,6.65,5.08,3.25
2024-04-06 19:00:00,13.59,20.1,59.8,8.0,5.49,4.68,2.64
2024-04-06 20:00:00,20.04,19.5,64.4,4.9,9.86,6.88,4.77
2024-04-06 21:00:00,19.46,19.6,60.2,5.0,8.95,7.44,4.11
2024-04-06 22:00:00,22.91,16.8,63.0,1.8,9.94,8.32,4.68
2024-04-06 23:00:00,24.31,16.9,62.6,2.3,11.15,9.24,5.34
2024-04-07 00:00:00,17.61,15.9,60.0,4.0,8.43,5.68,3.33
2024-04-07 01:00:00,28.24,14.3,72.0,0.8,11.86,9.85,6.23
2024-04-07 02:00:00,23.39,14.8,64.1,4.5,11.41,8.64,5.35
2024-04-07 03:00:00,20.18,17.2,70.8,1.7,8.48,8.09,4.09
2024-04-07 04:00:00,16.39,15.6,66.5,3.1,7.93,5.75,3.36
2024-04-07 05:00:00,14.89,14.6,73.5,2.6,5.8,5.31,2.83
2024-04-07 06:00:00,12.24,16.6,63.1,1.4,5.94,4.63,1.76
2024-04-07 07:00:00,16.02,15.1,62.2,3.9,6.89,5.64,3.45
2024-04-07 08:00:00,13.27,19.8,65.5,2.8,7.12,3.94,1.9
2024-04-07 09:00:00,19.82,22.8,53.8,0.9,8.54,6.89,4.04
2024-04-07 10:00:00,23.57,20.1,66.3,3.3,10.16,7.48,4.72
2024-04-07 11:00:00,23.73,23.3,58.9,4.0,10.29,7.91,4.96
2024-04-07 12:00:00,28.0,25.4,60.8,1.6,12.87,10.32,5.04
2024-04-07 13:00:00,24.83,26.1,47.9,4.0,11.68,8.7,5.75
2024-04-07 14:00:00,23.51,26.5,57.0,2.5,10.1,8.24,4.93
2024-04-07 15:00:00,19.95,21.6,54.3,2.3,9.25,6.86,3.9
2024-04-07 16:00:00,19.25,24.7,42.4,5.3,8.6,5.9,3.94
2024-04-07 17:00:00,17.63,20.9,63.4,3.4,7.48,6.44,3.79
2024-04-07 18:00:00,15.03,20.6,59.3,2.9,6.84,5.74,2.37
2024-04-07 19:00:00,13.13,22.1,62.3,5.5,7.1,4.64,2.57
2024-04-07 20:00:00,16.06,19.8,60.7,6.6,7.35,5.47,3.05
2024-04-07 21:00:00,16.01,19.4,60.8,2.6,6.65,5.79,2.89
2024-04-07 22:00:00,20.04,15.7,72.7,1.0,9.39,7.88,3.9
2024-04-07 23:00:00,26.64,18.3,62.7,3.7,12.34,9.41,5.29
2024-04-08 00:00:00,33.63,16.5,61.8,4.8,14.9,11.17,6.83
2024-04-08 01:00:00,31.58,16.3,64.0,4.0,14.42,11.43,6.53
2024-04-08 02:00:00,29.5,13.2,69.0,4.6,12.19,9.07,5.97
2024-04-08 03:00:00,27.27,16.7,49.7,4.3,11.62,9.63,5.19
2024-04-08 04:00:00,23.4,15.0,68.5,7.5,10.42,7.45,4.66
2024-04-08 05:00:00,19.36,15.3,72.4,6.0,8.45,6.49,3.38
2024-04-08 06:00:00,21.28,18.2,61.9,1.6,9.52,8.05,4.19
2024-04-08 07:00:00,21.97,19.4,58.6,3.3,10.02,7.28,4.14
2024-04-08 08:00:00,23.33,18.5,63.7,3.3,10.36,7.84,5.12
2024-04-08 09:00:00,26.44,24.2,63.7,3.3,12.12,9.18,5.42
2024-04-08 10:00:00,32.96,25.0,56.3,6.9,14.74,12.2,6.85
2024-04-08 11:00:00,33.68,24.2,56.0,2.7,15.31,11.97,6.67
2024-04-08 12:00:00,67.23,24.8,52.3,4.1,30.0,23.63,13.68
2024-04-08 13:00:00,36.46,25.1,48.5,6.4,16.79,12.44,7.47
2024-04-08 14:00:00,27.25,22.5,57.2,1.0,12.45,8.6,5.61
2024-04-08 15:00:00,24.52,24.8,54.5,6.2,10.19,9.22,5.08
2024-04-08 16:00:00,20.95,24.3,45.2,5.1,9.58,7.27,4.65
2024-04-08 17:00:00,21.99,22.5,53.4,2.0,10.02,7.31,4.54
2024-04-08 18:00:00,14.6,21.8,63.6,2.7,6.08,4.7,2.72
2024-04-08 19:00:00,20.54,17.5,61.7,2.6,9.91,7.07,4.13
2024-04-08 20:00:00,23.2,18.1,49.9,2.1,10.23,8.63,5.06
2024-04-08 21:00:00,28.95,19.9,68.1,4.3,12.45,9.91,5.86
2024-04-08 22:00:00,30.24,19.9,55.7,8.6,12.92,10.45,5.88
2024-04-08 23:00:00,29.18,14.8,63.8,1.8,13.44,10.43,5.7
2024-04-09 00:00:00,30.96,15.9,70.2,2.2,14.01,10.34,6.06
2024-04-09 01:00:00,29.4,16.8,60.1,2.5,12.52,9.79,6.17
2024-04-09 02:00:00,28.26,14.2,57.1,7.1,12.96,9.18,5.46
2024-04-09 03:00:00,25.4,16.2,65.7,4.2,11.79,9.61,5.39
2024-04-09 04:00:00,19.2,15.6,69.2,2.1,8.55,5.98,4.04
2024-04-09 05:00:00,23.04,18.3,59.8,5.4,10.68,8.82,5.42
2024-04-09 06:00:00,15.05,15.6,64.7,6.8,6.04,5.62,3.37
2024-04-09 07:00:00,22.73,17.0,57.6,3.0,9.95,8.06,4.27
2024-04-09 08:00:00,25.07,20.4,54.5,1.8,11.46,8.8,5.69
2024-04-09 09:00:00,28.11,21.4,56.7,2.6,14.04,10.1,5.85
2024-04-09 10:00:00,27.88,22.4,60.3,2.1,12.88,8.64,5.54
2024-04-09 11:00:00,33.81,24.4,55.2,2.0,15.13,11.68,7.01
2024-04-09 12:00:00,30.17,22.9,61.6,1.8,13.07,11.14,6.56
2024-04-09 13:00:00,34.63,22.8,64.9,6.1,15.39,12.06,7.09
2024-04-09 14:00:00,29.8,24.2,59.3,1.3,14.08,10.28,5.58
2024-04-09 15:00:00,25.21,24.2,47.0,3.1,11.87,9.76,5.67
2024-04-09 16:00:00,19.05,23.9,53.9,0.5,9.23,6.61,3.46
2024-04-09 17:00:00,15.33,25.4,57.9,2.5,6.76,6.0,3.41
2024-04-09 18:00:00,15.76,23.7,55.0,4.7,6.95,5.77,3.43
2024-04-09 19:00:00,22.15,22.1,49.4,2.0,9.37,7.85,4.78
2024-04-09 20:00:00,21.1,20.3,56.8,11.0,9.86,6.62,3.94
2024-04-09 21:00:00,25.44,18.1,51.0,0.9,12.09,9.0,5.42
2024-04-09 22:00:00,31.25,16.2,63.1,1.6,13.95,11.73,6.44
2024-04-09 23:00:00,36.87,14.7,63.0,5.3,16.15,14.0,7.1
2024-04-10 00:00:00,36.49,14.8,64.4,8.2,15.79,13.21,7.23
2024-04-10 01:00:00,29.74,15.3,71.5,7.4,13.94,9.85,6.31
2024-04-10 02:00:00,24.57,13.5,61.2,5.4,10.64,8.58,5.2
2024-04-10 03:00:00,31.58,15.6,61.7,8.1,13.7,10.44,6.19
2024-04-10 04:00:00,27.6,15.6,59.6,5.8,11.65,9.56,5.74
2024-04-10 05:00:00,19.65,16.1,70.1,1.0,9.13,7.18,4.07
2024-04-10 06:00:00,15.0,19.4,66.3,5.8,8.2,5.46,3.15
2024-04-10 07:00:00,21.59,15.2,67.5,3.4,10.08,7.05,4.25
2024-04-10 08:00:00,21.66,19.6,62.0,3.3,9.0,7.63,4.25
2024-04-10 09:00:00,25.39,18.0,56.4,0.5,11.13,8.72,5.08
2024-04-10 10:00:00,31.66,23.1,57.3,4.2,13.2,11.16,5.85
2024-04-10 11:00:00,34.34,24.9,48.5,4.5,16.09,12.09,6.73
2024-04-10 12:00:00,30.21,22.5,57.2,5.3,13.32,9.81,5.88
2024-04-10 13:00:00,31.36,23.2,54.4,2.7,14.26,11.54,6.12
2024-04-10 14:00:00,31.08,22.7,53.8,1.6,14.0,11.8,6.09
2024-04-10 15:00:00,28.65,25.1,54.0,3.2,13.39,10.42,6.22
2024-04-10 16:00:00,22.62,24.0,58.6,2.8,10.17,7.24,4.14
2024-04-10 17:00:00,21.51,23.3,64.9,5.0,10.15,7.84,3.83
2024-04-10 18:00:00,17.27,22.2,60.2,2.2,7.86,5.36,3.01
2024-04-10 19:00:00,19.63,20.0,71.3,1.6,8.43,7.76,3.8
2024-04-10 20:00:00,13.49,21.9,58.7,3.2,6.24,5.65,2.68
2024-04-10 21:00:00,24.55,19.3,69.7,4.2,11.15,8.37,5.07
2024-04-10 22:00:00,31.34,15.9,67.1,2.4,13.95,10.41,5.71
2024-04-10 23:00:00,31.2,15.6,66.5,1.5,13.78,11.21,6.21
2024-04-11 00:00:00,31.83,14.8,65.4,3.2,15.27,11.46,6.1
2024-04-11 01:00:00,29.39,17.7,64.3,7.7,14.16,10.45,6.33
2024-04-11 02:00:00,31.75,16.5,66.4,7.8,13.88,11.52,6.26
2024-04-11 03:00:00,26.87,15.4,58.4,4.7,11.39,9.34,5.27
2024-04-11 04:00:00,23.81,18.6,65.1,5.2,10.84,7.66,5.02
2024-04-11 05:00:00,14.68,19.1,53.7,2.0,6.8,5.57,2.82
2024-04-11 06:00:00,17.59,17.6,66.4,2.9,8.27,6.74,3.36
2024-04-11 07:00:00,18.3,18.5,64.8,4.1,8.07,5.69,3.37
2024-04-11 08:00:00,21.04,19.9,67.3,5.0,10.54,7.63,4.11
2024-04-11 09:00:00,23.95,20.3,55.4,1.8,11.61,9.34,4.61
2024-04-11 10:00:00,30.65,25.5,48.4,3.3,14.6,10.8,5.84
2024-04-11 11:00:00,34.11,22.4,62.6,1.8,14.73,12.16,6.72
2024-04-11 12:00:00,31.28,26.0,47.4,4.2,13.0,10.68,6.87
2024-04-11 13:00:00,39.85,26.3,46.6,5.2,17.42,14.37,8.47
2024-04-11 14:00:00,31.89,25.0,55.1,5.7,14.61,11.24,7.03
2024-04-11 15:00:00,31.33,28.0,50.2,4.9,14.46,10.93,6.27
2024-04-11 16:00:00,24.01,22.4,57.9,1.8,10.59,8.4,4.96
2024-04-11 17:00:00,15.37,23.8,58.1,5.6,7.07,5.02,3.51
2024-04-11 18:00:00,16.33,22.2,60.1,2.7,8.02,5.51,3.4
2024-04-11 19:00:00,18.7,23.1,55.8,5.7,9.08,6.89,3.49
2024-04-11 20:00:00,25.16,20.9,59.1,2.3,10.63,8.6,5.12
2024-04-11 21:00:00,25.38,16.5,63.8,3.4,11.29,9.0,4.68
2024-04-11 22:00:00,30.37,19.8,60.4,3.9,13.04,10.26,5.88
2024-04-11 23:00:00,30.52,17.6,55.9,0.8,12.14,10.19,6.33
2024-04-12 00:00:00,34.03,14.7,70.1,6.5,15.44,11.75,5.95
2024-04-12 01:00:00,36.0,15.3,70.9,3.6,15.28,12.9,6.93
2024-04-12 02:00:00,31.55,13.7,70.8,2.0,13.6,10.1,6.06
2024-04-12 03:00:00,25.11,15.5,68.2,1.8,10.37,8.86,4.51
2024-04-12 04:00:00,23.25,16.5,59.2,4.6,10.97,8.24,4.88
2024-04-12 05:00:00,20.26,16.6,57.0,1.2,9.4,6.97,4.1
2024-04-12 06:00:00,19.08,17.4,67.2,3.2,9.86,7.36,3.68
2024-04-12 07:00:00,21.6,16.9,63.9,3.7,10.31,8.72,4.67
2024-04-12 08:00:00,24.33,21.1,59.5,2.2,10.64,9.09,4.48
2024-04-12 09:00:00,25.0,19.0,62.2,1.6,11.69,8.96,5.12
2024-04-12 10:00:00,30.67,23.2,57.5,3.5,13.8,10.75,6.12
2024-04-12 11:00:00,30.85,21.5,61.5,2.7,13.95,11.73,6.08
2024-04-12 12:00:00,32.05,25.0,53.5,1.6,14.06,11.18,6.32
2024-04-12 13:00:00,33.3,25.4,43.9,2.1,15.32,11.46,6.36
2024-04-12 14:00:00,32.21,26.2,56.0,3.4,14.28,11.36,6.2
2024-04-12 15:00:00,25.27,26.7,54.8,1.6,11.13,9.29,5.08
2024-04-12 16:00:00,27.5,26.5,45.7,7.0,12.31,9.31,6.03
2024-04-12 17:00:00,11.9,21.7,52.1,5.2,5.68,4.08,1.75
2024-04-12 18:00:00,24.6,23.0,60.8,2.7,10.47,9.09,4.49
2024-04-12 19:00:00,55.13,24.9,59.7,2.3,24.99,20.15,11.35
2024-04-12 20:00:00,20.91,20.8,45.7,6.1,8.73,7.09,4.31
2024-04-12 21:00:00,25.34,18.1,64.5,3.2,11.14,8.6,5.4
2024-04-12 22:00:00,29.82,18.0,61.3,6.0,13.14,10.44,6.09
2024-04-12 23:00:00,30.34,16.5,64.6,4.9,14.06,9.47,5.8
2024-04-13 00:00:00,24.37,14.7,67.0,1.3,11.16,7.99,4.9
2024-04-13 01:00:00,22.77,17.3,59.4,5.5,10.72,8.0,4.71
2024-04-13 02:00:00,20.84,16.7,67.2,3.7,9.85,7.8,4.14
2024-04-13 03:00:00,18.72,14.0,63.8,4.5,9.5,6.47,3.96
2024-04-13 04:00:00,12.17,16.4,68.1,2.1,4.66,3.73,2.75
2024-04-13 05:00:00,13.49,16.4,69.1,0.5,5.76,5.24,2.97
2024-04-13 06:00:00,13.05,15.9,60.5,2.7,5.16,4.02,2.34
2024-04-13 07:00:00,13.71,17.4,58.9,2.0,6.41,3.75,2.58
2024-04-13 08:00:00,14.91,18.9,61.9,3.2,6.87,4.84,3.04
2024-04-13 09:00:00,21.11,22.0,65.1,1.3,9.14,7.37,4.17
2024-04-13 10:00:00,20.19,22.6,53.9,6.4,9.27,7.12,3.92
2024-04-13 11:00:00,23.7,22.9,54.5,1.5,11.26,8.08,5.28
2024-04-13 12:00:00,27.98,24.6,56.1,5.1,11.79,10.02,5.23
2024-04-13 13:00:00,27.1,26.8,55.2,7.1,12.18,8.99,4.86
2024-04-13 14:00:00,25.15,26.4,55.0,1.7,11.41,8.88,5.36
2024-04-13 15:00:00,22.76,27.2,51.6,2.8,9.7,7.38,4.53
2024-04-13 16:00:00,19.76,24.8,52.7,4.9,8.41,6.49,3.66
2024-04-13 17:00:00,16.89,26.8,53.5,4.7,7.48,5.59,3.34
2024-04-13 18:00:00,15.84,23.8,39.4,0.8,7.26,5.36,3.75
2024-04-13 19:00:00,13.13,21.4,67.7,1.1,6.4,3.88,2.91
2024-04-13 20:00:00,13.3,21.0,57.9,1.5,6.19,5.3,2.81
2024-04-13 21:00:00,19.96,17.7,63.7,3.9,9.33,7.07,3.82
2024-04-13 22:00:00,20.31,17.9,73.1,1.0,9.63,6.67,4.23
2024-04-13 23:00:00,24.68,17.9,58.8,4.0,11.9,8.98,4.78
2024-04-14 00:00:00,16.89,17.6,74.5,2.7,7.65,5.68,4.14
2024-04-14 01:00:00,22.97,15.6,69.0,4.5,9.41,8.01,4.77
2024-04-14 02:00:00,19.75,20.1,62.1,5.2,9.65,7.78,3.88
2024-04-14 03:00:00,15.43,15.9,68.1,5.3,8.02,5.7,2.83
2024-04-14 04:00:00,13.89,14.2,62.8,0.8,6.21,4.58,3.37
2024-04-14 05:00:00,11.78,19.3,52.6,7.3,6.26,4.3,2.23
2024-04-14 06:00:00,12.34,19.4,54.8,4.0,5.89,4.84,2.89
2024-04-14 07:00:00,9.8,20.1,65.3,6.4,4.73,3.43,1.98
2024-04-14 08:00:00,16.06,20.3,54.9,4.1,7.31,5.39,3.31
2024-04-14 09:00:00,21.5,22.9,48.2,3.5,8.93,7.38,4.35
2024-04-14 10:00:00,24.54,26.0,52.5,4.9,11.11,9.26,4.64
2024-04-14 11:00:00,26.28,24.9,57.0,2.1,12.66,8.83,4.97
2024-04-14 12:00:00,26.45,23.2,56.4,1.4,12.26,9.2,5.42
2024-04-14 13:00:00,26.05,20.7,62.2,1.3,11.69,9.48,5.46
2024-04-14 14:00:00,29.49,26.6,57.8,5.8,12.51,10.95,6.24
2024-04-14 15:00:00,17.41,24.4,57.6,6.6,8.31,5.45,3.43
2024-04-14 16:00:00,15.29,25.2,53.0,5.5,6.92,5.42,2.86
2024-04-14 17:00:00,15.17,23.4,53.3,6.5,6.96,5.36,3.49
2024-04-14 18:00:00,14.23,22.2,61.2,8.7,6.24,5.11,2.85
2024-04-14 19:00:00,15.15,21.2,60.0,3.7,7.18,5.57,2.39
2024-04-14 20:00:00,20.0,20.0,55.7,1.7,9.54,6.95,4.3
2024-04-14 21:00:00,18.11,20.9,65.4,4.1,8.3,6.23,3.56
2024-04-14 22:00:00,21.96,19.4,62.0,2.8,10.61,7.16,4.12
2024-04-14 23:00:00,20.51,15.7,68.4,2.8,9.73,6.59,4.51
2024-04-15 00:00:00,37.62,15.3,63.7,4.8,17.11,13.39,7.73
2024-04-15 01:00:00,30.44,17.0,69.3,1.3,13.54,9.93,6.0
2024-04-15 02:00:00,27.76,17.8,54.7,0.8,12.3,9.81,4.56
2024-04-15 03:00:00,23.92,18.0,70.8,4.6,9.84,8.73,4.58
2024-04-15 04:00:00,19.42,15.4,55.8,2.3,8.24,7.09,4.32
2024-04-15 05:00:00,16.47,19.2,54.1,3.0,7.35,6.91,3.23
2024-04-15 06:00:00,15.98,16.1,66.0,2.6,7.35,5.04,3.43
2024-04-15 07:00:00,14.88,19.6,57.8,4.1,6.73,5.17,2.97
2024-04-15 08:00:00,19.07,22.0,56.0,1.7,9.05,6.66,3.86
2024-04-15 09:00:00,29.66,19.4,58.0,4.8,13.49,11.1,5.94
2024-04-15 10:00:00,34.69,26.9,47.8,6.8,15.28,12.38,7.44
2024-04-15 11:00:00,37.74,26.8,53.5,5.7,16.64,13.09,7.61
2024-04-15 12:00:00,39.04,26.5,51.9,6.5,17.82,14.01,7.73
2024-04-15 13:00:00,36.79,24.6,58.9,7.1,16.0,12.85,7.68
2024-04-15 14:00:00,27.31,26.1,53.0,2.9,12.16,9.22,5.28
2024-04-15 15:00:00,26.59,27.3,49.2,5.3,12.24,9.01,5.51
2024-04-15 16:00:00,19.03,23.9,59.2,3.5,8.09,6.61,4.1
2024-04-15 17:00:00,17.87,24.5,45.4,2.4,7.78,6.5,3.32
2024-04-15 18:00:00,18.19,25.1,41.0,5.0,8.18,5.61,3.58
2024-04-15 19:00:00,17.17,20.3,51.7,2.2,7.82,6.35,3.19
2024-04-15 20:00:00,21.58,21.7,56.2,1.4,9.92,7.3,4.61
2024-04-15 21:00:00,24.87,17.3,65.2,4.7,11.22,7.93,4.93
2024-04-15 22:00:00,26.73,17.3,49.9,2.5,11.98,9.91,5.71
2024-04-15 23:00:00,25.84,16.9,63.6,2.6,11.47,8.64,5.97
2024-04-16 00:00:00,29.63,17.9,60.8,6.2,13.91,11.12,5.91
2024-04-16 01:00:00,29.73,15.6,66.0,1.6,12.97,10.88,5.86
2024-04-16 02:00:00,27.75,16.6,54.5,5.1,12.98,10.17,6.11
2024-04-16 03:00:00,21.79,15.6,78.4,3.0,9.81,7.67,4.5
2024-04-16 04:00:00,19.64,16.3,64.6,6.3,8.75,7.19,4.2
2024-04-16 05:00:00,15.29,19.8,54.2,3.2,6.98,4.68,2.86
2024-04-16 06:00:00,16.8,17.2,64.0,3.1,7.13,5.77,3.54
2024-04-16 07:00:00,15.43,21.3,65.9,3.2,7.4,5.65,3.15
2024-04-16 08:00:00,18.74,21.4,51.8,5.7,8.73,7.17,3.82
2024-04-16 09:00:00,21.34,21.9,50.3,0.5,9.34,6.94,4.2
2024-04-16 10:00:00,27.98,22.1,56.9,4.7,12.83,9.65,5.92
2024-04-16 11:00:00,28.94,23.3,55.9,2.0,12.75,10.28,5.8
2024-04-16 12:00:00,35.38,24.7,57.9,6.2,15.43,12.64,7.04
2024-04-16 13:00:00,35.19,26.0,60.1,2.9,15.98,12.47,6.78
2024-04-16 14:00:00,33.21,27.3,55.1,2.7,14.87,10.7,6.73
2024-04-16 15:00:00,25.35,25.8,46.1,4.7,11.34,8.71,5.0
2024-04-16 16:00:00,23.95,25.4,48.1,4.8,11.3,8.39,4.65
2024-04-16 17:00:00,21.12,24.9,50.2,4.3,9.84,7.35,3.97
2024-04-16 18:00:00,18.46,24.7,58.3,2.7,8.7,6.13,3.57
2024-04-16 19:00:00,22.13,23.7,58.6,4.1,9.5,7.68,4.58
2024-04-16 20:00:00,22.01,19.4,67.1,1.0,9.87,8.29,4.11
2024-04-16 21:00:00,26.9,19.7,63.1,7.5,12.46,10.7,6.16
2024-04-16 22:00:00,28.7,20.8,55.9,3.3,13.46,9.51,5.6
2024-04-16 23:00:00,32.8,15.9,63.9,2.6,14.73,11.57,6.82
2024-04-17 00:00:00,29.95,17.4,55.8,6.0,12.87,10.65,6.17
2024-04-17 01:00:00,29.79,16.6,67.3,2.7,13.73,10.84,6.19
2024-04-17 02:00:00,29.07,15.8,61.9,10.3,13.43,10.43,5.58
2024-04-17 03:00:00,25.3,19.2,67.1,4.6,11.37,9.06,5.6
2024-04-17 04:00:00,21.96,17.4,66.2,4.3,10.12,7.84,4.41
2024-04-17 05:00:00,20.7,20.4,69.2,1.7,8.64,7.52,4.12
2024-04-17 06:00:00,13.38,19.2,63.1,4.1,6.46,4.33,2.82
2024-04-17 07:00:00,15.51,21.0,60.8,1.7,7.22,5.66,3.63
2024-04-17 08:00:00,21.27,20.8,58.1,5.2,9.22,7.7,3.8
2024-04-17 09:00:00,22.63,22.1,55.6,1.6,10.87,7.58,4.58
2024-04-17 10:00:00,37.78,24.8,53.0,2.8,16.23,13.36,7.68
2024-04-17 11:00:00,34.96,25.8,58.0,3.4,15.81,11.5,7.02
2024-04-17 12:00:00,36.06,26.9,45.0,5.4,16.86,12.16,7.63
2024-04-17 13:00:00,34.21,27.0,51.9,4.2,16.42,11.54,6.62
2024-04-17 14:00:00,27.96,24.6,46.1,5.0,12.07,9.17,5.7
2024-04-17 15:00:00,26.42,25.3,55.5,2.2,12.01,9.16,5.6
2024-04-17 16:00:00,25.85,27.3,49.0,2.2,11.57,8.97,5.13
2024-04-17 17:00:00,16.81,22.2,59.8,2.9,7.57,5.96,3.49
2024-04-17 18:00:00,17.14,24.6,50.8,0.6,7.77,5.91,3.27
2024-04-17 19:00:00,21.31,22.8,55.4,5.7,9.81,8.21,4.32
2024-04-17 20:00:00,24.15,22.9,59.7,2.9,12.0,8.15,4.95
2024-04-17 21:00:00,25.07,21.0,59.5,1.1,11.89,8.21,5.2
2024-04-17 22:00:00,24.84,18.2,69.9,6.1,10.44,7.86,5.05
2024-04-17 23:00:00,32.28,17.0,61.1,7.9,14.14,11.02,6.71
2024-04-18 00:00:00,35.66,16.7,61.1,4.3,16.43,12.22,6.94
2024-04-18 01:00:00,34.19,17.9,68.7,2.8,14.83,12.52,7.26
2024-04-18 02:00:00,29.86,13.4,66.1,3.1,12.89,10.21,6.01
2024-04-18 03:00:00,27.83,17.3,61.2,2.3,12.32,9.74,5.66
2024-04-18 04:00:00,20.66,16.2,66.5,4.7,9.71,7.18,4.3
2024-04-18 05:00:00,19.35,18.6,60.9,2.8,9.19,5.87,3.72
2024-04-18 06:00:00,15.07,19.9,58.6,0.8,6.34,5.82,3.03
2024-04-18 07:00:00,18.51,18.1,58.9,0.9,7.4,6.13,3.29
2024-04-18 08:00:00,23.85,21.5,65.0,4.1,11.25,8.68,4.81
2024-04-18 09:00:00,22.8,23.4,55.2,2.5,10.65,7.69,4.67
2024-04-18 10:00:00,26.6,24.5,51.8,1.8,12.04,9.03,5.59
2024-04-18 11:00:00,32.82,25.2,52.3,3.8,14.7,11.05,6.38
2024-04-18 12:00:00,31.73,24.4,56.6,2.4,14.27,10.94,5.92
2024-04-18 13:00:00,34.01,25.1,61.2,1.2,15.37,12.21,6.96
2024-04-18 14:00:00,28.07,24.8,53.4,2.0,12.35,9.12,5.55
2024-04-18 15:00:00,33.84,27.5,46.7,5.2,15.87,12.26,7.12
2024-04-18 16:00:00,20.31,26.0,62.4,5.9,8.13,7.57,3.83
2024-04-18 17:00:00,22.88,25.3,54.3,6.1,10.83,7.76,4.06
2024-04-18 18:00:00,14.86,21.8,57.3,3.7,6.28,4.49,3.22
2024-04-18 19:00:00,13.29,23.1,56.6,7.4,5.0,4.84,2.63
2024-04-18 20:00:00,21.12,22.8,50.4,1.7,9.72,7.33,4.45
2024-04-18 21:00:00,23.64,17.8,62.4,4.5,10.93,8.57,4.48
2024-04-18 22:00:00,25.25,18.5,65.5,4.7,11.24,7.97,4.83
2024-04-18 23:00:00,26.57,16.0,70.9,1.0,12.23,8.47,5.71
2024-04-19 00:00:00,6.32,17.1,61.7,2.4,1.9,3.24,1.66
2024-04-19 01:00:00,33.04,15.9,65.9,7.3,15.5,11.96,6.44
2024-04-19 02:00:00,29.32,17.6,69.0,5.1,12.63,10.05,5.68
2024-04-19 03:00:00,24.25,17.5,63.2,1.0,11.33,7.7,4.95
2024-04-19 04:00:00,21.56,19.7,64.0,3.7,9.73,6.99,3.59
2024-04-19 05:00:00,17.55,18.4,64.0,4.3,7.94,6.42,3.75
2024-04-19 06:00:00,13.03,20.1,56.6,8.1,5.04,4.17,2.58
2024-04-19 07:00:00,14.06,19.9,55.5,4.8,7.27,4.09,3.12
2024-04-19 08:00:00,19.85,20.4,64.8,4.3,9.53,6.56,4.15
2024-04-19 09:00:00,24.61,24.6,41.1,6.6,10.69,7.87,4.94
2024-04-19 10:00:00,33.62,26.4,49.0,4.4,15.85,11.45,7.08
2024-04-19 11:00:00,36.47,26.6,45.0,7.0,16.23,12.34,6.84
2024-04-19 12:00:00,37.0,26.6,57.4,3.5,16.45,13.29,7.7
2024-04-19 13:00:00,32.04,25.4,60.3,4.8,13.79,11.6,6.62
2024-04-19 14:00:00,31.56,28.8,45.9,4.2,14.1,10.6,6.67
2024-04-19 15:00:00,30.77,27.8,64.5,3.8,13.83,10.67,5.68
2024-04-19 16:00:00,29.81,29.4,55.6,2.7,13.03,10.6,6.02
2024-04-19 17:00:00,11.64,23.9,56.4,6.5,5.61,4.7,2.22
2024-04-19 18:00:00,17.3,25.8,60.5,2.4,8.56,5.85,3.64
2024-04-19 19:00:00,16.15,24.2,51.8,1.8,7.63,4.83,3.79
2024-04-19 20:00:00,20.66,21.5,56.8,4.7,8.49,7.19,4.13
2024-04-19 21:00:00,22.1,22.8,58.9,3.8,9.21,7.93,4.52
2024-04-19 22:00:00,27.76,20.2,56.3,2.3,12.61,9.79,5.4
2024-04-19 23:00:00,30.08,17.1,57.0,6.1,14.03,10.64,6.13
2024-04-20 00:00:00,22.3,17.8,58.0,2.5,9.91,8.0,4.75
2024-04-20 01:00:00,20.15,16.0,63.8,1.1,9.12,7.33,4.29
2024-04-20 02:00:00,18.29,16.6,66.5,0.5,8.26,5.67,3.98
2024-04-20 03:00:00,14.37,18.5,60.1,6.8,6.32,4.65,2.82
2024-04-20 04:00:00,15.21,19.4,52.5,3.0,7.07,5.06,2.84
2024-04-20 05:00:00,13.63,19.1,63.5,2.1,6.29,4.9,2.47
2024-04-20 06:00:00,21.9,18.6,68.0,3.9,10.35,7.17,4.45
2024-04-20 07:00:00,16.0,21.5,54.9,3.5,6.67,5.04,3.03
2024-04-20 08:00:00,13.47,23.3,64.3,12.6,5.22,4.85,2.57
2024-04-20 09:00:00,20.9,20.6,63.6,6.3,9.39,7.51,4.65
2024-04-20 10:00:00,19.68,24.9,48.8,2.4,8.64,7.39,4.17
2024-04-20 11:00:00,19.14,25.5,50.1,4.6,8.29,7.02,3.92
2024-04-20 12:00:00,29.73,28.0,48.8,3.0,12.94,9.74,5.87
2024-04-20 13:00:00,28.06,27.7,49.9,2.9,13.12,10.21,5.83
2024-04-20 14:00:00,25.95,28.0,38.2,2.9,11.62,8.95,5.06
2024-04-20 15:00:00,19.01,26.4,48.6,4.3,9.73,6.45,4.19
2024-04-20 16:00:00,18.06,26.6,49.3,3.7,8.0,6.23,3.93
2024-04-20 17:00:00,15.74,27.2,60.8,5.0,6.75,6.07,3.43
2024-04-20 18:00:00,11.68,24.7,55.5,1.7,5.73,3.32,2.23
2024-04-20 19:00:00,14.3,23.8,51.4,3.2,7.44,4.64,2.69
2024-04-20 20:00:00,14.72,20.0,57.9,6.0,6.38,4.92,3.62
2024-04-20 21:00:00,18.6,20.9,61.1,0.5,8.8,6.0,3.04
2024-04-20 22:00:00,19.3,16.7,62.0,4.2,8.05,6.14,4.23
2024-04-20 23:00:00,21.09,17.9,59.5,5.3,9.36,7.07,4.11
2024-04-21 00:00:00,19.65,18.2,59.4,3.0,8.29,5.78,4.3
2024-04-21 01:00:00,20.86,18.8,63.9,6.2,9.61,7.46,4.45
2024-04-21 02:00:00,11.42,16.0,57.9,4.9,5.03,4.27,2.24
2024-04-21 03:00:00,15.44,18.2,56.7,4.1,6.61,5.56,2.74
2024-04-21 04:00:00,13.89,20.3,55.0,2.0,6.77,4.7,2.52
2024-04-21 05:00:00,13.45,18.0,56.9,4.5,5.46,5.05,2.67
2024-04-21 06:00:00,10.61,17.6,58.7,5.7,5.81,3.33,1.8
2024-04-21 07:00:00,12.91,21.6,62.6,4.9,6.11,4.75,2.77
2024-04-21 08:00:00,8.65,20.7,64.4,3.9,4.39,3.09,2.04
2024-04-21 09:00:00,16.77,22.5,58.3,4.8,8.19,4.96,3.92
2024-04-21 10:00:00,19.04,26.3,53.5,8.2,9.01,6.75,4.28
2024-04-21 11:00:00,25.98,28.8,46.1,0.5,10.8,9.15,4.82
2024-04-21 12:00:00,24.0,25.3,43.2,4.4,9.99,9.35,4.96
2024-04-21 13:00:00,28.25,26.2,53.3,5.3,12.21,9.57,5.77
2024-04-21 14:00:00,24.85,26.8,53.3,4.3,10.97,8.71,5.42
2024-04-21 15:00:00,20.66,26.5,48.9,2.4,9.98,8.06,3.83
2024-04-21 16:00:00,22.59,29.7,43.0,5.6,9.45,8.08,4.61
2024-04-21 17:00:00,12.06,25.2,47.4,6.6,4.93,4.48,2.22
2024-04-21 18:00:00,10.5,24.4,55.6,4.6,4.42,3.05,2.13
2024-04-21 19:00:00,16.38,26.2,53.0,3.6,7.42,5.57,3.46
2024-04-21 20:00:00,10.64,23.3,62.0,2.9,5.05,3.92,2.33
2024-04-21 21:00:00,18.39,22.6,52.8,2.7,7.77,6.08,3.55
2024-04-21 22:00:00,18.75,18.6,60.2,4.8,9.23,6.89,3.6
2024-04-21 23:00:00,23.85,18.1,62.3,4.1,11.0,8.94,5.18
2024-04-22 00:00:00,33.53,16.8,61.1,1.8,15.22,12.68,6.72
2024-04-22 01:00:00,25.94,19.0,65.4,1.7,11.75,9.84,5.2
2024-04-22 02:00:00,25.93,19.5,66.8,1.2,10.92,9.0,4.8
2024-04-22 03:00:00,21.49,16.9,58.2,4.6,9.61,7.37,4.18
2024-04-22 04:00:00,15.35,17.8,60.4,2.6,6.95,5.28,3.38
2024-04-22 05:00:00,14.55,18.6,68.2,0.6,6.96,4.46,2.98
2024-04-22 06:00:00,22.23,17.8,64.2,2.7,10.39,7.67,3.51
2024-04-22 07:00:00,18.66,20.4,60.2,5.7,9.12,6.25,3.4
2024-04-22 08:00:00,24.67,23.8,57.1,2.3,11.24,7.82,5.29
2024-04-22 09:00:00,25.7,22.6,60.1,4.3,10.96,9.22,5.61
2024-04-22 10:00:00,27.48,25.3,55.6,3.2,12.95,8.89,5.36
2024-04-22 11:00:00,29.52,24.2,56.0,3.8,14.13,9.87,6.45
2024-04-22 12:00:00,36.77,26.8,51.9,4.0,16.84,13.47,7.09
2024-04-22 13:00:00,80.94,26.6,58.8,3.3,37.25,28.28,16.32
2024-04-22 14:00:00,28.68,25.8,51.7,1.0,13.05,10.13,5.66
2024-04-22 15:00:00,26.87,28.7,49.6,3.9,11.88,10.01,5.39
2024-04-22 16:00:00,34.49,28.3,57.8,3.0,15.26,12.5,6.58
2024-04-22 17:00:00,17.9,24.7,55.9,2.0,7.37,7.02,3.44
2024-04-22 18:00:00,16.57,24.8,53.9,6.4,7.36,5.77,3.54
2024-04-22 19:00:00,17.45,24.0,58.3,4.9,7.25,6.73,3.86
2024-04-22 20:00:00,19.27,19.9,61.2,2.5,9.9,6.2,4.28
2024-04-22 21:00:00,23.94,19.3,57.2,3.7,10.33,8.5,4.73
2024-04-22 22:00:00,30.6,22.1,58.7,7.7,14.32,9.72,6.42
2024-04-22 23:00:00,29.81,17.5,58.9,2.3,12.68,10.55,5.95
2024-04-23 00:00:00,28.07,20.4,68.6,7.3,12.41,10.44,5.67
2024-04-23 01:00:00,29.57,16.0,66.0,4.5,13.2,10.26,5.91
2024-04-23 02:00:00,26.06,18.9,56.7,3.7,11.57,8.9,5.05
2024-04-23 03:00:00,27.03,17.6,61.0,8.6,12.15,9.55,5.38
2024-04-23 04:00:00,22.65,18.3,65.9,2.7,10.67,7.02,4.07
2024-04-23 05:00:00,17.25,22.1,52.0,2.4,8.6,4.83,3.32
2024-04-23 06:00:00,12.78,18.5,75.4,2.7,5.88,4.96,2.67
2024-04-23 07:00:00,13.91,22.5,49.8,5.0,6.16,5.08,2.26
2024-04-23 08:00:00,19.76,23.7,60.2,2.7,8.38,6.43,3.15
2024-04-23 09:00:00,32.1,29.2,46.5,1.4,14.39,10.71,6.25
2024-04-23 10:00:00,26.29,23.7,51.5,4.3,11.12,9.56,5.27
2024-04-23 11:00:00,30.96,25.5,56.1,2.1,13.83,10.45,5.85
2024-04-23 12:00:00,36.12,28.4,47.6,0.5,17.46,12.04,7.14
2024-04-23 13:00:00,35.0,27.4,59.1,2.0,16.63,12.53,6.85
2024-04-23 14:00:00,26.02,27.2,44.4,5.5,11.88,8.03,5.14
2024-04-23 15:00:00,28.42,29.1,51.9,7.1,13.3,9.34,4.84
2024-04-23 16:00:00,22.35,26.8,50.5,4.4,9.77,8.48,4.57
2024-04-23 17:00:00,21.59,25.1,55.4,2.6,9.3,7.63,5.06
2024-04-23 18:00:00,17.62,26.5,54.8,3.2,7.52,6.06,3.29
2024-04-23 19:00:00,18.51,24.7,45.7,2.0,8.23,6.63,3.54
2024-04-23 20:00:00,20.29,22.4,58.3,6.2,9.65,7.74,4.42
2024-04-23 21:00:00,26.72,21.0,64.2,4.4,11.46,9.57,5.08
2024-04-23 22:00:00,30.38,19.0,63.5,1.3,13.98,10.44,6.5
2024-04-23 23:00:00,29.83,20.4,57.7,2.9,13.86,10.0,5.85
2024-04-24 00:00:00,29.63,18.2,55.1,3.7,13.45,10.18,5.72
2024-04-24 01:00:00,28.16,17.1,66.0,5.4,12.34,9.32,5.62
2024-04-24 02:00:00,26.47,16.1,74.0,6.8,12.12,9.26,4.79
2024-04-24 03:00:00,22.24,18.8,64.7,1.6,10.1,7.49,4.46
2024-04-24 04:00:00,20.96,18.0,68.2,5.7,9.8,8.65,4.03
2024-04-24 05:00:00,17.88,16.5,68.9,1.1,8.64,6.39,3.47
2024-04-24 06:00:00,17.3,18.8,59.5,2.2,7.2,5.68,3.33
2024-04-24 07:00:00,19.98,21.4,58.7,0.6,9.21,7.36,4.07
2024-04-24 08:00:00,24.23,22.8,61.0,1.1,11.21,8.0,4.53
2024-04-24 09:00:00,23.64,24.0,47.3,0.8,10.88,9.69,4.62
2024-04-24 10:00:00,31.31,25.0,57.3,1.7,14.34,10.53,6.45
2024-04-24 11:00:00,29.52,24.4,61.0,6.1,13.11,9.23,5.89
2024-04-24 12:00:00,36.91,26.1,52.4,2.5,16.08,12.62,7.2
2024-04-24 13:00:00,40.98,29.7,52.5,3.4,17.67,15.01,7.96
2024-04-24 14:00:00,38.02,29.6,45.7,3.5,17.64,12.66,6.92
2024-04-24 15:00:00,30.7,28.8,49.7,9.8,13.82,10.98,6.1
2024-04-24 16:00:00,24.1,28.1,48.9,2.9,11.03,8.45,4.68
2024-04-24 17:00:00,19.28,28.0,52.8,2.4,8.76,6.33,4.05
2024-04-24 18:00:00,15.72,23.9,54.8,7.7,6.99,5.42,3.14
2024-04-24 19:00:00,21.27,24.4,46.3,4.0,10.11,7.63,4.17
2024-04-24 20:00:00,18.8,21.4,54.7,2.5,8.31,7.4,3.51
2024-04-24 21:00:00,25.29,20.1,69.6,2.5,11.74,8.4,5.14
2024-04-24 22:00:00,29.18,21.1,61.5,1.3,13.08,9.49,5.83
2024-04-24 23:00:00,29.11,20.9,48.4,3.8,12.0,10.45,5.94
2024-04-25 00:00:00,33.97,18.6,67.7,4.8,14.98,11.52,6.61
2024-04-25 01:00:00,22.4,20.9,53.1,3.4,10.64,8.27,4.49
2024-04-25 02:00:00,23.87,18.6,66.2,6.2,10.28,8.82,4.97
2024-04-25 03:00:00,20.89,17.3,69.7,3.5,9.74,7.81,4.56
2024-04-25 04:00:00,17.38,17.3,63.7,2.8,7.99,6.08,4.05
2024-04-25 05:00:00,17.52,21.3,53.5,2.3,7.93,6.35,3.76
2024-04-25 06:00:00,16.4,21.0,55.3,2.2,7.47,5.95,3.38
2024-04-25 07:00:00,17.67,23.0,59.6,2.6,8.26,5.93,3.17
2024-04-25 08:00:00,20.92,19.3,55.2,9.3,9.56,7.64,4.27
2024-04-25 09:00:00,22.19,24.9,51.2,2.8,9.47,7.99,4.87
2024-04-25 10:00:00,25.37,25.0,56.6,3.7,11.98,9.86,5.35
2024-04-25 11:00:00,31.72,24.7,51.1,2.4,15.22,11.46,6.64
2024-04-25 12:00:00,34.35,27.5,58.1,1.7,14.79,11.79,6.66
2024-04-25 13:00:00,34.34,29.7,43.1,4.3,15.21,13.02,7.22
2024-04-25 14:00:00,40.85,31.7,29.6,3.8,19.19,13.47,7.78
2024-04-25 15:00:00,33.35,28.5,46.0,1.1,14.73,11.31,6.46
2024-04-25 16:00:00,27.11,26.5,53.7,6.2,12.46,9.2,5.66
2024-04-25 17:00:00,19.62,25.6,57.5,3.6,8.77,7.04,3.63
2024-04-25 18:00:00,22.05,27.2,49.3,2.7,10.62,7.36,4.37
2024-04-25 19:00:00,20.11,23.1,54.9,5.2,8.92,6.49,4.43
2024-04-25 20:00:00,18.12,24.2,54.8,1.5,7.31,6.13,3.63
2024-04-25 21:00:00,25.95,22.4,65.8,3.4,11.99,8.9,5.57
2024-04-25 22:00:00,27.61,21.0,60.6,3.8,12.99,9.15,5.7
2024-04-25 23:00:00,31.96,17.4,60.7,5.2,14.59,11.16,7.02
2024-04-26 00:00:00,31.0,18.6,71.9,2.9,13.56,11.14,6.31
2024-04-26 01:00:00,32.77,16.4,64.3,5.9,14.61,11.33,6.22
2024-04-26 02:00:00,27.34,17.6,52.5,4.6,12.43,10.15,5.59
2024-04-26 03:00:00,19.32,20.0,53.1,5.2,9.01,8.16,4.34
2024-04-26 04:00:00,22.91,21.0,61.6,7.9,10.71,8.31,4.32
2024-04-26 05:00:00,14.17,20.2,50.8,5.8,6.29,5.44,2.55
2024-04-26 06:00:00,18.66,20.1,62.4,2.8,8.66,6.07,3.92
2024-04-26 07:00:00,17.13,24.5,50.6,4.3,7.36,5.82,3.16
2024-04-26 08:00:00,22.22,22.6,62.8,6.0,10.82,7.55,4.48
2024-04-26 09:00:00,25.87,23.1,57.2,3.7,10.7,9.2,5.42
2024-04-26 10:00:00,32.37,27.0,43.4,4.5,15.5,11.84,6.75
2024-04-26 11:00:00,36.32,27.7,55.4,1.8,15.6,12.36,7.13
2024-04-26 12:00:00,36.05,27.0,58.4,5.5,15.98,13.02,7.31
2024-04-26 13:00:00,31.15,28.4,43.5,5.0,13.24,11.14,5.89
2024-04-26 14:00:00,34.76,29.1,45.0,6.3,15.91,12.98,6.62
2024-04-26 15:00:00,27.14,28.6,52.2,4.7,12.42,10.18,5.69
2024-04-26 16:00:00,26.43,28.5,53.2,6.1,11.59,8.28,5.79
2024-04-26 17:00:00,17.04,26.2,64.3,1.8,6.99,5.95,2.94
2024-04-26 18:00:00,16.7,26.8,56.4,5.5,7.99,5.32,2.95
2024-04-26 19:00:00,21.72,24.8,66.3,7.4,9.65,7.58,4.15
2024-04-26 20:00:00,21.95,22.8,56.8,5.5,9.91,7.72,4.29
2024-04-26 21:00:00,23.02,21.8,59.8,4.1,9.88,7.87,4.8
2024-04-26 22:00:00,27.24,20.8,56.2,6.9,12.62,9.44,4.93
2024-04-26 23:00:00,28.91,17.8,60.1,1.3,12.86,10.68,5.37
2024-04-27 00:00:00,23.06,18.4,62.7,0.6,10.52,7.99,4.57
2024-04-27 01:00:00,19.2,18.9,58.4,7.8,8.28,6.42,3.69
2024-04-27 02:00:00,21.31,16.6,51.2,4.5,9.81,7.75,3.94
2024-04-27 03:00:00,15.38,17.9,59.2,1.5,6.83,5.22,2.66
2024-04-27 04:00:00,12.15,22.9,61.9,2.7,4.59,3.65,2.22
2024-04-27 05:00:00,11.2,18.4,62.2,5.0,5.21,4.34,2.26
2024-04-27 06:00:00,8.91,20.6,59.7,5.0,4.33,3.14,1.45
2024-04-27 07:00:00,11.96,21.1,54.8,1.8,4.88,4.89,1.82
2024-04-27 08:00:00,11.86,23.5,57.5,3.4,6.03,4.27,2.61
2024-04-27 09:00:00,17.19,23.7,63.8,5.4,7.22,6.17,3.45
2024-04-27 10:00:00,24.56,25.8,60.1,7.8,11.29,8.21,5.04
2024-04-27 11:00:00,22.26,26.1,54.5,4.2,10.87,7.96,4.54
2024-04-27 12:00:00,29.67,29.6,44.2,4.3,14.33,11.2,6.05
2024-04-27 13:00:00,28.96,28.6,58.5,3.4,12.49,10.85,5.9
2024-04-27 14:00:00,22.47,27.2,56.7,3.7,10.51,7.63,4.82
2024-04-27 15:00:00,25.8,29.7,40.9,1.4,11.39,9.27,4.64
2024-04-27 16:00:00,18.42,26.6,43.4,2.8,7.82,7.02,4.0
2024-04-27 17:00:00,15.12,24.8,47.1,3.6,6.93,5.49,2.98
2024-04-27 18:00:00,12.11,26.2,50.1,2.4,5.95,4.26,2.42
2024-04-27 19:00:00,14.51,27.8,55.1,2.8,6.48,4.98,2.89
2024-04-27 20:00:00,12.43,20.9,63.3,8.0,4.85,4.25,2.53
2024-04-27 21:00:00,13.6,20.4,61.3,0.5,5.47,5.42,3.1
2024-04-27 22:00:00,20.24,22.3,56.6,2.5,9.48,7.37,4.07
2024-04-27 23:00:00,17.98,19.2,72.9,4.0,8.34,5.99,3.38
2024-04-28 00:00:00,27.33,20.4,59.6,2.4,12.56,9.6,5.94
2024-04-28 01:00:00,23.99,17.8,62.2,4.5,10.15,7.96,4.59
2024-04-28 02:00:00,18.72,19.1,58.6,2.5,8.1,6.55,3.12
2024-04-28 03:00:00,18.05,21.6,69.1,4.3,7.83,6.21,3.4
2024-04-28 04:00:00,8.97,17.7,66.3,5.8,3.42,3.33,1.76
2024-04-28 05:00:00,17.31,21.9,52.6,4.4,7.85,5.51,3.44
2024-04-28 06:00:00,8.78,22.4,51.4,1.0,3.58,3.15,1.6
2024-04-28 07:00:00,10.7,20.3,51.2,5.3,4.7,3.56,2.09
2024-04-28 08:00:00,9.46,24.7,53.9,2.1,3.85,3.19,1.81
2024-04-28 09:00:00,18.98,25.3,46.2,4.3,7.95,7.42,3.66
2024-04-28 10:00:00,19.66,26.5,46.4,4.3,8.24,7.61,4.13
2024-04-28 11:00:00,26.85,27.9,55.9,5.4,11.64,8.3,5.34
2024-04-28 12:00:00,25.63,27.7,55.3,3.6,11.69,8.89,5.36
2024-04-28 13:00:00,25.24,28.8,56.9,2.9,10.91,7.9,4.62
2024-04-28 14:00:00,24.5,29.2,41.6,3.6,11.1,7.63,5.03
2024-04-28 15:00:00,25.15,29.8,43.2,3.8,11.89,9.06,5.02
2024-04-28 16:00:00,12.7,25.9,49.8,5.6,5.74,4.08,2.43
2024-04-28 17:00:00,17.12,29.3,57.0,2.0,7.05,6.58,3.08
2024-04-28 18:00:00,12.84,24.6,54.8,5.8,5.52,4.27,2.72
2024-04-28 19:00:00,20.95,26.3,61.6,2.9,9.98,7.98,4.34
2024-04-28 20:00:00,14.26,24.0,58.4,5.0,6.42,5.74,3.31
2024-04-28 21:00:00,13.58,20.6,58.7,2.7,5.73,5.2,2.7
2024-04-28 22:00:00,17.77,22.1,60.3,4.7,7.73,5.82,3.35
2024-04-28 23:00:00,20.83,18.9,52.7,5.4,10.07,6.41,4.06
2024-04-29 00:00:00,29.24,21.3,48.1,3.8,13.67,10.13,5.58
2024-04-29 01:00:00,31.37,18.2,63.5,4.2,14.06,11.57,5.63
2024-04-29 02:00:00,26.91,16.8,63.9,4.7,12.02,10.64,5.44
2024-04-29 03:00:00,24.89,21.5,67.8,4.6,11.38,8.25,4.88
2024-04-29 04:00:00,18.08,20.0,53.1,4.8,7.81,6.84,3.12
2024-04-29 05:00:00,19.44,21.8,59.7,5.8,9.23,6.94,4.17
2024-04-29 06:00:00,14.7,20.3,63.1,2.1,6.65,5.78,3.03
2024-04-29 07:00:00,13.69,19.9,61.8,2.1,5.58,4.23,2.28
2024-04-29 08:00:00,28.16,26.6,57.6,8.0,13.13,9.61,5.78
2024-04-29 09:00:00,20.06,25.3,50.4,5.9,8.58,6.87,3.87
2024-04-29 10:00:00,29.45,27.3,55.4,4.0,12.35,10.58,5.8
2024-04-29 11:00:00,34.4,28.6,52.5,0.5,16.02,11.64,6.56
2024-04-29 12:00:00,42.2,27.9,56.4,5.9,19.46,14.13,8.55
2024-04-29 13:00:00,41.46,29.2,46.4,5.0,18.31,14.7,8.36
2024-04-29 14:00:00,41.26,31.4,40.3,7.5,19.55,14.22,8.16
2024-04-29 15:00:00,29.04,28.8,46.3,0.5,13.51,11.08,6.01
2024-04-29 16:00:00,33.62,29.8,42.9,0.7,14.06,12.1,6.84
2024-04-29 17:00:00,17.94,24.6,51.7,3.6,7.68,6.18,3.11
2024-04-29 18:00:00,23.91,28.2,48.4,5.9,11.42,8.55,4.91
2024-04-29 19:00:00,16.57,23.1,51.8,9.2,8.55,5.67,3.26
2024-04-29 20:00:00,21.09,25.6,53.4,2.6,9.44,7.72,4.73
2024-04-29 21:00:00,21.99,23.3,50.1,0.8,10.28,7.73,3.98
2024-04-29 22:00:00,25.84,21.4,57.9,2.0,11.37,9.97,5.14
2024-04-29 23:00:00,30.63,20.4,57.1,6.1,14.01,11.05,6.3
2024-04-30 00:00:00,30.9,19.5,60.0,3.4,13.73,11.56,6.3
2024-04-30 01:00:00,28.9,18.2,64.1,5.9,12.19,9.66,5.37
2024-04-30 02:00:00,30.01,18.9,59.2,3.3,13.42,11.04,5.89
2024-04-30 03:00:00,15.07,22.7,52.8,1.0,8.23,4.76,3.34
2024-04-30 04:00:00,20.01,21.9,54.5,4.2,8.8,6.74,3.81
2024-04-30 05:00:00,17.79,19.4,65.8,3.2,8.07,6.4,4.01
2024-04-30 06:00:00,17.85,22.1,63.8,3.5,8.25,7.32,3.17
2024-04-30 07:00:00,15.83,23.1,53.7,7.3,7.05,5.43,3.28
2024-04-30 08:00:00,19.3,24.0,54.4,3.3,8.32,7.21,3.69
2024-04-30 09:00:00,25.0,24.0,46.6,5.4,11.44,8.06,4.88
2024-04-30 10:00:00,35.08,27.4,50.2,1.0,16.05,12.34,7.63
2024-04-30 11:00:00,35.8,29.0,41.9,3.4,16.17,12.24,7.41
2024-04-30 12:00:00,35.64,27.3,48.8,4.0,15.74,12.62,7.43
2024-04-30 13:00:00,9.04,32.0,51.0,1.5,3.91,2.83,1.8
2024-04-30 14:00:00,32.22,31.5,38.7,2.5,14.12,11.87,6.73
2024-04-30 15:00:00,29.61,29.9,43.6,4.9,13.64,11.12,6.06
2024-04-30 16:00:00,26.49,26.7,47.4,1.9,12.06,9.69,5.65
2024-04-30 17:00:00,25.3,28.4,41.6,1.6,11.44,8.26,4.83
2024-04-30 18:00:00,21.04,27.2,55.7,2.5,8.98,7.87,4.35
2024-04-30 19:00:00,18.33,26.3,53.8,5.9,7.63,5.22,3.32
2024-04-30 20:00:00,20.48,26.6,61.1,5.1,9.15,6.65,3.89
2024-04-30 21:00:00,21.01,22.7,51.8,5.2,8.42,8.08,4.22
2024-04-30 22:00:00,31.33,24.8,45.4,2.6,14.33,10.51,5.95
2024-04-30 23:00:00,27.41,21.3,63.1,1.4,12.22,9.99,5.37
2024-05-01 00:00:00,30.11,19.7,58.6,0.8,13.14,10.55,5.89
2024-05-01 01:00:00,26.97,23.2,53.8,4.0,11.37,9.63,6.19
2024-05-01 02:00:00,28.22,20.7,66.6,4.7,12.74,9.56,5.44
2024-05-01 03:00:00,21.01,18.9,62.1,2.9,9.64,7.66,4.03
2024-05-01 04:00:00,18.37,20.2,64.2,3.7,8.98,7.01,3.56
2024-05-01 05:00:00,11.66,21.9,54.7,2.4,4.98,4.14,2.57
2024-05-01 06:00:00,10.83,21.7,54.3,2.9,5.57,3.21,2.43
2024-05-01 07:00:00,15.88,23.3,54.2,4.9,7.22,5.95,3.41
2024-05-01 08:00:00,15.3,23.2,59.5,4.8,6.98,5.21,2.79
2024-05-01 09:00:00,27.62,23.2,56.4,0.7,13.37,10.08,5.7
2024-05-01 10:00:00,25.6,27.1,53.8,7.2,11.79,8.07,4.73
2024-05-01 11:00:00,33.13,28.2,37.2,2.4,15.12,11.4,6.33
2024-05-01 12:00:00,38.24,29.6,39.1,6.5,16.94,12.77,8.04
2024-05-01 13:00:00,34.55,28.4,39.1,3.6,14.91,11.67,7.08
2024-05-01 14:00:00,28.49,27.4,49.2,3.5,13.04,9.59,5.23
2024-05-01 15:00:00,25.69,27.8,43.6,3.3,11.76,9.71,5.69
2024-05-01 16:00:00,25.66,30.4,56.0,6.8,11.44,9.42,5.3
2024-05-01 17:00:00,19.61,27.0,51.5,2.0,8.68,7.45,3.55
2024-05-01 18:00:00,23.15,26.3,53.6,4.1,9.75,9.06,4.45
2024-05-01 19:00:00,17.95,25.3,48.2,2.6,7.84,6.59,3.97
2024-05-01 20:00:00,21.57,23.5,50.2,6.7,10.15,8.41,4.76
2024-05-01 21:00:00,23.63,22.1,65.2,1.8,10.62,8.48,4.3
2024-05-01 22:00:00,28.89,20.6,68.2,4.5,12.37,10.66,5.71
2024-05-01 23:00:00,21.86,23.0,58.5,3.1,9.88,7.31,4.27
2024-05-02 00:00:00,28.98,21.3,48.3,4.4,14.13,10.44,5.39
2024-05-02 01:00:00,32.0,21.7,55.9,1.8,15.42,11.18,6.3
2024-05-02 02:00:00,24.56,21.8,59.4,3.0,10.52,8.2,4.61
2024-05-02 03:00:00,26.64,16.3,63.3,1.4,11.39,9.46,5.54
2024-05-02 04:00:00,22.2,20.8,48.4,7.9,9.68,7.71,4.54
2024-05-02 05:00:00,14.57,20.2,69.0,2.1,6.31,4.62,3.41
2024-05-02 06:00:00,13.48,23.8,51.3,9.5,5.91,4.98,3.39
2024-05-02 07:00:00,13.21,22.2,50.6,3.1,5.16,3.94,2.8
2024-05-02 08:00:00,16.91,23.0,56.2,1.2,7.77,5.81,3.23
2024-05-02 09:00:00,19.16,23.8,61.4,0.6,8.21,6.94,3.99
2024-05-02 10:00:00,31.07,26.7,54.6,4.1,13.99,11.3,6.24
2024-05-02 11:00:00,33.4,29.5,42.0,4.1,14.84,11.83,7.01
2024-05-02 12:00:00,39.26,29.3,41.4,3.7,17.42,13.33,8.37
2024-05-02 13:00:00,35.78,27.7,39.9,1.1,15.37,12.36,7.39
2024-05-02 14:00:00,35.12,32.9,43.1,2.7,15.55,11.98,6.56
2024-05-02 15:00:00,35.76,30.4,45.1,2.8,15.51,12.24,6.78
2024-05-02 16:00:00,28.96,30.1,50.4,4.7,12.42,10.1,6.09
2024-05-02 17:00:00,26.75,30.1,44.5,3.1,11.41,9.82,5.4
2024-05-02 18:00:00,13.84,24.7,59.3,3.9,6.33,4.19,2.65
2024-05-02 19:00:00,18.13,24.6,57.8,2.5,7.22,6.38,2.89
2024-05-02 20:00:00,55.42,25.9,49.3,4.8,25.5,19.71,11.08
2024-05-02 21:00:00,21.99,22.1,59.4,0.9,10.42,7.4,4.69
2024-05-02 22:00:00,30.99,21.7,64.6,9.0,14.94,10.28,6.47
2024-05-02 23:00:00,28.84,21.0,54.0,4.3,12.47,10.7,5.64
2024-05-03 00:00:00,32.47,18.6,60.6,1.7,14.56,11.75,6.44
2024-05-03 01:00:00,29.35,19.4,59.5,4.8,12.99,11.08,5.63
2024-05-03 02:00:00,27.33,21.2,56.8,5.3,11.81,10.16,5.33
2024-05-03 03:00:00,17.94,21.1,62.7,5.3,7.66,5.54,3.76
2024-05-03 04:00:00,19.3,22.2,61.8,2.4,9.29,6.58,4.06
2024-05-03 05:00:00,13.79,22.8,58.7,7.6,6.65,5.07,3.35
2024-05-03 06:00:00,12.5,22.9,58.3,0.6,5.29,4.49,2.79
2024-05-03 07:00:00,20.0,24.0,52.4,2.9,9.19,7.42,4.07
2024-05-03 08:00:00,19.63,25.2,55.4,1.4,9.15,6.37,3.56
2024-05-03 09:00:00,21.37,25.2,47.4,3.0,8.89,8.17,3.88
2024-05-03 10:00:00,27.63,25.8,65.5,1.0,12.3,9.35,5.58
2024-05-03 11:00:00,30.34,27.3,58.0,4.3,14.09,10.67,6.47
2024-05-03 12:00:00,40.19,28.7,54.4,1.1,16.76,13.5,7.65
2024-05-03 13:00:00,33.87,28.7,51.6,4.1,15.06,11.93,6.87
2024-05-03 14:00:00,36.85,30.4,49.5,2.2,16.61,12.88,7.78
2024-05-03 15:00:00,34.43,30.0,39.6,1.9,15.26,11.57,6.82
2024-05-03 16:00:00,25.54,29.6,42.2,2.8,11.18,9.41,5.31
2024-05-03 17:00:00,24.27,28.9,43.7,4.3,11.14,8.51,5.11
2024-05-03 18:00:00,19.71,29.1,49.4,3.9,8.88,7.46,3.93
2024-05-03 19:00:00,24.89,26.1,51.3,4.5,10.01,8.27,5.6
2024-05-03 20:00:00,24.2,26.3,56.5,6.7,10.7,8.16,5.06
2024-05-03 21:00:00,22.08,24.3,50.0,2.0,9.15,7.85,4.62
2024-05-03 22:00:00,23.95,24.0,60.3,3.1,10.83,8.32,4.6
2024-05-03 23:00:00,28.33,23.7,51.5,2.4,12.3,9.59,6.03
2024-05-04 00:00:00,19.9,21.5,56.1,4.0,9.19,8.36,3.98
2024-05-04 01:00:00,24.88,20.3,64.1,2.4,10.01,8.65,4.87
2024-05-04 02:00:00,14.88,20.2,62.3,3.8,6.55,5.06,2.17
2024-05-04 03:00:00,15.47,19.5,54.4,5.6,6.93,6.53,3.12
2024-05-04 04:00:00,12.27,19.9,65.4,3.8,4.67,3.99,2.53
2024-05-04 05:00:00,9.96,22.8,57.1,5.7,4.76,3.66,2.38
2024-05-04 06:00:00,9.23,21.1,48.0,4.1,4.55,3.58,2.01
2024-05-04 07:00:00,13.17,26.1,48.4,6.1,6.03,5.31,2.83
2024-05-04 08:00:00,15.67,24.8,52.2,6.9,6.61,5.48,3.34
2024-05-04 09:00:00,26.54,30.6,41.4,3.6,11.01,9.16,5.13
2024-05-04 10:00:00,22.69,26.5,59.0,5.3,9.83,7.3,4.56
2024-05-04 11:00:00,19.79,28.9,47.4,3.4,9.04,6.54,4.48
2024-05-04 12:00:00,28.72,28.8,51.7,4.7,13.67,9.88,5.96
2024-05-04 13:00:00,22.83,28.6,50.7,0.8,10.48,7.11,4.56
2024-05-04 14:00:00,30.96,31.6,49.6,7.8,12.95,10.87,6.24
2024-05-04 15:00:00,25.08,28.2,58.6,6.4,11.23,8.61,5.12
2024-05-04 16:00:00,16.48,28.3,53.4,6.3,7.52,5.32,3.47
2024-05-04 17:00:00,17.73,29.4,57.4,2.4,7.09,5.56,3.38
2024-05-04 18:00:00,14.94,28.6,53.2,2.4,6.52,3.99,2.91
2024-05-04 19:00:00,13.66,24.2,55.6,3.0,6.59,5.78,2.77
2024-05-04 20:00:00,15.37,25.9,54.6,6.2,7.0,6.27,3.09
2024-05-04 21:00:00,19.45,23.9,42.2,5.9,8.2,6.18,4.07
2024-05-04 22:00:00,18.97,21.1,56.4,2.5,8.81,5.66,3.82
2024-05-04 23:00:00,47.39,20.3,58.9,3.7,21.28,16.87,9.43
2024-05-05 00:00:00,20.81,17.8,64.8,3.4,9.98,7.08,4.35
2024-05-05 01:00:00,21.93,22.9,56.3,4.4,9.07,7.49,4.09
2024-05-05 02:00:00,13.49,21.7,59.6,2.1,5.81,4.69,2.36
2024-05-05 03:00:00,15.23,18.4,55.3,1.3,5.9,5.07,3.85
2024-05-05 04:00:00,12.03,22.1,49.6,0.7,4.96,5.15,2.38
2024-05-05 05:00:00,11.96,20.8,53.1,2.9,5.81,3.61,1.98
2024-05-05 06:00:00,9.02,24.1,63.0,7.3,4.57,2.6,1.93
2024-05-05 07:00:00,7.55,23.2,49.9,4.6,4.4,2.21,1.35
2024-05-05 08:00:00,13.2,24.6,50.5,5.0,5.59,4.38,2.74
2024-05-05 09:00:00,15.39,26.1,53.3,7.2,7.81,5.96,2.72
2024-05-05 10:00:00,17.08,26.7,44.0,3.1,8.25,5.84,3.55
2024-05-05 11:00:00,31.95,30.8,42.6,3.4,14.22,10.86,6.37
2024-05-05 12:00:00,32.4,30.9,50.3,2.8,14.68,11.29,7.02
2024-05-05 13:00:00,30.34,30.2,45.6,1.9,13.39,10.1,6.37
2024-05-05 14:00:00,32.68,31.7,54.3,5.1,15.11,11.88,6.28
2024-05-05 15:00:00,18.73,27.6,42.4,6.5,7.7,6.27,3.08
2024-05-05 16:00:00,14.15,27.7,49.1,5.5,5.98,5.26,2.71
2024-05-05 17:00:00,18.13,29.4,46.5,0.9,8.24,6.89,3.35
2024-05-05 18:00:00,15.72,28.8,49.4,2.5,7.15,5.36,2.86
2024-05-05 19:00:00,12.4,26.9,45.6,4.0,5.61,5.12,2.42
2024-05-05 20:00:00,12.0,22.4,54.3,2.7,4.83,3.96,2.35
2024-05-05 21:00:00,13.49,22.3,61.2,1.7,5.49,5.22,2.64
2024-05-05 22:00:00,13.24,23.3,54.7,3.7,5.74,5.49,3.37
2024-05-05 23:00:00,20.73,25.3,48.3,3.6,8.31,6.8,4.02
2024-05-06 00:00:00,26.44,22.9,66.9,4.7,12.33,9.59,5.96
2024-05-06 01:00:00,28.86,22.9,56.7,12.7,13.39,9.47,6.08
2024-05-06 02:00:00,23.9,20.9,62.0,4.3,11.01,8.63,4.87
2024-05-06 03:00:00,24.56,21.0,62.6,2.6,11.07,8.3,4.94
2024-05-06 04:00:00,22.04,19.5,60.2,7.5,9.77,7.39,4.22
2024-05-06 05:00:00,16.99,23.3,52.1,3.9,6.77,5.99,3.12
2024-05-06 06:00:00,10.41,22.8,57.7,4.3,5.07,4.05,1.9
2024-05-06 07:00:00,20.74,25.1,50.4,2.8,9.41,7.29,4.35
2024-05-06 08:00:00,24.11,25.4,55.3,3.3,11.64,8.37,4.7
2024-05-06 09:00:00,26.47,27.1,50.7,3.1,11.9,9.53,5.38
2024-05-06 10:00:00,34.46,27.7,55.9,7.0,15.41,12.32,7.03
2024-05-06 11:00:00,34.78,29.3,43.2,5.5,15.22,12.85,6.95
2024-05-06 12:00:00,35.43,31.2,50.1,1.3,16.19,12.14,6.99
2024-05-06 13:00:00,32.84,28.3,53.1,2.6,15.05,11.22,6.66
2024-05-06 14:00:00,36.07,28.1,49.0,1.0,16.9,13.0,6.71
2024-05-06 15:00:00,28.33,30.8,50.6,3.6,13.2,10.59,5.53
2024-05-06 16:00:00,29.84,31.9,47.9,2.4,13.21,10.44,5.39
2024-05-06 17:00:00,26.56,31.5,49.6,1.2,11.26,9.12,5.17
2024-05-06 18:00:00,16.07,26.0,55.8,5.2,7.73,5.66,3.61
2024-05-06 19:00:00,17.28,26.1,53.0,1.3,7.55,6.47,3.28
2024-05-06 20:00:00,18.22,23.2,53.2,2.4,8.0,6.37,3.69
2024-05-06 21:00:00,20.38,23.3,53.1,5.2,9.02,6.89,4.21
2024-05-06 22:00:00,22.82,24.6,53.5,3.6,11.24,7.96,4.71
2024-05-06 23:00:00,5.76,21.8,62.0,5.5,2.83,1.72,1.15
2024-05-07 00:00:00,31.87,20.7,62.4,3.1,14.74,10.85,6.44
2024-05-07 01:00:00,30.35,21.6,63.2,5.5,14.39,10.82,6.18
2024-05-07 02:00:00,23.41,19.4,66.3,3.7,10.68,7.64,4.65
2024-05-07 03:00:00,18.55,23.1,55.2,1.3,8.09,6.2,3.53
2024-05-07 04:00:00,17.22,21.2,68.3,3.4,7.09,5.49,3.66
2024-05-07 05:00:00,19.11,21.4,57.8,3.8,8.38,6.53,3.9
2024-05-07 06:00:00,15.8,23.9,52.8,4.1,7.26,5.2,3.23
2024-05-07 07:00:00,19.46,25.7,54.9,6.9,9.02,6.61,3.95
2024-05-07 08:00:00,26.09,28.0,52.9,1.9,11.58,8.73,5.28
2024-05-07 09:00:00,26.55,26.5,48.4,4.1,11.61,8.05,5.0
2024-05-07 10:00:00,34.27,29.7,47.6,5.0,15.27,12.74,6.48
2024-05-07 11:00:00,37.71,29.2,46.7,6.3,16.76,13.45,7.45
2024-05-07 12:00:00,63.51,29.0,49.9,3.7,29.16,21.91,12.84
2024-05-07 13:00:00,32.48,29.2,52.9,2.1,15.19,11.53,6.26
2024-05-07 14:00:00,34.62,28.9,48.0,5.5,15.79,11.38,6.88
2024-05-07 15:00:00,32.7,29.3,51.7,6.5,14.44,10.72,6.67
2024-05-07 16:00:00,26.49,31.6,39.2,1.4,12.01,8.87,5.79
2024-05-07 17:00:00,26.48,30.2,52.3,2.2,12.45,9.5,4.96
2024-05-07 18:00:00,21.69,26.2,50.3,6.1,9.82,7.75,4.68
2024-05-07 19:00:00,15.54,24.2,52.6,3.5,7.13,5.92,3.24
2024-05-07 20:00:00,15.89,23.9,57.3,1.8,7.36,5.71,3.69
2024-05-07 21:00:00,21.99,23.1,58.5,4.3,9.9,7.47,4.04
2024-05-07 22:00:00,24.06,22.6,56.3,3.3,11.06,8.62,5.02
2024-05-07 23:00:00,26.64,23.8,51.0,7.9,11.3,9.79,5.39
2024-05-08 00:00:00,30.17,20.6,56.9,2.1,13.34,10.62,5.7
2024-05-08 01:00:00,24.07,23.4,56.4,2.8,11.4,8.05,4.91
2024-05-08 02:00:00,21.72,18.2,64.6,1.8,9.71,8.39,3.61
2024-05-08 03:00:00,21.63,20.4,55.4,1.0,10.12,7.43,4.58
2024-05-08 04:00:00,17.78,22.6,53.7,2.4,7.75,6.68,3.33
2024-05-08 05:00:00,15.95,23.5,57.1,5.6,7.39,5.04,3.52
2024-05-08 06:00:00,18.77,22.7,56.3,2.4,8.0,6.89,4.3
2024-05-08 07:00:00,18.28,26.0,53.6,4.6,8.3,5.94,3.95
2024-05-08 08:00:00,23.77,27.0,38.6,3.7,9.99,8.33,5.0
2024-05-08 09:00:00,22.17,26.0,51.3,3.6,10.66,8.16,4.11
2024-05-08 10:00:00,34.33,28.7,53.8,5.2,15.84,12.47,6.92
2024-05-08 11:00:00,36.27,30.3,44.5,4.2,16.73,12.98,7.11
2024-05-08 12:00:00,37.0,29.2,51.4,1.8,16.41,13.44,7.31
2024-05-08 13:00:00,41.48,33.1,38.2,2.1,18.7,14.8,8.85
2024-05-08 14:00:00,36.15,29.5,40.8,3.8,16.2,12.29,7.31
2024-05-08 15:00:00,28.5,30.8,49.1,5.8,11.43,9.79,5.84
2024-05-08 16:00:00,18.43,28.2,49.9,1.7,7.91,6.62,3.67
2024-05-08 17:00:00,22.71,29.4,47.0,1.4,10.05,7.51,4.91
2024-05-08 18:00:00,19.22,26.6,56.3,3.6,8.73,7.39,3.96
2024-05-08 19:00:00,19.37,26.6,50.5,1.9,8.53,6.72,3.34
2024-05-08 20:00:00,20.91,23.4,52.8,9.6,9.7,7.36,4.01
2024-05-08 21:00:00,25.15,25.7,49.5,0.5,11.04,8.46,5.46
2024-05-08 22:00:00,23.92,23.8,50.7,3.3,11.26,8.62,4.82
2024-05-08 23:00:00,22.27,23.8,57.7,1.8,10.2,7.38,4.3
2024-05-09 00:00:00,28.4,21.1,57.2,4.5,12.88,9.38,6.06
2024-05-09 01:00:00,30.56,22.8,62.4,4.2,13.22,10.32,6.02
2024-05-09 02:00:00,24.26,21.0,44.1,5.4,11.3,8.49,4.77
2024-05-09 03:00:00,21.56,21.3,63.1,3.9,10.24,7.42,4.4
2024-05-09 04:00:00,19.94,24.8,56.1,1.9,9.51,7.78,3.94
2024-05-09 05:00:00,12.46,21.7,57.6,1.0,5.53,4.77,2.66
2024-05-09 06:00:00,17.45,25.3,47.2,4.8,7.98,6.12,3.11
2024-05-09 07:00:00,21.11,25.4,45.3,3.2,9.56,7.52,4.44
2024-05-09 08:00:00,18.91,25.1,57.7,2.1,7.51,7.14,3.63
2024-05-09 09:00:00,20.54,25.2,54.9,2.3,9.63,8.06,4.36
2024-05-09 10:00:00,29.39,26.9,52.9,1.7,13.06,10.54,6.01
2024-05-09 11:00:00,33.16,31.2,46.1,2.5,14.96,11.72,7.32
2024-05-09 12:00:00,43.12,32.9,48.8,5.3,18.92,15.13,8.22
2024-05-09 13:00:00,39.45,30.9,44.0,4.2,16.91,14.04,7.76
2024-05-09 14:00:00,40.14,31.1,44.9,8.9,18.36,14.65,7.94
2024-05-09 15:00:00,32.88,31.9,44.8,3.7,15.2,11.67,6.48
2024-05-09 16:00:00,28.31,30.4,46.5,3.6,12.65,10.56,5.84
2024-05-09 17:00:00,23.51,31.1,53.4,2.0,10.74,7.87,4.45
2024-05-09 18:00:00,20.39,28.9,43.1,4.0,8.57,6.37,4.28
2024-05-09 19:00:00,16.32,27.4,41.3,4.1,7.32,6.03,3.31
2024-05-09 20:00:00,18.57,24.9,46.9,2.0,8.52,6.34,3.71
2024-05-09 21:00:00,20.73,23.2,59.6,1.3,9.98,7.59,4.07
2024-05-09 22:00:00,25.99,18.7,61.1,2.9,11.74,8.8,5.09
2024-05-09 23:00:00,26.79,24.2,46.9,1.8,11.4,9.39,5.2
2024-05-10 00:00:00,29.11,21.6,58.6,3.5,14.02,10.08,5.92
2024-05-10 01:00:00,27.06,20.7,57.6,3.7,12.43,9.93,4.7
2024-05-10 02:00:00,24.32,18.2,65.0,4.1,11.18,8.27,4.88
2024-05-10 03:00:00,21.6,20.3,63.6,4.1,9.63,7.14,4.42
2024-05-10 04:00:00,17.75,20.6,71.9,4.5,7.3,6.0,3.28
2024-05-10 05:00:00,16.81,21.4,52.4,2.2,7.58,6.09,3.39
2024-05-10 06:00:00,13.75,24.1,45.8,4.9,5.98,4.6,2.89
2024-05-10 07:00:00,15.52,25.0,57.0,3.7,7.41,5.38,3.24
2024-05-10 08:00:00,17.29,24.1,60.1,3.2,7.49,5.78,3.57
2024-05-10 09:00:00,21.79,25.5,47.1,4.3,9.33,7.38,4.45
2024-05-10 10:00:00,28.23,26.7,45.6,3.5,12.78,10.65,5.46
2024-05-10 11:00:00,45.51,32.4,46.9,3.7,20.29,16.8,8.79
2024-05-10 12:00:00,39.63,32.7,53.4,0.7,17.63,14.51,7.64
2024-05-10 13:00:00,35.68,29.7,44.0,5.4,15.87,12.84,7.5
2024-05-10 14:00:00,30.39,28.1,50.7,3.2,14.12,10.78,5.93
2024-05-10 15:00:00,31.47,31.1,37.2,3.6,13.56,10.58,6.09
2024-05-10 16:00:00,26.58,30.5,46.4,3.0,11.92,9.0,5.57
2024-05-10 17:00:00,24.78,30.1,47.3,3.8,10.8,8.51,4.71
2024-05-10 18:00:00,18.2,29.7,55.7,1.0,7.83,7.46,3.91
2024-05-10 19:00:00,23.61,28.1,46.8,3.0,10.17,7.87,5.31
2024-05-10 20:00:00,19.88,24.4,58.1,4.5,9.68,7.1,3.65
2024-05-10 21:00:00,20.17,25.3,49.8,7.1,8.76,6.07,4.29
2024-05-10 22:00:00,20.81,24.9,54.6,5.8,9.41,7.56,4.41
2024-05-10 23:00:00,25.45,21.5,68.6,7.7,12.2,8.82,4.9
2024-05-11 00:00:00,19.46,22.4,66.1,5.2,8.89,5.97,4.48
2024-05-11 01:00:00,25.76,20.6,69.1,4.2,10.65,9.48,4.96
2024-05-11 02:00:00,19.02,24.3,56.9,3.1,8.92,6.85,4.07
2024-05-11 03:00:00,9.92,19.5,59.6,1.5,3.98,2.77,1.87
2024-05-11 04:00:00,9.9,23.7,57.0,2.3,3.49,3.46,1.77
2024-05-11 05:00:00,9.44,20.2,62.0,2.4,4.43,3.5,2.23
2024-05-11 06:00:00,13.16,26.5,54.2,3.2,5.86,4.64,2.24
2024-05-11 07:00:00,6.28,23.3,52.5,4.1,2.74,2.64,1.11
2024-05-11 08:00:00,15.14,26.6,48.4,4.2,6.89,5.49,2.78
2024-05-11 09:00:00,14.34,25.1,50.9,3.3,6.2,5.67,2.41
2024-05-11 10:00:00,18.63,26.8,57.2,2.4,8.53,5.7,3.95
2024-05-11 11:00:00,30.71,31.2,52.5,1.0,14.22,11.63,5.84
2024-05-11 12:00:00,34.23,32.2,61.3,9.0,15.29,11.95,6.76
2024-05-11 13:00:00,32.62,31.5,48.4,7.1,14.48,12.41,6.62
2024-05-11 14:00:00,31.28,32.4,41.2,1.9,13.66,10.08,6.1
2024-05-11 15:00:00,26.21,32.7,42.4,4.1,12.03,9.14,5.53
2024-05-11 16:00:00,21.79,29.6,47.7,2.5,10.37,8.53,4.57
2024-05-11 17:00:00,15.92,27.7,58.3,2.0,7.04,5.35,2.73
2024-05-11 18:00:00,16.29,28.8,53.2,4.6,7.57,4.45,3.23
2024-05-11 19:00:00,12.1,26.7,45.2,5.3,5.19,4.27,2.41
2024-05-11 20:00:00,14.68,26.9,51.5,3.1,6.48,5.37,2.98
2024-05-11 21:00:00,17.34,25.8,45.7,1.0,8.45,6.37,3.03
2024-05-11 22:00:00,23.35,22.8,59.7,3.0,10.21,8.36,4.34
2024-05-11 23:00:00,20.06,23.8,51.9,3.7,9.39,6.99,4.1
2024-05-12 00:00:00,18.46,23.1,53.2,6.3,8.04,6.77,3.39
2024-05-12 01:00:00,17.15,22.7,47.4,4.4,6.77,4.87,3.58
2024-05-12 02:00:00,15.94,20.8,62.8,4.7,7.67,6.11,3.3
2024-05-12 03:00:00,19.8,22.8,62.7,2.0,9.63,7.18,3.77
2024-05-12 04:00:00,10.55,22.9,53.0,4.8,4.53,3.4,2.09
2024-05-12 05:00:00,11.76,23.9,54.5,3.5,5.86,3.6,2.05
2024-05-12 06:00:00,11.5,26.5,49.8,5.6,4.69,4.55,2.17
2024-05-12 07:00:00,12.62,25.7,52.1,2.1,6.31,4.2,3.1
2024-05-12 08:00:00,15.84,25.5,49.2,3.6,6.96,6.84,3.3
2024-05-12 09:00:00,16.06,26.1,47.2,2.1,6.89,5.25,3.54
2024-05-12 10:00:00,25.54,30.6,54.1,2.5,10.99,9.24,5.0
2024-05-12 11:00:00,33.17,30.5,34.2,5.7,15.76,12.22,6.37
2024-05-12 12:00:00,36.38,33.3,46.6,4.6,16.36,11.56,7.61
2024-05-12 13:00:00,27.57,28.2,51.5,4.8,13.04,9.35,5.46
2024-05-12 14:00:00,32.37,32.8,52.9,1.1,14.47,11.29,6.3
2024-05-12 15:00:00,25.85,30.9,45.7,4.8,11.61,9.72,5.39
2024-05-12 16:00:00,25.98,30.3,45.8,3.5,11.14,8.99,5.32
2024-05-12 17:00:00,16.86,28.8,45.3,3.3,8.38,6.1,2.88
2024-05-12 18:00:00,19.64,30.3,49.4,3.1,8.61,7.13,4.12
2024-05-12 19:00:00,12.87,28.7,46.1,5.9,6.01,3.76,2.55
2024-05-12 20:00:00,10.6,24.7,48.7,1.9,4.09,3.78,2.1
2024-05-12 21:00:00,13.47,25.4,49.8,5.5,5.95,4.51,2.68
2024-05-12 22:00:00,21.88,25.0,49.2,6.9,10.0,7.27,4.06
2024-05-12 23:00:00,12.85,23.2,51.1,1.8,5.66,4.93,2.33
2024-05-13 00:00:00,27.65,24.0,55.7,11.9,12.16,10.37,5.47
2024-05-13 01:00:00,20.17,21.4,57.4,9.2,7.96,6.46,4.24
2024-05-13 02:00:00,22.83,18.2,64.9,4.2,10.35,9.02,4.71
2024-05-13 03:00:00,19.93,22.1,58.2,2.4,8.93,7.44,3.74
2024-05-13 04:00:00,20.87,22.6,50.9,3.2,8.84,7.25,4.12
2024-05-13 05:00:00,15.65,23.6,45.1,1.8,7.17,6.93,2.94
2024-05-13 06:00:00,14.26,25.8,47.8,1.5,7.03,4.95,2.91
2024-05-13 07:00:00,17.33,22.4,60.9,4.7,7.19,5.91,3.28
2024-05-13 08:00:00,20.86,26.3,56.2,4.0,8.53,7.94,4.22
2024-05-13 09:00:00,25.06,26.5,57.1,3.9,10.5,8.99,5.32
2024-05-13 10:00:00,26.88,27.3,55.4,2.3,11.97,9.23,5.36
2024-05-13 11:00:00,34.26,30.1,53.4,2.2,14.95,12.46,6.18
2024-05-13 12:00:00,38.61,32.0,47.6,9.1,17.92,13.26,7.78
2024-05-13 13:00:00,39.64,31.9,54.7,4.2,17.31,13.99,7.73
2024-05-13 14:00:00,35.0,30.6,48.8,5.6,15.86,11.74,6.64
2024-05-13 15:00:00,35.88,31.2,56.5,2.9,15.68,12.35,7.08
2024-05-13 16:00:00,30.9,32.4,42.0,5.8,13.72,11.91,6.38
2024-05-13 17:00:00,42.96,31.2,43.3,4.8,18.84,14.8,8.95
2024-05-13 18:00:00,20.77,28.3,49.1,2.8,9.58,7.51,3.99
2024-05-13 19:00:00,15.53,27.0,51.4,4.8,7.26,5.12,3.14
2024-05-13 20:00:00,15.08,24.1,53.5,6.8,7.06,5.91,2.86
2024-05-13 21:00:00,20.16,24.7,57.1,2.1,8.93,7.21,3.7
2024-05-13 22:00:00,23.25,21.5,57.7,3.8,9.57,7.42,4.5
2024-05-13 23:00:00,27.51,26.2,49.5,7.8,12.01,9.57,5.55
2024-05-14 00:00:00,29.1,21.2,56.6,5.6,13.98,10.09,5.75
2024-05-14 01:00:00,24.05,23.6,61.7,4.2,10.72,8.26,5.04
2024-05-14 02:00:00,26.52,24.5,56.2,1.1,11.74,9.5,5.42
2024-05-14 03:00:00,26.68,22.3,48.9,3.1,12.68,8.72,5.3
2024-05-14 04:00:00,14.01,22.3,64.8,4.4,6.33,4.5,2.35
2024-05-14 05:00:00,13.88,21.3,60.6,3.1,6.15,5.86,2.77
2024-05-14 06:00:00,7.28,23.5,58.9,10.3,3.51,3.09,1.55
2024-05-14 07:00:00,19.71,27.9,55.2,5.0,9.63,6.83,3.7
2024-05-14 08:00:00,23.93,27.3,56.1,1.9,10.21,8.35,4.79
2024-05-14 09:00:00,29.09,28.1,45.6,3.5,12.45,9.79,5.78
2024-05-14 10:00:00,35.93,31.3,41.1,3.0,15.86,12.91,7.59
2024-05-14 11:00:00,40.88,31.4,58.3,4.0,18.41,14.86,8.51
2024-05-14 12:00:00,45.31,30.9,43.4,3.3,20.64,15.86,8.74
2024-05-14 13:00:00,43.79,32.0,47.5,2.2,20.37,14.89,8.88
2024-05-14 14:00:00,33.5,30.6,55.4,4.8,14.75,11.55,6.71
2024-05-14 15:00:00,27.64,30.8,44.8,1.4,12.21,8.98,5.79
2024-05-14 16:00:00,26.55,30.8,45.2,3.7,12.54,10.01,5.29
2024-05-14 17:00:00,22.98,31.2,51.2,2.6,10.51,7.51,3.68
2024-05-14 18:00:00,19.86,27.4,52.1,7.8,8.79,7.1,3.78
2024-05-14 19:00:00,17.95,28.2,52.6,2.6,7.98,6.38,3.54
2024-05-14 20:00:00,20.48,26.2,52.1,2.7,9.9,6.44,3.93
2024-05-14 21:00:00,23.41,24.2,52.4,4.7,11.88,8.52,4.49
2024-05-14 22:00:00,24.58,23.7,53.9,1.6,11.88,9.73,4.58
2024-05-14 23:00:00,25.22,19.8,66.2,2.7,11.4,8.91,5.24
2024-05-15 00:00:00,31.46,21.5,56.7,4.6,14.34,10.84,6.05
2024-05-15 01:00:00,22.82,20.5,61.6,0.7,10.72,7.36,4.64
2024-05-15 02:00:00,23.95,21.5,53.3,2.6,10.05,8.93,4.41
2024-05-15 03:00:00,20.92,18.7,71.7,0.5,9.28,6.64,3.74
2024-05-15 04:00:00,17.31,22.9,58.1,1.7,7.47,6.25,3.77
2024-05-15 05:00:00,16.17,24.8,55.9,4.1,7.47,5.41,3.71
2024-05-15 06:00:00,15.49,24.3,59.5,3.3,6.38,5.53,3.86
2024-05-15 07:00:00,18.07,26.4,49.9,1.7,9.01,6.85,3.57
2024-05-15 08:00:00,19.65,26.2,58.5,1.2,8.97,6.74,3.65
2024-05-15 09:00:00,22.9,25.9,45.3,1.0,10.13,8.29,4.11
2024-05-15 10:00:00,31.45,29.5,45.6,1.3,14.08,10.44,6.73
2024-05-15 11:00:00,40.77,31.5,42.2,1.3,18.73,13.52,8.2
2024-05-15 12:00:00,34.87,29.3,39.4,1.3,14.98,11.44,7.32
2024-05-15 13:00:00,40.28,31.1,44.0,1.0,17.74,14.07,8.44
2024-05-15 14:00:00,36.22,31.6,45.8,4.6,16.69,14.19,6.96
2024-05-15 15:00:00,37.83,36.1,35.3,7.1,16.69,12.63,7.53
2024-05-15 16:00:00,30.27,31.6,39.9,5.9,14.19,9.16,6.51
2024-05-15 17:00:00,18.18,27.6,51.0,2.4,8.09,5.93,3.39
2024-05-15 18:00:00,42.49,26.2,52.1,2.0,19.04,14.07,8.22
2024-05-15 19:00:00,23.1,29.4,47.4,0.9,10.11,7.6,4.64
2024-05-15 20:00:00,25.82,30.7,40.8,1.7,11.96,8.51,4.74
2024-05-15 21:00:00,24.22,25.3,51.7,3.9,11.09,8.15,4.31
2024-05-15 22:00:00,26.14,24.0,51.9,10.6,11.63,9.67,4.68
2024-05-15 23:00:00,30.53,24.1,55.5,5.9,14.17,9.59,6.81
2024-05-16 00:00:00,30.87,21.6,55.3,3.6,13.27,10.86,6.4
2024-05-16 01:00:00,28.68,18.5,61.6,3.1,12.64,10.14,5.62
2024-05-16 02:00:00,21.89,23.7,49.0,1.7,9.58,7.62,4.04
2024-05-16 03:00:00,27.08,21.4,51.4,3.1,11.71,9.53,5.52
2024-05-16 04:00:00,14.27,24.4,57.5,4.0,6.52,4.58,3.12
2024-05-16 05:00:00,16.83,22.5,60.9,4.0,6.95,5.36,3.62
2024-05-16 06:00:00,15.76,24.8,52.3,3.8,6.63,5.53,2.22
2024-05-16 07:00:00,16.21,27.1,51.6,5.6,7.24,5.93,3.73
2024-05-16 08:00:00,24.01,28.7,47.3,3.6,10.21,8.63,4.83
2024-05-16 09:00:00,27.93,28.8,54.9,3.4,12.89,10.01,5.15
2024-05-16 10:00:00,36.84,29.9,47.1,2.6,17.3,12.79,6.68
2024-05-16 11:00:00,37.07,31.6,43.6,1.9,16.96,13.11,7.37
2024-05-16 12:00:00,40.05,32.2,50.2,0.5,17.93,15.29,8.42
2024-05-16 13:00:00,30.66,30.0,44.1,2.6,13.27,10.97,6.5
2024-05-16 14:00:00,38.39,30.2,48.5,4.2,17.0,14.02,7.88
2024-05-16 15:00:00,25.48,28.8,44.2,3.8,11.01,8.94,5.22
2024-05-16 16:00:00,30.95,32.6,48.2,3.7,14.54,11.19,6.4
2024-05-16 17:00:00,23.33,30.1,52.0,5.2,10.67,8.17,4.78
2024-05-16 18:00:00,23.51,30.9,40.5,2.2,10.49,7.72,4.51
2024-05-16 19:00:00,24.04,29.0,41.9,4.5,11.16,8.98,4.43
2024-05-16 20:00:00,23.83,25.6,54.7,4.1,9.85,8.81,4.54
2024-05-16 21:00:00,55.38,25.7,62.9,2.7,24.82,19.42,11.19
2024-05-16 22:00:00,26.34,24.0,59.7,2.1,12.93,9.16,4.74
2024-05-16 23:00:00,28.27,22.7,55.7,3.9,12.94,10.49,5.38
2024-05-17 00:00:00,31.46,24.3,50.5,7.2,13.21,10.85,6.19
2024-05-17 01:00:00,29.59,26.2,46.4,1.2,13.1,10.25,6.38
2024-05-17 02:00:00,27.34,24.0,58.8,7.4,12.25,9.46,5.2
2024-05-17 03:00:00,23.68,22.4,61.7,3.4,11.04,7.66,4.64
2024-05-17 04:00:00,21.15,24.9,51.0,4.7,8.67,6.99,4.04
2024-05-17 05:00:00,16.26,26.3,51.2,5.4,7.35,5.96,3.21
2024-05-17 06:00:00,12.98,22.7,57.0,1.7,5.61,3.96,2.38
2024-05-17 07:00:00,20.77,27.8,59.7,0.9,9.45,7.81,3.96
2024-05-17 08:00:00,20.41,28.5,50.2,1.6,9.57,7.01,4.64
2024-05-17 09:00:00,34.45,30.4,42.6,2.7,15.8,13.22,7.16
2024-05-17 10:00:00,35.15,31.0,41.0,7.5,16.0,11.53,6.76
2024-05-17 11:00:00,37.85,30.5,42.8,0.9,15.83,12.57,7.46
2024-05-17 12:00:00,42.98,34.7,48.7,6.7,18.78,14.28,8.55
2024-05-17 13:00:00,37.04,32.6,47.4,3.9,16.12,13.38,7.03
2024-05-17 14:00:00,34.61,31.7,44.3,1.4,16.71,11.27,6.56
2024-05-17 15:00:00,34.78,32.9,29.9,1.7,15.85,13.0,6.85
2024-05-17 16:00:00,32.47,33.1,40.0,4.6,14.41,12.09,6.84
2024-05-17 17:00:00,25.28,31.0,48.5,4.1,11.68,8.79,4.99
2024-05-17 18:00:00,23.85,30.4,49.3,1.8,10.36,8.49,4.81
2024-05-17 19:00:00,20.65,28.7,51.2,6.5,9.33,6.79,4.02
2024-05-17 20:00:00,21.86,26.3,45.7,1.6,10.33,8.73,4.77
2024-05-17 21:00:00,25.77,24.8,55.2,3.6,11.94,9.19,5.09
2024-05-17 22:00:00,26.41,22.7,51.9,3.7,12.88,9.05,4.58
2024-05-17 23:00:00,6.5,26.0,52.8,6.1,3.05,3.23,1.5
2024-05-18 00:00:00,20.33,22.8,52.8,0.6,9.2,6.47,4.06
2024-05-18 01:00:00,15.08,17.5,68.4,1.6,7.76,5.95,2.65
2024-05-18 02:00:00,14.17,23.1,58.0,1.8,6.1,4.93,2.82
2024-05-18 03:00:00,15.11,23.2,55.4,1.1,8.12,6.46,3.06
2024-05-18 04:00:00,11.13,20.3,66.5,4.2,4.91,4.03,1.97
2024-05-18 05:00:00,10.2,22.7,54.9,2.2,4.61,3.44,1.9
2024-05-18 06:00:00,12.54,23.7,48.5,3.9,5.79,4.14,2.77
2024-05-18 07:00:00,12.5,25.1,59.2,5.2,4.88,4.23,2.34
2024-05-18 08:00:00,22.23,29.3,50.1,3.1,9.89,7.87,4.73
2024-05-18 09:00:00,21.01,28.5,48.2,5.1,9.01,7.44,4.6
2024-05-18 10:00:00,22.75,29.3,45.6,5.2,10.55,8.67,4.61
2024-05-18 11:00:00,31.72,32.7,47.3,2.3,14.06,11.28,5.89
2024-05-18 12:00:00,30.39,32.5,49.0,0.5,13.66,10.5,5.75
2024-05-18 13:00:00,31.26,29.7,44.5,1.4,13.96,11.54,6.26
2024-05-18 14:00:00,30.07,31.5,49.0,5.6,13.14,10.58,6.08
2024-05-18 15:00:00,28.44,32.8,45.9,3.1,13.24,10.45,5.82
2024-05-18 16:00:00,23.84,30.4,43.4,5.7,11.32,9.2,5.12
2024-05-18 17:00:00,19.12,34.0,43.2,3.8,7.95,6.74,3.47
2024-05-18 18:00:00,19.02,30.1,45.1,2.0,8.4,6.29,3.44
2024-05-18 19:00:00,11.27,27.6,57.0,4.7,5.04,4.0,2.56
2024-05-18 20:00:00,13.81,25.8,49.8,3.8,5.24,4.56,3.11
2024-05-18 21:00:00,18.53,27.6,58.5,2.8,8.41,6.05,3.82
2024-05-18 22:00:00,18.44,24.0,55.9,1.3,8.53,5.3,4.18
2024-05-18 23:00:00,20.16,24.5,45.9,1.4,9.2,6.46,3.76
2024-05-19 00:00:00,22.91,21.6,47.3,1.9,10.16,8.36,4.8
2024-05-19 01:00:00,17.29,22.9,55.5,4.5,8.07,6.32,4.02
2024-05-19 02:00:00,18.51,21.7,64.7,4.8,8.49,5.77,3.74
2024-05-19 03:00:00,14.33,22.3,63.4,4.2,5.67,4.8,3.05
2024-05-19 04:00:00,7.02,22.1,58.3,2.7,3.62,2.67,1.64
2024-05-19 05:00:00,9.2,25.6,49.6,3.2,4.26,2.8,1.64
2024-05-19 06:00:00,8.51,24.4,52.6,4.7,4.4,2.75,1.66
2024-05-19 07:00:00,15.01,26.1,53.7,4.4,6.61,5.14,2.61
2024-05-19 08:00:00,17.49,27.5,56.5,5.2,8.81,6.07,3.71
2024-05-19 09:00:00,22.01,31.3,49.2,2.2,10.15,7.53,4.29
2024-05-19 10:00:00,27.57,31.5,51.1,0.5,13.01,9.45,5.19
2024-05-19 11:00:00,36.36,32.3,48.4,2.4,16.21,12.22,7.72
2024-05-19 12:00:00,28.21,29.6,53.2,2.8,13.09,9.76,6.31
2024-05-19 13:00:00,29.18,31.5,34.9,7.6,13.34,10.38,5.67
2024-05-19 14:00:00,33.58,34.4,38.2,2.1,15.35,11.93,7.03
2024-05-19 15:00:00,25.88,30.7,41.6,5.6,12.1,9.09,5.41
2024-05-19 16:00:00,22.09,32.1,39.5,4.2,9.78,7.09,4.19
2024-05-19 17:00:00,18.65,29.6,48.6,1.8,7.52,6.26,3.96
2024-05-19 18:00:00,14.49,28.7,42.4,3.0,7.15,5.13,2.86
2024-05-19 19:00:00,22.01,31.4,41.6,3.6,9.68,8.01,4.74
2024-05-19 20:00:00,18.59,28.7,49.1,2.8,8.25,6.24,3.18
2024-05-19 21:00:00,20.84,27.8,42.6,2.1,9.42,8.61,4.35
2024-05-19 22:00:00,18.29,26.3,50.0,2.3,8.16,7.34,4.07
2024-05-19 23:00:00,16.74,23.9,58.5,4.0,7.77,4.82,3.3
2024-05-20 00:00:00,30.62,22.4,51.0,4.6,12.6,11.24,5.93
2024-05-20 01:00:00,27.05,22.4,61.2,3.4,12.4,9.25,5.25
2024-05-20 02:00:00,25.22,22.5,53.0,7.2,11.85,8.75,5.35
2024-05-20 03:00:00,22.41,25.6,54.6,4.8,10.1,8.02,4.19
2024-05-20 04:00:00,19.25,21.4,52.7,6.3,9.01,6.22,3.66
2024-05-20 05:00:00,12.74,23.4,58.2,3.4,5.58,5.22,2.3
2024-05-20 06:00:00,12.91,23.9,53.8,0.5,5.42,4.31,2.73
2024-05-20 07:00:00,22.33,28.1,52.6,4.0,10.25,7.57,5.46
2024-05-20 08:00:00,29.78,30.6,44.6,5.5,13.1,10.4,5.96
2024-05-20 09:00:00,27.75,29.5,51.3,3.7,12.15,8.9,5.51
2024-05-20 10:00:00,39.71,30.9,51.2,3.9,17.84,13.95,8.31
2024-05-20 11:00:00,39.22,31.5,46.9,8.1,17.12,12.87,7.68
2024-05-20 12:00:00,38.8,32.8,42.3,2.9,17.76,14.37,8.01
2024-05-20 13:00:00,42.83,33.8,42.3,5.4,19.31,14.29,8.64
2024-05-20 14:00:00,37.68,33.4,37.6,3.6,17.72,13.16,7.48
2024-05-20 15:00:00,35.88,33.4,45.0,3.3,15.54,11.57,7.37
2024-05-20 16:00:00,30.81,33.3,47.2,1.7,14.01,10.3,5.93
2024-05-20 17:00:00,21.42,28.7,57.4,5.0,9.6,8.22,4.2
2024-05-20 18:00:00,20.4,30.3,54.2,5.6,9.71,7.08,3.92
2024-05-20 19:00:00,25.04,29.5,43.7,3.2,11.93,9.92,4.93
2024-05-20 20:00:00,20.72,28.4,51.0,5.1,9.13,6.58,3.85
2024-05-20 21:00:00,21.33,26.2,51.9,4.0,9.61,7.41,4.5
2024-05-20 22:00:00,27.71,25.5,59.5,2.3,12.21,9.05,5.86
2024-05-20 23:00:00,31.26,23.2,52.7,6.8,14.51,10.7,6.29
2024-05-21 00:00:00,27.33,20.9,63.3,4.6,12.63,9.37,4.99
2024-05-21 01:00:00,29.84,24.6,49.6,6.2,13.25,10.6,6.46
2024-05-21 02:00:00,27.15,21.2,58.0,2.4,11.67,9.44,5.36
2024-05-21 03:00:00,22.75,22.9,52.1,6.7,9.98,7.72,4.58
2024-05-21 04:00:00,16.19,22.5,47.2,2.9,8.08,5.99,3.18
2024-05-21 05:00:00,15.67,26.8,47.3,0.5,6.76,5.79,3.31
2024-05-21 06:00:00,9.67,25.3,52.3,1.2,4.1,4.12,1.6
2024-05-21 07:00:00,16.83,26.2,59.7,1.3,7.2,5.16,3.44
2024-05-21 08:00:00,27.5,29.1,43.7,2.0,12.62,9.08,5.37
2024-05-21 09:00:00,30.61,32.5,42.0,1.9,13.36,11.71,5.81
2024-05-21 10:00:00,36.79,31.0,39.5,1.0,16.95,13.98,7.63
2024-05-21 11:00:00,35.2,30.9,52.7,6.4,15.96,12.68,7.02
2024-05-21 12:00:00,42.45,33.3,41.7,5.6,19.18,15.18,8.78
2024-05-21 13:00:00,38.59,30.4,45.8,5.1,17.77,13.46,7.27
2024-05-21 14:00:00,36.33,33.0,42.7,3.4,16.23,12.92,7.46
2024-05-21 15:00:00,38.78,35.8,31.3,3.2,18.14,13.95,7.58
2024-05-21 16:00:00,28.69,32.5,37.7,3.2,12.83,10.94,5.74
2024-05-21 17:00:00,27.44,31.6,41.3,2.3,11.78,9.91,5.34
2024-05-21 18:00:00,23.51,30.5,50.5,4.1,10.51,8.09,4.59
2024-05-21 19:00:00,21.32,28.6,37.1,1.0,8.98,7.03,4.53
2024-05-21 20:00:00,27.48,28.4,52.6,4.4,12.96,8.84,5.33
2024-05-21 21:00:00,28.08,27.8,52.3,3.6,12.75,9.86,6.3
2024-05-21 22:00:00,24.15,24.9,45.0,5.5,10.56,8.96,5.31
2024-05-21 23:00:00,26.99,20.7,57.6,8.1,12.51,10.13,5.91
2024-05-22 00:00:00,28.68,24.5,60.5,6.1,12.97,10.87,5.6
2024-05-22 01:00:00,31.07,26.5,46.9,4.8,13.91,11.15,6.28
2024-05-22 02:00:00,30.74,22.5,54.2,3.2,13.42,10.43,6.27
2024-05-22 03:00:00,21.61,21.1,72.5,2.1,9.68,8.22,4.09
2024-05-22 04:00:00,13.01,24.8,55.9,4.4,5.07,3.93,2.54
2024-05-22 05:00:00,17.59,27.2,50.1,2.0,8.65,5.93,3.46
2024-05-22 06:00:00,11.93,26.4,49.9,0.6,4.63,3.94,2.62
2024-05-22 07:00:00,21.44,29.4,50.6,3.9,10.03,7.53,4.13
2024-05-22 08:00:00,19.89,29.3,52.3,3.0,8.56,7.54,4.19
2024-05-22 09:00:00,28.17,30.4,36.7,6.1,12.65,9.87,5.74
2024-05-22 10:00:00,29.35,29.8,37.1,4.3,13.66,9.97,5.8
2024-05-22 11:00:00,40.22,32.1,40.5,4.3,18.68,14.31,7.6
2024-05-22 12:00:00,40.75,32.4,44.4,5.3,19.37,13.78,7.97
2024-05-22 13:00:00,41.17,32.8,45.0,2.7,19.17,14.53,7.67
2024-05-22 14:00:00,37.24,32.7,36.2,7.6,16.49,13.4,7.4
2024-05-22 15:00:00,31.08,33.3,43.1,2.1,13.68,10.46,6.21
2024-05-22 16:00:00,27.93,30.5,47.1,6.1,12.83,9.14,5.25
2024-05-22 17:00:00,32.26,32.8,40.3,6.6,14.6,11.25,6.34
2024-05-22 18:00:00,22.12,29.3,46.2,0.8,9.85,7.32,4.34
2024-05-22 19:00:00,20.64,29.0,45.6,4.2,8.71,6.77,4.34
2024-05-22 20:00:00,20.24,28.6,52.0,5.0,9.23,6.8,4.26
2024-05-22 21:00:00,20.52,25.4,53.5,7.4,9.08,7.59,4.16
2024-05-22 22:00:00,25.56,22.6,51.1,2.3,12.06,8.76,5.28
2024-05-22 23:00:00,29.86,24.0,60.0,3.9,14.17,9.75,6.11
2024-05-23 00:00:00,28.8,21.8,51.0,5.2,12.34,10.24,5.23
2024-05-23 01:00:00,29.87,24.5,46.1,1.7,13.4,10.71,5.71
2024-05-23 02:00:00,26.17,21.5,57.0,5.9,11.65,9.45,5.16
2024-05-23 03:00:00,24.38,25.6,52.0,3.1,11.06,8.65,5.03
2024-05-23 04:00:00,15.25,23.9,55.7,4.3,6.7,5.04,2.81
2024-05-23 05:00:00,15.78,24.8,48.3,0.9,7.48,6.07,3.18
2024-05-23 06:00:00,11.03,22.8,61.1,2.1,4.71,3.09,2.26
2024-05-23 07:00:00,18.95,27.2,60.0,3.4,9.01,6.0,4.1
2024-05-23 08:00:00,23.91,28.1,50.1,2.5,10.66,8.43,4.96
2024-05-23 09:00:00,30.23,27.6,52.5,7.5,13.93,10.75,6.25
2024-05-23 10:00:00,31.44,30.9,36.4,5.3,13.56,10.15,6.58
2024-05-23 11:00:00,39.12,31.2,44.4,6.0,17.54,13.06,7.84
2024-05-23 12:00:00,44.23,32.2,41.8,3.4,20.19,15.46,9.25
2024-05-23 13:00:00,42.71,33.1,40.0,3.4,19.31,14.98,8.67
2024-05-23 14:00:00,39.29,32.5,41.7,5.4,17.08,14.37,7.68
2024-05-23 15:00:00,36.28,33.4,41.1,3.0,16.45,11.93,7.31
2024-05-23 16:00:00,32.81,32.4,37.8,3.4,13.36,11.0,6.53
2024-05-23 17:00:00,24.17,32.5,42.6,3.7,10.01,7.79,5.49
2024-05-23 18:00:00,18.61,30.0,42.8,4.1,8.29,5.44,3.35
2024-05-23 19:00:00,20.05,27.9,54.4,4.3,8.43,6.71,3.53
2024-05-23 20:00:00,16.27,27.2,53.0,4.5,7.34,5.85,3.35
2024-05-23 21:00:00,31.4,29.1,50.7,3.3,13.37,10.72,6.03
2024-05-23 22:00:00,32.22,27.2,56.3,2.5,15.5,11.36,6.02
2024-05-23 23:00:00,29.85,26.5,48.0,6.7,13.06,10.37,6.33
2024-05-24 00:00:00,30.18,26.0,54.2,5.6,14.21,9.98,5.94
2024-05-24 01:00:00,26.94,22.9,61.9,0.5,12.17,9.01,5.43
2024-05-24 02:00:00,24.5,23.8,50.9,3.6,11.05,9.06,4.96
2024-05-24 03:00:00,20.94,23.7,45.4,2.4,9.29,7.7,4.29
2024-05-24 04:00:00,19.85,25.1,50.5,4.3,9.41,7.26,4.22
2024-05-24 05:00:00,14.33,24.4,59.5,3.5,6.79,4.87,2.98
2024-05-24 06:00:00,18.53,26.0,48.0,0.6,8.31,6.07,3.46
2024-05-24 07:00:00,20.05,27.2,49.0,4.8,9.09,7.2,4.19
2024-05-24 08:00:00,23.14,29.2,45.1,2.4,11.1,7.9,4.23
2024-05-24 09:00:00,33.97,30.7,46.2,2.3,15.3,11.63,6.62
2024-05-24 10:00:00,31.53,31.0,41.5,0.8,14.16,11.09,6.47
2024-05-24 11:00:00,39.06,32.1,38.0,5.6,17.06,13.08,7.86
2024-05-24 12:00:00,44.13,33.1,42.1,3.9,19.92,16.04,8.69
2024-05-24 13:00:00,42.85,35.7,39.8,3.5,19.31,15.13,8.35
2024-05-24 14:00:00,35.34,30.8,52.6,4.5,16.47,12.84,7.1
2024-05-24 15:00:00,33.63,31.8,46.2,2.8,15.37,11.59,6.46
2024-05-24 16:00:00,29.32,33.7,37.7,3.9,13.48,10.06,6.51
2024-05-24 17:00:00,26.45,32.3,41.5,2.3,12.52,9.04,5.5
2024-05-24 18:00:00,23.66,31.3,50.0,1.1,10.14,7.79,4.81
2024-05-24 19:00:00,22.78,30.7,45.1,3.9,10.55,7.56,4.77
2024-05-24 20:00:00,29.7,28.7,44.1,2.1,12.6,10.07,6.11
2024-05-24 21:00:00,22.11,26.3,52.9,5.0,9.07,8.31,4.59
2024-05-24 22:00:00,31.14,26.8,47.8,3.3,13.72,10.92,6.09
2024-05-24 23:00:00,27.47,24.9,56.5,2.3,12.2,9.11,5.34
2024-05-25 00:00:00,16.64,23.5,57.6,4.1,6.59,5.89,3.08
2024-05-25 01:00:00,19.97,24.7,48.6,1.5,8.57,6.91,4.21
2024-05-25 02:00:00,18.94,24.5,63.5,5.1,8.3,6.59,3.86
2024-05-25 03:00:00,16.08,24.0,54.5,3.3,6.83,4.58,2.88
2024-05-25 04:00:00,19.0,26.8,38.5,5.5,9.05,6.53,3.98
2024-05-25 05:00:00,20.71,27.0,53.5,1.6,9.71,7.72,4.15
2024-05-25 06:00:00,14.04,27.5,38.0,2.9,6.2,5.12,2.18
2024-05-25 07:00:00,17.84,31.1,51.9,1.9,8.3,5.95,3.73
2024-05-25 08:00:00,18.53,28.3,50.3,1.1,8.44,7.24,3.46
2024-05-25 09:00:00,20.77,29.1,48.3,7.5,8.51,7.1,4.22
2024-05-25 10:00:00,31.35,32.3,44.8,4.8,14.69,11.11,6.77
2024-05-25 11:00:00,26.9,31.7,48.5,2.7,12.41,9.19,4.93
2024-05-25 12:00:00,38.6,32.9,41.7,2.3,17.11,12.84,7.91
2024-05-25 13:00:00,32.57,31.9,45.3,2.0,15.67,11.67,6.26
2024-05-25 14:00:00,28.0,34.4,42.8,0.9,12.26,10.35,5.44
2024-05-25 15:00:00,22.7,31.2,31.8,1.4,9.78,7.84,3.89
2024-05-25 16:00:00,26.04,32.7,47.3,1.4,12.13,8.57,5.35
2024-05-25 17:00:00,23.87,32.1,48.9,4.4,10.44,8.41,4.53
2024-05-25 18:00:00,14.5,30.4,49.4,4.0,6.75,4.82,2.92
2024-05-25 19:00:00,15.44,27.2,52.8,3.9,5.8,5.58,3.29
2024-05-25 20:00:00,8.89,25.9,60.5,4.9,4.13,2.72,2.25
2024-05-25 21:00:00,16.69,26.1,52.0,2.3,7.54,5.7,3.77
2024-05-25 22:00:00,23.59,26.8,51.3,2.7,11.08,8.78,4.35
2024-05-25 23:00:00,19.38,25.4,49.8,1.6,8.17,6.63,3.95
2024-05-26 00:00:00,16.06,24.3,44.8,4.0,7.57,5.7,3.97
2024-05-26 01:00:00,18.95,22.5,58.8,7.0,8.45,6.69,3.92
2024-05-26 02:00:00,15.3,24.2,51.8,6.0,7.13,6.39,3.16
2024-05-26 03:00:00,15.28,21.2,48.6,3.8,6.79,5.61,3.2
2024-05-26 04:00:00,8.68,20.8,58.3,4.3,3.79,2.8,1.71
2024-05-26 05:00:00,8.08,24.8,53.3,9.4,3.58,2.9,1.98
2024-05-26 06:00:00,5.08,25.4,52.0,3.6,2.24,1.45,0.95
2024-05-26 07:00:00,16.63,28.9,49.6,6.1,6.5,7.01,3.59
2024-05-26 08:00:00,17.88,28.9,41.1,3.5,8.0,5.75,3.21
2024-05-26 09:00:00,23.42,32.5,49.6,0.9,10.12,7.99,4.1
2024-05-26 10:00:00,26.55,30.4,49.3,7.0,11.94,9.3,5.24
2024-05-26 11:00:00,34.57,32.9,50.2,1.5,16.45,11.56,6.57
2024-05-26 12:00:00,31.75,32.6,41.6,4.7,14.89,11.37,5.81
2024-05-26 13:00:00,36.63,35.6,43.0,2.2,16.71,12.48,7.81
2024-05-26 14:00:00,31.27,33.4,34.2,6.5,13.28,10.57,6.45
2024-05-26 15:00:00,26.89,34.8,37.7,2.0,11.68,9.89,5.4
2024-05-26 16:00:00,27.14,31.4,39.0,1.6,11.97,9.19,5.37
2024-05-26 17:00:00,19.06,31.6,47.0,3.2,9.03,6.75,4.1
2024-05-26 18:00:00,20.31,31.1,40.8,3.5,9.39,7.23,4.41
2024-05-26 19:00:00,22.57,31.9,43.1,5.5,10.85,8.28,4.21
2024-05-26 20:00:00,12.63,25.4,53.1,5.1,5.93,4.79,2.4
2024-05-26 21:00:00,19.56,26.9,49.3,2.7,9.15,5.83,3.84
2024-05-26 22:00:00,19.59,25.6,46.2,3.0,8.99,6.54,4.16
2024-05-26 23:00:00,15.04,22.0,65.4,3.9,6.88,5.15,2.92
2024-05-27 00:00:00,27.24,23.8,55.6,3.8,11.44,10.08,5.54
2024-05-27 01:00:00,25.54,21.7,65.8,6.0,11.27,8.45,5.06
2024-05-27 02:00:00,23.17,20.3,54.0,3.4,10.84,7.9,4.9
2024-05-27 03:00:00,17.31,23.6,53.4,6.3,8.55,6.07,3.68
2024-05-27 04:00:00,19.72,24.1,55.1,2.0,8.68,6.74,3.79
2024-05-27 05:00:00,19.47,24.9,61.3,6.0,9.26,7.16,3.65
2024-05-27 06:00:00,19.57,26.7,59.8,2.6,8.54,6.65,3.62
2024-05-27 07:00:00,20.57,26.2,50.0,5.3,9.07,6.8,4.6
2024-05-27 08:00:00,27.23,31.5,42.1,3.9,11.14,9.45,6.22
2024-05-27 09:00:00,28.09,30.1,47.5,6.1,13.28,10.69,5.95
2024-05-27 10:00:00,36.26,33.3,49.7,2.2,16.48,12.71,6.74
2024-05-27 11:00:00,37.44,29.8,48.4,4.7,16.51,13.85,7.28
2024-05-27 12:00:00,40.5,31.9,46.9,5.8,19.1,14.38,7.85
2024-05-27 13:00:00,42.9,34.7,47.9,5.2,19.26,14.95,8.49
2024-05-27 14:00:00,41.79,33.5,48.5,3.9,19.51,15.16,7.71
2024-05-27 15:00:00,33.65,32.0,50.5,4.5,14.46,12.16,6.4
2024-05-27 16:00:00,24.32,30.4,50.6,2.0,11.55,8.69,5.36
2024-05-27 17:00:00,26.57,33.5,50.6,2.1,12.44,9.45,5.49
2024-05-27 18:00:00,27.23,32.3,39.2,2.4,12.21,9.83,5.46
2024-05-27 19:00:00,26.41,30.5,58.7,5.6,11.69,9.24,5.15
2024-05-27 20:00:00,24.32,28.1,55.6,1.8,10.55,8.99,4.75
2024-05-27 21:00:00,28.11,25.9,52.2,2.5,13.21,9.5,5.78
2024-05-27 22:00:00,31.78,26.2,58.1,6.7,13.96,10.96,6.39
2024-05-27 23:00:00,28.17,23.3,54.3,5.0,11.53,9.4,5.38
2024-05-28 00:00:00,25.97,23.5,58.2,4.9,12.28,10.04,5.45
2024-05-28 01:00:00,26.83,26.0,55.7,3.3,12.22,8.41,5.17
2024-05-28 02:00:00,23.35,21.2,62.9,4.7,10.39,8.08,4.99
2024-05-28 03:00:00,24.17,25.2,51.5,3.9,10.72,8.11,4.47
2024-05-28 04:00:00,25.7,26.9,56.2,1.2,12.78,8.8,4.87
2024-05-28 05:00:00,19.09,26.7,49.8,3.9,8.46,5.72,4.1
2024-05-28 06:00:00,20.58,27.1,55.2,3.3,9.08,6.85,3.92
2024-05-28 07:00:00,17.92,27.0,51.5,1.5,7.91,6.51,3.97
2024-05-28 08:00:00,24.37,28.0,41.3,2.8,10.62,7.99,5.05
2024-05-28 09:00:00,26.95,26.9,48.1,6.4,11.95,10.12,5.74
2024-05-28 10:00:00,30.65,31.5,50.4,5.4,13.95,10.31,6.09
2024-05-28 11:00:00,37.87,31.9,44.2,6.6,16.81,12.44,7.25
2024-05-28 12:00:00,42.81,32.2,51.4,4.8,18.35,15.79,8.27
2024-05-28 13:00:00,42.39,33.8,37.4,4.2,18.39,15.09,8.78
2024-05-28 14:00:00,36.41,34.1,46.6,1.6,16.68,13.06,7.12
2024-05-28 15:00:00,27.75,32.8,44.4,1.4,11.89,10.83,5.58
2024-05-28 16:00:00,33.47,35.7,39.9,2.3,15.28,10.96,6.37
2024-05-28 17:00:00,28.28,33.6,37.8,2.6,13.35,10.53,5.85
2024-05-28 18:00:00,24.07,32.8,45.7,4.1,11.1,7.47,4.34
2024-05-28 19:00:00,23.58,30.1,42.8,6.1,10.67,7.62,5.1
2024-05-28 20:00:00,26.68,29.7,45.1,6.3,12.03,9.82,4.95
2024-05-28 21:00:00,25.73,26.3,51.7,4.5,11.64,9.11,4.84
2024-05-28 22:00:00,23.62,27.5,49.2,3.9,10.6,7.04,4.69
2024-05-28 23:00:00,25.46,25.1,59.0,2.2,10.87,8.56,5.76
2024-05-29 00:00:00,27.3,23.2,43.2,7.1,12.21,9.04,5.33
2024-05-29 01:00:00,28.84,24.2,54.0,4.5,13.42,10.4,5.64
2024-05-29 02:00:00,25.54,23.7,53.8,3.7,12.03,9.08,5.01
2024-05-29 03:00:00,27.38,27.8,50.7,1.4,12.21,9.79,5.97
2024-05-29 04:00:00,17.99,25.4,50.8,5.6,8.34,5.72,4.14
2024-05-29 05:00:00,19.15,27.9,55.6,2.8,8.82,6.41,4.07
2024-05-29 06:00:00,17.69,28.3,48.8,6.4,8.02,6.38,3.79
2024-05-29 07:00:00,21.78,27.9,51.2,1.8,9.88,7.68,4.19
2024-05-29 08:00:00,38.09,28.4,54.3,0.9,17.24,13.81,7.34
2024-05-29 09:00:00,28.36,27.8,50.9,3.2,12.73,9.36,6.05
2024-05-29 10:00:00,34.27,30.3,41.3,1.2,15.41,11.31,7.07
2024-05-29 11:00:00,41.39,33.6,41.5,1.1,18.99,14.58,8.3
2024-05-29 12:00:00,39.89,33.0,43.8,4.7,17.54,14.67,7.92
2024-05-29 13:00:00,39.41,34.5,34.4,2.3,17.08,12.94,7.86
2024-05-29 14:00:00,33.28,31.1,43.2,4.3,14.62,11.06,6.83
2024-05-29 15:00:00,35.65,34.6,42.1,3.9,15.93,12.19,7.64
2024-05-29 16:00:00,27.5,35.1,52.0,1.7,12.39,9.54,5.48
2024-05-29 17:00:00,22.53,30.0,49.9,3.0,10.25,8.33,4.0
2024-05-29 18:00:00,27.61,32.2,46.2,1.1,12.12,9.08,5.74
2024-05-29 19:00:00,28.1,32.4,53.6,3.1,13.53,9.65,5.95
2024-05-29 20:00:00,27.0,31.6,49.0,1.9,12.44,9.07,6.08
2024-05-29 21:00:00,25.26,27.1,55.2,1.4,11.18,9.12,5.16
2024-05-29 22:00:00,28.58,27.8,48.6,2.6,12.67,10.15,5.54
2024-05-29 23:00:00,32.99,27.7,44.4,0.5,14.77,12.04,6.41
2024-05-30 00:00:00,34.17,25.5,54.7,5.1,15.72,12.28,6.88
2024-05-30 01:00:00,32.98,26.3,61.5,1.8,15.54,12.06,6.3
2024-05-30 02:00:00,25.89,24.2,62.6,4.2,12.45,8.83,5.24
2024-05-30 03:00:00,20.83,25.0,57.3,5.7,9.74,8.02,4.49
2024-05-30 04:00:00,18.69,24.0,51.8,6.7,7.99,5.68,4.33
2024-05-30 05:00:00,12.03,25.5,45.7,3.8,6.12,4.89,2.44
2024-05-30 06:00:00,17.51,27.4,47.0,5.3,7.79,5.65,3.02
2024-05-30 07:00:00,19.87,26.9,52.8,3.3,8.92,7.51,4.01
2024-05-30 08:00:00,26.01,28.9,47.0,3.5,11.74,9.6,4.76
2024-05-30 09:00:00,33.74,31.7,51.0,3.8,14.86,11.56,6.93
2024-05-30 10:00:00,41.27,34.8,34.8,4.5,18.53,14.25,8.65
2024-05-30 11:00:00,35.11,29.7,47.7,4.5,15.42,11.69,7.34
2024-05-30 12:00:00,48.2,36.5,36.3,5.3,22.25,16.34,9.32
2024-05-30 13:00:00,39.19,33.7,48.5,4.2,17.03,13.82,7.46
2024-05-30 14:00:00,39.72,35.7,43.9,6.2,18.64,13.13,7.73
2024-05-30 15:00:00,38.43,35.8,36.9,4.7,17.58,14.14,7.67
2024-05-30 16:00:00,35.11,35.9,45.2,6.9,15.89,12.51,6.36
2024-05-30 17:00:00,21.02,31.7,37.9,5.0,9.12,7.39,4.23
2024-05-30 18:00:00,25.3,31.4,37.4,4.9,12.28,8.59,4.84
2024-05-30 19:00:00,25.67,30.4,43.0,6.0,12.43,9.67,4.97
2024-05-30 20:00:00,23.67,28.7,39.6,4.4,10.75,8.58,4.42
2024-05-30 21:00:00,35.38,29.9,47.5,1.9,15.46,12.01,6.48
2024-05-30 22:00:00,26.53,26.6,51.7,1.2,11.64,9.1,5.43
2024-05-30 23:00:00,26.16,23.3,54.0,2.6,11.75,9.6,5.69
2024-05-31 00:00:00,27.21,24.1,57.8,5.5,11.86,9.61,5.22
2024-05-31 01:00:00,26.88,22.2,53.8,0.6,12.05,9.11,5.39
2024-05-31 02:00:00,23.53,24.0,48.7,1.7,10.15,8.57,4.81
2024-05-31 03:00:00,19.37,25.5,49.4,1.4,8.52,7.05,3.86
2024-05-31 04:00:00,15.53,24.1,49.0,0.8,7.16,5.5,3.47
2024-05-31 05:00:00,15.67,25.2,50.7,5.5,6.88,4.75,3.31
2024-05-31 06:00:00,19.82,26.5,55.2,2.4,8.67,6.43,4.61
2024-05-31 07:00:00,26.0,28.3,41.3,4.8,11.59,9.22,5.26
2024-05-31 08:00:00,29.37,30.1,46.1,1.7,12.87,9.38,6.02
2024-05-31 09:00:00,30.44,31.9,50.5,3.1,13.39,10.36,6.05
2024-05-31 10:00:00,39.45,35.2,47.1,1.5,18.94,13.69,8.18
2024-05-31 11:00:00,72.53,33.1,40.9,0.5,32.33,25.46,14.63
2024-05-31 12:00:00,48.73,34.8,53.3,4.1,22.11,16.79,9.73
2024-05-31 13:00:00,38.37,31.8,40.6,3.4,16.8,13.28,7.72
2024-05-31 14:00:00,35.69,33.8,42.3,3.1,15.17,11.81,7.51
2024-05-31 15:00:00,34.0,33.8,37.6,1.2,14.92,11.82,6.33
2024-05-31 16:00:00,30.97,32.2,47.6,4.0,13.9,10.99,5.88
2024-05-31 17:00:00,27.94,32.1,59.5,5.2,12.2,9.41,5.56
2024-05-31 18:00:00,24.12,31.7,55.2,1.1,10.02,8.25,5.13
2024-05-31 19:00:00,24.64,29.9,52.4,3.1,10.86,8.85,4.63
2024-05-31 20:00:00,25.04,33.3,41.0,2.6,11.29,8.94,4.98
2024-05-31 21:00:00,28.09,28.8,48.6,6.3,12.99,9.42,5.42
2024-05-31 22:00:00,35.27,29.9,53.7,2.3,15.83,12.6,7.77
2024-05-31 23:00:00,31.08,28.1,54.1,7.2,13.58,10.76,6.32
2024-06-01 00:00:00,17.54,24.2,55.4,5.6,8.46,6.37,3.4
2024-06-01 01:00:00,14.99,24.7,55.0,1.4,7.69,4.18,3.19
2024-06-01 02:00:00,20.49,23.8,60.7,3.4,9.35,7.45,4.14
2024-06-01 03:00:00,12.53,24.4,61.2,4.3,6.35,4.61,3.2
2024-06-01 04:00:00,11.5,23.7,48.1,4.0,5.53,4.14,2.33
2024-06-01 05:00:00,12.29,25.3,54.8,4.5,6.49,4.12,2.58
2024-06-01 06:00:00,17.16,27.5,53.9,3.2,7.79,6.26,2.79
2024-06-01 07:00:00,15.5,28.7,46.9,6.5,7.41,5.59,2.88
2024-06-01 08:00:00,18.35,29.9,54.5,2.4,8.93,6.18,3.59
2024-06-01 09:00:00,24.18,30.7,45.7,1.3,10.91,8.64,4.77
2024-06-01 10:00:00,33.65,33.3,50.6,8.3,15.51,11.45,6.55
2024-06-01 11:00:00,31.11,32.6,43.0,4.4,14.05,10.03,6.38
2024-06-01 12:00:00,34.81,35.9,42.2,4.4,15.33,11.91,6.74
2024-06-01 13:00:00,26.05,31.5,47.3,5.5,11.02,9.36,5.0
2024-06-01 14:00:00,30.68,35.5,49.7,3.1,14.42,10.69,6.12
2024-06-01 15:00:00,32.45,35.1,45.6,3.0,15.38,11.42,6.69
2024-06-01 16:00:00,23.31,32.8,42.3,7.3,10.41,7.42,4.32
2024-06-01 17:00:00,20.06,32.5,43.6,3.0,8.61,7.0,4.17
2024-06-01 18:00:00,19.32,32.7,43.4,1.2,8.98,6.8,4.0
2024-06-01 19:00:00,21.29,32.2,45.5,2.6,9.78,7.8,4.4
2024-06-01 20:00:00,14.6,26.9,47.0,6.1,5.81,5.64,2.66
2024-06-01 21:00:00,20.73,29.1,48.6,1.3,10.04,7.34,4.01
2024-06-01 22:00:00,23.35,26.3,59.3,4.8,10.2,8.45,4.64
2024-06-01 23:00:00,27.89,27.6,57.4,2.4,12.4,9.01,5.61
2024-06-02 00:00:00,15.32,22.5,49.1,5.0,6.55,5.59,3.03
2024-06-02 01:00:00,26.09,28.5,41.2,3.6,11.23,9.24,5.31
2024-06-02 02:00:00,14.59,23.3,53.1,4.3,5.59,5.42,2.94
2024-06-02 03:00:00,17.5,26.9,42.8,2.2,7.96,5.81,3.13
2024-06-02 04:00:00,13.46,25.2,47.5,1.8,5.49,4.83,2.74
2024-06-02 05:00:00,9.6,24.9,55.9,1.1,4.64,2.72,1.74
2024-06-02 06:00:00,32.07,27.5,50.8,5.6,14.42,10.91,6.73
2024-06-02 07:00:00,19.33,29.9,39.6,4.7,8.64,6.29,3.71
2024-06-02 08:00:00,16.58,27.3,57.1,2.5,7.32,4.81,2.92
2024-06-02 09:00:00,24.05,32.0,43.5,5.7,11.07,8.59,4.61
2024-06-02 10:00:00,27.11,32.1,42.9,5.7,12.25,9.28,5.66
2024-06-02 11:00:00,30.02,34.0,48.3,1.6,14.16,10.74,6.58
2024-06-02 12:00:00,32.16,34.0,45.3,4.7,14.06,11.06,6.54
2024-06-02 13:00:00,37.88,33.6,43.5,2.5,18.06,12.92,7.87
2024-06-02 14:00:00,27.97,32.9,42.0,3.4,13.37,9.53,5.18
2024-06-02 15:00:00,27.92,35.5,44.3,3.2,13.15,10.04,5.6
2024-06-02 16:00:00,28.13,34.9,39.9,4.1,12.54,10.25,5.81
2024-06-02 17:00:00,23.79,34.1,41.9,2.8,11.15,7.9,4.9
2024-06-02 18:00:00,20.74,32.8,38.8,1.2,9.62,7.37,3.82
2024-06-02 19:00:00,24.86,32.3,50.9,4.5,10.83,9.4,4.79
2024-06-02 20:00:00,23.87,31.7,53.7,7.6,10.33,8.46,4.39
2024-06-02 21:00:00,14.66,25.5,54.5,4.5,6.52,5.02,2.93
2024-06-02 22:00:00,15.47,23.6,53.2,3.7,6.14,5.77,2.81
2024-06-02 23:00:00,24.32,28.7,54.3,1.8,10.59,8.58,5.04
2024-06-03 00:00:00,30.3,23.4,58.9,4.2,13.42,10.38,5.49
2024-06-03 01:00:00,26.34,23.3,53.8,4.1,12.04,9.03,5.34
2024-06-03 02:00:00,20.34,24.3,60.6,4.2,9.33,6.79,3.39
2024-06-03 03:00:00,20.49,22.4,55.0,6.3,8.37,6.88,4.46
2024-06-03 04:00:00,14.28,24.8,47.8,4.8,7.17,5.26,2.7
2024-06-03 05:00:00,20.75,24.8,53.9,5.2,8.67,7.82,4.1
2024-06-03 06:00:00,15.03,26.9,57.2,2.6,5.94,5.23,2.92
2024-06-03 07:00:00,21.01,28.9,49.9,2.4,9.79,7.78,5.02
2024-06-03 08:00:00,25.35,29.2,43.1,2.0,11.99,9.11,4.97
2024-06-03 09:00:00,29.56,30.4,45.5,5.2,13.35,10.21,6.07
2024-06-03 10:00:00,36.58,32.6,50.8,4.6,16.71,12.27,7.53
2024-06-03 11:00:00,44.43,34.8,43.6,2.7,20.35,15.75,8.65
2024-06-03 12:00:00,50.64,36.5,40.1,1.7,22.81,18.08,10.57
2024-06-03 13:00:00,44.39,34.2,42.3,5.8,20.16,14.72,8.25
2024-06-03 14:00:00,48.28,37.5,44.4,3.0,21.49,16.63,9.54
2024-06-03 15:00:00,35.82,35.9,46.0,1.9,16.01,12.55,7.13
2024-06-03 16:00:00,29.99,32.2,38.3,1.7,13.86,10.87,5.91
2024-06-03 17:00:00,25.58,31.4,51.0,6.7,12.13,9.47,4.94
2024-06-03 18:00:00,25.05,31.4,48.9,1.6,11.17,8.63,4.7
2024-06-03 19:00:00,31.36,33.2,52.1,2.8,13.68,10.29,6.35
2024-06-03 20:00:00,23.79,29.0,48.9,4.2,12.04,7.42,4.62
2024-06-03 21:00:00,22.01,25.6,58.9,3.1,10.04,8.84,4.4
2024-06-03 22:00:00,30.04,26.9,54.1,3.4,12.65,10.58,6.23
2024-06-03 23:00:00,22.66,23.2,50.6,5.4,9.93,7.89,4.02
2024-06-04 00:00:00,27.55,23.9,60.4,11.4,11.26,9.24,5.59
2024-06-04 01:00:00,27.02,24.1,59.1,3.4,12.25,9.94,5.39
2024-06-04 02:00:00,23.71,25.1,50.7,2.9,10.76,7.87,4.63
2024-06-04 03:00:00,27.13,26.6,53.6,3.1,12.23,10.02,5.46
2024-06-04 04:00:00,18.09,26.6,62.7,2.9,7.94,6.87,3.58
2024-06-04 05:00:00,14.63,24.6,52.1,3.4,6.55,5.22,3.13
2024-06-04 06:00:00,18.07,26.8,55.5,2.7,8.44,6.62,3.87
2024-06-04 07:00:00,24.54,28.7,44.1,3.3,11.53,8.16,4.99
2024-06-04 08:00:00,25.06,29.5,45.8,7.2,11.16,8.77,4.8
2024-06-04 09:00:00,33.1,30.7,51.2,2.5,15.05,10.89,6.58
2024-06-04 10:00:00,34.8,29.8,49.6,4.4,16.03,11.91,6.37
2024-06-04 11:00:00,38.94,31.7,45.0,3.5,18.13,12.75,7.96
2024-06-04 12:00:00,39.79,33.6,52.2,4.9,17.64,12.93,8.02
2024-06-04 13:00:00,32.62,30.0,43.3,3.4,15.56,11.01,6.57
2024-06-04 14:00:00,42.38,35.8,40.3,1.8,19.53,14.26,8.32
2024-06-04 15:00:00,32.22,32.6,47.3,6.1,14.49,11.28,6.94
2024-06-04 16:00:00,36.01,35.2,37.4,4.5,16.18,12.79,7.69
2024-06-04 17:00:00,31.45,34.3,45.4,3.7,14.25,11.21,6.58
2024-06-04 18:00:00,23.99,31.5,51.5,5.7,10.28,8.23,4.51
2024-06-04 19:00:00,24.23,32.7,44.2,8.2,10.51,9.09,4.71
2024-06-04 20:00:00,28.62,31.0,43.4,3.1,12.28,10.21,5.97
2024-06-04 21:00:00,24.24,28.1,48.7,2.8,11.19,8.43,4.8
2024-06-04 22:00:00,26.58,26.7,38.5,5.0,11.86,9.78,5.68
2024-06-04 23:00:00,30.64,28.0,55.5,3.3,13.98,10.81,5.68
2024-06-05 00:00:00,30.81,26.0,54.1,1.3,14.32,10.94,5.61
2024-06-05 01:00:00,61.48,26.7,51.1,2.8,28.14,20.69,12.78
2024-06-05 02:00:00,24.4,21.4,50.0,5.5,10.03,8.21,5.34
2024-06-05 03:00:00,21.5,25.3,59.2,4.7,9.54,7.67,4.14
2024-06-05 04:00:00,13.1,23.3,53.9,6.0,5.22,4.51,2.97
2024-06-05 05:00:00,19.15,26.4,55.1,1.7,8.3,7.2,4.08
2024-06-05 06:00:00,18.03,28.5,49.7,2.2,7.05,6.61,3.73
2024-06-05 07:00:00,25.4,31.3,38.4,2.1,11.87,9.18,5.37
2024-06-05 08:00:00,22.88,28.6,56.1,8.0,9.43,7.5,4.29
2024-06-05 09:00:00,32.48,30.5,52.8,1.8,14.1,12.13,6.25
2024-06-05 10:00:00,36.52,32.3,49.0,4.0,15.98,13.45,7.26
2024-06-05 11:00:00,39.09,32.0,47.1,4.2,18.07,13.81,8.06
2024-06-05 12:00:00,47.04,35.8,35.1,4.2,21.22,16.04,9.55
2024-06-05 13:00:00,48.48,34.7,46.7,4.6,21.5,16.23,9.65
2024-06-05 14:00:00,43.37,35.2,52.8,3.5,18.95,14.88,8.58
2024-06-05 15:00:00,38.05,35.7,41.7,1.3,17.3,13.05,7.69
2024-06-05 16:00:00,32.22,34.2,43.6,4.7,13.63,11.68,6.67
2024-06-05 17:00:00,25.28,32.3,39.8,2.4,10.94,9.43,5.4
2024-06-05 18:00:00,23.36,32.4,34.8,1.2,11.39,7.62,4.2
2024-06-05 19:00:00,21.76,30.0,46.2,1.8,10.29,7.37,4.08
2024-06-05 20:00:00,24.19,30.1,55.2,2.5,10.17,8.63,4.7
2024-06-05 21:00:00,31.56,30.2,54.5,3.2,14.85,11.0,6.67
2024-06-05 22:00:00,24.31,25.7,52.8,6.0,10.93,9.04,4.81
2024-06-05 23:00:00,30.7,24.1,57.2,3.7,14.2,10.18,5.51
2024-06-06 00:00:00,32.82,25.8,46.9,3.4,14.97,12.02,6.66
2024-06-06 01:00:00,5.48,24.1,55.6,2.0,2.37,1.63,0.87
2024-06-06 02:00:00,26.15,25.1,51.2,7.6,11.86,10.07,5.03
2024-06-06 03:00:00,21.91,25.7,53.4,6.6,10.47,8.09,3.93
2024-06-06 04:00:00,17.62,22.5,55.6,5.5,8.75,6.58,3.44
2024-06-06 05:00:00,22.3,27.6,49.4,2.7,10.17,7.14,4.22
2024-06-06 06:00:00,14.19,25.8,58.0,3.9,5.97,4.09,2.34
2024-06-06 07:00:00,17.51,28.8,59.3,3.0,7.86,5.73,3.84
2024-06-06 08:00:00,26.35,29.1,48.2,3.0,12.93,8.81,5.26
2024-06-06 09:00:00,31.34,30.6,54.4,1.2,14.47,10.81,6.32
2024-06-06 10:00:00,38.34,35.1,35.6,1.6,17.65,12.82,7.19
2024-06-06 11:00:00,40.51,34.1,42.6,7.6,18.36,14.65,7.93
2024-06-06 12:00:00,43.71,35.8,34.6,4.1,20.07,15.41,8.89
2024-06-06 13:00:00,42.1,35.1,40.3,0.5,18.79,13.66,7.77
2024-06-06 14:00:00,41.66,36.0,44.4,5.5,18.94,14.34,8.42
2024-06-06 15:00:00,37.35,35.5,46.9,1.3,16.34,13.27,7.62
2024-06-06 16:00:00,31.52,34.8,38.3,4.7,13.54,10.81,6.42
2024-06-06 17:00:00,29.23,35.3,43.9,4.2,12.67,9.65,5.94
2024-06-06 18:00:00,25.86,32.8,50.8,1.1,12.26,8.51,5.06
2024-06-06 19:00:00,30.84,34.8,47.7,3.7,13.25,10.82,5.89
2024-06-06 20:00:00,27.45,31.5,47.5,0.9,13.38,8.91,4.89
2024-06-06 21:00:00,28.22,27.1,48.6,1.1,13.16,9.8,6.07
2024-06-06 22:00:00,30.7,27.3,47.8,1.0,14.31,10.43,6.2
2024-06-06 23:00:00,27.94,27.1,47.2,2.3,11.92,9.98,5.18
2024-06-07 00:00:00,32.44,25.9,52.7,5.4,14.35,11.56,6.46
2024-06-07 01:00:00,6.47,26.4,48.2,2.8,3.07,3.22,1.15
2024-06-07 02:00:00,26.99,26.4,55.7,4.3,12.17,9.27,5.57
2024-06-07 03:00:00,16.99,23.3,57.1,1.5,8.32,6.47,3.32
2024-06-07 04:00:00,22.69,27.8,51.6,7.0,10.01,8.24,4.23
2024-06-07 05:00:00,17.09,25.9,43.7,3.6,8.17,5.45,3.79
2024-06-07 06:00:00,14.63,26.8,52.0,0.7,7.11,5.99,3.01
2024-06-07 07:00:00,16.62,28.0,48.1,3.7,7.59,5.88,3.79
2024-06-07 08:00:00,27.88,31.4,57.1,1.9,12.52,10.55,5.41
2024-06-07 09:00:00,30.79,31.1,40.3,2.0,13.11,10.21,6.51
2024-06-07 10:00:00,34.99,31.7,44.9,4.1,15.88,12.73,6.88
2024-06-07 11:00:00,40.67,33.1,46.2,2.1,18.75,13.36,8.01
2024-06-07 12:00:00,37.23,31.8,40.9,2.1,16.42,11.8,7.36
2024-06-07 13:00:00,40.79,33.8,53.1,3.7,17.75,15.33,8.31
2024-06-07 14:00:00,39.82,33.3,53.7,2.2,17.63,14.42,7.99
2024-06-07 15:00:00,35.79,34.6,38.2,1.5,15.99,13.22,7.25
2024-06-07 16:00:00,30.09,35.5,38.4,3.1,13.84,10.38,5.52
2024-06-07 17:00:00,28.9,34.6,53.3,1.0,13.07,9.8,5.54
2024-06-07 18:00:00,26.43,34.6,49.5,6.5,11.49,9.58,5.67
2024-06-07 19:00:00,5.69,33.0,42.5,3.3,1.47,1.44,1.51
2024-06-07 20:00:00,25.89,29.4,50.9,0.5,12.35,8.51,4.81
2024-06-07 21:00:00,23.98,28.9,42.3,2.1,10.06,8.1,5.04
2024-06-07 22:00:00,31.85,27.6,61.8,7.5,14.19,11.62,6.34
2024-06-07 23:00:00,24.45,23.4,56.2,3.5,10.94,8.02,4.79
2024-06-08 00:00:00,54.38,24.1,57.9,2.8,23.53,19.54,10.57
2024-06-08 01:00:00,20.48,25.2,49.1,2.6,8.43,7.39,3.53
2024-06-08 02:00:00,15.16,25.0,48.3,3.1,5.68,5.54,2.7
2024-06-08 03:00:00,14.41,26.2,54.8,2.1,6.91,4.22,2.84
2024-06-08 04:00:00,15.96,26.7,61.6,5.0,7.02,5.25,3.18
2024-06-08 05:00:00,8.22,24.1,52.4,3.6,3.61,2.77,1.92
2024-06-08 06:00:00,14.9,28.6,44.8,5.0,6.7,5.38,3.04
2024-06-08 07:00:00,20.98,29.3,50.4,2.3,8.55,7.02,3.9
2024-06-08 08:00:00,20.2,31.2,54.7,0.5,8.15,7.88,3.72
2024-06-08 09:00:00,27.85,33.2,41.0,7.8,12.65,9.61,5.9
2024-06-08 10:00:00,33.15,32.6,43.6,3.6,14.76,11.77,6.84
2024-06-08 11:00:00,37.01,35.7,45.3,1.2,15.73,12.98,7.33
2024-06-08 12:00:00,29.46,33.3,48.8,1.4,13.32,10.66,6.05
2024-06-08 13:00:00,34.61,33.7,42.1,3.2,15.68,12.11,7.17
2024-06-08 14:00:00,31.72,35.9,46.3,4.6,14.59,10.48,5.81
2024-06-08 15:00:00,33.29,34.6,45.1,3.0,15.18,11.46,6.41
2024-06-08 16:00:00,25.57,35.0,42.0,5.6,11.69,8.5,4.91
2024-06-08 17:00:00,35.69,36.8,44.3,2.7,15.97,11.44,6.8
2024-06-08 18:00:00,26.03,33.4,47.7,0.9,12.17,9.69,5.04
2024-06-08 19:00:00,18.91,31.9,40.5,0.5,8.85,7.39,3.91
2024-06-08 20:00:00,18.64,29.0,56.6,5.9,8.18,6.4,3.56
2024-06-08 21:00:00,19.47,26.5,54.0,8.7,7.59,6.71,4.18
2024-06-08 22:00:00,24.21,27.7,57.6,1.6,10.55,8.12,4.71
2024-06-08 23:00:00,26.43,28.4,50.2,1.1,11.31,9.27,5.29
2024-06-09 00:00:00,25.09,25.6,54.5,6.7,12.65,9.52,4.78
2024-06-09 01:00:00,21.78,26.2,54.6,1.4,9.23,8.38,4.26
2024-06-09 02:00:00,21.16,27.5,53.7,2.2,9.99,7.47,4.09
2024-06-09 03:00:00,18.6,27.7,58.4,5.4,7.56,5.66,3.66
2024-06-09 04:00:00,17.36,26.7,54.3,10.6,7.01,6.61,3.08
2024-06-09 05:00:00,14.68,27.1,51.3,3.5,7.12,4.79,2.42
2024-06-09 06:00:00,11.49,25.6,58.3,2.1,4.86,3.81,1.76
2024-06-09 07:00:00,17.31,28.2,52.3,5.8,8.95,6.28,3.64
2024-06-09 08:00:00,14.98,30.0,62.8,3.0,7.52,4.9,2.84
2024-06-09 09:00:00,24.35,30.4,48.9,2.4,10.74,8.74,5.01
2024-06-09 10:00:00,31.22,33.3,50.2,3.5,13.3,10.83,6.06
2024-06-09 11:00:00,42.2,36.8,44.2,5.9,19.34,14.41,8.36
2024-06-09 12:00:00,35.27,37.0,29.3,2.2,15.74,12.51,7.27
2024-06-09 13:00:00,40.11,35.6,37.6,3.2,18.59,13.73,8.35
2024-06-09 14:00:00,35.81,36.6,37.9,3.3,16.93,12.52,7.39
2024-06-09 15:00:00,30.38,34.1,35.5,5.7,13.38,9.96,5.91
2024-06-09 16:00:00,34.72,36.9,37.7,4.5,15.88,12.83,6.3
2024-06-09 17:00:00,21.87,31.6,39.2,5.2,9.51,6.91,3.9
2024-06-09 18:00:00,24.73,34.3,37.3,4.6,11.65,8.59,4.99
2024-06-09 19:00:00,22.34,32.4,46.3,4.0,9.57,8.19,4.24
2024-06-09 20:00:00,17.83,29.3,58.5,1.6,8.45,6.8,3.17
2024-06-09 21:00:00,21.07,28.8,42.6,5.7,9.65,7.34,4.36
2024-06-09 22:00:00,18.28,26.2,46.5,4.1,7.49,6.14,4.3
2024-06-09 23:00:00,20.55,25.2,51.1,4.7,8.57,7.27,4.09
2024-06-10 00:00:00,22.52,23.8,54.7,5.2,10.04,7.13,4.19
2024-06-10 01:00:00,32.68,26.8,44.1,2.6,14.38,10.29,6.47
2024-06-10 02:00:00,29.29,27.3,47.7,3.2,11.94,10.25,5.52
2024-06-10 03:00:00,20.02,22.4,53.1,3.7,8.14,7.13,4.01
2024-06-10 04:00:00,25.07,28.9,50.9,2.7,10.61,8.81,5.3
2024-06-10 05:00:00,15.22,27.0,53.8,2.3,7.15,5.44,3.1
2024-06-10 06:00:00,4.97,28.4,49.1,5.2,2.16,2.46,0.94
2024-06-10 07:00:00,18.62,27.0,49.7,5.0,7.87,6.53,3.8
2024-06-10 08:00:00,29.49,32.5,41.5,5.7,12.99,10.55,5.5
2024-06-10 09:00:00,30.61,32.1,45.7,4.6,14.22,10.48,6.31
2024-06-10 10:00:00,40.75,34.7,37.5,2.6,19.07,13.66,8.12
2024-06-10 11:00:00,48.64,35.9,48.7,2.7,21.14,17.43,9.8
2024-06-10 12:00:00,50.22,36.8,32.3,3.7,22.26,16.47,10.23
2024-06-10 13:00:00,45.05,34.4,39.5,5.7,20.47,14.85,8.9
2024-06-10 14:00:00,42.78,35.2,46.1,2.8,19.06,15.82,8.7
2024-06-10 15:00:00,35.6,34.4,40.7,5.1,16.62,12.74,7.28
2024-06-10 16:00:00,6.35,36.2,43.9,2.6,2.29,2.37,1.26
2024-06-10 17:00:00,29.68,34.5,51.1,2.7,13.1,11.33,6.39
2024-06-10 18:00:00,28.69,34.6,46.6,5.0,13.0,10.36,5.35
2024-06-10 19:00:00,31.2,33.5,37.8,4.5,14.02,10.49,6.38
2024-06-10 20:00:00,23.77,27.9,44.7,2.1,10.5,8.0,4.28
2024-06-10 21:00:00,35.76,31.2,45.6,5.6,16.19,13.25,6.96
2024-06-10 22:00:00,35.76,29.4,50.9,5.3,16.41,12.44,7.12
2024-06-10 23:00:00,29.85,26.4,58.3,5.4,13.14,10.41,5.71
2024-06-11 00:00:00,28.13,26.8,47.9,3.4,12.58,9.14,5.82
2024-06-11 01:00:00,76.5,25.6,50.9,2.7,33.79,26.46,15.78
2024-06-11 02:00:00,31.86,26.5,50.9,5.8,13.87,11.13,6.77
2024-06-11 03:00:00,19.33,25.2,52.4,4.0,8.23,7.4,3.83
2024-06-11 04:00:00,45.78,27.0,59.1,6.9,20.61,16.82,9.67
2024-06-11 05:00:00,20.13,27.2,50.9,2.3,8.99,7.26,3.91
2024-06-11 06:00:00,19.01,27.5,51.8,8.2,9.1,6.98,4.15
2024-06-11 07:00:00,26.85,29.6,53.0,2.9,11.63,9.23,5.08
2024-06-11 08:00:00,36.53,34.7,50.4,3.0,16.12,12.35,6.68
2024-06-11 09:00:00,32.85,30.9,46.8,2.2,14.45,11.38,6.68
2024-06-11 10:00:00,38.95,32.7,51.0,7.8,18.91,13.95,7.97
2024-06-11 11:00:00,76.79,33.1,53.4,0.9,35.03,26.29,15.8
2024-06-11 12:00:00,42.55,34.1,42.5,3.4,18.7,14.35,8.78
2024-06-11 13:00:00,46.26,36.7,37.2,2.9,20.34,16.59,9.45
2024-06-11 14:00:00,41.43,36.7,50.9,1.8,18.0,13.54,8.68
2024-06-11 15:00:00,37.22,35.4,47.1,4.7,17.06,12.35,6.99
2024-06-11 16:00:00,34.96,36.5,40.3,6.4,16.61,12.14,6.94
2024-06-11 17:00:00,29.83,35.3,44.8,2.2,13.64,11.6,6.02
2024-06-11 18:00:00,27.05,32.9,39.3,3.5,12.07,9.15,5.52
2024-06-11 19:00:00,22.01,29.6,54.0,3.9,9.42,7.84,4.54
2024-06-11 20:00:00,30.2,31.9,36.8,3.0,14.13,10.48,5.95
2024-06-11 21:00:00,25.21,29.6,53.9,6.8,11.14,8.78,5.25
2024-06-11 22:00:00,30.59,28.1,46.6,3.3,14.17,9.64,6.56
2024-06-11 23:00:00,31.3,26.4,44.1,8.6,14.92,11.67,6.05
2024-06-12 00:00:00,32.93,27.5,41.0,2.5,14.31,11.09,5.8
2024-06-12 01:00:00,30.63,26.4,49.9,1.2,14.45,10.06,6.9
2024-06-12 02:00:00,22.78,25.3,57.1,3.9,10.32,9.17,4.39
2024-06-12 03:00:00,21.91,24.0,48.2,5.6,10.03,7.46,4.1
2024-06-12 04:00:00,4.96,28.0,44.3,3.0,2.71,2.43,0.42
2024-06-12 05:00:00,21.82,28.1,47.8,1.9,8.84,7.06,4.41
2024-06-12 06:00:00,22.94,28.6,53.7,4.9,10.66,8.51,4.57
2024-06-12 07:00:00,17.11,25.4,58.2,2.4,7.81,6.43,3.92
2024-06-12 08:00:00,28.38,30.6,47.9,5.1,13.19,9.83,5.63
2024-06-12 09:00:00,32.81,31.6,51.0,2.3,14.86,11.59,6.91
2024-06-12 10:00:00,38.85,32.3,48.7,3.8,17.23,13.17,7.7
2024-06-12 11:00:00,40.58,35.4,39.5,6.3,18.03,14.72,7.77
2024-06-12 12:00:00,44.39,36.1,45.2,2.0,19.79,15.49,8.58
2024-06-12 13:00:00,49.71,36.2,34.2,5.6,22.67,16.66,9.93
2024-06-12 14:00:00,38.46,37.3,41.7,2.4,18.1,13.76,7.52
2024-06-12 15:00:00,35.62,34.0,37.4,4.4,15.25,12.53,6.88
2024-06-12 16:00:00,35.68,34.4,43.5,2.2,15.57,12.57,7.39
2024-06-12 17:00:00,29.77,34.4,48.9,1.5,13.11,9.6,5.63
2024-06-12 18:00:00,24.86,32.3,46.3,4.4,10.19,9.68,4.81
2024-06-12 19:00:00,28.43,33.1,44.2,4.0,12.21,9.91,5.99
2024-06-12 20:00:00,25.22,29.9,49.2,3.0,11.01,8.86,5.1
2024-06-12 21:00:00,32.08,31.4,49.7,0.8,14.52,11.21,6.56
2024-06-12 22:00:00,27.22,26.8,62.5,3.4,12.39,10.04,6.28
2024-06-12 23:00:00,39.78,30.4,50.8,1.7,17.49,14.53,7.63
2024-06-13 00:00:00,40.35,29.5,46.1,2.8,19.17,14.31,7.59
2024-06-13 01:00:00,29.92,25.8,52.0,4.0,13.24,11.27,6.46
2024-06-13 02:00:00,26.58,27.5,46.5,7.1,12.17,9.51,5.14
2024-06-13 03:00:00,21.76,25.4,47.4,3.6,9.88,7.48,4.52
2024-06-13 04:00:00,22.79,28.0,38.3,2.0,10.48,7.67,4.66
2024-06-13 05:00:00,20.29,27.0,49.3,7.3,9.62,7.21,4.06
2024-06-13 06:00:00,14.56,26.4,45.3,0.7,6.51,3.59,2.88
2024-06-13 07:00:00,12.91,24.2,55.4,4.3,6.24,4.44,2.75
2024-06-13 08:00:00,28.14,30.4,45.0,2.3,13.04,9.72,5.87
2024-06-13 09:00:00,36.13,32.5,39.6,5.0,16.57,12.27,6.98
2024-06-13 10:00:00,40.16,35.3,31.1,2.7,18.18,14.04,8.31
2024-06-13 11:00:00,39.77,34.4,41.0,3.2,17.34,14.13,7.94
2024-06-13 12:00:00,55.68,36.6,31.3,5.1,24.61,19.78,11.53
2024-06-13 13:00:00,45.89,34.9,45.6,6.4,19.77,16.12,8.89
2024-06-13 14:00:00,41.04,35.3,42.9,1.9,18.99,14.4,8.38
2024-06-13 15:00:00,43.01,37.2,38.2,2.5,19.38,15.88,8.7
2024-06-13 16:00:00,28.11,31.4,53.5,0.5,13.2,10.62,5.73
2024-06-13 17:00:00,32.22,34.4,42.8,5.9,13.86,11.04,6.54
2024-06-13 18:00:00,26.97,32.7,46.7,7.3,12.14,10.01,5.1
2024-06-13 19:00:00,29.95,34.1,46.5,2.4,13.16,10.08,6.1
2024-06-13 20:00:00,26.0,30.0,45.4,3.0,11.26,9.11,5.08
2024-06-13 21:00:00,26.82,30.3,45.1,3.2,11.64,8.99,5.22
2024-06-13 22:00:00,38.14,29.7,48.6,3.1,18.56,13.63,7.05
2024-06-13 23:00:00,48.06,25.0,47.2,3.0,22.05,16.43,9.52
2024-06-14 00:00:00,28.7,26.3,61.3,3.4,12.61,10.08,6.06
2024-06-14 01:00:00,29.16,25.4,54.3,1.7,12.56,10.3,5.68
2024-06-14 02:00:00,27.39,27.3,50.2,1.0,12.05,9.2,5.49
2024-06-14 03:00:00,25.56,27.1,61.9,4.8,12.33,9.2,4.7
2024-06-14 04:00:00,22.36,26.2,47.0,5.8,9.72,8.57,4.04
2024-06-14 05:00:00,19.75,25.8,60.7,5.5,8.29,7.04,4.06
2024-06-14 06:00:00,24.54,29.9,52.1,4.2,10.47,8.82,4.72
2024-06-14 07:00:00,22.06,29.5,54.2,7.9,10.44,8.5,4.46
2024-06-14 08:00:00,24.15,28.5,49.0,0.5,10.38,8.16,5.32
2024-06-14 09:00:00,30.93,29.9,48.4,2.6,14.56,11.2,6.48
2024-06-14 10:00:00,35.5,34.0,41.4,2.6,16.05,12.58,6.56
2024-06-14 11:00:00,41.77,32.5,50.0,2.8,19.23,14.83,8.13
2024-06-14 12:00:00,45.95,38.0,40.4,5.4,21.36,16.21,9.32
2024-06-14 13:00:00,48.14,34.3,40.0,2.8,21.35,16.73,10.15
2024-06-14 14:00:00,41.65,35.9,38.4,3.7,19.13,14.43,8.27
2024-06-14 15:00:00,38.55,36.0,40.8,4.1,17.33,13.83,7.75
2024-06-14 16:00:00,30.59,34.1,41.4,5.8,13.92,11.41,5.6
2024-06-14 17:00:00,23.61,31.1,53.9,4.1,11.82,8.29,4.45
2024-06-14 18:00:00,33.78,33.7,47.6,2.9,15.18,12.16,6.7
2024-06-14 19:00:00,27.51,31.0,50.8,4.6,12.87,9.93,5.34
2024-06-14 20:00:00,24.05,31.1,47.9,3.6,11.72,8.77,4.83
2024-06-14 21:00:00,32.96,29.4,44.6,3.7,14.54,11.21,6.56
2024-06-14 22:00:00,34.99,28.8,52.9,2.7,15.3,12.23,7.09
2024-06-14 23:00:00,35.42,29.7,37.9,0.5,15.86,11.92,7.08
2024-06-15 00:00:00,23.4,25.8,53.9,2.8,10.06,8.15,4.81
2024-06-15 01:00:00,48.91,25.4,49.4,2.5,21.78,16.78,9.91
2024-06-15 02:00:00,4.4,23.5,51.4,1.4,1.76,1.6,0.91
2024-06-15 03:00:00,15.06,25.8,50.7,2.0,6.68,4.45,3.04
2024-06-15 04:00:00,16.71,27.3,50.9,8.4,7.04,5.51,3.24
2024-06-15 05:00:00,12.4,26.7,51.8,2.4,5.71,4.11,2.51
2024-06-15 06:00:00,12.71,29.1,53.0,3.6,5.49,4.61,2.26
2024-06-15 07:00:00,23.0,29.4,47.8,3.8,10.2,7.42,4.83
2024-06-15 08:00:00,16.03,29.0,48.7,3.8,7.53,5.69,3.8
2024-06-15 09:00:00,27.92,32.7,37.7,0.9,12.72,9.6,5.97
2024-06-15 10:00:00,26.48,33.2,37.9,5.2,12.49,9.32,5.35
2024-06-15 11:00:00,34.18,34.7,43.8,4.9,16.01,12.07,6.63
2024-06-15 12:00:00,36.63,34.4,45.8,8.2,16.29,13.17,7.3
2024-06-15 13:00:00,33.31,34.8,40.9,1.9,15.07,12.11,6.58
2024-06-15 14:00:00,36.86,36.2,45.2,3.8,16.76,12.5,8.53
2024-06-15 15:00:00,30.78,35.5,34.4,5.4,13.56,11.06,5.75
2024-06-15 16:00:00,35.19,37.9,40.5,1.5,15.36,11.71,6.94
2024-06-15 17:00:00,30.36,35.7,36.9,5.3,14.05,10.76,6.23
2024-06-15 18:00:00,22.61,34.3,38.2,2.4,10.75,8.01,4.34
2024-06-15 19:00:00,21.59,32.0,41.8,2.4,9.31,7.62,4.63
2024-06-15 20:00:00,17.82,27.9,50.1,7.2,8.14,5.81,3.86
2024-06-15 21:00:00,22.52,28.5,52.0,2.6,9.82,7.85,4.47
2024-06-15 22:00:00,22.37,27.5,52.8,4.0,9.78,7.55,4.6
2024-06-15 23:00:00,24.16,27.0,50.1,3.2,10.68,8.31,5.09
2024-06-16 00:00:00,23.37,26.7,55.2,1.2,10.89,9.05,4.95
2024-06-16 01:00:00,24.31,27.2,59.8,7.4,11.16,8.62,4.88
2024-06-16 02:00:00,24.09,26.5,51.6,2.1,11.3,8.89,5.3
2024-06-16 03:00:00,21.9,28.0,50.9,2.4,9.9,8.64,4.71
2024-06-16 04:00:00,16.66,26.3,49.4,2.9,6.81,5.42,3.36
2024-06-16 05:00:00,17.13,27.9,48.6,3.5,8.34,5.44,3.59
2024-06-16 06:00:00,15.94,29.1,55.4,1.7,7.62,6.27,2.8
2024-06-16 07:00:00,19.46,30.1,54.1,4.2,7.66,6.18,3.11
2024-06-16 08:00:00,40.1,33.0,43.4,3.6,17.91,13.56,8.16
2024-06-16 09:00:00,31.84,33.6,46.2,2.5,14.27,11.41,6.77
2024-06-16 10:00:00,21.56,31.6,50.7,4.6,10.0,7.23,4.06
2024-06-16 11:00:00,34.62,34.4,40.5,3.6,16.02,12.26,7.36
2024-06-16 12:00:00,39.86,35.4,35.0,5.8,18.19,14.21,7.9
2024-06-16 13:00:00,38.47,39.1,40.5,5.9,17.28,12.53,7.34
2024-06-16 14:00:00,35.49,35.6,45.8,8.4,15.33,13.27,7.09
2024-06-16 15:00:00,28.25,34.4,46.5,1.1,13.77,11.05,5.23
2024-06-16 16:00:00,28.67,36.0,38.9,3.1,13.69,9.98,6.09
2024-06-16 17:00:00,28.84,35.3,49.2,3.5,13.54,10.5,5.88
2024-06-16 18:00:00,23.38,33.4,45.3,2.2,11.28,9.41,4.35
2024-06-16 19:00:00,16.41,32.0,39.8,6.8,6.88,5.9,3.22
2024-06-16 20:00:00,21.8,32.5,37.0,1.3,10.17,6.98,4.71
2024-06-16 21:00:00,23.5,28.5,48.3,3.2,10.98,8.39,4.74
2024-06-16 22:00:00,24.34,28.0,51.5,1.9,10.02,8.04,4.85
2024-06-16 23:00:00,27.68,26.7,50.5,4.5,12.71,9.62,5.25
2024-06-17 00:00:00,39.66,28.4,59.8,4.7,17.46,14.5,8.39
2024-06-17 01:00:00,31.02,26.7,53.9,6.1,14.22,11.51,5.97
2024-06-17 02:00:00,32.1,24.5,49.7,3.1,14.85,10.56,6.29
2024-06-17 03:00:00,22.63,24.9,42.8,5.2,10.19,8.21,3.91
2024-06-17 04:00:00,23.55,29.6,49.6,3.8,11.11,8.11,4.58
2024-06-17 05:00:00,21.04,29.2,53.9,5.5,9.98,6.91,4.05
2024-06-17 06:00:00,16.99,29.9,57.4,1.3,7.16,6.08,3.16
2024-06-17 07:00:00,27.59,29.9,47.2,3.3,11.55,9.93,5.52
2024-06-17 08:00:00,35.62,33.4,52.5,1.7,15.38,13.1,7.09
2024-06-17 09:00:00,28.91,30.8,40.3,5.3,13.96,10.39,5.85
2024-06-17 10:00:00,40.61,34.8,40.6,1.7,17.71,14.11,8.4
2024-06-17 11:00:00,43.03,34.0,38.1,0.5,19.22,14.98,8.62
2024-06-17 12:00:00,77.44,35.1,45.9,6.9,34.89,27.82,15.46
2024-06-17 13:00:00,42.97,37.0,33.0,3.5,18.83,14.84,8.43
2024-06-17 14:00:00,42.39,35.9,42.9,8.7,18.95,14.65,8.24
2024-06-17 15:00:00,37.45,35.3,35.4,3.3,15.81,13.11,8.01
2024-06-17 16:00:00,32.65,34.7,51.1,4.0,15.27,11.42,6.54
2024-06-17 17:00:00,26.88,31.7,44.1,5.0,12.41,9.24,5.41
2024-06-17 18:00:00,33.53,34.8,44.2,2.4,15.83,12.35,7.13
2024-06-17 19:00:00,24.41,30.9,38.0,1.6,10.8,8.71,4.5
2024-06-17 20:00:00,32.84,33.9,35.8,4.4,14.61,12.33,6.85
2024-06-17 21:00:00,31.21,29.4,44.8,3.6,14.18,11.73,6.19
2024-06-17 22:00:00,36.32,30.6,51.5,5.6,16.12,13.0,7.11
2024-06-17 23:00:00,27.57,24.9,57.4,0.9,12.07,9.55,5.51
2024-06-18 00:00:00,35.06,28.0,55.9,3.8,14.82,11.59,7.2
2024-06-18 01:00:00,35.02,27.9,43.0,1.9,16.69,11.95,7.06
2024-06-18 02:00:00,28.53,28.2,52.7,4.2,12.42,10.74,5.57
2024-06-18 03:00:00,24.65,24.1,52.3,5.1,11.03,8.45,5.36
2024-06-18 04:00:00,23.93,25.8,49.0,2.3,10.56,8.01,4.75
2024-06-18 05:00:00,19.86,28.5,47.1,3.4,8.86,7.53,3.37
2024-06-18 06:00:00,21.74,28.9,48.7,3.1,9.39,7.68,4.16
2024-06-18 07:00:00,26.0,30.4,50.9,5.0,11.52,9.09,5.08
2024-06-18 08:00:00,26.25,30.7,52.8,4.1,12.76,9.58,5.16
2024-06-18 09:00:00,38.81,34.8,44.8,1.5,17.83,13.0,7.82
2024-06-18 10:00:00,45.95,37.6,42.0,8.2,20.06,15.9,9.11
2024-06-18 11:00:00,40.54,34.9,51.2,6.6,17.99,14.8,7.97
2024-06-18 12:00:00,48.34,36.2,44.0,3.9,21.14,17.12,9.1
2024-06-18 13:00:00,43.29,36.1,39.6,5.2,18.73,15.51,8.56
2024-06-18 14:00:00,48.66,38.1,41.1,0.6,22.38,17.69,10.06
2024-06-18 15:00:00,39.6,37.3,47.8,2.0,17.73,14.38,7.88
2024-06-18 16:00:00,32.12,33.9,38.9,5.1,15.11,11.07,6.2
2024-06-18 17:00:00,33.03,33.8,41.3,1.4,14.42,11.61,6.52
2024-06-18 18:00:00,27.39,32.2,52.6,0.9,12.88,8.68,5.49
2024-06-18 19:00:00,30.98,36.5,38.7,4.1,13.95,11.64,5.86
2024-06-18 20:00:00,27.31,32.2,49.2,0.8,12.27,9.79,5.54
2024-06-18 21:00:00,27.39,29.0,55.6,1.9,12.83,9.12,5.58
2024-06-18 22:00:00,31.64,27.7,44.5,1.2,14.38,10.28,6.14
2024-06-18 23:00:00,36.07,28.9,47.3,3.7,16.36,12.39,6.54
2024-06-19 00:00:00,6.66,28.3,56.1,4.5,3.33,2.26,0.98
2024-06-19 01:00:00,30.49,27.6,50.2,1.9,12.5,10.71,6.23
2024-06-19 02:00:00,28.35,25.6,43.1,3.4,13.07,9.23,5.71
2024-06-19 03:00:00,25.35,26.9,49.2,0.6,11.14,8.45,4.8
2024-06-19 04:00:00,63.84,27.1,55.4,2.4,28.16,22.49,13.05
2024-06-19 05:00:00,18.54,26.3,58.8,1.9,8.05,7.76,4.07
2024-06-19 06:00:00,23.56,27.4,51.4,1.8,10.21,8.42,4.37
2024-06-19 07:00:00,21.92,30.6,49.7,2.1,10.65,7.89,4.37
2024-06-19 08:00:00,25.12,31.6,44.3,5.4,10.87,8.15,5.06
2024-06-19 09:00:00,32.74,33.4,48.4,7.3,15.0,11.46,6.91
2024-06-19 10:00:00,44.61,35.0,49.2,4.7,20.36,14.94,8.86
2024-06-19 11:00:00,51.92,37.1,43.4,1.2,23.16,18.11,10.07
2024-06-19 12:00:00,42.65,34.4,42.1,4.2,18.86,15.83,8.49
2024-06-19 13:00:00,46.36,37.1,41.7,4.9,20.85,15.89,8.88
2024-06-19 14:00:00,42.37,37.4,43.9,1.5,18.64,14.92,8.86
2024-06-19 15:00:00,34.37,35.6,41.4,2.5,15.08,11.55,7.39
2024-06-19 16:00:00,37.17,35.8,45.1,3.2,17.24,13.28,7.42
2024-06-19 17:00:00,31.08,34.4,44.6,2.6,14.86,10.75,6.3
2024-06-19 18:00:00,33.38,36.9,46.8,3.6,15.03,10.86,6.81
2024-06-19 19:00:00,24.54,32.7,48.2,1.6,10.37,8.55,5.16
2024-06-19 20:00:00,33.72,32.0,43.2,3.3,15.78,12.74,6.6
2024-06-19 21:00:00,28.56,29.6,55.5,4.9,13.11,10.25,6.26
2024-06-19 22:00:00,32.61,28.1,52.6,3.3,15.21,11.54,6.63
2024-06-19 23:00:00,26.98,25.8,52.4,2.1,11.94,9.18,5.7
2024-06-20 00:00:00,35.54,28.7,42.8,5.4,16.51,12.23,7.21
2024-06-20 01:00:00,34.25,27.7,52.0,3.0,15.27,12.75,6.87
2024-06-20 02:00:00,28.93,25.9,62.1,3.2,12.58,10.02,6.04
2024-06-20 03:00:00,23.66,25.2,40.2,2.8,10.06,8.43,4.47
2024-06-20 04:00:00,23.94,27.3,37.8,2.5,10.76,8.62,4.46
2024-06-20 05:00:00,16.8,27.1,55.4,4.1,8.52,5.29,3.23
2024-06-20 06:00:00,21.28,28.5,51.0,1.9,9.95,6.28,4.51
2024-06-20 07:00:00,21.55,28.2,53.6,5.1,9.31,6.97,4.59
2024-06-20 08:00:00,29.86,31.7,43.4,3.4,13.32,9.72,5.89
2024-06-20 09:00:00,35.2,33.0,33.7,6.2,16.64,13.0,7.45
2024-06-20 10:00:00,39.32,35.5,37.3,7.1,17.94,13.28,7.97
2024-06-20 11:00:00,40.71,34.7,50.2,2.9,18.56,13.95,7.93
2024-06-20 12:00:00,40.25,35.2,39.5,1.8,18.02,14.35,8.07
2024-06-20 13:00:00,44.82,33.8,41.2,3.6,19.75,15.39,9.27
2024-06-20 14:00:00,48.34,38.0,25.3,2.4,22.89,17.36,9.58
2024-06-20 15:00:00,43.9,37.5,30.0,3.2,19.48,16.5,8.79
2024-06-20 16:00:00,36.12,35.7,46.7,2.9,16.95,13.27,6.96
2024-06-20 17:00:00,23.03,32.9,43.2,3.3,10.33,8.47,4.4
2024-06-20 18:00:00,23.49,32.0,50.5,3.5,9.84,7.9,4.68
2024-06-20 19:00:00,27.18,31.8,42.0,4.2,12.47,9.4,5.05
2024-06-20 20:00:00,31.3,32.8,37.3,0.5,14.96,11.01,6.12
2024-06-20 21:00:00,30.7,30.5,46.1,2.3,13.67,11.37,6.19
2024-06-20 22:00:00,30.1,26.6,49.2,1.8,13.31,10.56,5.97
2024-06-20 23:00:00,34.67,28.4,45.7,4.7,15.64,12.03,6.1
2024-06-21 00:00:00,32.14,25.8,49.0,5.7,13.85,12.01,6.11
2024-06-21 01:00:00,29.2,25.8,52.4,4.8,12.85,10.74,5.74
2024-06-21 02:00:00,33.61,27.9,48.1,8.1,15.84,11.0,7.12
2024-06-21 03:00:00,26.12,27.7,46.1,1.2,11.6,9.46,5.59
2024-06-21 04:00:00,21.61,28.7,58.6,3.4,9.04,7.32,4.06
2024-06-21 05:00:00,18.94,27.8,52.9,6.4,8.37,8.01,4.08
2024-06-21 06:00:00,22.59,30.2,48.5,2.6,10.11,7.83,4.6
2024-06-21 07:00:00,25.45,29.2,48.6,5.4,11.42,9.09,5.07
2024-06-21 08:00:00,28.29,31.0,50.1,3.9,13.5,10.43,5.3
2024-06-21 09:00:00,33.46,32.2,48.0,8.3,16.26,12.44,6.85
2024-06-21 10:00:00,37.15,33.9,38.1,2.9,16.83,13.31,7.66
2024-06-21 11:00:00,43.59,33.0,36.7,3.1,20.26,15.56,8.42
2024-06-21 12:00:00,80.25,35.4,30.1,1.8,36.21,28.63,15.77
2024-06-21 13:00:00,49.48,38.4,46.9,1.8,21.4,17.35,9.81
2024-06-21 14:00:00,45.21,34.8,40.0,6.0,19.39,15.78,9.03
2024-06-21 15:00:00,38.25,34.2,45.9,3.1,16.99,13.8,7.53
2024-06-21 16:00:00,28.59,33.9,44.4,4.2,12.34,10.37,5.41
2024-06-21 17:00:00,33.1,38.9,41.8,5.0,14.41,11.66,6.86
2024-06-21 18:00:00,29.86,34.6,42.1,3.2,12.61,10.74,6.39
2024-06-21 19:00:00,24.53,32.3,38.6,7.4,11.94,9.24,4.79
2024-06-21 20:00:00,30.75,31.5,41.0,7.1,14.71,10.67,6.43
2024-06-21 21:00:00,31.4,30.5,45.7,4.5,14.35,10.18,6.27
2024-06-21 22:00:00,31.69,28.0,42.5,9.8,13.83,10.88,5.84
2024-06-21 23:00:00,30.98,27.1,47.2,0.5,14.26,11.25,5.61
2024-06-22 00:00:00,29.15,26.9,45.7,0.5,13.26,10.14,5.79
2024-06-22 01:00:00,66.99,25.6,51.7,1.1,30.49,23.38,14.03
2024-06-22 02:00:00,19.75,25.9,50.5,7.2,8.69,6.61,4.1
2024-06-22 03:00:00,20.46,27.2,52.0,4.1,8.46,7.4,3.74
2024-06-22 04:00:00,14.72,25.6,57.5,6.9,6.47,5.52,3.25
2024-06-22 05:00:00,21.07,31.9,44.6,1.6,9.38,7.26,3.94
2024-06-22 06:00:00,16.26,30.1,40.4,0.8,7.35,6.0,3.76
2024-06-22 07:00:00,13.64,28.3,39.8,3.8,5.61,5.51,3.03
2024-06-22 08:00:00,14.8,27.8,51.5,1.9,6.51,4.81,2.9
2024-06-22 09:00:00,27.43,31.7,42.6,5.9,12.64,9.51,5.7
2024-06-22 10:00:00,32.83,35.0,41.2,3.1,14.75,11.55,6.59
2024-06-22 11:00:00,30.86,35.7,42.8,5.1,14.26,10.71,6.29
2024-06-22 12:00:00,39.01,35.6,48.4,3.6,16.79,13.47,8.31
2024-06-22 13:00:00,36.69,35.4,32.8,3.7,17.02,13.13,7.04
2024-06-22 14:00:00,37.67,35.1,36.8,4.5,16.46,13.14,7.9
2024-06-22 15:00:00,33.3,35.7,40.7,2.7,15.19,12.22,5.96
2024-06-22 16:00:00,23.73,34.3,37.2,7.3,10.74,8.34,4.25
2024-06-22 17:00:00,19.99,34.4,35.3,3.0,8.39,6.65,3.84
2024-06-22 18:00:00,25.35,36.0,47.4,3.0,10.85,9.01,5.35
2024-06-22 19:00:00,19.8,31.6,40.8,4.7,8.63,7.81,3.33
2024-06-22 20:00:00,26.95,32.4,38.6,4.3,12.35,9.55,5.86
2024-06-22 21:00:00,25.78,31.3,40.7,9.9,12.05,9.22,5.12
2024-06-22 22:00:00,25.49,27.4,56.6,5.8,11.85,9.62,5.32
2024-06-22 23:00:00,36.69,26.7,48.5,2.5,16.72,12.37,6.88
2024-06-23 00:00:00,30.15,28.8,42.5,1.4,13.97,10.78,5.82
2024-06-23 01:00:00,23.55,25.3,49.4,1.4,10.36,8.13,4.61
2024-06-23 02:00:00,16.34,26.4,52.0,2.8,6.86,5.12,2.8
2024-06-23 03:00:00,26.85,29.8,52.7,3.4,12.16,9.39,5.53
2024-06-23 04:00:00,19.33,28.7,53.6,4.3,9.68,6.88,3.66
2024-06-23 05:00:00,17.2,28.1,46.4,5.9,7.65,5.14,3.65
2024-06-23 06:00:00,16.56,30.3,45.0,9.1,7.52,4.77,3.2
2024-06-23 07:00:00,22.45,30.2,58.3,3.1,10.33,7.53,4.5
2024-06-23 08:00:00,22.71,33.1,49.3,3.8,10.18,8.18,3.98
2024-06-23 09:00:00,25.62,29.8,47.0,4.1,12.05,8.94,5.24
2024-06-23 10:00:00,34.5,33.8,31.9,3.8,15.18,12.9,7.71
2024-06-23 11:00:00,29.25,31.9,43.4,1.3,14.39,10.21,5.4
2024-06-23 12:00:00,43.64,36.1,34.0,1.5,19.46,15.23,8.77
2024-06-23 13:00:00,38.36,36.0,36.5,6.3,17.96,13.5,7.64
2024-06-23 14:00:00,41.21,38.6,32.9,4.5,19.51,14.85,8.63
2024-06-23 15:00:00,31.23,37.4,37.9,4.5,13.36,10.62,5.8
2024-06-23 16:00:00,33.99,35.1,42.3,5.5,15.26,12.22,6.75
2024-06-23 17:00:00,22.66,34.5,39.0,1.3,10.69,8.24,4.79
2024-06-23 18:00:00,27.74,34.6,36.1,3.1,12.85,9.44,5.46
2024-06-23 19:00:00,19.5,32.0,44.7,2.3,8.64,7.37,3.74
2024-06-23 20:00:00,21.77,31.5,43.7,4.4,10.0,8.03,4.55
2024-06-23 21:00:00,29.19,32.2,35.9,2.1,12.3,10.83,6.36
2024-06-23 22:00:00,25.97,27.8,53.7,4.6,11.83,9.47,5.18
2024-06-23 23:00:00,21.58,27.3,47.6,3.0,9.79,8.28,4.65
2024-06-24 00:00:00,36.29,26.8,50.5,3.2,16.3,13.05,6.94
2024-06-24 01:00:00,42.22,31.5,45.1,5.5,18.72,13.98,8.46
2024-06-24 02:00:00,28.52,27.5,50.9,2.8,12.82,9.03,5.43
2024-06-24 03:00:00,32.55,28.5,50.6,2.3,14.12,11.55,6.32
2024-06-24 04:00:00,21.09,28.4,43.4,5.8,9.8,8.03,4.17
2024-06-24 05:00:00,21.77,29.3,50.4,4.6,10.0,6.95,4.2
2024-06-24 06:00:00,24.26,29.8,46.5,3.1,10.9,8.65,5.09
2024-06-24 07:00:00,23.5,30.8,52.4,3.5,10.08,8.8,4.8
2024-06-24 08:00:00,26.89,29.4,52.8,2.8,12.61,8.9,4.99
2024-06-24 09:00:00,36.6,33.4,50.5,3.8,15.89,12.72,7.25
2024-06-24 10:00:00,40.04,33.9,38.6,1.6,17.51,14.24,7.71
2024-06-24 11:00:00,48.36,35.9,47.3,6.3,23.33,16.31,9.62
2024-06-24 12:00:00,46.51,35.8,41.5,3.8,21.02,16.9,9.31
2024-06-24 13:00:00,49.28,37.6,42.4,3.0,21.47,17.32,9.78
2024-06-24 14:00:00,49.48,38.0,41.8,3.9,22.46,17.27,9.76
2024-06-24 15:00:00,35.92,32.1,47.8,1.8,16.19,11.79,7.29
2024-06-24 16:00:00,36.98,35.3,36.2,1.2,16.31,13.05,6.93
2024-06-24 17:00:00,25.0,32.3,50.0,3.8,11.49,8.29,5.15
2024-06-24 18:00:00,31.35,34.4,44.4,1.1,14.16,11.52,5.9
2024-06-24 19:00:00,25.82,32.4,37.7,4.4,11.02,9.2,5.22
2024-06-24 20:00:00,29.35,33.6,41.2,5.4,13.28,9.66,5.93
2024-06-24 21:00:00,31.59,30.6,41.2,9.0,14.07,10.54,6.15
2024-06-24 22:00:00,29.9,28.4,42.8,5.1,13.39,10.43,6.08
2024-06-24 23:00:00,38.53,29.5,52.9,8.1,17.33,13.79,7.48
2024-06-25 00:00:00,35.74,26.8,44.4,0.6,15.91,12.9,6.8
2024-06-25 01:00:00,26.79,26.1,46.1,3.8,12.25,8.6,4.98
2024-06-25 02:00:00,28.48,27.2,61.2,1.8,12.89,9.81,6.01
2024-06-25 03:00:00,26.15,29.2,46.7,2.2,11.21,8.64,5.32
2024-06-25 04:00:00,23.94,28.6,53.0,4.9,11.01,8.89,4.98
2024-06-25 05:00:00,24.03,29.0,54.9,2.3,11.12,8.36,5.17
2024-06-25 06:00:00,27.75,33.3,48.0,1.9,11.24,9.35,5.14
2024-06-25 07:00:00,21.86,29.2,49.7,2.9,8.38,8.4,4.14
2024-06-25 08:00:00,31.22,30.5,47.2,1.3,14.03,11.27,6.39
2024-06-25 09:00:00,29.93,33.2,46.9,1.7,13.33,10.45,6.13
2024-06-25 10:00:00,47.42,36.4,39.2,1.7,21.67,16.32,9.69
2024-06-25 11:00:00,41.74,33.8,47.0,2.1,18.41,13.53,8.02
2024-06-25 12:00:00,51.17,38.6,36.4,6.1,23.13,17.74,10.25
2024-06-25 13:00:00,42.6,34.3,42.1,2.5,19.51,14.77,8.38
2024-06-25 14:00:00,48.25,36.5,49.7,2.4,21.95,17.45,9.97
2024-06-25 15:00:00,37.98,36.7,37.5,1.6,16.69,12.66,7.98
2024-06-25 16:00:00,34.21,34.6,42.5,0.5,15.36,12.16,6.99
2024-06-25 17:00:00,32.15,34.2,45.1,1.8,14.16,11.59,6.53
2024-06-25 18:00:00,27.43,35.3,44.1,4.8,12.4,9.42,5.19
2024-06-25 19:00:00,29.81,35.1,43.3,7.9,13.58,10.42,5.69
2024-06-25 20:00:00,24.54,28.5,43.6,5.0,11.67,8.81,5.19
2024-06-25 21:00:00,29.67,30.6,48.1,5.9,13.2,10.31,6.07
2024-06-25 22:00:00,56.02,29.0,50.4,5.3,25.68,20.64,11.02
2024-06-25 23:00:00,33.98,28.3,55.8,2.5,15.77,12.49,6.98
2024-06-26 00:00:00,35.5,26.9,55.4,4.9,15.92,12.62,6.63
2024-06-26 01:00:00,29.08,24.9,60.1,5.0,12.75,10.17,5.7
2024-06-26 02:00:00,36.0,29.0,44.2,2.3,16.16,13.0,7.29
2024-06-26 03:00:00,26.46,28.6,44.7,6.8,12.27,9.23,5.76
2024-06-26 04:00:00,19.98,27.2,53.0,10.6,9.03,6.41,4.05
2024-06-26 05:00:00,25.5,27.4,56.8,3.9,10.91,9.2,5.4
2024-06-26 06:00:00,19.32,28.3,49.1,2.6,8.75,6.57,3.72
2024-06-26 07:00:00,16.05,26.5,48.5,2.8,6.75,5.77,2.99
2024-06-26 08:00:00,26.28,32.2,37.3,4.0,11.75,9.01,5.0
2024-06-26 09:00:00,39.97,34.2,44.8,0.5,18.89,13.51,8.4
2024-06-26 10:00:00,40.54,34.4,42.2,2.6,18.86,15.27,8.16
2024-06-26 11:00:00,44.56,35.1,39.7,1.0,19.84,15.15,8.74
2024-06-26 12:00:00,47.48,36.2,45.1,4.2,21.44,16.85,9.24
2024-06-26 13:00:00,47.94,35.2,41.3,4.1,22.04,17.31,9.75
2024-06-26 14:00:00,8.65,35.9,40.9,4.0,3.54,3.24,1.23
2024-06-26 15:00:00,46.32,36.3,45.0,1.7,22.28,16.84,8.61
2024-06-26 16:00:00,38.23,37.1,50.5,7.2,16.44,13.69,7.86
2024-06-26 17:00:00,38.15,37.3,37.0,3.7,17.37,12.18,7.71
2024-06-26 18:00:00,31.33,33.8,39.0,3.8,13.97,10.31,6.39
2024-06-26 19:00:00,26.59,31.4,41.4,3.8,12.02,9.38,6.06
2024-06-26 20:00:00,28.45,31.7,48.3,3.7,12.97,9.42,5.85
2024-06-26 21:00:00,37.0,33.4,38.5,7.1,16.71,13.18,7.68
2024-06-26 22:00:00,32.71,27.8,48.8,4.1,14.12,12.44,6.11
2024-06-26 23:00:00,35.34,29.5,47.2,3.5,15.67,12.61,7.22
2024-06-27 00:00:00,38.18,29.4,56.5,5.1,16.26,13.46,7.28
2024-06-27 01:00:00,35.28,26.4,58.3,2.3,15.62,13.02,7.12
2024-06-27 02:00:00,33.6,25.7,45.5,2.0,15.22,12.49,6.35
2024-06-27 03:00:00,29.93,27.8,58.6,3.2,13.8,10.85,6.27
2024-06-27 04:00:00,28.96,27.9,44.4,0.5,12.64,9.91,6.05
2024-06-27 05:00:00,21.94,29.2,49.7,2.5,9.92,7.61,4.13
2024-06-27 06:00:00,28.92,32.3,41.0,3.1,12.78,9.79,5.76
2024-06-27 07:00:00,29.04,30.7,45.2,3.9,13.3,9.98,5.38
2024-06-27 08:00:00,25.08,29.9,43.2,3.8,11.15,9.12,4.84
2024-06-27 09:00:00,34.63,33.1,52.6,2.9,15.81,12.41,6.9
2024-06-27 10:00:00,46.14,34.6,41.8,2.8,20.7,16.19,9.51
2024-06-27 11:00:00,45.96,37.2,40.5,0.5,21.18,16.29,9.48
2024-06-27 12:00:00,43.95,35.8,35.7,6.2,20.4,15.73,8.62
2024-06-27 13:00:00,50.39,36.0,33.8,2.2,21.85,17.62,10.58
2024-06-27 14:00:00,44.91,34.7,40.2,2.8,20.2,15.83,8.92
2024-06-27 15:00:00,43.31,37.4,41.7,0.6,19.21,15.49,8.85
2024-06-27 16:00:00,43.91,41.1,34.1,7.5,19.99,15.03,8.7
2024-06-27 17:00:00,30.96,34.9,46.9,3.5,13.32,11.14,6.77
2024-06-27 18:00:00,31.72,34.9,42.7,0.7,13.99,10.04,6.46
2024-06-27 19:00:00,31.91,32.2,45.4,2.3,14.61,11.27,6.16
2024-06-27 20:00:00,27.71,29.8,50.9,6.2,12.65,9.43,5.38
2024-06-27 21:00:00,38.2,31.1,47.2,2.9,17.09,12.13,7.81
2024-06-27 22:00:00,31.57,29.3,53.6,4.6,13.75,11.27,6.18
2024-06-27 23:00:00,29.52,24.6,57.2,4.1,13.38,10.18,5.91
2024-06-28 00:00:00,37.6,29.9,52.7,3.4,17.36,12.47,6.92
2024-06-28 01:00:00,31.38,27.6,54.5,5.7,13.95,11.3,5.64
2024-06-28 02:00:00,29.94,26.9,58.5,0.9,13.62,10.03,6.09
2024-06-28 03:00:00,26.76,26.3,56.6,6.6,11.89,9.28,5.38
2024-06-28 04:00:00,25.89,28.1,59.1,4.8,11.24,9.7,5.49
2024-06-28 05:00:00,28.55,28.9,46.6,6.0,12.38,10.19,5.92
2024-06-28 06:00:00,24.72,29.9,52.3,0.6,11.37,8.15,5.37
2024-06-28 07:00:00,30.75,32.1,38.6,1.3,14.27,10.99,6.14
2024-06-28 08:00:00,33.24,33.7,48.3,2.0,14.23,12.27,6.79
2024-06-28 09:00:00,44.56,36.1,41.0,4.0,19.91,15.7,8.76
2024-06-28 10:00:00,45.52,33.0,49.1,1.3,20.54,16.14,9.01
2024-06-28 11:00:00,45.75,34.5,51.1,6.9,19.9,16.32,8.99
2024-06-28 12:00:00,46.24,36.6,44.0,5.0,20.96,16.24,9.2
2024-06-28 13:00:00,44.52,35.4,39.4,5.4,19.94,15.57,8.62
2024-06-28 14:00:00,44.47,35.8,35.5,4.0,19.62,15.76,8.89
2024-06-28 15:00:00,43.37,37.3,41.9,4.2,20.02,15.36,8.84
2024-06-28 16:00:00,40.43,37.5,37.6,2.1,18.19,14.38,7.86
2024-06-28 17:00:00,36.74,37.2,42.6,6.6,16.49,13.21,7.41
2024-06-28 18:00:00,29.74,34.0,40.7,4.3,13.71,8.92,5.77
2024-06-28 19:00:00,28.81,33.8,38.8,3.1,12.74,10.2,5.64
2024-06-28 20:00:00,31.71,32.1,44.2,6.2,13.86,11.05,6.35
2024-06-28 21:00:00,36.65,30.5,49.9,6.0,16.04,13.63,7.13
2024-06-28 22:00:00,34.62,28.1,50.9,0.5,14.48,12.02,7.22
2024-06-28 23:00:00,34.32,26.8,47.7,6.8,16.11,12.16,6.15
2024-06-29 00:00:00,30.4,28.5,58.8,2.9,14.34,10.29,5.77
2024-06-29 01:00:00,22.02,25.7,52.4,3.1,9.14,8.09,4.23
2024-06-29 02:00:00,17.24,24.1,43.7,1.3,7.88,5.6,3.73
2024-06-29 03:00:00,18.01,26.9,56.3,6.1,7.53,6.27,3.64
2024-06-29 04:00:00,20.85,29.7,48.3,3.7,8.48,8.98,3.98
2024-06-29 05:00:00,9.67,24.1,54.2,6.5,3.91,3.15,1.88
2024-06-29 06:00:00,20.19,28.9,48.4,5.2,9.29,6.8,4.22
2024-06-29 07:00:00,20.71,31.5,45.2,6.4,8.92,6.76,3.71
2024-06-29 08:00:00,18.27,29.1,57.5,7.3,7.74,6.22,3.24
2024-06-29 09:00:00,33.51,32.8,47.0,6.3,15.89,11.03,6.9
2024-06-29 10:00:00,30.06,32.6,46.2,2.1,13.59,10.04,6.14
2024-06-29 11:00:00,35.48,33.8,42.1,1.1,16.21,12.6,6.89
2024-06-29 12:00:00,39.54,35.5,50.0,4.2,18.13,14.33,7.55
2024-06-29 13:00:00,33.94,35.0,46.3,1.7,14.86,10.77,7.03
2024-06-29 14:00:00,37.88,35.0,46.9,6.0,17.44,13.51,7.31
2024-06-29 15:00:00,35.9,36.6,41.5,7.3,15.72,13.18,6.87
2024-06-29 16:00:00,39.78,39.5,41.6,1.5,17.94,13.45,7.55
2024-06-29 17:00:00,27.63,36.5,42.2,2.2,12.17,10.55,5.55
2024-06-29 18:00:00,27.84,35.8,39.1,4.2,12.59,10.4,5.68
2024-06-29 19:00:00,26.15,34.3,44.7,4.8,11.61,8.79,4.73
2024-06-29 20:00:00,23.47,30.8,57.6,3.6,10.61,8.26,4.64
2024-06-29 21:00:00,22.31,31.0,47.8,2.9,10.29,8.31,4.12
2024-06-29 22:00:00,29.0,31.0,53.2,2.6,12.72,10.6,5.65
2024-06-29 23:00:00,25.06,29.5,54.5,4.4,11.62,8.66,5.05
2024-06-30 00:00:00,27.81,27.8,53.4,5.0,12.34,9.37,5.53
2024-06-30 01:00:00,20.82,27.8,58.9,2.5,9.4,7.85,4.63
2024-06-30 02:00:00,23.57,30.5,36.5,2.7,10.14,8.26,4.19
2024-06-30 03:00:00,24.04,28.3,40.9,3.3,10.74,7.91,4.85
2024-06-30 04:00:00,15.96,27.0,60.2,3.3,7.55,3.78,3.95
2024-06-30 05:00:00,14.53,28.2,46.9,5.8,6.62,4.78,2.56
2024-06-30 06:00:00,18.78,27.8,51.2,3.2,8.42,6.65,3.37
2024-06-30 07:00:00,26.63,34.1,51.9,8.3,12.85,9.92,5.08
2024-06-30 08:00:00,30.32,34.3,43.9,2.6,13.32,9.94,6.11
2024-06-30 09:00:00,29.06,33.3,52.5,4.6,13.93,9.99,5.2
2024-06-30 10:00:00,45.51,37.6,36.9,5.1,20.76,15.93,8.63
2024-06-30 11:00:00,37.43,36.3,43.5,4.2,17.73,13.98,6.82
2024-06-30 12:00:00,42.86,35.5,41.7,2.9,18.87,14.16,8.58
2024-06-30 13:00:00,41.35,38.0,45.8,2.3,18.31,14.49,8.28
2024-06-30 14:00:00,34.42,37.4,37.8,4.1,15.98,11.83,7.28
2024-06-30 15:00:00,37.68,37.9,33.7,4.4,16.65,12.77,7.07
2024-06-30 16:00:00,28.73,34.1,40.7,2.3,12.8,10.3,5.62
2024-06-30 17:00:00,23.33,34.2,40.9,2.7,11.66,8.76,4.76
2024-06-30 18:00:00,26.51,36.6,36.9,6.0,10.89,8.61,5.38
2024-06-30 19:00:00,28.16,35.7,37.7,5.5,12.66,9.37,5.67
2024-06-30 20:00:00,28.59,34.0,48.8,1.9,12.29,9.16,5.36
2024-06-30 21:00:00,24.22,33.9,50.4,7.0,11.36,8.41,4.94
2024-06-30 22:00:00,30.34,30.2,49.7,4.2,13.34,10.67,6.39
2024-06-30 23:00:00,26.82,29.1,45.9,3.5,11.94,9.74,4.67
2024-07-01 00:00:00,29.99,26.2,49.7,2.0,14.13,10.48,5.77
2024-07-01 01:00:00,34.67,26.2,42.2,4.9,15.21,12.15,6.94
2024-07-01 02:00:00,26.24,23.9,57.2,6.8,11.75,9.95,5.03
2024-07-01 03:00:00,29.44,26.6,48.7,1.1,12.68,10.71,5.96
2024-07-01 04:00:00,20.59,24.5,62.0,3.6,8.4,6.18,4.31
2024-07-01 05:00:00,25.0,30.0,41.2,6.1,10.33,9.13,5.42
2024-07-01 06:00:00,23.61,30.0,45.1,7.4,9.58,8.0,4.46
2024-07-01 07:00:00,22.58,27.5,50.5,1.2,9.17,7.76,4.03
2024-07-01 08:00:00,29.16,31.6,48.4,5.3,12.58,10.16,6.27
2024-07-01 09:00:00,38.61,36.1,49.7,2.4,17.57,13.11,7.54
2024-07-01 10:00:00,43.11,34.2,36.1,3.7,18.93,15.41,8.24
2024-07-01 11:00:00,43.56,33.9,41.8,5.2,19.23,14.4,9.23
2024-07-01 12:00:00,44.43,33.5,36.6,3.8,20.09,16.03,9.27
2024-07-01 13:00:00,46.88,34.1,47.1,1.4,21.33,17.06,9.2
2024-07-01 14:00:00,46.54,37.7,35.5,4.0,21.23,16.46,8.46
2024-07-01 15:00:00,40.68,36.1,40.2,1.5,18.48,14.52,8.4
2024-07-01 16:00:00,34.83,35.7,40.3,2.8,16.23,11.37,6.37
2024-07-01 17:00:00,33.29,34.8,42.9,3.8,15.2,11.03,6.6
2024-07-01 18:00:00,31.18,34.2,42.2,9.3,13.75,10.95,6.47
2024-07-01 19:00:00,29.31,31.3,41.5,4.8,14.12,9.91,5.61
2024-07-01 20:00:00,29.88,32.4,45.6,2.6,14.34,9.87,6.05
2024-07-01 21:00:00,28.08,28.5,45.9,6.1,12.11,10.4,5.65
2024-07-01 22:00:00,34.65,28.2,54.2,2.1,15.76,11.93,7.54
2024-07-01 23:00:00,38.47,29.9,48.5,3.0,17.14,13.97,7.54
2024-07-02 00:00:00,34.1,28.1,45.0,4.3,15.79,11.25,6.87
2024-07-02 01:00:00,38.58,28.1,62.3,3.1,17.72,12.96,7.68
2024-07-02 02:00:00,31.36,30.1,56.1,4.9,13.11,11.33,6.0
2024-07-02 03:00:00,29.1,27.0,63.8,4.4,13.7,10.17,6.04
2024-07-02 04:00:00,21.16,27.6,49.2,4.5,9.76,7.93,3.88
2024-07-02 05:00:00,26.84,28.0,46.3,3.1,12.52,9.5,5.2
2024-07-02 06:00:00,18.41,28.7,53.5,1.0,8.84,7.27,3.53
2024-07-02 07:00:00,26.69,29.1,54.6,6.1,12.05,9.91,5.2
2024-07-02 08:00:00,30.75,32.0,46.5,1.2,14.01,11.02,6.22
2024-07-02 09:00:00,36.34,33.7,33.0,3.4,16.46,12.2,7.04
2024-07-02 10:00:00,43.4,35.0,37.1,2.5,19.6,14.69,8.61
2024-07-02 11:00:00,48.04,35.5,43.5,2.5,21.34,15.95,9.79
2024-07-02 12:00:00,48.33,37.6,35.5,2.2,21.68,17.27,9.72
2024-07-02 13:00:00,46.28,36.8,33.0,2.4,20.67,16.07,8.84
2024-07-02 14:00:00,46.47,36.3,39.2,7.5,21.92,15.36,9.65
2024-07-02 15:00:00,35.41,35.3,25.4,8.0,15.66,12.28,6.83
2024-07-02 16:00:00,32.32,33.9,40.3,3.9,14.61,11.27,6.48
2024-07-02 17:00:00,44.21,37.6,36.7,3.7,19.88,15.37,9.14
2024-07-02 18:00:00,26.77,33.4,45.5,0.9,12.32,9.31,5.25
2024-07-02 19:00:00,30.75,31.8,48.6,5.4,13.88,11.55,6.45
2024-07-02 20:00:00,28.36,31.3,48.4,1.8,13.54,9.87,5.28
2024-07-02 21:00:00,33.22,30.2,52.3,1.7,15.13,10.88,6.38
2024-07-02 22:00:00,39.84,31.9,44.9,3.2,18.42,13.81,8.27
2024-07-02 23:00:00,37.79,27.9,43.3,2.8,17.0,13.49,7.61
2024-07-03 00:00:00,41.09,31.6,46.4,1.4,17.48,13.99,8.7
2024-07-03 01:00:00,39.02,27.2,47.0,1.7,17.22,13.86,7.46
2024-07-03 02:00:00,34.06,30.0,41.2,9.4,15.75,11.93,6.61
2024-07-03 03:00:00,30.01,28.4,52.8,4.9,13.85,11.04,5.74
2024-07-03 04:00:00,25.84,28.1,43.2,4.1,12.1,9.42,4.88
2024-07-03 05:00:00,23.61,30.8,50.5,2.6,11.02,8.03,5.06
2024-07-03 06:00:00,25.22,31.1,40.2,3.2,11.37,8.63,4.9
2024-07-03 07:00:00,28.05,31.6,44.6,4.2,12.97,9.35,5.78
2024-07-03 08:00:00,35.04,35.4,38.7,5.3,16.35,12.32,7.11
2024-07-03 09:00:00,41.58,32.5,50.7,7.3,19.52,14.51,8.42
2024-07-03 10:00:00,37.82,32.9,47.4,1.5,17.81,12.36,7.25
2024-07-03 11:00:00,47.88,34.5,38.5,2.0,22.74,16.49,9.8
2024-07-03 12:00:00,54.74,38.9,36.5,3.9,23.95,19.26,10.85
2024-07-03 13:00:00,51.63,38.9,43.9,7.1,23.03,17.65,10.63
2024-07-03 14:00:00,42.56,36.1,48.1,3.3,18.56,15.51,8.33
2024-07-03 15:00:00,34.68,33.2,37.3,4.3,15.13,12.24,7.0
2024-07-03 16:00:00,35.65,36.0,47.4,2.5,16.59,12.02,7.32
2024-07-03 17:00:00,26.72,33.9,49.5,5.5,12.01,9.36,4.84
2024-07-03 18:00:00,27.29,33.7,44.5,4.1,12.83,9.57,5.14
2024-07-03 19:00:00,4.81,31.6,45.6,2.9,2.0,1.91,0.89
2024-07-03 20:00:00,30.65,29.5,45.8,3.8,14.46,10.48,6.05
2024-07-03 21:00:00,38.5,33.5,37.6,4.6,17.44,13.55,7.57
2024-07-03 22:00:00,35.09,28.4,51.6,2.1,15.9,11.77,6.75
2024-07-03 23:00:00,40.5,30.5,46.5,2.7,18.6,13.67,8.5
2024-07-04 00:00:00,35.72,27.3,53.4,2.3,16.05,12.61,7.2
2024-07-04 01:00:00,35.15,25.4,55.8,7.6,15.37,11.6,6.76
2024-07-04 02:00:00,30.66,27.7,63.3,0.9,13.07,10.57,5.85
2024-07-04 03:00:00,26.94,26.5,58.1,1.0,12.95,10.64,5.31
2024-07-04 04:00:00,25.95,27.3,54.0,2.8,11.6,9.51,5.18
2024-07-04 05:00:00,20.02,28.6,39.0,3.7,8.63,7.44,4.15
2024-07-04 06:00:00,67.76,28.2,52.1,2.7,30.4,24.64,13.33
2024-07-04 07:00:00,22.78,28.2,58.0,5.9,9.72,7.63,4.28
2024-07-04 08:00:00,31.29,31.9,43.6,1.8,14.3,11.09,6.13
2024-07-04 09:00:00,42.05,34.7,53.3,2.9,19.06,15.24,8.54
2024-07-04 10:00:00,42.56,33.1,47.0,3.5,19.4,14.04,8.77
2024-07-04 11:00:00,47.04,35.7,42.6,2.0,21.02,16.51,9.52
2024-07-04 12:00:00,52.5,38.5,32.8,2.5,24.4,18.1,10.44
2024-07-04 13:00:00,44.57,36.6,47.5,7.3,20.36,15.85,8.79
2024-07-04 14:00:00,44.85,37.1,35.4,3.6,20.9,15.54,9.15
2024-07-04 15:00:00,43.46,36.9,36.9,6.1,19.13,15.96,8.35
2024-07-04 16:00:00,37.12,35.3,32.3,2.4,17.32,12.63,7.71
2024-07-04 17:00:00,34.42,34.0,47.7,4.1,15.22,12.54,6.75
2024-07-04 18:00:00,28.52,33.0,47.4,5.1,12.85,10.6,5.87
2024-07-04 19:00:00,27.6,33.8,43.5,3.1,12.52,9.58,5.13
2024-07-04 20:00:00,35.39,33.1,48.0,4.2,15.83,11.89,7.03
2024-07-04 21:00:00,38.26,31.9,49.0,6.0,17.73,12.53,7.24
2024-07-04 22:00:00,36.19,28.9,47.5,1.7,16.53,13.61,7.12
2024-07-04 23:00:00,38.04,30.1,44.0,2.8,16.15,13.81,7.7
2024-07-05 00:00:00,39.24,28.1,41.7,5.6,18.53,13.95,7.81
2024-07-05 01:00:00,42.91,27.2,50.4,2.2,19.77,14.41,8.58
2024-07-05 02:00:00,27.02,22.0,51.1,3.8,12.95,10.19,5.15
2024-07-05 03:00:00,22.57,25.9,53.7,3.2,10.11,7.85,4.42
2024-07-05 04:00:00,19.8,25.4,52.8,4.4,8.79,6.92,4.26
2024-07-05 05:00:00,26.11,29.4,46.7,4.5,11.49,10.23,4.8
2024-07-05 06:00:00,19.88,29.6,53.7,3.9,8.96,7.1,4.42
2024-07-05 07:00:00,24.5,29.1,44.2,7.3,11.34,9.1,5.08
2024-07-05 08:00:00,32.82,32.4,35.9,1.9,14.73,10.79,6.62
2024-07-05 09:00:00,37.51,31.1,45.5,5.7,16.56,13.06,7.78
2024-07-05 10:00:00,43.36,32.9,40.8,3.5,19.91,14.95,8.85
2024-07-05 11:00:00,47.29,34.4,43.3,4.4,21.2,16.36,9.21
2024-07-05 12:00:00,44.73,37.1,34.9,2.4,20.31,15.7,8.65
2024-07-05 13:00:00,54.12,38.9,39.4,1.3,23.7,19.15,10.69
2024-07-05 14:00:00,46.63,36.1,35.8,5.2,20.47,16.37,9.31
2024-07-05 15:00:00,45.79,38.8,32.5,2.3,20.22,15.97,9.65
2024-07-05 16:00:00,33.46,36.4,43.4,3.0,15.0,11.55,6.61
2024-07-05 17:00:00,32.33,35.9,40.7,0.9,14.16,11.76,6.92
2024-07-05 18:00:00,28.12,34.4,36.8,4.3,12.63,10.35,5.24
2024-07-05 19:00:00,24.89,33.0,39.7,4.6,10.88,8.51,5.04
2024-07-05 20:00:00,32.16,32.6,43.0,6.5,15.48,12.4,5.95
2024-07-05 21:00:00,32.66,31.8,40.1,6.3,15.05,10.04,5.77
2024-07-05 22:00:00,39.5,28.1,48.8,4.7,17.66,14.08,8.48
2024-07-05 23:00:00,35.27,28.1,49.0,2.6,16.46,11.49,7.3
2024-07-06 00:00:00,34.3,30.2,43.2,2.9,15.62,12.51,6.96
2024-07-06 01:00:00,22.29,27.4,54.3,2.9,10.01,8.7,4.99
2024-07-06 02:00:00,22.82,27.4,46.0,1.6,9.8,8.29,4.91
2024-07-06 03:00:00,23.81,28.9,55.5,7.3,10.76,9.27,5.22
2024-07-06 04:00:00,15.48,26.9,50.6,5.5,6.89,5.54,3.28
2024-07-06 05:00:00,16.88,28.4,46.6,1.7,8.34,6.74,3.77
2024-07-06 06:00:00,36.18,30.7,49.8,7.3,15.52,12.37,6.97
2024-07-06 07:00:00,23.57,32.5,45.1,5.8,10.55,7.96,4.43
2024-07-06 08:00:00,24.69,28.4,53.7,6.7,10.74,8.7,5.08
2024-07-06 09:00:00,29.41,32.2,35.4,2.5,13.04,11.39,6.29
2024-07-06 10:00:00,33.7,33.0,47.0,2.7,14.75,12.26,6.72
2024-07-06 11:00:00,39.43,35.3,39.0,3.4,17.7,12.83,8.4
2024-07-06 12:00:00,39.76,34.9,42.3,2.1,17.21,14.45,6.95
2024-07-06 13:00:00,41.59,37.8,38.2,3.4,18.6,15.17,8.59
2024-07-06 14:00:00,68.55,37.2,46.0,0.5,31.29,23.51,14.13
2024-07-06 15:00:00,37.85,38.1,28.9,6.1,17.12,13.55,7.59
2024-07-06 16:00:00,36.9,37.7,46.8,1.8,16.73,13.08,7.53
2024-07-06 17:00:00,32.96,36.5,43.7,3.5,15.24,11.32,6.35
2024-07-06 18:00:00,24.95,34.0,44.0,6.9,11.58,8.57,4.69
2024-07-06 19:00:00,49.33,33.4,36.7,5.6,21.74,16.34,10.27
2024-07-06 20:00:00,54.85,31.3,38.1,5.2,25.01,18.97,10.82
2024-07-06 21:00:00,23.26,28.6,46.8,4.1,10.27,8.01,5.4
2024-07-06 22:00:00,28.21,30.9,50.1,3.2,13.23,9.74,5.4
2024-07-06 23:00:00,27.11,28.3,50.0,3.3,12.58,9.41,4.9
2024-07-07 00:00:00,27.41,25.4,56.4,1.3,12.07,10.56,5.19
2024-07-07 01:00:00,27.37,28.0,43.1,1.1,11.62,9.77,5.33
2024-07-07 02:00:00,23.46,26.7,52.2,5.8,10.89,8.67,4.36
2024-07-07 03:00:00,12.81,24.1,60.6,3.1,5.81,4.82,2.58
2024-07-07 04:00:00,15.14,25.6,60.5,1.0,7.31,5.32,2.84
2024-07-07 05:00:00,15.95,27.4,44.8,4.4,7.19,6.43,3.6
2024-07-07 06:00:00,17.33,29.8,46.5,4.5,7.58,6.89,3.36
2024-07-07 07:00:00,23.32,31.9,44.0,2.2,9.99,8.63,4.52
2024-07-07 08:00:00,26.12,33.1,41.1,3.1,11.38,9.27,5.41
2024-07-07 09:00:00,31.81,34.2,47.5,3.9,14.98,11.13,6.35
2024-07-07 10:00:00,35.1,34.4,57.0,4.0,15.72,12.55,6.57
2024-07-07 11:00:00,39.97,38.1,32.7,3.6,18.39,13.16,7.8
2024-07-07 12:00:00,41.01,37.4,41.3,2.9,17.96,14.4,7.84
2024-07-07 13:00:00,41.12,37.2,40.9,1.1,17.8,14.95,8.44
2024-07-07 14:00:00,42.86,37.8,40.2,0.6,19.46,14.31,9.2
2024-07-07 15:00:00,35.3,36.2,47.2,3.3,16.31,11.62,7.01
2024-07-07 16:00:00,30.21,36.2,42.4,2.0,14.91,10.27,6.23
2024-07-07 17:00:00,25.05,32.4,34.4,7.1,10.43,8.38,4.97
2024-07-07 18:00:00,29.83,33.9,36.1,4.3,12.98,10.81,5.96
2024-07-07 19:00:00,31.63,35.9,35.6,4.0,14.72,11.28,6.63
2024-07-07 20:00:00,27.2,32.2,41.6,3.1,11.7,10.27,5.16
2024-07-07 21:00:00,28.42,30.9,46.3,2.7,12.99,9.38,5.44
2024-07-07 22:00:00,33.22,31.0,45.7,1.9,15.05,11.69,6.81
2024-07-07 23:00:00,31.37,29.0,40.1,1.1,14.7,11.85,6.26
2024-07-08 00:00:00,35.96,26.5,44.2,4.3,16.82,13.38,7.29
2024-07-08 01:00:00,37.28,27.2,40.8,5.2,16.97,12.26,7.72
2024-07-08 02:00:00,26.3,25.3,45.9,5.9,12.48,8.28,4.98
2024-07-08 03:00:00,24.72,27.4,56.0,4.8,11.36,8.98,4.65
2024-07-08 04:00:00,23.57,26.4,51.0,6.4,10.31,7.71,5.38
2024-07-08 05:00:00,25.77,29.9,43.4,8.6,10.94,8.72,5.29
2024-07-08 06:00:00,21.55,28.7,39.9,7.7,9.32,7.88,4.67
2024-07-08 07:00:00,27.08,29.5,43.6,4.0,11.8,9.53,6.04
2024-07-08 08:00:00,26.64,31.8,48.8,2.1,13.28,9.96,5.54
2024-07-08 09:00:00,36.73,33.8,45.8,1.4,16.77,12.26,6.53
2024-07-08 10:00:00,38.87,32.7,43.5,9.6,17.13,13.7,8.14
2024-07-08 11:00:00,41.84,34.8,41.0,2.6,18.79,14.46,8.03
2024-07-08 12:00:00,53.27,36.5,31.4,0.8,22.99,18.94,10.87
2024-07-08 13:00:00,48.66,38.8,33.5,3.0,21.65,17.21,9.46
2024-07-08 14:00:00,7.88,33.2,46.9,5.0,2.67,2.97,1.37
2024-07-08 15:00:00,46.2,37.7,35.3,6.3,20.73,16.85,9.49
2024-07-08 16:00:00,38.8,35.8,49.2,3.4,16.63,14.01,7.82
2024-07-08 17:00:00,30.23,34.8,48.3,2.5,13.35,11.35,6.01
2024-07-08 18:00:00,31.73,33.5,41.6,5.2,13.89,11.05,5.88
2024-07-08 19:00:00,30.66,32.7,43.4,3.6,13.5,11.18,6.08
2024-07-08 20:00:00,38.78,32.9,55.6,1.3,16.85,13.34,8.53
2024-07-08 21:00:00,33.16,29.9,52.4,6.3,14.91,11.37,6.95
2024-07-08 22:00:00,38.68,32.0,46.0,4.4,18.05,13.02,7.43
2024-07-08 23:00:00,35.76,29.4,49.7,0.8,16.95,13.71,7.22
2024-07-09 00:00:00,35.01,28.0,51.2,0.5,14.85,11.83,6.95
2024-07-09 01:00:00,32.23,26.9,51.6,1.3,14.16,11.84,6.39
2024-07-09 02:00:00,37.77,28.8,44.1,5.6,17.49,13.56,7.13
2024-07-09 03:00:00,31.23,29.2,47.0,3.4,13.75,11.15,6.32
2024-07-09 04:00:00,23.97,25.9,45.7,2.7,11.16,8.56,4.75
2024-07-09 05:00:00,25.83,27.4,54.7,2.3,11.75,9.08,5.02
2024-07-09 06:00:00,19.7,30.5,46.8,3.6,9.0,6.68,4.3
2024-07-09 07:00:00,32.29,32.1,49.3,1.2,13.65,12.12,6.04
2024-07-09 08:00:00,31.13,31.5,39.8,4.2,14.57,10.45,6.36
2024-07-09 09:00:00,36.78,32.2,52.5,2.9,17.18,13.02,7.45
2024-07-09 10:00:00,94.36,34.6,48.9,5.9,42.29,33.15,18.22
2024-07-09 11:00:00,48.65,37.8,30.8,5.0,22.01,17.37,10.11
2024-07-09 12:00:00,50.73,36.4,37.8,0.6,22.69,18.3,10.25
2024-07-09 13:00:00,52.28,34.9,40.1,1.8,23.54,18.16,10.28
2024-07-09 14:00:00,49.42,37.2,32.2,3.4,22.71,17.32,9.87
2024-07-09 15:00:00,47.59,38.0,37.1,4.4,21.04,16.3,9.87
2024-07-09 16:00:00,37.46,36.2,43.4,4.8,17.18,13.54,7.64
2024-07-09 17:00:00,35.56,37.4,36.7,5.5,16.37,12.96,7.3
2024-07-09 18:00:00,31.66,35.8,32.5,1.0,14.75,10.87,6.42
2024-07-09 19:00:00,29.51,33.2,48.0,0.6,13.28,10.64,5.89
2024-07-09 20:00:00,26.63,32.1,41.6,4.1,11.47,9.48,5.22
2024-07-09 21:00:00,27.52,27.9,47.0,4.8,12.25,9.63,5.5
2024-07-09 22:00:00,36.74,31.3,54.8,5.3,16.62,13.48,7.01
2024-07-09 23:00:00,35.43,28.0,52.4,1.7,16.49,13.45,7.02
2024-07-10 00:00:00,35.96,27.1,47.5,7.9,16.47,11.96,7.44
2024-07-10 01:00:00,34.45,26.3,46.4,2.2,14.9,12.21,6.81
2024-07-10 02:00:00,32.77,27.7,55.6,2.3,13.97,10.88,6.45
2024-07-10 03:00:00,24.29,25.5,57.9,1.7,10.52,7.96,5.52
2024-07-10 04:00:00,18.16,26.2,50.0,0.9,7.87,6.25,3.66
2024-07-10 05:00:00,22.17,28.4,43.6,5.5,9.55,7.48,4.83
2024-07-10 06:00:00,20.44,28.6,51.7,0.5,7.74,6.33,4.48
2024-07-10 07:00:00,29.01,31.2,49.5,3.3,12.61,10.84,5.75
2024-07-10 08:00:00,32.72,31.1,44.8,1.3,14.77,11.48,6.56
2024-07-10 09:00:00,43.41,35.7,35.7,0.9,20.14,15.1,8.83
2024-07-10 10:00:00,46.48,35.5,41.5,7.0,21.57,16.25,9.5
2024-07-10 11:00:00,48.53,36.6,42.4,5.6,22.31,17.46,9.63
2024-07-10 12:00:00,46.86,35.4,39.1,3.0,21.18,16.09,8.9
2024-07-10 13:00:00,52.81,40.4,36.8,3.3,24.69,18.39,10.61
2024-07-10 14:00:00,42.02,36.3,42.2,6.0,18.82,13.7,8.59
2024-07-10 15:00:00,43.65,35.8,46.8,5.4,19.93,15.23,8.99
2024-07-10 16:00:00,39.43,37.4,37.0,4.6,17.63,12.91,8.16
2024-07-10 17:00:00,6.33,35.8,35.3,3.7,2.83,2.53,1.54
2024-07-10 18:00:00,27.87,33.3,43.7,4.1,12.92,9.42,6.4
2024-07-10 19:00:00,33.75,36.6,48.5,3.0,14.75,11.72,6.75
2024-07-10 20:00:00,34.08,33.5,35.0,3.7,15.72,11.37,7.05
2024-07-10 21:00:00,36.27,30.7,35.6,3.7,15.98,12.6,7.35
2024-07-10 22:00:00,40.06,33.1,43.7,6.0,18.15,14.75,7.73
2024-07-10 23:00:00,32.91,29.7,46.5,2.1,15.02,11.34,6.46
2024-07-11 00:00:00,36.14,27.6,49.8,2.3,16.61,12.27,7.19
2024-07-11 01:00:00,39.63,30.6,46.1,2.1,17.76,13.5,8.0
2024-07-11 02:00:00,32.8,28.0,55.4,3.9,14.09,11.64,6.54
2024-07-11 03:00:00,28.21,28.1,50.1,4.6,13.33,10.78,5.52
2024-07-11 04:00:00,25.06,27.1,55.6,2.2,11.36,8.48,5.54
2024-07-11 05:00:00,24.11,28.5,37.4,4.5,10.23,8.39,4.76
2024-07-11 06:00:00,23.4,28.9,46.7,4.2,11.87,6.97,4.95
2024-07-11 07:00:00,31.47,32.9,40.5,2.6,14.62,10.62,6.37
2024-07-11 08:00:00,27.19,29.6,37.1,2.2,12.92,9.5,5.47
2024-07-11 09:00:00,39.43,35.3,42.1,6.2,17.66,14.05,7.91
2024-07-11 10:00:00,44.61,33.2,43.7,3.9,20.9,14.9,8.36
2024-07-11 11:00:00,48.7,35.4,39.1,4.7,21.33,17.81,9.31
2024-07-11 12:00:00,51.03,35.9,40.3,6.8,23.09,17.52,10.71
2024-07-11 13:00:00,51.27,36.0,41.3,2.0,23.31,18.46,9.72
2024-07-11 14:00:00,49.75,38.0,43.4,2.8,21.91,16.3,9.84
2024-07-11 15:00:00,45.19,36.8,43.0,3.2,20.11,15.12,8.85
2024-07-11 16:00:00,32.93,35.3,43.3,2.2,14.78,12.52,6.77
2024-07-11 17:00:00,35.3,35.8,52.6,5.7,15.11,11.84,6.46
2024-07-11 18:00:00,29.86,33.5,40.3,1.3,13.63,10.21,6.48
2024-07-11 19:00:00,34.06,32.5,38.2,2.2,15.07,12.58,7.21
2024-07-11 20:00:00,30.83,29.7,54.2,2.0,13.84,10.49,6.83
2024-07-11 21:00:00,31.1,30.0,57.3,7.4,14.45,10.97,6.57
2024-07-11 22:00:00,37.68,30.2,44.5,4.2,17.3,12.87,6.99
2024-07-11 23:00:00,37.33,28.5,56.7,4.8,16.38,12.8,7.13
2024-07-12 00:00:00,41.96,30.4,44.9,1.4,18.71,13.82,8.01
2024-07-12 01:00:00,38.32,31.1,49.6,2.0,17.0,13.33,6.84
2024-07-12 02:00:00,31.84,26.3,55.7,5.5,14.03,11.67,6.47
2024-07-12 03:00:00,26.04,25.9,49.8,3.9,11.53,9.47,5.38
2024-07-12 04:00:00,28.74,29.4,58.0,0.9,12.71,10.53,6.03
2024-07-12 05:00:00,4.58,29.0,59.1,3.9,1.69,1.48,0.2
2024-07-12 06:00:00,25.58,31.2,41.5,3.4,10.81,9.45,4.96
2024-07-12 07:00:00,31.13,31.3,47.5,1.7,14.1,11.01,6.1
2024-07-12 08:00:00,28.92,31.7,50.5,4.0,12.7,9.08,5.64
2024-07-12 09:00:00,34.81,33.0,35.0,1.9,15.22,11.95,6.62
2024-07-12 10:00:00,44.08,35.1,42.0,5.5,19.43,14.29,8.94
2024-07-12 11:00:00,45.13,35.2,33.5,4.2,20.34,16.15,8.86
2024-07-12 12:00:00,50.26,38.1,41.6,6.1,21.93,17.25,9.86
2024-07-12 13:00:00,46.81,34.9,42.6,3.2,21.93,16.22,9.11
2024-07-12 14:00:00,45.95,38.8,35.6,3.6,20.93,17.18,9.77
2024-07-12 15:00:00,36.24,34.0,35.4,5.1,16.07,12.46,7.0
2024-07-12 16:00:00,43.94,36.5,37.2,3.8,19.12,15.56,8.67
2024-07-12 17:00:00,34.95,35.0,44.6,3.9,16.13,12.38,6.58
2024-07-12 18:00:00,26.71,32.2,45.1,3.8,11.76,9.15,5.79
2024-07-12 19:00:00,27.59,30.2,53.7,3.5,11.75,9.09,5.61
2024-07-12 20:00:00,30.93,30.3,53.2,5.4,13.53,11.62,6.73
2024-07-12 21:00:00,36.38,30.8,52.5,3.5,15.94,13.38,7.73
2024-07-12 22:00:00,34.06,28.6,47.0,6.4,15.46,11.95,7.29
2024-07-12 23:00:00,37.03,26.9,53.2,5.5,16.43,13.51,7.53
2024-07-13 00:00:00,26.03,29.7,43.6,4.6,12.08,8.06,4.71
2024-07-13 01:00:00,21.17,25.3,47.3,6.4,9.37,7.74,3.92
2024-07-13 02:00:00,26.2,28.0,56.3,3.7,11.88,9.26,4.96
2024-07-13 03:00:00,20.53,25.8,47.1,5.6,8.66,8.07,4.08
2024-07-13 04:00:00,14.84,26.0,46.4,2.2,6.59,4.78,2.8
2024-07-13 05:00:00,18.07,27.5,51.5,1.2,7.98,6.01,3.75
2024-07-13 06:00:00,19.41,30.4,46.2,4.6,8.73,6.52,4.21
2024-07-13 07:00:00,18.36,28.6,48.7,2.5,8.03,6.48,3.69
2024-07-13 08:00:00,29.35,32.4,56.6,4.3,12.85,10.21,5.86
2024-07-13 09:00:00,31.01,31.8,40.8,1.2,13.69,11.03,6.15
2024-07-13 10:00:00,31.27,33.3,46.5,7.5,13.49,10.42,6.6
2024-07-13 11:00:00,37.39,36.1,41.1,3.6,16.96,12.71,7.6
2024-07-13 12:00:00,44.94,39.6,41.6,0.5,20.07,16.03,9.18
2024-07-13 13:00:00,38.95,35.4,37.5,3.4,16.55,14.26,7.62
2024-07-13 14:00:00,39.24,38.1,37.2,5.3,17.76,14.17,8.06
2024-07-13 15:00:00,38.1,36.3,41.0,6.0,16.64,12.38,7.88
2024-07-13 16:00:00,32.44,35.6,34.1,3.3,14.19,11.37,6.26
2024-07-13 17:00:00,32.81,37.1,30.4,1.6,16.4,11.86,6.68
2024-07-13 18:00:00,22.02,33.2,44.0,6.5,10.18,7.08,4.55
2024-07-13 19:00:00,26.35,31.5,52.8,8.5,11.58,9.39,5.35
2024-07-13 20:00:00,20.13,32.7,43.0,1.1,9.08,6.31,4.15
2024-07-13 21:00:00,32.69,33.1,43.2,1.2,14.56,11.4,6.37
2024-07-13 22:00:00,32.04,30.6,53.0,3.9,15.93,12.12,6.23
2024-07-13 23:00:00,24.28,26.3,51.7,3.7,11.07,8.19,5.15
2024-07-14 00:00:00,29.97,26.7,55.8,4.0,13.76,10.87,5.82
2024-07-14 01:00:00,28.72,28.6,63.0,2.6,12.15,9.98,5.54
2024-07-14 02:00:00,28.07,29.3,45.9,1.0,12.57,10.3,5.4
2024-07-14 03:00:00,23.16,27.5,50.1,4.0,9.92,9.08,4.92
2024-07-14 04:00:00,26.4,26.8,53.9,1.7,12.38,8.27,5.56
2024-07-14 05:00:00,25.93,30.9,54.4,2.7,12.35,8.66,5.53
2024-07-14 06:00:00,21.25,29.3,48.2,4.0,9.05,7.34,4.15
2024-07-14 07:00:00,18.59,29.8,51.9,2.1,7.8,6.96,3.34
2024-07-14 08:00:00,24.85,30.8,48.8,3.8,10.66,8.57,4.79
2024-07-14 09:00:00,26.26,31.5,45.9,4.8,12.79,10.54,5.01
2024-07-14 10:00:00,44.04,38.7,35.4,1.1,19.47,14.75,8.56
2024-07-14 11:00:00,42.77,37.6,35.8,4.2,19.09,15.21,8.43
2024-07-14 12:00:00,36.88,35.3,57.0,3.6,16.88,12.89,7.21
2024-07-14 13:00:00,45.26,39.4,29.0,1.4,19.32,15.92,8.9
2024-07-14 14:00:00,38.43,37.8,31.5,4.7,17.69,13.67,7.8
2024-07-14 15:00:00,37.73,37.5,40.2,2.6,17.16,13.7,7.2
2024-07-14 16:00:00,28.96,35.2,42.8,1.9,12.44,9.68,5.74
2024-07-14 17:00:00,28.39,34.7,44.5,2.4,12.44,9.21,5.34
2024-07-14 18:00:00,28.95,34.4,38.4,3.8,12.67,8.85,5.71
2024-07-14 19:00:00,21.56,30.3,42.5,4.0,9.97,7.16,4.11
2024-07-14 20:00:00,24.16,31.2,45.1,1.8,11.44,9.41,4.74
2024-07-14 21:00:00,27.62,30.7,51.7,7.0,12.37,9.09,5.59
2024-07-14 22:00:00,32.8,31.4,41.2,2.7,15.16,11.3,6.66
2024-07-14 23:00:00,24.46,27.5,51.8,2.4,10.62,9.08,4.4
2024-07-15 00:00:00,39.49,28.8,46.8,1.9,17.77,13.1,7.97
2024-07-15 01:00:00,33.91,24.0,47.6,1.5,15.03,11.74,6.31
2024-07-15 02:00:00,36.31,28.7,43.2,8.5,16.27,12.62,7.83
2024-07-15 03:00:00,26.88,25.8,57.6,4.5,11.56,8.82,4.58
2024-07-15 04:00:00,27.65,27.8,47.6,5.3,11.57,9.42,5.5
2024-07-15 05:00:00,26.25,29.0,55.4,3.0,11.95,10.13,4.85
2024-07-15 06:00:00,27.11,29.8,48.1,3.1,12.07,9.95,5.36
2024-07-15 07:00:00,22.27,30.5,40.6,8.8,9.8,8.17,4.1
2024-07-15 08:00:00,25.58,30.1,50.3,2.0,11.43,8.07,5.38
2024-07-15 09:00:00,38.45,31.9,41.7,2.7,17.78,13.67,7.66
2024-07-15 10:00:00,8.4,35.9,39.0,2.0,2.68,3.7,1.07
2024-07-15 11:00:00,47.46,34.6,48.2,2.4,22.7,16.37,9.48
2024-07-15 12:00:00,112.44,36.1,34.2,4.4,50.13,39.21,22.58
2024-07-15 13:00:00,43.9,34.5,40.3,2.6,19.48,14.18,8.93
2024-07-15 14:00:00,50.06,38.2,32.7,6.1,23.15,18.34,9.71
2024-07-15 15:00:00,40.78,34.8,36.3,0.9,19.03,14.9,8.24
2024-07-15 16:00:00,46.09,37.6,36.5,2.8,19.86,16.04,9.15
2024-07-15 17:00:00,30.86,33.9,39.1,6.0,13.44,10.89,6.11
2024-07-15 18:00:00,38.14,36.0,39.5,4.2,17.27,13.49,7.66
2024-07-15 19:00:00,32.35,33.3,47.3,5.2,14.01,11.64,6.18
2024-07-15 20:00:00,29.34,31.1,42.9,2.7,13.43,10.28,5.55
2024-07-15 21:00:00,39.66,33.0,37.0,2.9,17.77,13.98,7.99
2024-07-15 22:00:00,37.26,29.3,52.0,6.3,15.83,12.46,7.52
2024-07-15 23:00:00,36.47,27.9,46.8,5.0,17.0,13.01,7.08
2024-07-16 00:00:00,39.8,29.0,58.4,3.0,18.29,14.6,7.99
2024-07-16 01:00:00,30.51,24.9,52.1,2.1,13.81,10.45,6.6
2024-07-16 02:00:00,25.89,23.1,55.6,1.4,12.55,9.21,6.05
2024-07-16 03:00:00,33.34,28.8,37.9,6.0,15.26,11.6,6.58
2024-07-16 04:00:00,23.39,26.3,46.6,4.6,10.05,7.79,4.68
2024-07-16 05:00:00,26.03,29.7,37.0,4.1,11.03,9.47,5.1
2024-07-16 06:00:00,25.63,29.5,50.1,5.2,10.37,8.94,5.0
2024-07-16 07:00:00,25.69,28.9,48.9,6.7,11.03,9.04,5.75
2024-07-16 08:00:00,30.12,32.8,47.8,5.1,13.69,11.68,5.64
2024-07-16 09:00:00,40.32,32.6,48.9,3.1,18.04,14.61,7.82
2024-07-16 10:00:00,41.46,32.8,49.4,1.9,18.46,13.78,8.01
2024-07-16 11:00:00,45.01,33.9,42.2,4.7,20.37,15.4,9.24
2024-07-16 12:00:00,47.25,33.6,44.0,2.3,21.38,16.28,9.64
2024-07-16 13:00:00,51.32,37.4,42.1,5.2,23.64,17.63,10.31
2024-07-16 14:00:00,47.14,35.5,37.4,2.7,21.58,16.26,9.45
2024-07-16 15:00:00,44.59,36.7,35.3,1.8,20.0,16.1,8.89
2024-07-16 16:00:00,40.21,36.0,48.5,2.3,17.97,14.62,7.99
2024-07-16 17:00:00,36.15,34.0,34.1,2.4,16.72,13.56,6.58
2024-07-16 18:00:00,31.11,32.1,47.9,2.9,14.11,11.19,6.28
2024-07-16 19:00:00,36.83,37.0,41.3,2.3,16.31,13.47,7.48
2024-07-16 20:00:00,29.42,31.8,40.2,2.1,12.52,10.83,5.74
2024-07-16 21:00:00,42.41,33.4,40.6,3.0,19.85,14.67,8.71
2024-07-16 22:00:00,38.11,31.2,44.8,6.0,17.71,12.98,7.22
2024-07-16 23:00:00,35.37,27.9,51.6,1.1,15.58,13.41,6.86
2024-07-17 00:00:00,33.22,27.8,52.4,2.5,15.04,12.28,6.76
2024-07-17 01:00:00,36.59,27.3,51.1,3.9,16.85,12.0,7.16
2024-07-17 02:00:00,36.93,29.7,49.4,6.1,17.2,12.81,7.77
2024-07-17 03:00:00,26.99,28.3,53.3,2.5,12.14,10.3,5.68
2024-07-17 04:00:00,45.41,26.4,55.4,2.8,19.69,16.51,9.34
2024-07-17 05:00:00,23.9,28.9,57.0,5.4,11.18,8.13,4.96
2024-07-17 06:00:00,6.69,30.6,52.5,2.9,2.45,2.58,1.5
2024-07-17 07:00:00,23.65,28.8,49.5,5.9,10.36,7.93,4.1
2024-07-17 08:00:00,32.43,32.6,48.0,3.3,14.55,10.99,6.34
2024-07-17 09:00:00,38.94,35.2,43.9,3.9,17.61,14.29,7.56
2024-07-17 10:00:00,44.92,33.1,45.1,3.8,20.26,15.54,8.32
2024-07-17 11:00:00,45.4,34.3,38.4,1.5,21.44,16.25,8.79
2024-07-17 12:00:00,50.95,38.0,39.3,2.8,23.0,18.64,10.01
2024-07-17 13:00:00,50.86,36.2,30.2,2.2,22.41,18.03,10.32
2024-07-17 14:00:00,41.74,35.4,46.9,4.5,17.38,14.51,8.44
2024-07-17 15:00:00,46.95,38.0,40.1,7.0,21.01,17.76,9.28
2024-07-17 16:00:00,44.65,37.1,38.7,2.1,20.19,15.97,9.14
2024-07-17 17:00:00,36.59,35.6,39.2,1.3,17.44,12.21,7.29
2024-07-17 18:00:00,36.53,36.1,44.0,3.6,15.35,12.99,6.98
2024-07-17 19:00:00,36.47,35.0,51.2,3.0,17.17,13.53,7.23
2024-07-17 20:00:00,36.49,31.8,47.8,0.8,16.84,12.96,6.85
2024-07-17 21:00:00,41.68,33.6,53.2,6.8,19.27,15.2,8.71
2024-07-17 22:00:00,40.82,31.8,49.8,7.1,18.56,14.33,8.25
2024-07-17 23:00:00,35.14,25.4,49.5,5.8,14.96,12.32,7.25
2024-07-18 00:00:00,58.85,26.0,55.3,2.4,25.67,20.4,11.66
2024-07-18 01:00:00,32.86,23.7,57.6,1.5,14.37,10.65,6.7
2024-07-18 02:00:00,29.23,26.4,48.3,4.0,13.65,10.21,5.74
2024-07-18 03:00:00,25.33,25.2,51.7,2.4,11.43,9.32,5.13
2024-07-18 04:00:00,16.44,26.3,50.3,2.0,7.38,5.65,3.34
2024-07-18 05:00:00,27.88,30.0,48.5,4.3,12.73,9.32,5.16
2024-07-18 06:00:00,19.41,26.7,50.5,5.0,9.11,7.53,3.88
2024-07-18 07:00:00,30.85,30.8,48.4,3.7,13.64,10.06,5.98
2024-07-18 08:00:00,33.73,32.0,47.7,2.6,15.01,11.61,6.85
2024-07-18 09:00:00,40.79,33.0,50.7,3.6,18.13,13.58,8.5
2024-07-18 10:00:00,41.31,34.6,45.3,4.1,18.35,14.39,8.7
2024-07-18 11:00:00,45.59,32.1,42.0,1.0,20.22,15.95,9.81
2024-07-18 12:00:00,53.66,35.0,52.6,3.2,24.65,18.98,10.56
2024-07-18 13:00:00,55.34,39.0,33.7,4.1,25.46,20.55,11.29
2024-07-18 14:00:00,46.75,35.1,40.0,1.6,21.41,15.69,9.91
2024-07-18 15:00:00,109.57,39.2,40.0,3.3,48.6,37.75,22.32
2024-07-18 16:00:00,34.49,34.1,57.6,2.8,15.36,11.61,6.71
2024-07-18 17:00:00,33.5,33.1,46.3,6.0,14.52,12.31,6.7
2024-07-18 18:00:00,26.56,32.9,41.3,3.5,11.92,8.97,5.31
2024-07-18 19:00:00,33.16,34.9,34.0,3.2,15.17,10.29,6.72
2024-07-18 20:00:00,26.82,31.0,38.2,2.2,12.32,9.25,5.87
2024-07-18 21:00:00,33.3,31.1,46.7,7.5,14.36,11.28,6.97
2024-07-18 22:00:00,37.99,29.5,51.4,7.6,17.85,12.87,7.39
2024-07-18 23:00:00,38.55,28.2,43.0,2.9,16.67,13.56,7.93
2024-07-19 00:00:00,40.28,29.4,49.8,6.9,18.12,14.6,8.23
2024-07-19 01:00:00,37.7,28.2,43.6,4.2,17.43,13.87,8.0
2024-07-19 02:00:00,25.25,25.1,49.2,5.2,11.61,7.91,5.23
2024-07-19 03:00:00,27.49,26.6,55.3,1.3,12.43,10.21,5.39
2024-07-19 04:00:00,28.26,30.1,44.1,0.6,12.74,10.37,6.01
2024-07-19 05:00:00,23.56,28.8,56.0,3.6,10.19,8.09,5.41
2024-07-19 06:00:00,23.14,27.1,48.6,1.2,11.0,8.39,4.54
2024-07-19 07:00:00,22.46,28.4,55.5,6.3,9.91,7.53,4.19
2024-07-19 08:00:00,33.02,33.2,55.5,5.6,14.02,10.43,6.59
2024-07-19 09:00:00,34.59,34.2,39.3,4.8,15.3,12.01,7.15
2024-07-19 10:00:00,40.97,32.9,56.8,0.8,18.41,14.27,7.99
2024-07-19 11:00:00,47.04,36.5,40.3,3.3,21.22,15.55,9.58
2024-07-19 12:00:00,54.07,38.6,34.6,1.2,24.62,19.15,10.71
2024-07-19 13:00:00,50.92,38.8,35.9,6.9,23.33,18.71,9.61
2024-07-19 14:00:00,51.4,39.2,34.9,4.1,22.45,18.28,10.13
2024-07-19 15:00:00,44.42,37.5,46.0,1.8,19.73,15.64,8.87
2024-07-19 16:00:00,42.81,35.9,47.5,3.8,18.82,15.62,9.11
2024-07-19 17:00:00,35.43,34.8,48.8,1.5,16.1,13.29,6.82
2024-07-19 18:00:00,27.89,34.3,36.3,1.7,12.29,9.01,5.44
2024-07-19 19:00:00,26.6,31.8,46.8,1.2,12.29,8.78,5.31
2024-07-19 20:00:00,31.86,31.3,38.7,6.1,13.95,10.99,6.52
2024-07-19 21:00:00,34.89,32.4,50.1,3.8,15.88,12.22,6.96
2024-07-19 22:00:00,25.24,26.9,49.3,2.7,11.1,7.92,5.39
2024-07-19 23:00:00,37.38,26.0,55.3,0.5,17.44,13.5,7.05
2024-07-20 00:00:00,32.26,28.7,47.0,3.4,14.54,11.05,7.19
2024-07-20 01:00:00,27.6,26.4,43.5,3.6,11.6,9.85,5.55
2024-07-20 02:00:00,19.06,23.9,59.7,2.7,8.64,6.47,3.66
2024-07-20 03:00:00,23.15,26.9,56.6,3.5,9.83,8.96,4.34
2024-07-20 04:00:00,3.59,27.2,52.1,1.4,2.14,0.98,0.36
2024-07-20 05:00:00,18.83,27.6,40.3,6.8,8.43,6.54,3.64
2024-07-20 06:00:00,19.33,30.3,51.4,2.3,8.72,7.04,3.8
2024-07-20 07:00:00,23.44,28.5,46.1,7.3,9.71,8.11,4.83
2024-07-20 08:00:00,22.75,31.8,48.4,3.5,10.17,7.74,4.43
2024-07-20 09:00:00,34.01,32.8,42.2,5.9,14.46,12.58,6.7
2024-07-20 10:00:00,36.21,34.4,40.8,3.9,16.5,12.54,7.48
2024-07-20 11:00:00,34.52,32.7,47.2,5.8,15.38,11.93,6.53
2024-07-20 12:00:00,40.82,35.3,37.5,0.5,18.37,14.29,8.33
2024-07-20 13:00:00,43.46,36.7,39.2,1.9,19.66,15.34,9.15
2024-07-20 14:00:00,44.41,37.6,41.4,2.8,20.27,15.61,8.84
2024-07-20 15:00:00,41.64,39.4,47.6,2.5,19.2,13.71,8.13
2024-07-20 16:00:00,32.73,37.3,38.8,7.3,14.6,12.03,6.57
2024-07-20 17:00:00,31.07,36.0,45.0,3.0,13.86,10.64,6.11
2024-07-20 18:00:00,34.99,36.2,34.7,8.0,16.29,12.83,6.72
2024-07-20 19:00:00,29.22,32.6,53.3,4.4,13.6,10.4,6.09
2024-07-20 20:00:00,32.42,34.1,39.0,5.7,14.89,11.47,5.96
2024-07-20 21:00:00,32.03,32.2,44.7,3.0,14.54,10.43,6.21
2024-07-20 22:00:00,29.27,28.6,52.2,1.9,13.86,9.8,5.24
2024-07-20 23:00:00,36.26,31.1,42.7,1.0,16.01,12.27,6.7
2024-07-21 00:00:00,28.51,28.1,55.7,4.4,13.3,9.79,5.28
2024-07-21 01:00:00,28.69,30.2,44.4,8.0,12.5,9.43,6.1
2024-07-21 02:00:00,25.68,27.2,55.5,1.5,11.04,9.03,5.13
2024-07-21 03:00:00,18.96,26.1,58.0,5.2,9.67,7.6,4.19
2024-07-21 04:00:00,15.84,26.3,55.4,2.9,7.7,5.06,3.22
2024-07-21 05:00:00,16.74,27.7,54.3,9.5,7.43,6.6,3.41
2024-07-21 06:00:00,25.06,28.4,62.6,6.1,10.28,8.34,4.6
2024-07-21 07:00:00,25.9,32.4,47.2,2.2,10.84,8.11,4.92
2024-07-21 08:00:00,27.54,31.7,46.5,5.1,12.68,8.93,5.95
2024-07-21 09:00:00,24.77,30.6,48.9,4.9,11.5,8.3,5.1
2024-07-21 10:00:00,31.94,34.6,48.9,5.1,14.47,10.6,6.74
2024-07-21 11:00:00,37.92,35.5,53.1,1.2,17.29,13.43,7.66
2024-07-21 12:00:00,44.17,35.4,40.7,5.5,18.41,15.15,8.76
2024-07-21 13:00:00,43.07,37.0,35.1,2.3,19.36,15.85,8.88
2024-07-21 14:00:00,41.22,36.7,45.8,4.0,19.13,15.06,8.55
2024-07-21 15:00:00,40.03,37.5,32.1,1.5,17.93,14.05,7.69
2024-07-21 16:00:00,33.01,36.9,41.0,3.8,15.35,11.69,6.85
2024-07-21 17:00:00,34.23,35.8,42.5,6.5,16.37,11.44,6.86
2024-07-21 18:00:00,23.13,32.3,44.7,1.9,10.19,8.05,4.68
2024-07-21 19:00:00,34.87,36.2,40.3,5.9,16.07,11.99,7.37
2024-07-21 20:00:00,24.3,29.4,40.4,3.2,10.76,8.73,4.96
2024-07-21 21:00:00,22.81,30.3,43.3,2.6,10.16,8.34,4.34
2024-07-21 22:00:00,24.24,27.6,55.5,1.0,11.2,8.29,4.9
2024-07-21 23:00:00,25.51,28.8,39.2,3.7,11.46,9.62,5.4
2024-07-22 00:00:00,40.65,27.6,50.5,2.0,19.36,14.85,8.15
2024-07-22 01:00:00,35.24,26.6,50.5,7.1,15.25,12.29,7.12
2024-07-22 02:00:00,30.52,29.0,39.3,2.2,13.89,11.98,6.32
2024-07-22 03:00:00,32.62,28.5,58.2,4.0,14.71,11.5,6.72
2024-07-22 04:00:00,24.11,26.9,46.6,3.8,11.68,8.62,5.84
2024-07-22 05:00:00,22.73,29.4,51.5,2.7,10.28,8.15,4.43
2024-07-22 06:00:00,32.9,31.6,43.8,5.9,14.73,11.77,6.46
2024-07-22 07:00:00,30.74,32.1,41.3,1.9,13.98,10.02,6.46
2024-07-22 08:00:00,31.64,31.5,45.0,5.5,14.9,11.04,6.65
2024-07-22 09:00:00,33.79,30.6,45.5,2.0,15.17,11.35,6.55
2024-07-22 10:00:00,40.88,34.7,41.4,0.8,18.08,14.28,8.3
2024-07-22 11:00:00,46.47,36.3,36.6,7.2,20.27,16.76,9.08
2024-07-22 12:00:00,51.91,34.9,37.1,4.3,23.18,18.67,10.78
2024-07-22 13:00:00,49.04,36.6,45.1,4.2,22.09,17.33,9.96
2024-07-22 14:00:00,47.55,36.6,40.1,2.4,20.27,16.91,9.36
2024-07-22 15:00:00,41.69,38.6,37.4,1.6,18.19,13.63,7.98
2024-07-22 16:00:00,40.05,38.8,33.0,4.7,18.1,13.83,7.57
2024-07-22 17:00:00,39.41,37.0,47.5,3.6,16.97,13.26,7.9
2024-07-22 18:00:00,33.43,34.1,42.7,2.6,15.32,10.94,7.04
2024-07-22 19:00:00,38.84,34.7,32.8,2.6,17.24,13.46,7.48
2024-07-22 20:00:00,37.5,32.7,46.2,6.3,16.4,13.59,7.85
2024-07-22 21:00:00,33.74,30.3,43.8,6.3,15.38,11.87,6.96
2024-07-22 22:00:00,42.32,32.4,49.7,2.4,19.1,14.15,8.73
2024-07-22 23:00:00,35.17,27.1,56.7,5.3,15.94,12.55,6.75
2024-07-23 00:00:00,43.97,28.2,54.7,2.2,19.89,15.78,8.9
2024-07-23 01:00:00,40.48,28.1,48.0,5.4,18.12,15.11,7.87
2024-07-23 02:00:00,32.49,26.2,52.0,1.6,13.88,10.18,6.66
2024-07-23 03:00:00,30.98,27.7,52.0,5.1,13.1,10.55,6.39
2024-07-23 04:00:00,31.96,28.8,54.0,3.8,13.24,10.85,6.39
2024-07-23 05:00:00,26.67,28.5,44.6,1.5,12.23,9.81,6.08
2024-07-23 06:00:00,30.18,29.9,48.6,4.1,13.38,9.9,6.14
2024-07-23 07:00:00,22.78,30.5,56.7,2.0,10.1,8.18,4.95
2024-07-23 08:00:00,35.66,32.9,41.9,2.0,15.02,12.48,7.04
2024-07-23 09:00:00,36.6,32.6,44.7,3.3,15.77,12.45,7.34
2024-07-23 10:00:00,47.66,33.7,56.6,7.7,20.81,16.47,9.11
2024-07-23 11:00:00,52.18,35.2,40.5,6.3,22.82,17.74,10.72
2024-07-23 12:00:00,53.21,37.8,31.0,5.6,23.8,18.52,10.52
2024-07-23 13:00:00,50.11,33.9,43.1,5.9,22.14,17.53,9.57
2024-07-23 14:00:00,50.13,35.3,50.0,3.5,23.24,17.18,9.95
2024-07-23 15:00:00,49.02,39.9,41.4,2.9,22.4,16.16,9.84
2024-07-23 16:00:00,46.01,36.4,35.4,6.2,21.71,16.71,9.49
2024-07-23 17:00:00,34.28,34.6,44.6,1.2,15.49,12.08,6.74
2024-07-23 18:00:00,33.97,35.4,40.7,10.0,14.25,12.17,7.12
2024-07-23 19:00:00,32.31,31.8,49.9,3.8,16.3,11.19,6.49
2024-07-23 20:00:00,27.1,28.5,46.7,3.7,11.9,9.86,5.48
2024-07-23 21:00:00,35.54,30.9,49.4,2.5,16.22,11.49,6.75
2024-07-23 22:00:00,38.35,28.1,59.9,1.8,17.63,13.34,7.78
2024-07-23 23:00:00,37.93,28.3,37.0,4.5,17.24,12.91,7.77
2024-07-24 00:00:00,34.01,27.8,53.6,2.8,14.69,11.54,6.92
2024-07-24 01:00:00,36.99,27.0,58.2,2.5,16.49,13.44,7.34
2024-07-24 02:00:00,27.16,24.1,47.4,1.8,11.61,8.75,5.26
2024-07-24 03:00:00,31.48,26.8,48.2,3.7,14.12,11.57,5.49
2024-07-24 04:00:00,28.99,28.0,48.5,4.0,12.39,9.75,6.23
2024-07-24 05:00:00,25.23,26.0,49.2,3.2,11.35,8.62,5.01
2024-07-24 06:00:00,24.1,26.8,47.8,0.5,10.8,8.47,4.75
2024-07-24 07:00:00,28.38,28.7,47.7,3.5,13.55,9.99,5.54
2024-07-24 08:00:00,32.75,32.7,49.0,2.4,14.97,11.81,6.54
2024-07-24 09:00:00,35.95,29.9,55.5,1.6,16.2,12.02,7.68
2024-07-24 10:00:00,50.79,35.4,48.1,3.9,22.51,17.24,10.29
2024-07-24 11:00:00,47.46,35.7,46.1,4.5,21.23,16.75,9.46
2024-07-24 12:00:00,54.41,35.6,50.5,3.6,23.88,18.78,10.45
2024-07-24 13:00:00,45.53,34.2,53.1,4.1,20.85,15.74,8.55
2024-07-24 14:00:00,43.83,35.4,42.3,4.1,19.92,14.65,8.54
2024-07-24 15:00:00,46.24,37.6,46.0,1.5,19.13,16.27,9.54
2024-07-24 16:00:00,43.86,37.8,40.7,2.1,20.11,14.89,9.01
2024-07-24 17:00:00,35.26,33.6,42.6,0.5,15.88,12.94,7.22
2024-07-24 18:00:00,32.91,35.8,40.8,8.5,15.71,10.83,6.57
2024-07-24 19:00:00,34.57,33.9,48.3,2.1,14.92,11.58,7.08
2024-07-24 20:00:00,31.02,31.6,53.4,5.5,15.08,10.5,6.23
2024-07-24 21:00:00,29.17,29.2,51.8,5.2,13.48,10.59,6.24
2024-07-24 22:00:00,32.87,28.2,48.1,4.7,15.02,11.22,6.9
2024-07-24 23:00:00,39.91,30.8,44.6,3.3,17.67,13.06,7.67
2024-07-25 00:00:00,39.23,27.5,41.7,4.0,16.14,13.95,7.98
2024-07-25 01:00:00,41.64,28.7,51.3,1.9,18.8,14.73,7.89
2024-07-25 02:00:00,29.63,26.9,53.2,1.4,13.73,9.99,6.43
2024-07-25 03:00:00,29.14,26.1,47.5,2.8,13.35,10.56,5.56
2024-07-25 04:00:00,24.65,28.1,52.6,5.6,11.08,9.33,5.31
2024-07-25 05:00:00,31.15,31.3,48.8,3.9,14.11,10.55,6.26
2024-07-25 06:00:00,22.27,28.1,42.9,5.1,9.71,7.63,4.14
2024-07-25 07:00:00,27.51,31.6,44.4,6.3,12.36,9.4,5.19
2024-07-25 08:00:00,35.2,31.8,52.8,3.8,15.62,12.32,7.57
2024-07-25 09:00:00,33.73,30.7,44.0,2.9,14.83,12.09,6.81
2024-07-25 10:00:00,39.92,31.9,45.9,5.9,17.04,14.65,8.04
2024-07-25 11:00:00,41.75,34.4,43.5,2.2,18.8,14.43,7.65
2024-07-25 12:00:00,53.66,36.4,40.2,0.7,24.61,19.11,11.24
2024-07-25 13:00:00,54.29,37.7,42.2,1.0,23.55,19.96,10.69
2024-07-25 14:00:00,44.25,34.2,47.6,4.0,20.35,15.64,8.96
2024-07-25 15:00:00,41.42,37.4,45.5,6.3,18.83,13.74,7.85
2024-07-25 16:00:00,42.02,35.7,39.6,3.9,19.26,14.24,8.58
2024-07-25 17:00:00,33.67,35.1,44.5,3.1,14.64,11.83,6.77
2024-07-25 18:00:00,32.96,34.9,46.3,3.9,14.73,12.8,6.76
2024-07-25 19:00:00,41.68,35.5,40.8,4.5,18.79,14.6,8.23
2024-07-25 20:00:00,31.7,32.0,42.0,5.1,14.71,11.29,6.53
2024-07-25 21:00:00,33.38,28.2,50.8,2.8,14.56,12.52,6.22
2024-07-25 22:00:00,37.51,28.8,46.4,3.0,16.95,14.1,7.53
2024-07-25 23:00:00,40.61,29.3,45.3,0.7,18.4,15.09,8.08
2024-07-26 00:00:00,40.24,28.5,50.9,4.3,18.82,14.39,8.5
2024-07-26 01:00:00,38.23,27.7,49.8,5.2,16.84,13.19,7.57
2024-07-26 02:00:00,32.32,25.7,54.0,3.6,14.28,12.08,6.38
2024-07-26 03:00:00,26.09,24.6,46.7,2.9,12.24,9.62,5.17
2024-07-26 04:00:00,31.4,28.1,49.5,2.7,14.28,10.4,6.31
2024-07-26 05:00:00,18.73,26.1,41.3,4.3,9.0,6.56,3.23
2024-07-26 06:00:00,29.4,30.0,42.7,2.7,13.27,10.22,5.84
2024-07-26 07:00:00,31.72,31.3,46.1,4.1,14.39,10.49,6.29
2024-07-26 08:00:00,33.48,30.8,53.1,6.9,14.4,11.43,6.32
2024-07-26 09:00:00,41.02,32.6,47.5,2.7,17.52,14.36,8.57
2024-07-26 10:00:00,44.25,34.3,43.3,1.1,19.6,15.3,9.18
2024-07-26 11:00:00,42.28,34.1,41.2,6.1,18.98,15.09,8.05
2024-07-26 12:00:00,47.24,33.8,42.2,2.4,21.19,16.03,9.78
2024-07-26 13:00:00,47.71,36.3,47.0,9.0,21.32,16.47,9.55
2024-07-26 14:00:00,46.11,36.6,34.5,5.7,21.16,15.68,9.2
2024-07-26 15:00:00,43.74,38.4,34.3,3.2,19.83,14.51,8.66
2024-07-26 16:00:00,36.33,34.7,47.7,4.2,16.52,12.47,7.46
2024-07-26 17:00:00,36.26,36.6,38.3,2.4,16.21,12.3,7.11
2024-07-26 18:00:00,24.26,32.3,55.0,1.3,9.96,8.89,4.61
2024-07-26 19:00:00,30.71,30.8,50.5,3.7,14.29,10.95,6.6
2024-07-26 20:00:00,37.66,31.1,52.5,3.2,16.89,13.34,7.63
2024-07-26 21:00:00,34.0,28.8,41.3,7.9,14.75,11.95,7.0
2024-07-26 22:00:00,32.98,27.0,56.9,4.0,15.86,11.19,7.15
2024-07-26 23:00:00,41.97,30.9,42.7,5.0,19.5,14.04,8.49
2024-07-27 00:00:00,26.74,26.4,55.9,1.6,12.07,9.54,5.48
2024-07-27 01:00:00,32.73,30.1,46.1,4.8,14.35,10.44,6.74
2024-07-27 02:00:00,22.66,25.0,55.2,1.0,9.34,7.47,4.28
2024-07-27 03:00:00,16.48,24.1,49.6,4.1,7.51,6.11,3.19
2024-07-27 04:00:00,27.48,29.1,40.5,5.7,11.84,9.37,5.44
2024-07-27 05:00:00,14.15,26.8,52.6,3.4,6.33,5.46,3.24
2024-07-27 06:00:00,22.41,29.2,47.5,2.1,10.18,8.46,4.92
2024-07-27 07:00:00,19.56,28.1,45.8,3.2,9.14,6.78,4.12
2024-07-27 08:00:00,31.53,31.4,37.9,5.8,14.59,11.63,6.49
2024-07-27 09:00:00,29.38,30.7,33.8,4.7,12.85,9.68,5.65
2024-07-27 10:00:00,35.17,33.8,46.0,4.1,16.42,11.44,6.86
2024-07-27 11:00:00,38.16,34.3,41.6,4.6,17.19,13.22,7.01
2024-07-27 12:00:00,42.41,36.1,37.6,5.7,18.69,15.63,8.71
2024-07-27 13:00:00,40.34,37.2,40.4,1.7,18.57,13.96,7.99
2024-07-27 14:00:00,38.61,36.8,44.9,5.8,18.21,14.1,7.27
2024-07-27 15:00:00,33.47,37.0,41.0,5.4,15.29,12.1,6.82
2024-07-27 16:00:00,30.81,35.6,39.1,3.4,13.91,11.32,6.59
2024-07-27 17:00:00,29.36,34.3,53.5,3.0,13.67,9.91,6.0
2024-07-27 18:00:00,29.61,34.6,39.2,7.0,12.57,10.82,6.07
2024-07-27 19:00:00,21.55,32.6,37.9,5.6,8.99,6.37,4.46
2024-07-27 20:00:00,26.35,31.3,46.9,9.0,12.26,9.41,5.73
2024-07-27 21:00:00,30.04,30.7,45.8,4.3,14.05,10.83,6.17
2024-07-27 22:00:00,26.01,27.4,55.9,0.8,11.27,9.1,5.61
2024-07-27 23:00:00,30.88,30.1,45.3,1.7,13.36,11.72,6.48
2024-07-28 00:00:00,27.22,26.7,51.2,5.6,11.88,10.28,4.67
2024-07-28 01:00:00,26.23,26.7,47.6,4.3,12.25,9.42,5.34
2024-07-28 02:00:00,23.3,26.3,56.5,2.0,10.24,7.63,4.67
2024-07-28 03:00:00,24.34,27.5,51.7,0.5,10.63,8.09,5.34
2024-07-28 04:00:00,26.9,27.6,49.6,2.3,11.71,9.37,5.36
2024-07-28 05:00:00,17.53,27.8,49.9,1.6,8.04,6.78,3.29
2024-07-28 06:00:00,22.77,31.1,46.6,6.1,9.66,7.86,5.29
2024-07-28 07:00:00,15.53,25.3,46.5,6.2,7.0,4.87,3.21
2024-07-28 08:00:00,27.95,33.2,49.9,5.8,11.4,10.27,5.83
2024-07-28 09:00:00,83.81,34.1,48.7,1.3,37.46,30.33,16.47
2024-07-28 10:00:00,26.18,31.1,46.9,1.6,11.64,8.27,5.43
2024-07-28 11:00:00,40.62,36.3,40.1,1.6,19.27,13.92,8.07
2024-07-28 12:00:00,46.23,37.3,34.3,2.3,19.82,16.74,8.94
2024-07-28 13:00:00,42.32,37.1,48.2,1.2,19.45,14.92,8.6
2024-07-28 14:00:00,34.43,34.0,50.6,8.5,15.56,12.7,6.99
2024-07-28 15:00:00,39.56,37.2,41.3,5.9,18.32,13.47,7.89
2024-07-28 16:00:00,37.89,37.2,43.4,1.1,17.83,12.86,7.42
2024-07-28 17:00:00,29.35,34.1,49.3,1.7,13.23,10.28,6.0
2024-07-28 18:00:00,26.79,34.5,47.7,2.3,11.63,9.15,5.54
2024-07-28 19:00:00,27.1,32.1,41.1,5.2,13.24,9.4,5.32
2024-07-28 20:00:00,27.85,32.7,43.2,4.7,12.96,9.59,5.91
2024-07-28 21:00:00,28.9,29.6,50.8,4.2,12.07,8.77,5.68
2024-07-28 22:00:00,31.15,28.0,51.4,6.6,14.82,10.75,5.93
2024-07-28 23:00:00,22.65,27.8,54.4,0.8,9.74,7.85,4.72
2024-07-29 00:00:00,34.82,25.0,57.3,1.8,15.87,12.4,6.91
2024-07-29 01:00:00,31.15,26.3,53.7,1.9,14.87,10.87,6.49
2024-07-29 02:00:00,39.72,26.9,38.8,1.1,17.63,13.31,7.0
2024-07-29 03:00:00,30.1,27.8,56.5,4.2,13.5,9.97,5.87
2024-07-29 04:00:00,28.73,27.4,55.4,2.1,13.27,10.15,5.53
2024-07-29 05:00:00,21.44,25.6,63.6,3.4,9.13,6.93,4.52
2024-07-29 06:00:00,26.34,30.8,44.6,4.6,12.83,8.08,5.12
2024-07-29 07:00:00,29.04,32.2,36.2,4.0,13.28,10.53,5.31
2024-07-29 08:00:00,37.02,31.5,45.3,2.5,18.39,12.88,7.02
2024-07-29 09:00:00,39.19,31.5,48.5,3.1,18.15,14.1,7.35
2024-07-29 10:00:00,47.72,33.0,42.2,2.7,22.13,16.8,9.66
2024-07-29 11:00:00,48.03,34.5,49.4,5.9,21.3,16.27,9.62
2024-07-29 12:00:00,51.89,36.1,37.4,3.1,23.59,17.58,10.2
2024-07-29 13:00:00,48.94,35.7,40.7,1.1,22.35,17.6,9.6
2024-07-29 14:00:00,45.15,35.0,40.7,4.2,20.6,16.22,8.36
2024-07-29 15:00:00,43.49,37.7,52.7,2.0,18.84,15.05,8.95
2024-07-29 16:00:00,40.09,36.0,36.2,2.7,18.12,13.49,8.13
2024-07-29 17:00:00,31.02,33.3,47.0,2.7,13.68,11.21,6.44
2024-07-29 18:00:00,34.56,34.3,36.9,1.2,15.49,11.25,6.81
2024-07-29 19:00:00,32.79,32.9,46.3,7.4,15.19,11.31,6.72
2024-07-29 20:00:00,31.91,30.2,42.9,3.8,14.18,11.79,6.43
2024-07-29 21:00:00,41.49,31.8,51.3,1.7,19.66,14.47,8.77
2024-07-29 22:00:00,36.76,29.0,53.7,3.8,16.98,12.62,7.46
2024-07-29 23:00:00,39.15,27.5,52.4,3.3,17.82,13.31,7.7
2024-07-30 00:00:00,42.49,26.8,44.9,2.8,19.3,14.89,8.35
2024-07-30 01:00:00,40.06,27.1,51.2,3.4,18.11,14.61,8.09
2024-07-30 02:00:00,35.51,26.1,51.1,4.5,16.79,12.49,6.93
2024-07-30 03:00:00,28.35,26.3,56.6,2.0,11.94,10.23,5.26
2024-07-30 04:00:00,29.27,28.5,45.3,3.7,13.61,10.63,5.58
2024-07-30 05:00:00,18.26,25.6,59.1,5.5,7.76,7.12,3.51
2024-07-30 06:00:00,23.73,26.9,56.6,2.1,10.57,7.86,5.07
2024-07-30 07:00:00,30.54,31.1,39.8,3.6,13.82,11.15,5.83
2024-07-30 08:00:00,38.29,34.9,41.1,7.8,16.87,13.91,7.6
2024-07-30 09:00:00,43.03,33.9,43.1,5.4,19.59,14.24,8.56
2024-07-30 10:00:00,45.22,36.5,45.2,4.0,21.51,15.63,8.98
2024-07-30 11:00:00,51.45,34.1,39.6,5.0,23.46,18.26,10.84
2024-07-30 12:00:00,51.36,34.6,43.5,3.7,23.0,17.94,10.38
2024-07-30 13:00:00,51.13,36.8,45.4,8.8,22.36,18.18,9.61
2024-07-30 14:00:00,49.57,37.7,40.0,1.8,21.77,17.68,9.4
2024-07-30 15:00:00,42.04,34.1,33.8,4.8,18.07,14.67,8.55
2024-07-30 16:00:00,42.61,35.3,39.2,0.5,19.09,14.6,8.11
2024-07-30 17:00:00,35.55,34.7,46.8,1.6,16.13,12.31,7.27
2024-07-30 18:00:00,31.63,32.7,48.6,4.8,14.06,10.46,6.4
2024-07-30 19:00:00,30.77,31.7,34.7,5.1,13.58,10.06,6.11
2024-07-30 20:00:00,39.15,32.5,46.0,0.9,17.77,14.02,7.66
2024-07-30 21:00:00,34.74,30.7,51.9,2.7,15.86,12.6,7.01
2024-07-30 22:00:00,38.27,29.9,50.8,1.5,17.36,12.79,7.44
2024-07-30 23:00:00,42.15,28.2,53.4,6.3,18.91,14.99,8.29
2024-07-31 00:00:00,35.94,25.5,63.7,3.3,15.86,12.71,6.96
2024-07-31 01:00:00,39.57,27.0,51.4,3.2,18.44,13.11,8.11
2024-07-31 02:00:00,28.36,24.7,55.8,5.6,12.57,10.9,5.67
2024-07-31 03:00:00,5.61,25.9,48.3,4.6,3.05,1.84,1.12
2024-07-31 04:00:00,27.66,25.3,50.5,6.8,12.28,9.88,5.75
2024-07-31 05:00:00,21.67,26.7,50.3,7.1,9.76,7.74,3.85
2024-07-31 06:00:00,45.19,28.8,53.7,2.6,20.48,15.85,8.71
2024-07-31 07:00:00,27.7,29.2,45.2,4.3,12.26,9.95,5.28
2024-07-31 08:00:00,28.32,29.8,54.4,3.7,12.22,10.67,5.7
2024-07-31 09:00:00,40.0,34.2,37.5,4.0,16.72,15.01,7.54
2024-07-31 10:00:00,44.04,33.5,47.0,4.2,19.61,15.53,8.68
2024-07-31 11:00:00,47.26,33.9,46.1,1.1,21.3,16.7,9.85
2024-07-31 12:00:00,51.29,33.9,44.6,6.4,23.41,18.95,10.04
2024-07-31 13:00:00,49.91,33.2,49.1,1.6,23.38,17.45,9.85
2024-07-31 14:00:00,45.14,35.8,37.3,3.2,20.59,15.36,9.55
2024-07-31 15:00:00,40.95,33.9,41.0,2.5,18.51,14.08,7.78
2024-07-31 16:00:00,42.56,36.6,35.3,3.8,19.07,14.84,8.03
2024-07-31 17:00:00,39.19,34.7,42.3,7.7,17.82,13.44,7.72
2024-07-31 18:00:00,38.08,36.0,40.2,3.1,17.52,13.99,7.71
2024-07-31 19:00:00,33.2,32.8,48.9,4.1,15.91,11.29,6.58
2024-07-31 20:00:00,32.81,30.1,49.8,1.7,14.87,10.84,7.16
2024-07-31 21:00:00,32.04,27.1,55.0,3.3,14.12,11.22,6.36
2024-07-31 22:00:00,36.02,29.9,47.2,6.7,16.05,13.01,6.89
2024-07-31 23:00:00,35.28,25.7,55.2,7.0,15.4,12.72,6.94
2024-08-01 00:00:00,40.24,26.1,61.7,3.8,19.52,13.94,7.51
2024-08-01 01:00:00,39.01,28.8,42.7,5.1,16.9,13.61,7.79
2024-08-01 02:00:00,34.46,27.0,42.4,0.5,15.35,12.07,6.9
2024-08-01 03:00:00,53.16,26.8,55.0,3.7,23.86,18.06,10.89
2024-08-01 04:00:00,22.6,28.2,45.9,4.9,10.27,7.76,4.35
2024-08-01 05:00:00,26.8,28.9,42.4,2.7,11.97,8.82,5.01
2024-08-01 06:00:00,29.57,31.0,49.5,6.5,13.09,9.62,6.03
2024-08-01 07:00:00,25.43,28.9,44.3,5.2,11.23,9.69,5.08
2024-08-01 08:00:00,29.02,30.5,55.1,5.1,13.33,9.86,6.04
2024-08-01 09:00:00,34.17,31.0,47.6,0.6,15.47,12.05,6.36
2024-08-01 10:00:00,45.84,33.5,42.7,1.9,20.64,16.17,8.59
2024-08-01 11:00:00,52.94,34.4,38.6,4.7,23.69,18.69,10.25
2024-08-01 12:00:00,50.01,32.8,45.7,3.9,22.34,17.95,9.74
2024-08-01 13:00:00,45.41,34.9,34.1,3.9,21.11,15.48,9.22
2024-08-01 14:00:00,53.13,38.3,25.8,0.5,24.12,18.79,10.23
2024-08-01 15:00:00,42.64,36.3,32.7,3.2,19.55,15.09,8.68
2024-08-01 16:00:00,39.41,36.5,45.9,5.3,18.56,14.02,7.38
2024-08-01 17:00:00,33.89,34.4,38.0,4.4,15.96,11.83,6.78
2024-08-01 18:00:00,30.28,30.8,39.9,3.9,13.45,10.76,6.64
2024-08-01 19:00:00,34.06,32.2,44.9,4.6,15.12,12.22,7.29
2024-08-01 20:00:00,34.86,32.7,55.9,5.9,15.4,12.46,7.49
2024-08-01 21:00:00,31.7,28.0,55.8,5.8,13.92,11.17,6.17
2024-08-01 22:00:00,39.35,29.7,44.3,3.3,18.16,14.9,8.4
2024-08-01 23:00:00,35.29,25.0,49.9,2.6,15.92,11.77,7.24
2024-08-02 00:00:00,40.47,26.7,48.0,2.9,18.17,13.97,8.2
2024-08-02 01:00:00,33.74,27.0,47.1,3.6,15.51,11.84,6.45
2024-08-02 02:00:00,32.08,25.5,56.1,1.3,15.06,10.93,6.09
2024-08-02 03:00:00,32.13,29.9,46.5,4.0,15.1,10.98,6.06
2024-08-02 04:00:00,25.0,25.9,47.3,3.3,11.86,8.08,4.85
2024-08-02 05:00:00,22.81,26.6,45.4,5.1,9.81,7.55,4.56
2024-08-02 06:00:00,25.57,28.8,60.9,2.4,12.07,8.69,5.27
2024-08-02 07:00:00,24.34,28.6,53.4,1.1,10.75,8.41,5.12
2024-08-02 08:00:00,25.77,28.8,45.1,6.4,11.9,9.03,4.67
2024-08-02 09:00:00,30.71,30.7,53.3,1.1,13.98,10.15,5.93
2024-08-02 10:00:00,45.36,34.6,36.7,6.9,19.1,15.41,9.4
2024-08-02 11:00:00,46.51,34.1,42.4,3.5,20.78,16.29,9.16
2024-08-02 12:00:00,52.61,37.9,37.3,1.0,24.34,18.56,10.52
2024-08-02 13:00:00,52.53,35.2,42.7,1.6,24.23,18.42,10.28
2024-08-02 14:00:00,47.18,37.1,34.8,3.7,21.24,15.95,9.71
2024-08-02 15:00:00,48.41,36.6,40.7,0.5,21.46,16.77,9.52
2024-08-02 16:00:00,42.26,34.7,33.7,6.7,18.85,14.79,8.71
2024-08-02 17:00:00,28.43,33.2,42.2,5.4,13.34,10.04,6.02
2024-08-02 18:00:00,29.06,30.9,53.6,3.6,13.64,10.42,5.0
2024-08-02 19:00:00,32.17,33.1,49.4,6.9,15.37,11.09,6.82
2024-08-02 20:00:00,28.14,32.8,41.1,2.3,12.62,9.75,5.92
2024-08-02 21:00:00,27.35,27.3,43.6,5.9,13.68,9.45,5.92
2024-08-02 22:00:00,37.58,28.0,39.5,5.4,16.59,13.3,7.25
2024-08-02 23:00:00,41.22,26.5,55.3,4.0,19.75,14.52,8.28
2024-08-03 00:00:00,32.19,27.4,52.5,2.6,15.36,10.9,6.42
2024-08-03 01:00:00,27.26,25.6,55.2,3.8,12.15,9.48,5.29
2024-08-03 02:00:00,27.8,27.9,59.0,7.5,12.82,10.39,6.01
2024-08-03 03:00:00,25.66,25.5,54.1,1.3,11.27,9.29,5.38
2024-08-03 04:00:00,22.85,24.7,55.4,2.0,10.36,6.81,4.73
2024-08-03 05:00:00,16.87,26.7,45.0,4.3,8.27,6.2,3.27
2024-08-03 06:00:00,14.39,27.9,58.7,4.5,6.45,4.88,3.52
2024-08-03 07:00:00,18.69,30.4,46.7,1.8,7.89,7.54,3.57
2024-08-03 08:00:00,29.22,30.4,43.5,5.4,12.45,10.77,5.75
2024-08-03 09:00:00,32.38,32.9,45.6,6.9,14.28,11.5,6.25
2024-08-03 10:00:00,34.81,32.2,55.3,1.2,15.76,12.52,6.23
2024-08-03 11:00:00,34.6,34.0,53.9,8.1,16.22,13.02,6.97
2024-08-03 12:00:00,38.04,34.1,38.3,2.4,16.85,13.45,7.78
2024-08-03 13:00:00,39.04,34.5,48.5,2.6,17.83,12.92,7.9
2024-08-03 14:00:00,43.27,37.8,40.3,0.9,20.46,15.31,8.99
2024-08-03 15:00:00,34.21,34.7,47.3,3.5,14.63,12.12,6.25
2024-08-03 16:00:00,29.87,34.7,43.7,7.5,13.71,10.63,6.24
2024-08-03 17:00:00,30.39,36.0,43.8,1.8,13.41,10.27,6.32
2024-08-03 18:00:00,32.4,34.6,49.1,3.9,14.11,11.65,6.64
2024-08-03 19:00:00,30.94,34.7,33.6,2.4,14.08,11.11,6.15
2024-08-03 20:00:00,29.37,31.7,47.8,0.6,14.12,9.67,6.15
2024-08-03 21:00:00,24.03,28.7,43.7,8.9,10.81,8.12,5.15
2024-08-03 22:00:00,25.87,31.5,43.9,4.8,11.3,9.09,5.47
2024-08-03 23:00:00,29.14,28.3,50.1,4.9,12.6,10.18,5.74
2024-08-04 00:00:00,26.14,26.3,47.4,4.4,11.9,8.46,5.62
2024-08-04 01:00:00,28.15,26.1,49.8,1.7,12.59,9.9,5.58
2024-08-04 02:00:00,33.45,26.1,45.7,2.0,14.65,11.63,6.83
2024-08-04 03:00:00,23.48,25.7,50.2,3.0,10.28,7.84,5.24
2024-08-04 04:00:00,23.96,24.4,57.2,9.9,11.02,8.2,5.05
2024-08-04 05:00:00,24.43,29.7,52.6,4.5,10.73,8.09,4.92
2024-08-04 06:00:00,18.53,28.3,46.2,3.2,8.17,6.55,3.59
2024-08-04 07:00:00,23.99,29.8,54.9,3.5,10.68,7.85,5.07
2024-08-04 08:00:00,35.84,34.0,46.1,6.8,16.52,12.58,7.33
2024-08-04 09:00:00,34.5,31.1,53.8,2.0,15.75,12.3,7.26
2024-08-04 10:00:00,36.12,34.3,34.0,2.6,16.22,12.13,6.94
2024-08-04 11:00:00,38.55,33.2,45.7,2.9,17.61,13.02,7.84
2024-08-04 12:00:00,38.79,35.7,44.3,6.4,17.59,14.01,7.89
2024-08-04 13:00:00,44.16,36.0,32.2,5.2,20.3,15.65,9.11
2024-08-04 14:00:00,45.5,37.0,51.6,4.0,19.68,16.72,9.43
2024-08-04 15:00:00,91.05,37.5,35.8,2.6,41.96,31.93,18.38
2024-08-04 16:00:00,30.23,34.3,45.6,2.0,13.53,10.66,6.23
2024-08-04 17:00:00,34.04,36.5,44.8,2.7,15.12,12.24,6.95
2024-08-04 18:00:00,32.04,35.6,41.8,6.9,14.25,10.74,6.01
2024-08-04 19:00:00,26.23,31.8,52.8,6.6,11.89,9.09,5.41
2024-08-04 20:00:00,27.14,30.8,57.0,3.1,11.77,9.91,5.73
2024-08-04 21:00:00,26.04,28.8,43.9,2.7,11.81,9.34,4.72
2024-08-04 22:00:00,30.39,27.9,51.1,6.2,13.79,10.01,6.25
2024-08-04 23:00:00,28.23,25.5,58.0,3.3,13.4,9.71,5.96
2024-08-05 00:00:00,36.65,27.6,42.7,0.8,16.09,13.24,7.55
2024-08-05 01:00:00,30.19,22.8,61.9,2.8,14.58,10.74,6.08
2024-08-05 02:00:00,30.4,24.7,62.9,4.1,13.44,10.94,6.16
2024-08-05 03:00:00,30.84,25.9,59.4,7.2,13.53,9.65,5.75
2024-08-05 04:00:00,29.4,28.4,52.1,3.2,13.0,10.71,5.91
2024-08-05 05:00:00,21.72,26.4,60.0,2.2,9.88,7.24,4.1
2024-08-05 06:00:00,26.72,28.9,51.1,3.0,12.22,9.18,5.28
2024-08-05 07:00:00,26.9,29.3,42.2,1.0,12.48,8.89,5.04
2024-08-05 08:00:00,36.93,32.2,42.8,6.4,16.11,12.62,7.33
2024-08-05 09:00:00,39.97,32.6,43.6,0.8,17.14,13.55,7.88
2024-08-05 10:00:00,44.93,34.5,42.3,0.5,20.45,15.98,8.86
2024-08-05 11:00:00,47.49,33.5,43.4,4.1,21.54,17.49,9.18
2024-08-05 12:00:00,51.35,33.6,42.0,1.7,23.34,18.81,10.58
2024-08-05 13:00:00,49.49,36.1,41.7,2.5,22.37,16.74,10.21
2024-08-05 14:00:00,47.51,35.0,49.5,3.5,20.86,16.5,9.69
2024-08-05 15:00:00,43.49,35.6,42.3,5.3,19.27,13.98,8.68
2024-08-05 16:00:00,40.88,35.6,44.5,3.0,18.63,14.47,8.08
2024-08-05 17:00:00,36.32,36.1,29.7,7.5,16.41,12.47,7.13
2024-08-05 18:00:00,34.65,34.4,43.3,3.3,16.15,12.65,6.75
2024-08-05 19:00:00,33.03,31.0,52.2,6.7,15.31,11.68,6.59
2024-08-05 20:00:00,27.68,29.0,55.4,3.3,12.2,8.87,5.49
2024-08-05 21:00:00,34.93,32.0,51.3,3.6,16.79,11.94,6.58
2024-08-05 22:00:00,29.56,25.9,54.5,7.6,12.62,10.56,6.61
2024-08-05 23:00:00,33.6,26.5,54.2,4.5,14.79,11.5,6.89
2024-08-06 00:00:00,40.24,27.3,47.9,1.7,18.16,14.35,7.89
2024-08-06 01:00:00,35.72,28.3,54.3,4.1,15.44,11.67,6.75
2024-08-06 02:00:00,31.37,25.4,50.2,2.1,13.51,10.74,5.6
2024-08-06 03:00:00,30.66,25.9,56.4,2.6,12.89,11.25,6.38
2024-08-06 04:00:00,25.12,25.0,54.2,5.7,11.67,8.24,5.15
2024-08-06 05:00:00,23.82,27.3,51.3,4.5,8.88,8.23,4.71
2024-08-06 06:00:00,22.93,26.4,57.3,2.5,10.52,8.64,4.64
2024-08-06 07:00:00,26.44,28.2,52.9,0.5,12.37,9.1,5.42
2024-08-06 08:00:00,33.7,31.8,47.2,3.7,15.37,11.95,6.53
2024-08-06 09:00:00,36.73,31.3,44.0,2.3,16.21,13.29,7.74
2024-08-06 10:00:00,51.45,34.5,50.6,0.7,22.53,17.28,10.37
2024-08-06 11:00:00,49.77,34.0,44.9,1.1,23.21,17.34,10.12
2024-08-06 12:00:00,53.41,32.9,48.2,4.5,24.23,19.38,10.68
2024-08-06 13:00:00,51.42,37.2,39.7,3.1,22.42,17.9,10.42
2024-08-06 14:00:00,44.37,33.7,40.1,2.3,19.61,16.02,9.12
2024-08-06 15:00:00,38.85,34.6,44.3,6.2,18.07,13.29,7.57
2024-08-06 16:00:00,36.57,34.7,39.4,5.6,17.08,12.74,7.63
2024-08-06 17:00:00,42.12,35.7,43.3,3.4,18.95,15.85,8.67
2024-08-06 18:00:00,30.05,32.4,28.8,2.4,14.34,10.97,6.14
2024-08-06 19:00:00,34.45,30.6,45.3,3.6,15.58,12.47,7.16
2024-08-06 20:00:00,29.8,30.9,46.8,5.0,13.04,10.74,6.09
2024-08-06 21:00:00,31.24,29.0,44.4,0.5,13.32,10.86,6.03
2024-08-06 22:00:00,34.39,27.5,52.9,4.1,16.51,12.24,7.26
2024-08-06 23:00:00,37.81,27.4,49.0,4.7,15.97,13.02,7.53
2024-08-07 00:00:00,36.83,24.4,54.7,5.5,16.54,12.01,7.98
2024-08-07 01:00:00,34.01,23.1,53.5,2.1,16.27,12.12,6.77
2024-08-07 02:00:00,36.25,28.8,54.3,2.0,16.22,14.04,7.46
2024-08-07 03:00:00,28.89,25.9,55.7,2.1,13.58,9.26,6.2
2024-08-07 04:00:00,25.58,26.5,53.7,6.9,11.92,8.25,5.05
2024-08-07 05:00:00,20.39,25.9,53.3,1.7,9.41,6.64,3.82
2024-08-07 06:00:00,24.78,29.4,61.4,5.1,11.21,9.28,4.84
2024-08-07 07:00:00,29.16,28.5,49.1,8.8,12.92,10.1,5.95
2024-08-07 08:00:00,21.64,26.4,48.9,7.3,9.49,7.35,4.66
2024-08-07 09:00:00,40.94,31.0,40.9,3.1,18.05,14.44,8.22
2024-08-07 10:00:00,42.24,32.6,49.4,5.7,18.78,14.73,8.39
2024-08-07 11:00:00,105.14,33.8,51.5,4.5,47.39,37.05,21.26
2024-08-07 12:00:00,51.63,34.6,38.2,6.0,22.83,18.15,9.83
2024-08-07 13:00:00,52.23,34.4,41.3,1.8,23.62,17.02,10.79
2024-08-07 14:00:00,48.61,34.4,40.9,5.1,21.77,17.29,9.59
2024-08-07 15:00:00,44.06,34.9,41.4,4.0,21.0,14.95,8.77
2024-08-07 16:00:00,37.99,32.4,36.3,3.7,18.1,12.79,7.89
2024-08-07 17:00:00,26.34,31.2,50.6,4.8,11.92,9.1,5.05
2024-08-07 18:00:00,31.4,33.2,50.1,2.4,13.24,10.08,5.88
2024-08-07 19:00:00,29.66,32.0,36.0,1.2,13.66,10.49,6.18
2024-08-07 20:00:00,37.52,31.9,54.5,3.5,17.64,13.38,7.19
2024-08-07 21:00:00,32.75,28.9,57.4,2.5,13.66,12.01,6.68
2024-08-07 22:00:00,64.18,26.3,37.1,2.3,29.18,22.4,12.75
2024-08-07 23:00:00,34.4,24.1,44.2,10.8,15.97,11.59,6.78
2024-08-08 00:00:00,33.01,24.8,53.6,2.0,15.03,10.99,6.88
2024-08-08 01:00:00,34.89,26.3,59.1,2.2,15.94,12.49,7.15
2024-08-08 02:00:00,89.44,27.6,52.3,2.7,40.02,31.07,17.51
2024-08-08 03:00:00,27.1,25.7,53.3,3.5,12.4,8.23,5.33
2024-08-08 04:00:00,23.5,24.3,57.7,6.0,10.57,8.03,4.99
2024-08-08 05:00:00,20.42,25.6,49.2,1.9,8.97,7.7,4.24
2024-08-08 06:00:00,22.21,26.7,58.4,4.2,9.86,8.43,4.19
2024-08-08 07:00:00,26.69,28.6,49.2,2.9,11.3,8.91,6.08
2024-08-08 08:00:00,32.97,32.1,37.3,5.4,14.3,11.18,6.76
2024-08-08 09:00:00,38.4,33.6,39.8,4.1,16.76,13.3,7.17
2024-08-08 10:00:00,43.99,32.7,46.6,5.3,20.01,15.11,8.91
2024-08-08 11:00:00,46.26,34.3,41.4,5.9,20.43,16.81,9.34
2024-08-08 12:00:00,46.33,33.6,41.7,6.6,21.41,16.22,9.49
2024-08-08 13:00:00,43.7,32.7,45.7,9.9,19.58,15.46,8.16
2024-08-08 14:00:00,51.24,38.1,40.0,4.2,23.16,17.47,10.47
2024-08-08 15:00:00,40.54,31.8,39.7,4.3,17.97,14.04,8.49
2024-08-08 16:00:00,38.54,32.0,51.7,1.7,17.61,12.69,7.06
2024-08-08 17:00:00,37.19,36.7,39.3,1.4,16.81,13.2,8.04
2024-08-08 18:00:00,37.82,33.0,46.5,3.5,17.69,13.32,7.26
2024-08-08 19:00:00,26.56,30.1,48.4,4.6,12.5,9.47,5.36
2024-08-08 20:00:00,36.65,31.5,44.2,2.3,15.8,13.55,7.39
2024-08-08 21:00:00,34.15,30.3,52.2,2.7,15.94,11.73,6.65
2024-08-08 22:00:00,30.98,26.0,53.3,4.7,13.72,11.25,5.79
2024-08-08 23:00:00,34.29,26.1,53.0,2.1,15.32,11.97,6.78
2024-08-09 00:00:00,38.93,27.3,38.7,3.6,18.34,14.13,7.4
2024-08-09 01:00:00,34.94,24.3,58.9,3.7,15.73,11.99,7.06
2024-08-09 02:00:00,34.64,25.8,52.2,6.7,15.44,11.66,7.15
2024-08-09 03:00:00,29.68,27.7,54.6,3.0,14.04,9.76,5.61
2024-08-09 04:00:00,20.32,22.4,65.3,2.1,8.29,7.43,4.32
2024-08-09 05:00:00,21.22,26.3,56.5,1.9,9.78,7.18,4.55
2024-08-09 06:00:00,25.14,28.3,50.4,2.5,10.84,8.0,4.73
2024-08-09 07:00:00,23.09,26.4,50.9,2.4,10.16,8.18,4.39
2024-08-09 08:00:00,28.77,29.6,61.2,5.0,13.17,9.8,5.86
2024-08-09 09:00:00,41.05,33.2,46.6,4.0,17.44,13.46,7.93
2024-08-09 10:00:00,47.65,31.8,46.9,4.5,22.45,15.71,9.59
2024-08-09 11:00:00,43.28,31.7,45.1,4.2,19.78,15.45,8.85
2024-08-09 12:00:00,51.54,36.4,35.9,3.4,23.58,18.11,9.59
2024-08-09 13:00:00,52.22,35.9,31.2,6.9,23.03,18.13,10.37
2024-08-09 14:00:00,45.78,35.3,49.3,5.5,19.9,16.11,9.21
2024-08-09 15:00:00,44.78,35.0,38.1,2.1,20.2,16.45,8.83
2024-08-09 16:00:00,39.34,36.2,39.6,3.1,17.37,14.6,7.24
2024-08-09 17:00:00,40.13,34.3,42.3,2.5,17.83,13.79,7.82
2024-08-09 18:00:00,34.65,33.8,50.6,5.0,16.34,12.77,6.85
2024-08-09 19:00:00,28.42,30.6,43.4,2.8,12.66,10.07,5.19
2024-08-09 20:00:00,26.55,27.5,52.3,4.3,12.22,9.0,5.32
2024-08-09 21:00:00,34.26,30.0,50.6,2.5,15.52,11.35,6.99
2024-08-09 22:00:00,41.99,29.5,41.7,1.8,19.73,14.73,8.45
2024-08-09 23:00:00,33.6,26.5,44.8,0.5,14.39,12.03,6.44
2024-08-10 00:00:00,28.58,27.3,47.7,9.7,12.55,9.21,5.82
2024-08-10 01:00:00,24.59,24.9,55.3,2.1,10.5,8.73,4.61
2024-08-10 02:00:00,24.19,25.1,54.4,5.7,11.98,7.83,4.77
2024-08-10 03:00:00,25.14,28.1,49.7,5.6,9.74,8.79,5.22
2024-08-10 04:00:00,15.43,25.5,56.7,2.2,7.21,5.71,3.07
2024-08-10 05:00:00,17.16,26.2,48.3,3.1,8.04,6.2,3.3
2024-08-10 06:00:00,15.29,24.9,53.2,5.7,6.99,5.13,3.0
2024-08-10 07:00:00,22.29,30.0,47.4,4.6,9.58,7.96,4.77
2024-08-10 08:00:00,26.43,29.2,44.8,2.9,11.48,8.25,5.25
2024-08-10 09:00:00,33.69,31.8,57.4,7.3,15.36,12.26,6.86
2024-08-10 10:00:00,34.78,32.3,34.5,2.7,15.68,12.7,6.77
2024-08-10 11:00:00,38.87,33.1,50.5,2.1,17.0,13.29,7.4
2024-08-10 12:00:00,35.58,34.4,46.7,1.7,16.07,13.05,6.45
2024-08-10 13:00:00,40.09,35.0,46.0,4.7,18.24,14.0,7.8
2024-08-10 14:00:00,44.59,37.0,40.1,0.7,20.36,16.14,8.44
2024-08-10 15:00:00,38.73,37.4,45.8,5.8,17.76,12.42,7.69
2024-08-10 16:00:00,32.43,35.6,39.1,2.6,13.93,10.89,6.33
2024-08-10 17:00:00,38.11,35.7,43.1,2.9,16.95,12.52,7.86
2024-08-10 18:00:00,33.72,34.0,43.5,5.4,14.45,11.23,6.49
2024-08-10 19:00:00,28.47,32.3,44.1,5.5,13.08,10.45,5.37
2024-08-10 20:00:00,74.59,32.4,45.7,3.0,32.85,25.95,15.28
2024-08-10 21:00:00,18.67,27.0,46.9,3.8,7.97,6.32,4.06
2024-08-10 22:00:00,24.68,26.7,48.6,4.5,10.84,8.15,5.07
2024-08-10 23:00:00,25.67,25.5,61.3,4.6,11.63,9.24,5.26
2024-08-11 00:00:00,26.89,25.4,68.0,3.7,11.82,9.09,5.53
2024-08-11 01:00:00,26.98,26.3,55.0,5.8,11.5,9.18,5.31
2024-08-11 02:00:00,16.25,23.5,60.0,5.8,7.52,5.25,2.59
2024-08-11 03:00:00,23.88,26.1,54.0,5.8,10.86,9.21,4.4
2024-08-11 04:00:00,19.76,24.9,56.4,2.4,7.93,6.91,4.4
2024-08-11 05:00:00,50.79,26.1,55.4,2.3,22.74,17.79,10.5
2024-08-11 06:00:00,18.14,27.9,55.6,1.6,8.31,6.55,3.83
2024-08-11 07:00:00,23.83,31.4,54.0,5.6,10.98,7.56,4.7
2024-08-11 08:00:00,17.92,29.1,44.7,1.1,7.85,5.81,3.34
2024-08-11 09:00:00,30.06,31.3,60.6,1.6,14.51,10.51,5.62
2024-08-11 10:00:00,35.42,31.0,47.5,6.8,15.98,13.13,7.61
2024-08-11 11:00:00,36.05,32.6,45.6,1.6,16.72,12.94,7.58
2024-08-11 12:00:00,44.06,32.8,42.5,1.5,19.6,15.11,9.44
2024-08-11 13:00:00,8.21,35.3,39.5,6.6,4.15,2.49,1.67
2024-08-11 14:00:00,40.67,35.8,44.1,2.6,18.24,15.01,8.43
2024-08-11 15:00:00,34.41,36.0,44.0,6.2,16.11,11.51,6.53
2024-08-11 16:00:00,31.74,33.3,46.8,2.9,14.08,10.43,6.98
2024-08-11 17:00:00,25.66,34.4,40.4,2.9,11.62,9.0,5.12
2024-08-11 18:00:00,29.15,32.8,31.1,1.6,12.93,10.19,6.27
2024-08-11 19:00:00,63.9,31.4,37.4,6.7,28.73,21.86,12.54
2024-08-11 20:00:00,26.82,28.3,50.1,5.1,12.13,9.34,5.65
2024-08-11 21:00:00,4.98,29.1,50.8,2.1,1.22,1.86,0.89
2024-08-11 22:00:00,28.91,27.9,48.4,4.8,13.65,10.28,5.81
2024-08-11 23:00:00,30.24,26.8,48.4,1.4,12.82,10.42,6.18
2024-08-12 00:00:00,38.82,26.3,53.9,3.7,18.08,13.29,7.58
2024-08-12 01:00:00,34.46,26.2,52.0,2.3,15.83,11.9,6.66
2024-08-12 02:00:00,24.53,23.4,53.6,5.8,11.52,8.04,4.69
2024-08-12 03:00:00,28.94,24.9,46.1,3.6,12.68,9.86,5.92
2024-08-12 04:00:00,26.34,26.5,48.0,6.8,11.73,9.28,5.27
2024-08-12 05:00:00,21.99,26.1,57.4,4.0,10.29,7.85,4.94
2024-08-12 06:00:00,28.63,29.0,44.4,3.6,12.12,9.78,5.97
2024-08-12 07:00:00,27.46,28.9,52.7,4.6,11.86,9.75,5.62
2024-08-12 08:00:00,24.36,27.1,58.4,5.3,10.1,8.65,4.97
2024-08-12 09:00:00,34.81,32.6,40.9,0.5,16.17,13.21,7.08
2024-08-12 10:00:00,40.22,32.4,43.0,3.6,17.99,14.66,8.23
2024-08-12 11:00:00,49.61,30.9,51.8,5.2,22.75,15.72,10.26
2024-08-12 12:00:00,51.04,34.0,49.4,3.1,23.33,17.51,10.05
2024-08-12 13:00:00,47.17,33.0,41.2,0.9,21.81,16.62,9.77
2024-08-12 14:00:00,48.3,36.2,32.5,0.6,21.5,16.7,9.26
2024-08-12 15:00:00,42.35,34.8,48.5,5.3,18.44,16.12,8.75
2024-08-12 16:00:00,39.39,33.0,47.3,2.0,17.84,14.2,7.87
2024-08-12 17:00:00,35.21,34.8,44.3,1.9,15.74,11.28,7.01
2024-08-12 18:00:00,34.53,33.2,48.7,2.5,15.99,11.61,6.78
2024-08-12 19:00:00,29.85,31.0,40.9,1.4,13.52,10.27,5.75
2024-08-12 20:00:00,34.11,28.2,52.2,1.0,15.8,12.56,6.56
2024-08-12 21:00:00,33.83,27.5,49.6,6.1,15.81,12.23,6.67
2024-08-12 22:00:00,36.99,26.2,55.5,2.5,15.92,12.79,7.31
2024-08-12 23:00:00,37.22,27.6,54.9,4.0,15.79,13.04,7.67
2024-08-13 00:00:00,36.97,23.1,61.2,5.9,15.96,13.0,8.18
2024-08-13 01:00:00,34.07,25.0,57.0,8.3,14.82,11.8,6.43
2024-08-13 02:00:00,31.67,24.5,55.8,4.6,14.15,11.39,6.41
2024-08-13 03:00:00,62.78,26.6,53.5,7.3,27.77,21.97,12.51
2024-08-13 04:00:00,23.38,25.9,54.7,3.1,10.84,8.41,4.68
2024-08-13 05:00:00,25.62,27.2,48.3,5.3,11.76,9.0,5.7
2024-08-13 06:00:00,24.37,26.6,50.2,7.1,10.93,8.23,4.66
2024-08-13 07:00:00,25.8,26.8,53.9,1.0,11.78,8.15,4.82
2024-08-13 08:00:00,30.09,29.4,51.9,2.6,13.9,11.2,6.26
2024-08-13 09:00:00,44.61,32.4,41.9,4.9,19.79,16.37,8.53
2024-08-13 10:00:00,41.71,33.6,38.3,2.6,19.13,14.6,8.42
2024-08-13 11:00:00,115.42,32.8,36.3,0.6,51.04,40.32,23.51
2024-08-13 12:00:00,50.8,33.0,38.1,5.4,22.67,17.06,9.86
2024-08-13 13:00:00,51.82,33.2,41.5,1.8,23.74,17.99,10.04
2024-08-13 14:00:00,42.68,34.7,40.1,2.6,18.65,15.37,8.83
2024-08-13 15:00:00,41.08,35.0,40.6,6.6,17.91,14.73,8.26
2024-08-13 16:00:00,45.49,36.5,34.2,2.1,20.15,15.22,9.21
2024-08-13 17:00:00,30.1,33.6,34.6,6.4,13.53,11.41,6.26
2024-08-13 18:00:00,29.32,33.3,44.6,3.1,13.12,9.8,5.94
2024-08-13 19:00:00,28.17,30.0,48.6,6.7,12.98,9.66,5.51
2024-08-13 20:00:00,32.53,30.0,51.1,6.1,15.29,12.02,6.44
2024-08-13 21:00:00,38.06,28.8,53.5,3.1,17.21,13.64,7.26
2024-08-13 22:00:00,34.92,27.2,53.3,6.8,16.17,12.07,7.09
2024-08-13 23:00:00,35.33,26.3,53.0,4.2,15.85,11.89,6.77
2024-08-14 00:00:00,37.66,25.7,57.6,3.4,16.65,14.01,7.15
2024-08-14 01:00:00,37.1,25.7,60.3,3.7,17.26,12.69,7.8
2024-08-14 02:00:00,35.58,26.6,48.8,1.1,15.88,12.34,7.21
2024-08-14 03:00:00,26.45,21.6,62.0,5.4,11.27,9.08,4.59
2024-08-14 04:00:00,22.97,27.1,48.3,2.5,10.76,8.19,4.47
2024-08-14 05:00:00,18.11,23.7,56.7,2.4,8.58,6.39,3.24
2024-08-14 06:00:00,28.59,27.8,56.0,4.8,13.13,10.42,5.87
2024-08-14 07:00:00,32.92,32.0,44.2,2.9,14.86,11.98,6.5
2024-08-14 08:00:00,30.94,29.7,43.6,3.6,13.83,10.47,6.34
2024-08-14 09:00:00,40.73,31.4,44.1,3.1,18.05,13.7,8.42
2024-08-14 10:00:00,39.57,31.8,41.0,3.6,18.4,14.34,8.15
2024-08-14 11:00:00,48.33,34.3,37.4,2.1,21.42,16.49,9.84
2024-08-14 12:00:00,50.75,34.7,48.4,6.2,22.1,17.73,10.34
2024-08-14 13:00:00,46.71,33.6,46.3,4.1,21.44,16.14,9.52
2024-08-14 14:00:00,46.84,34.6,38.8,2.2,21.01,16.13,9.85
2024-08-14 15:00:00,39.85,33.0,39.5,1.3,18.31,14.15,7.7
2024-08-14 16:00:00,34.57,34.0,38.7,3.7,15.59,12.12,6.92
2024-08-14 17:00:00,33.91,32.7,41.2,3.4,15.5,12.1,6.36
2024-08-14 18:00:00,28.83,32.5,50.8,7.0,12.63,10.3,5.74
2024-08-14 19:00:00,29.85,30.0,47.4,2.2,14.02,10.17,5.81
2024-08-14 20:00:00,34.79,29.5,59.3,6.2,15.07,13.23,6.71
2024-08-14 21:00:00,32.97,28.5,49.6,5.1,13.96,10.97,6.09
2024-08-14 22:00:00,32.84,27.4,48.2,3.4,14.46,11.43,6.97
2024-08-14 23:00:00,37.08,26.7,56.6,6.1,16.53,14.03,7.06
2024-08-15 00:00:00,34.01,25.1,45.5,6.0,15.82,11.96,6.61
2024-08-15 01:00:00,34.94,23.7,56.5,4.7,15.45,11.94,7.43
2024-08-15 02:00:00,31.54,24.8,48.2,1.4,13.98,11.51,6.27
2024-08-15 03:00:00,32.1,24.6,43.6,1.8,14.49,12.0,6.12
2024-08-15 04:00:00,30.44,26.9,51.2,4.0,13.04,10.21,5.99
2024-08-15 05:00:00,25.88,27.9,54.7,2.3,12.56,9.46,5.56
2024-08-15 06:00:00,22.93,25.1,54.9,3.8,10.1,8.34,4.67
2024-08-15 07:00:00,27.44,29.3,49.3,3.8,12.67,9.46,5.33
2024-08-15 08:00:00,33.65,30.9,33.9,4.0,15.29,12.28,6.76
2024-08-15 09:00:00,33.48,29.0,48.5,3.9,14.31,11.96,6.25
2024-08-15 10:00:00,46.19,33.0,43.6,2.9,20.8,16.13,9.27
2024-08-15 11:00:00,52.87,34.6,45.6,2.1,23.58,18.83,9.96
2024-08-15 12:00:00,49.33,32.6,39.6,3.6,22.38,16.41,9.83
2024-08-15 13:00:00,50.99,34.2,47.2,3.5,23.55,18.21,9.99
2024-08-15 14:00:00,49.45,35.0,39.5,2.4,22.78,17.22,9.59
2024-08-15 15:00:00,45.38,35.4,40.1,1.0,20.69,16.5,9.18
2024-08-15 16:00:00,33.15,32.5,47.6,2.0,14.63,11.86,6.43
2024-08-15 17:00:00,41.14,34.9,36.1,3.8,18.25,15.25,8.11
2024-08-15 18:00:00,31.67,29.1,53.2,3.7,14.61,10.48,6.25
2024-08-15 19:00:00,33.31,33.0,37.7,1.6,14.65,11.71,5.9
2024-08-15 20:00:00,32.03,30.5,50.7,4.1,14.43,10.93,6.48
2024-08-15 21:00:00,33.66,27.5,49.9,3.1,15.29,12.05,6.56
2024-08-15 22:00:00,38.8,28.5,49.1,4.4,16.79,13.08,7.33
2024-08-15 23:00:00,33.8,24.6,39.2,6.3,15.08,11.5,6.63
2024-08-16 00:00:00,33.49,25.4,50.6,2.6,15.26,12.05,6.6
2024-08-16 01:00:00,35.9,25.1,52.9,2.8,15.95,12.28,7.46
2024-08-16 02:00:00,33.51,24.9,61.9,4.5,15.8,11.7,6.65
2024-08-16 03:00:00,28.83,23.5,55.7,7.3,12.5,9.73,6.17
2024-08-16 04:00:00,24.86,24.5,51.4,3.5,11.87,8.99,5.59
2024-08-16 05:00:00,23.16,26.2,56.7,1.8,11.25,8.17,4.46
2024-08-16 06:00:00,24.95,26.0,50.3,7.0,11.77,9.39,5.57
2024-08-16 07:00:00,27.69,28.7,54.8,3.4,13.05,10.18,5.41
2024-08-16 08:00:00,29.05,28.6,50.9,3.3,12.77,9.09,6.08
2024-08-16 09:00:00,39.09,32.3,40.7,3.7,16.93,14.05,7.48
2024-08-16 10:00:00,42.0,34.4,47.4,2.3,19.01,15.37,8.18
2024-08-16 11:00:00,46.02,32.6,47.8,5.3,20.37,15.62,9.13
2024-08-16 12:00:00,53.13,35.3,46.2,4.3,23.79,19.33,10.45
2024-08-16 13:00:00,49.46,34.1,42.2,7.5,21.83,16.75,10.04
2024-08-16 14:00:00,48.29,33.1,47.2,2.0,21.4,17.96,9.83
2024-08-16 15:00:00,40.98,33.7,53.1,4.2,18.86,15.24,8.25
2024-08-16 16:00:00,39.5,34.0,44.0,3.6,17.46,13.3,8.15
2024-08-16 17:00:00,32.12,30.4,45.5,6.4,14.56,10.94,6.22
2024-08-16 18:00:00,38.86,33.0,52.1,0.7,17.15,14.22,7.51
2024-08-16 19:00:00,31.35,31.0,50.2,5.1,13.99,11.1,6.82
2024-08-16 20:00:00,31.24,31.1,44.5,4.2,12.96,11.24,6.24
2024-08-16 21:00:00,36.9,29.2,57.7,4.1,16.06,13.26,7.65
2024-08-16 22:00:00,40.28,27.2,45.3,6.1,18.43,14.36,8.28
2024-08-16 23:00:00,34.93,25.5,56.1,4.0,15.11,11.75,6.92
2024-08-17 00:00:00,33.0,27.4,56.9,4.8,14.83,11.19,6.33
2024-08-17 01:00:00,33.92,27.9,55.9,4.3,15.23,11.3,6.51
2024-08-17 02:00:00,25.55,23.9,50.8,1.1,11.94,8.51,5.24
2024-08-17 03:00:00,23.76,26.2,46.4,1.5,9.98,8.84,4.11
2024-08-17 04:00:00,15.7,24.0,56.3,2.7,7.06,6.24,3.17
2024-08-17 05:00:00,16.64,25.0,57.5,4.5,7.19,6.36,3.56
2024-08-17 06:00:00,19.24,26.3,47.0,0.7,9.51,6.65,3.86
2024-08-17 07:00:00,25.34,29.2,50.5,5.2,12.41,8.21,5.57
2024-08-17 08:00:00,23.94,27.8,43.3,2.0,11.32,7.21,5.13
2024-08-17 09:00:00,32.82,33.0,49.6,3.8,15.18,11.75,6.58
2024-08-17 10:00:00,38.4,33.3,41.1,2.0,17.15,14.04,7.52
2024-08-17 11:00:00,42.15,34.0,42.4,1.9,18.9,15.61,8.56
2024-08-17 12:00:00,40.75,33.3,48.3,2.7,18.15,14.61,7.95
2024-08-17 13:00:00,40.23,35.5,45.3,6.8,18.27,14.22,7.77
2024-08-17 14:00:00,31.64,30.1,50.3,2.2,13.89,11.23,6.47
2024-08-17 15:00:00,38.95,34.9,47.2,0.9,16.98,13.46,8.14
2024-08-17 16:00:00,28.93,34.0,45.2,6.2,12.75,10.59,5.34
2024-08-17 17:00:00,19.3,30.1,55.1,3.2,8.42,6.88,3.52
2024-08-17 18:00:00,31.15,32.5,36.4,4.2,13.4,11.48,6.04
2024-08-17 19:00:00,28.02,31.6,45.8,6.2,13.44,9.33,5.58
2024-08-17 20:00:00,22.87,26.6,51.5,5.0,10.73,8.25,4.17
2024-08-17 21:00:00,21.04,26.4,51.3,5.4,9.73,6.75,3.78
2024-08-17 22:00:00,33.89,30.0,50.5,3.4,15.1,12.71,6.44
2024-08-17 23:00:00,28.18,25.6,54.3,4.6,12.66,9.49,5.64
2024-08-18 00:00:00,25.57,26.4,56.4,7.7,12.03,8.73,5.25
2024-08-18 01:00:00,31.92,26.2,46.7,6.3,14.76,12.23,6.79
2024-08-18 02:00:00,24.8,24.9,65.6,4.1,11.76,9.49,4.99
2024-08-18 03:00:00,22.26,26.0,50.9,1.3,10.13,8.49,4.28
2024-08-18 04:00:00,16.5,21.8,59.3,8.4,8.07,5.46,3.3
2024-08-18 05:00:00,12.47,25.4,52.5,2.1,5.16,4.28,2.71
2024-08-18 06:00:00,16.11,22.2,57.8,2.8,6.36,5.47,3.49
2024-08-18 07:00:00,18.12,25.4,50.9,1.6,7.94,6.23,3.43
2024-08-18 08:00:00,23.68,28.5,50.9,1.8,10.29,9.47,4.69
2024-08-18 09:00:00,31.84,29.6,51.4,5.3,14.29,10.22,6.72
2024-08-18 10:00:00,31.4,31.9,33.8,1.6,14.36,11.25,6.44
2024-08-18 11:00:00,36.84,32.8,43.0,1.9,16.08,13.33,7.38
2024-08-18 12:00:00,38.5,33.8,41.6,1.8,17.88,14.21,7.29
2024-08-18 13:00:00,40.01,34.4,54.3,2.9,17.91,14.91,7.35
2024-08-18 14:00:00,39.43,34.8,46.5,4.6,18.64,14.27,8.05
2024-08-18 15:00:00,34.36,32.7,52.3,4.3,15.23,11.99,7.6
2024-08-18 16:00:00,29.39,32.5,47.7,4.8,13.89,9.58,5.45
2024-08-18 17:00:00,26.36,32.8,45.1,4.8,11.23,9.5,5.32
2024-08-18 18:00:00,30.49,31.8,47.7,0.5,13.73,10.29,5.91
2024-08-18 19:00:00,28.87,29.0,54.9,4.6,13.06,10.81,5.61
2024-08-18 20:00:00,28.18,30.9,55.6,4.6,11.82,10.84,4.8
2024-08-18 21:00:00,26.0,29.1,50.6,1.1,11.5,9.54,4.93
2024-08-18 22:00:00,66.74,25.5,50.3,3.2,30.54,23.97,12.84
2024-08-18 23:00:00,23.68,25.5,58.1,1.2,10.57,7.75,5.3
2024-08-19 00:00:00,7.92,27.9,46.3,2.0,4.49,2.35,1.63
2024-08-19 01:00:00,32.8,24.6,56.5,3.5,14.33,10.84,6.58
2024-08-19 02:00:00,29.17,24.8,57.7,0.5,13.57,10.52,5.83
2024-08-19 03:00:00,26.48,23.4,55.4,1.3,11.94,8.63,4.82
2024-08-19 04:00:00,21.82,24.4,50.2,1.3,9.35,7.04,4.23
2024-08-19 05:00:00,26.56,27.9,48.2,1.5,12.2,9.28,5.62
2024-08-19 06:00:00,24.0,26.8,50.2,1.0,10.87,8.3,4.62
2024-08-19 07:00:00,24.78,27.8,45.4,4.1,11.37,8.74,4.1
2024-08-19 08:00:00,30.27,29.2,47.1,1.9,13.78,11.01,6.0
2024-08-19 09:00:00,42.02,34.3,35.6,6.0,19.31,13.35,8.56
2024-08-19 10:00:00,44.55,31.7,48.9,6.2,20.68,15.51,8.96
2024-08-19 11:00:00,44.49,31.5,47.9,4.6,19.47,15.83,8.98
2024-08-19 12:00:00,49.51,32.5,46.3,1.1,21.88,17.64,10.45
2024-08-19 13:00:00,51.89,35.2,39.9,6.3,22.96,19.13,10.77
2024-08-19 14:00:00,44.4,32.0,44.3,3.1,19.5,15.48,8.73
2024-08-19 15:00:00,46.66,34.7,38.2,1.9,20.33,16.38,9.67
2024-08-19 16:00:00,33.25,32.4,47.6,5.2,14.97,11.88,6.5
2024-08-19 17:00:00,28.37,29.9,41.3,2.8,12.49,10.45,5.62
2024-08-19 18:00:00,33.38,30.2,48.2,3.6,15.41,11.84,6.88
2024-08-19 19:00:00,29.8,30.5,44.2,4.9,14.04,10.19,5.49
2024-08-19 20:00:00,27.28,31.3,55.3,1.4,12.29,9.25,5.34
2024-08-19 21:00:00,34.54,29.2,51.5,1.8,16.03,11.97,6.59
2024-08-19 22:00:00,34.61,26.2,52.5,7.9,15.58,11.48,6.36
2024-08-19 23:00:00,31.77,27.1,46.0,4.7,14.85,11.0,6.32
2024-08-20 00:00:00,38.32,24.2,48.2,2.2,18.02,13.23,7.71
2024-08-20 01:00:00,31.94,22.0,60.1,3.9,13.99,10.66,6.21
2024-08-20 02:00:00,31.9,24.1,64.1,1.9,14.71,10.54,6.76
2024-08-20 03:00:00,26.67,21.9,59.7,6.0,12.17,9.06,4.94
2024-08-20 04:00:00,23.09,25.9,53.8,3.3,10.23,7.51,4.26
2024-08-20 05:00:00,22.12,26.7,52.9,5.4,9.32,7.58,4.65
2024-08-20 06:00:00,19.21,25.2,54.3,8.0,8.71,6.72,3.78
2024-08-20 07:00:00,29.38,28.0,51.5,8.4,13.22,10.45,5.99
2024-08-20 08:00:00,30.97,29.2,45.5,1.6,13.68,10.23,6.35
2024-08-20 09:00:00,37.38,31.6,41.2,7.2,16.46,13.77,7.52
2024-08-20 10:00:00,37.14,29.7,48.9,2.4,17.9,12.79,7.13
2024-08-20 11:00:00,50.92,33.5,51.3,2.8,22.57,17.7,10.24
2024-08-20 12:00:00,49.47,31.4,50.2,1.1,22.62,17.48,10.39
2024-08-20 13:00:00,53.23,35.0,35.8,4.3,24.01,19.35,10.87
2024-08-20 14:00:00,49.65,35.6,40.0,4.3,22.74,17.69,9.71
2024-08-20 15:00:00,41.24,32.9,48.2,5.2,17.34,13.89,7.74
2024-08-20 16:00:00,37.23,35.2,49.4,7.3,17.58,12.65,7.63
2024-08-20 17:00:00,29.43,30.2,56.7,3.2,12.89,9.96,6.37
2024-08-20 18:00:00,31.79,33.2,43.1,3.1,13.85,11.12,6.92
2024-08-20 19:00:00,28.9,32.5,49.1,4.3,13.82,10.66,5.89
2024-08-20 20:00:00,34.45,29.6,49.8,4.5,15.68,12.83,6.89
2024-08-20 21:00:00,30.66,27.4,50.5,3.3,13.83,10.82,5.78
2024-08-20 22:00:00,38.47,27.0,51.9,6.7,16.74,12.66,7.24
2024-08-20 23:00:00,36.82,24.6,54.9,1.0,16.25,12.82,7.73
2024-08-21 00:00:00,42.92,28.5,55.7,5.0,19.74,15.37,8.62
2024-08-21 01:00:00,35.31,23.2,49.2,2.0,16.02,12.59,7.58
2024-08-21 02:00:00,32.3,25.9,55.3,3.5,13.63,11.89,6.44
2024-08-21 03:00:00,31.92,23.0,64.2,5.9,14.89,11.43,6.28
2024-08-21 04:00:00,28.08,27.0,58.8,2.7,12.44,9.82,5.9
2024-08-21 05:00:00,28.1,28.4,52.8,6.4,13.22,9.59,5.67
2024-08-21 06:00:00,22.62,27.0,47.8,3.3,10.1,7.6,4.68
2024-08-21 07:00:00,24.5,28.0,54.2,4.7,11.09,8.51,4.78
2024-08-21 08:00:00,29.91,27.5,57.7,4.8,13.94,10.31,5.97
2024-08-21 09:00:00,34.68,28.6,47.1,2.3,15.44,11.44,7.34
2024-08-21 10:00:00,40.82,31.8,47.6,6.4,18.08,13.8,8.0
2024-08-21 11:00:00,46.1,34.6,41.4,1.5,20.12,16.92,9.66
2024-08-21 12:00:00,44.21,32.4,42.0,4.0,19.98,15.94,9.54
2024-08-21 13:00:00,56.32,37.0,38.0,6.9,25.17,20.31,11.45
2024-08-21 14:00:00,42.96,33.0,45.1,0.8,19.61,14.75,8.42
2024-08-21 15:00:00,41.53,34.1,38.5,3.7,18.57,15.02,8.15
2024-08-21 16:00:00,41.51,33.6,38.3,2.3,18.91,13.71,8.44
2024-08-21 17:00:00,30.39,32.3,40.8,2.0,13.88,10.35,5.81
2024-08-21 18:00:00,24.45,28.3,51.6,2.2,10.7,8.51,5.2
2024-08-21 19:00:00,26.75,29.3,41.6,6.5,12.58,10.04,5.43
2024-08-21 20:00:00,35.36,29.2,37.9,3.2,15.57,12.55,6.72
2024-08-21 21:00:00,37.45,27.5,57.9,2.2,16.04,13.17,7.45
2024-08-21 22:00:00,37.93,27.3,46.1,6.9,16.96,13.12,7.64
2024-08-21 23:00:00,39.47,26.5,51.2,2.6,16.92,12.68,7.56
2024-08-22 00:00:00,60.24,24.1,59.7,4.8,27.2,21.16,11.53
2024-08-22 01:00:00,38.69,22.5,49.8,3.7,17.1,13.2,7.97
2024-08-22 02:00:00,34.86,26.1,45.5,4.5,16.2,12.68,7.15
2024-08-22 03:00:00,29.46,21.9,54.6,1.9,13.37,9.52,5.49
2024-08-22 04:00:00,23.31,23.5,60.6,4.5,9.64,7.83,4.57
2024-08-22 05:00:00,20.16,23.9,55.2,6.5,9.12,6.89,4.94
2024-08-22 06:00:00,66.8,27.4,51.1,1.4,31.2,23.84,13.63
2024-08-22 07:00:00,30.33,29.4,47.2,2.7,14.18,10.34,5.82
2024-08-22 08:00:00,33.94,28.5,52.6,8.0,15.86,11.66,6.99
2024-08-22 09:00:00,37.55,30.4,54.7,2.1,17.79,12.92,7.26
2024-08-22 10:00:00,40.8,31.9,60.6,1.1,18.72,14.0,8.46
2024-08-22 11:00:00,48.85,35.0,41.3,1.0,21.76,17.47,9.69
2024-08-22 12:00:00,44.72,30.4,55.1,2.4,20.64,15.89,8.75
2024-08-22 13:00:00,48.3,34.7,47.4,3.5,22.12,15.9,9.45
2024-08-22 14:00:00,43.78,34.3,44.2,2.4,19.49,15.95,9.14
2024-08-22 15:00:00,43.87,33.0,33.3,2.4,19.44,15.21,8.21
2024-08-22 16:00:00,36.57,33.6,41.8,5.7,16.53,13.63,7.0
2024-08-22 17:00:00,35.28,33.4,42.2,5.1,15.08,12.65,6.98
2024-08-22 18:00:00,32.76,32.1,47.2,2.6,14.44,11.25,6.47
2024-08-22 19:00:00,33.29,33.3,43.1,2.8,15.11,11.76,6.83
2024-08-22 20:00:00,34.62,28.9,46.4,7.9,14.89,12.51,6.74
2024-08-22 21:00:00,29.78,27.5,61.1,7.3,13.39,9.77,5.65
2024-08-22 22:00:00,34.7,26.0,59.4,8.1,14.81,12.22,6.99
2024-08-22 23:00:00,37.51,26.0,42.6,7.1,16.2,12.95,7.51
2024-08-23 00:00:00,35.08,24.2,53.5,4.2,14.75,12.88,6.46
2024-08-23 01:00:00,30.62,23.8,58.6,2.6,14.11,11.07,6.02
2024-08-23 02:00:00,33.29,23.6,62.3,7.9,14.67,11.01,6.77
2024-08-23 03:00:00,29.22,23.6,53.6,4.9,14.21,10.17,5.9
2024-08-23 04:00:00,21.93,23.4,54.9,4.7,9.62,8.11,4.38
2024-08-23 05:00:00,25.19,25.7,53.6,5.4,11.25,7.96,4.94
2024-08-23 06:00:00,23.33,25.7,56.5,4.1,10.42,7.74,4.48
2024-08-23 07:00:00,24.03,28.2,42.4,4.0,10.17,8.84,4.91
2024-08-23 08:00:00,28.65,28.8,39.4,2.8,13.01,9.0,5.63
2024-08-23 09:00:00,38.2,29.3,55.1,1.7,17.22,13.0,7.72
2024-08-23 10:00:00,46.08,33.5,38.9,3.2,20.74,15.11,9.1
2024-08-23 11:00:00,44.44,32.0,56.2,3.6,19.79,15.39,9.23
2024-08-23 12:00:00,47.53,33.9,39.0,6.2,21.36,16.61,9.49
2024-08-23 13:00:00,45.16,32.4,44.2,3.0,19.65,15.19,9.04
2024-08-23 14:00:00,39.86,30.6,49.2,6.2,18.31,14.21,8.32
2024-08-23 15:00:00,38.14,32.6,34.2,2.6,17.07,13.71,7.29
2024-08-23 16:00:00,27.86,29.7,62.6,7.2,13.29,9.33,5.25
2024-08-23 17:00:00,35.41,31.8,43.9,0.8,16.15,12.19,7.06
2024-08-23 18:00:00,36.26,33.3,39.8,3.7,16.26,12.6,6.49
2024-08-23 19:00:00,24.51,28.5,43.9,2.6,11.1,8.9,4.34
2024-08-23 20:00:00,26.14,25.5,55.3,2.5,12.06,8.23,5.29
2024-08-23 21:00:00,33.46,29.6,50.0,1.2,15.46,11.38,7.06
2024-08-23 22:00:00,32.56,25.4,47.9,4.5,14.51,11.18,6.58
2024-08-23 23:00:00,34.58,25.1,47.1,3.0,15.81,12.38,7.18
2024-08-24 00:00:00,27.06,25.3,58.9,7.3,12.1,9.08,5.0
2024-08-24 01:00:00,31.04,24.4,51.4,4.7,14.83,11.27,5.71
2024-08-24 02:00:00,23.13,24.6,45.9,3.2,10.47,8.39,4.71
2024-08-24 03:00:00,19.99,25.0,53.3,4.2,9.67,6.89,4.14
2024-08-24 04:00:00,15.81,21.5,56.2,1.1,7.51,6.3,3.2
2024-08-24 05:00:00,18.27,22.8,66.4,4.0,8.45,6.86,3.46
2024-08-24 06:00:00,16.36,27.7,48.1,4.4,7.92,5.16,2.92
2024-08-24 07:00:00,16.75,26.0,51.3,1.4,7.72,6.09,3.47
2024-08-24 08:00:00,26.52,27.5,52.1,4.5,11.24,9.52,5.63
2024-08-24 09:00:00,26.94,27.9,47.7,3.4,11.96,10.44,5.62
2024-08-24 10:00:00,33.36,30.4,49.8,3.4,14.99,10.92,7.28
2024-08-24 11:00:00,41.95,31.5,41.1,4.8,18.99,15.24,8.27
2024-08-24 12:00:00,37.86,31.4,45.1,3.3,17.46,13.3,7.48
2024-08-24 13:00:00,35.21,31.7,48.0,2.2,15.5,12.38,7.06
2024-08-24 14:00:00,86.38,33.9,49.0,2.5,37.91,30.04,16.85
2024-08-24 15:00:00,29.82,32.1,42.6,4.9,13.19,10.92,6.09
2024-08-24 16:00:00,32.69,31.9,42.7,1.2,14.96,12.16,6.65
2024-08-24 17:00:00,24.18,28.7,57.2,5.8,10.87,8.23,4.76
2024-08-24 18:00:00,32.53,33.9,40.6,4.0,14.17,11.21,6.14
2024-08-24 19:00:00,29.45,31.2,46.3,4.8,13.51,8.96,5.74
2024-08-24 20:00:00,22.27,27.7,59.3,2.8,10.18,8.26,4.36
2024-08-24 21:00:00,20.9,25.8,53.3,2.1,9.33,7.29,3.79
2024-08-24 22:00:00,26.19,26.0,51.6,5.4,13.19,9.29,5.08
2024-08-24 23:00:00,24.58,24.9,53.2,1.4,10.29,8.3,4.22
2024-08-25 00:00:00,26.6,22.1,53.8,1.8,11.54,9.12,4.91
2024-08-25 01:00:00,28.27,19.7,62.7,2.5,13.02,9.09,5.8
2024-08-25 02:00:00,22.96,22.5,52.3,2.8,10.34,8.02,4.62
2024-08-25 03:00:00,20.94,21.1,62.5,2.0,9.2,7.26,4.36
2024-08-25 04:00:00,17.89,24.2,55.0,6.6,7.59,6.43,3.48
2024-08-25 05:00:00,19.28,25.1,55.1,0.7,8.0,7.72,3.91
2024-08-25 06:00:00,13.81,24.4,63.4,5.4,6.64,5.04,2.61
2024-08-25 07:00:00,13.54,26.2,45.3,3.1,6.04,5.22,2.47
2024-08-25 08:00:00,29.38,31.0,47.0,5.7,13.62,10.57,5.97
2024-08-25 09:00:00,33.2,30.8,50.3,5.3,14.15,12.02,6.33
2024-08-25 10:00:00,33.71,30.1,44.7,1.5,15.77,12.08,6.81
2024-08-25 11:00:00,40.78,35.3,46.4,4.4,18.65,14.45,8.14
2024-08-25 12:00:00,33.64,30.9,44.3,2.9,14.84,12.58,6.9
2024-08-25 13:00:00,38.57,31.9,47.1,5.6,17.64,14.01,7.7
2024-08-25 14:00:00,37.46,33.2,43.6,5.9,17.12,13.45,7.91
2024-08-25 15:00:00,30.53,30.9,47.8,1.9,14.18,10.71,6.06
2024-08-25 16:00:00,39.31,35.3,42.0,3.4,17.48,13.16,7.82
2024-08-25 17:00:00,25.52,32.1,45.3,4.0,10.95,9.41,5.26
2024-08-25 18:00:00,27.83,29.6,46.1,3.8,11.82,9.52,5.51
2024-08-25 19:00:00,25.2,30.3,44.3,2.3,11.04,9.29,5.01
2024-08-25 20:00:00,19.97,28.5,51.3,2.4,8.11,6.89,3.91
2024-08-25 21:00:00,4.79,26.6,52.4,5.9,2.48,1.79,1.68
2024-08-25 22:00:00,25.79,24.0,51.7,0.8,11.38,9.08,5.96
2024-08-25 23:00:00,24.53,22.6,58.6,2.3,10.5,7.9,4.76
2024-08-26 00:00:00,35.97,27.1,49.1,2.1,16.63,12.83,6.79
2024-08-26 01:00:00,33.56,21.3,66.2,2.9,15.28,11.68,6.72
2024-08-26 02:00:00,31.66,25.7,65.6,4.6,14.19,11.03,6.56
2024-08-26 03:00:00,28.71,22.1,64.5,3.7,13.73,10.97,5.93
2024-08-26 04:00:00,27.2,25.0,60.6,3.7,12.63,9.17,5.86
2024-08-26 05:00:00,20.34,25.3,57.7,4.9,9.18,6.74,4.35
2024-08-26 06:00:00,22.21,26.7,50.9,5.5,10.07,7.63,4.24
2024-08-26 07:00:00,28.83,28.0,40.9,1.8,12.15,10.76,5.99
2024-08-26 08:00:00,24.21,25.8,48.0,1.4,10.19,8.12,4.82
2024-08-26 09:00:00,31.44,28.4,46.5,2.5,13.54,11.71,5.8
2024-08-26 10:00:00,35.21,28.6,55.7,5.6,14.92,13.75,7.35
2024-08-26 11:00:00,46.83,32.0,46.9,3.7,20.82,17.32,9.45
2024-08-26 12:00:00,45.52,30.5,44.1,1.7,21.51,15.28,9.37
2024-08-26 13:00:00,41.3,30.0,38.7,1.8,18.33,13.89,8.72
2024-08-26 14:00:00,44.46,32.8,56.2,6.4,20.15,15.74,8.65
2024-08-26 15:00:00,39.82,29.7,51.0,2.9,18.23,13.85,7.67
2024-08-26 16:00:00,34.62,32.9,49.1,2.3,15.44,12.0,6.71
2024-08-26 17:00:00,24.83,29.8,45.5,4.6,11.23,8.46,5.24
2024-08-26 18:00:00,29.23,29.4,48.0,6.0,12.97,10.12,5.7
2024-08-26 19:00:00,23.77,26.0,51.0,3.2,10.35,8.63,4.21
2024-08-26 20:00:00,31.92,30.6,47.5,5.3,14.41,10.98,6.11
2024-08-26 21:00:00,30.13,24.7,63.6,3.2,13.36,10.36,5.56
2024-08-26 22:00:00,35.01,25.1,47.8,4.6,15.41,13.09,7.15
2024-08-26 23:00:00,28.45,21.9,57.5,3.9,12.67,9.6,5.62
2024-08-27 00:00:00,33.38,22.4,58.9,6.4,14.62,11.0,6.7
2024-08-27 01:00:00,42.52,25.8,52.4,2.7,19.73,15.43,8.43
2024-08-27 02:00:00,32.72,23.5,60.8,5.1,15.16,10.67,5.89
2024-08-27 03:00:00,29.2,22.1,48.8,4.6,13.57,9.99,5.62
2024-08-27 04:00:00,26.69,23.6,65.1,5.7,11.86,8.7,5.35
2024-08-27 05:00:00,21.06,23.6,48.8,4.1,8.88,7.18,4.09
2024-08-27 06:00:00,24.07,25.4,47.9,3.3,11.27,8.13,5.15
2024-08-27 07:00:00,28.57,27.8,48.3,1.0,11.99,10.69,5.89
2024-08-27 08:00:00,30.39,27.5,47.7,5.7,14.33,11.27,6.06
2024-08-27 09:00:00,35.16,29.6,50.6,6.6,16.81,11.56,7.34
2024-08-27 10:00:00,42.0,30.9,48.5,3.3,19.42,14.41,8.71
2024-08-27 11:00:00,43.13,31.1,47.3,2.1,19.41,14.32,8.8
2024-08-27 12:00:00,45.91,31.2,39.4,4.3,20.06,16.11,9.2
2024-08-27 13:00:00,43.17,32.1,44.8,1.5,19.24,15.11,8.55
2024-08-27 14:00:00,44.38,34.1,43.2,0.9,19.77,14.71,8.89
2024-08-27 15:00:00,41.83,34.0,49.3,2.5,18.99,15.76,8.5
2024-08-27 16:00:00,31.36,30.6,48.2,4.5,14.21,10.66,6.37
2024-08-27 17:00:00,30.49,31.2,48.5,5.5,14.5,10.03,5.72
2024-08-27 18:00:00,27.68,29.4,58.5,1.8,12.28,9.6,5.61
2024-08-27 19:00:00,31.79,30.5,41.6,7.3,14.81,11.84,6.89
2024-08-27 20:00:00,31.1,27.3,49.3,3.8,14.09,10.33,5.87
2024-08-27 21:00:00,35.39,30.0,42.3,6.8,15.86,13.0,7.17
2024-08-27 22:00:00,37.36,25.8,61.0,1.7,16.92,13.15,7.75
2024-08-27 23:00:00,39.73,26.3,60.9,3.3,18.22,13.2,7.96
2024-08-28 00:00:00,36.3,22.0,65.2,3.2,15.51,12.3,7.79
2024-08-28 01:00:00,34.42,23.0,59.1,3.1,14.91,11.89,6.45
2024-08-28 02:00:00,32.09,23.8,57.4,6.9,13.84,10.74,6.46
2024-08-28 03:00:00,30.51,21.5,55.9,5.8,13.92,9.79,5.6
2024-08-28 04:00:00,26.85,23.6,59.6,5.3,12.37,9.13,4.67
2024-08-28 05:00:00,27.24,25.9,46.5,2.5,11.71,10.33,5.26
2024-08-28 06:00:00,21.45,24.9,47.7,2.7,9.91,7.62,4.34
2024-08-28 07:00:00,24.37,25.3,51.6,2.3,10.83,8.87,4.93
2024-08-28 08:00:00,37.0,30.6,56.8,5.3,16.65,12.84,7.64
2024-08-28 09:00:00,31.08,27.4,48.6,3.0,14.28,11.01,5.87
2024-08-28 10:00:00,40.39,30.6,45.4,8.3,17.88,13.69,7.97
2024-08-28 11:00:00,43.58,30.3,49.0,2.9,19.92,15.86,8.51
2024-08-28 12:00:00,47.47,30.8,51.5,1.8,22.38,17.12,8.97
2024-08-28 13:00:00,51.03,33.8,49.7,6.9,22.86,17.22,10.42
2024-08-28 14:00:00,43.54,32.6,39.3,5.2,20.19,15.57,8.76
2024-08-28 15:00:00,37.72,33.3,43.6,4.0,17.36,12.92,7.79
2024-08-28 16:00:00,31.62,28.8,50.6,5.9,13.98,10.63,6.15
2024-08-28 17:00:00,30.98,32.2,47.0,7.3,14.34,11.69,6.77
2024-08-28 18:00:00,43.62,29.3,53.2,6.0,19.41,14.83,8.54
2024-08-28 19:00:00,21.39,26.3,56.5,6.5,10.21,8.16,4.19
2024-08-28 20:00:00,34.64,30.7,47.3,2.4,16.31,11.26,6.96
2024-08-28 21:00:00,36.14,27.5,56.8,3.6,16.24,12.71,7.4
2024-08-28 22:00:00,33.94,25.7,58.0,5.3,14.86,11.11,6.7
2024-08-28 23:00:00,37.86,26.2,57.0,3.7,17.36,12.7,7.69
2024-08-29 00:00:00,38.02,23.7,52.9,4.3,17.01,12.58,7.67
2024-08-29 01:00:00,30.2,21.7,61.6,6.8,13.6,10.59,6.55
2024-08-29 02:00:00,32.62,22.4,63.1,2.5,14.62,11.71,6.81
2024-08-29 03:00:00,27.54,21.9,55.2,3.7,13.04,9.38,5.77
2024-08-29 04:00:00,25.23,22.6,57.5,3.9,11.17,8.46,4.56
2024-08-29 05:00:00,19.86,22.3,65.1,2.8,8.87,6.39,3.87
2024-08-29 06:00:00,18.02,23.7,57.5,2.9,8.74,7.37,3.77
2024-08-29 07:00:00,27.05,27.8,50.3,5.1,11.96,9.41,5.64
2024-08-29 08:00:00,34.24,28.2,57.5,6.9,15.17,11.32,6.52
2024-08-29 09:00:00,36.08,28.2,47.8,4.3,16.64,12.63,7.11
2024-08-29 10:00:00,37.04,28.7,41.1,3.5,16.95,14.0,7.36
2024-08-29 11:00:00,40.66,30.6,43.3,5.0,17.6,13.78,7.82
2024-08-29 12:00:00,39.12,29.5,54.3,10.5,16.91,13.44,7.45
2024-08-29 13:00:00,50.44,32.7,47.3,1.2,22.93,17.3,10.22
2024-08-29 14:00:00,44.11,34.1,43.4,4.4,19.35,14.72,8.96
2024-08-29 15:00:00,44.88,36.1,46.0,3.8,20.38,15.79,8.84
2024-08-29 16:00:00,36.69,30.4,48.4,4.1,16.17,12.92,7.22
2024-08-29 17:00:00,29.93,32.6,43.8,0.6,14.09,10.04,5.54
2024-08-29 18:00:00,31.51,29.1,53.2,7.5,14.38,11.83,6.52
2024-08-29 19:00:00,25.4,27.3,49.3,1.3,10.77,9.35,5.07
2024-08-29 20:00:00,23.96,26.0,55.2,2.6,11.0,8.14,4.67
2024-08-29 21:00:00,30.88,26.6,48.1,2.5,14.33,11.12,6.19
2024-08-29 22:00:00,29.51,23.8,50.2,4.9,13.36,10.57,6.03
2024-08-29 23:00:00,35.16,23.3,51.8,4.5,15.56,12.63,7.09
2024-08-30 00:00:00,33.47,22.6,56.8,1.1,15.3,12.1,7.13
2024-08-30 01:00:00,29.31,21.6,54.8,1.7,13.55,10.54,5.66
2024-08-30 02:00:00,30.79,21.3,55.3,2.6,14.12,11.04,6.31
2024-08-30 03:00:00,24.2,19.1,60.3,4.7,10.85,9.5,5.15
2024-08-30 04:00:00,24.35,23.3,55.6,6.9,11.42,8.36,5.04
2024-08-30 05:00:00,18.29,24.1,47.3,2.6,7.61,6.33,3.39
2024-08-30 06:00:00,18.87,23.8,42.8,3.7,7.86,6.53,4.11
2024-08-30 07:00:00,25.74,26.8,53.8,2.9,11.44,8.56,5.16
2024-08-30 08:00:00,31.77,29.6,49.1,3.9,15.16,11.19,6.6
2024-08-30 09:00:00,35.53,28.9,42.5,4.2,16.83,12.43,7.39
2024-08-30 10:00:00,45.1,32.0,47.7,3.6,21.0,16.19,9.2
2024-08-30 11:00:00,46.85,34.4,44.8,3.0,21.11,16.05,9.15
2024-08-30 12:00:00,52.44,35.7,39.7,6.2,22.73,17.63,10.53
2024-08-30 13:00:00,35.65,30.6,57.1,5.4,16.29,13.04,7.49
2024-08-30 14:00:00,42.11,30.8,53.4,10.8,18.65,14.73,8.4
2024-08-30 15:00:00,38.4,31.7,44.0,3.1,17.66,13.13,7.69
2024-08-30 16:00:00,33.48,32.1,43.6,0.8,15.29,12.61,6.08
2024-08-30 17:00:00,36.08,33.5,36.6,4.4,17.27,13.32,7.38
2024-08-30 18:00:00,33.5,31.0,52.9,5.2,16.01,12.26,6.55
2024-08-30 19:00:00,24.46,27.0,52.8,7.0,10.65,8.07,5.09
2024-08-30 20:00:00,25.42,26.6,56.2,0.5,11.51,8.32,4.84
2024-08-30 21:00:00,31.28,26.2,41.9,6.2,13.96,11.49,6.43
2024-08-30 22:00:00,28.0,22.8,60.5,3.6,12.37,10.25,5.65
2024-08-30 23:00:00,32.48,24.0,52.6,2.9,14.64,11.79,7.0
2024-08-31 00:00:00,29.42,21.3,61.4,2.1,12.35,10.17,6.12
2024-08-31 01:00:00,25.76,20.1,62.5,5.5,11.29,9.61,4.93
2024-08-31 02:00:00,18.85,21.0,58.7,2.9,9.05,7.06,3.4
2024-08-31 03:00:00,16.25,23.2,52.7,4.1,5.74,6.33,3.17
2024-08-31 04:00:00,18.33,23.7,57.6,3.6,7.45,6.28,4.24
2024-08-31 05:00:00,18.02,24.0,51.0,2.3,8.69,6.43,3.7
2024-08-31 06:00:00,14.63,26.4,57.6,5.3,7.25,4.95,2.95
2024-08-31 07:00:00,22.12,27.4,47.5,2.5,9.3,8.47,5.03
2024-08-31 08:00:00,26.79,27.7,50.9,5.3,12.64,9.13,5.5
2024-08-31 09:00:00,32.62,28.8,45.7,3.1,15.18,10.86,6.38
2024-08-31 10:00:00,33.49,30.1,48.7,0.7,15.18,11.76,6.42
2024-08-31 11:00:00,36.92,30.7,42.0,5.1,16.51,13.13,7.8
2024-08-31 12:00:00,27.71,28.5,45.8,6.4,12.92,9.34,5.72
2024-08-31 13:00:00,45.73,33.9,54.8,1.5,20.48,15.24,8.78
2024-08-31 14:00:00,35.58,33.0,48.6,4.0,16.12,11.76,6.81
2024-08-31 15:00:00,27.99,30.4,49.4,1.2,13.09,10.14,5.8
2024-08-31 16:00:00,32.07,33.9,45.9,5.6,14.14,11.85,6.19
2024-08-31 17:00:00,28.7,30.0,49.5,8.9,12.75,10.09,5.52
2024-08-31 18:00:00,29.22,29.7,47.9,3.5,13.86,10.39,6.16
2024-08-31 19:00:00,25.5,30.2,51.5,2.6,10.95,9.75,5.36
2024-08-31 20:00:00,25.99,27.7,46.6,5.8,12.09,8.84,5.64
2024-08-31 21:00:00,26.98,28.1,58.3,3.6,12.22,9.78,5.52
2024-08-31 22:00:00,21.49,24.4,55.4,3.3,9.95,7.35,4.02
2024-08-31 23:00:00,32.88,26.4,56.3,2.2,14.88,11.93,6.58
2024-09-01 00:00:00,24.83,21.7,65.8,4.2,10.84,8.36,5.19
2024-09-01 01:00:00,30.02,24.4,57.2,4.1,12.58,9.97,6.65
2024-09-01 02:00:00,26.82,18.8,57.4,2.3,11.38,9.5,5.51
2024-09-01 03:00:00,22.29,20.7,65.2,2.1,9.82,8.0,4.7
2024-09-01 04:00:00,22.52,23.3,64.5,3.2,10.56,7.85,4.67
2024-09-01 05:00:00,21.47,23.1,46.6,3.3,9.86,6.77,4.14
2024-09-01 06:00:00,15.61,24.6,54.0,1.6,7.57,5.09,3.08
2024-09-01 07:00:00,16.85,26.0,54.3,2.4,7.86,5.44,3.09
2024-09-01 08:00:00,15.43,25.4,52.2,1.8,6.94,5.51,3.32
2024-09-01 09:00:00,30.63,26.8,45.6,6.5,14.38,10.44,5.7
2024-09-01 10:00:00,31.57,30.1,43.5,1.2,14.36,12.07,6.07
2024-09-01 11:00:00,37.1,29.8,39.0,6.2,17.29,13.19,7.42
2024-09-01 12:00:00,38.87,33.6,48.5,3.7,17.6,14.09,7.7
2024-09-01 13:00:00,41.12,31.8,52.8,4.4,18.07,14.22,8.31
2024-09-01 14:00:00,35.77,33.3,50.8,6.8,16.33,12.8,6.38
2024-09-01 15:00:00,30.85,32.7,44.6,2.9,13.86,10.82,5.93
2024-09-01 16:00:00,27.4,30.6,48.6,4.7,11.82,9.68,5.68
2024-09-01 17:00:00,20.23,27.8,56.0,4.5,9.91,7.71,4.65
2024-09-01 18:00:00,27.87,31.5,45.0,9.0,12.55,10.61,5.53
2024-09-01 19:00:00,20.33,27.0,46.8,0.9,9.06,7.47,3.74
2024-09-01 20:00:00,23.44,26.6,49.2,3.3,10.17,8.22,4.8
2024-09-01 21:00:00,22.58,25.7,54.0,9.1,9.67,7.49,3.98
2024-09-01 22:00:00,22.87,24.6,50.9,2.7,10.34,8.27,4.41
2024-09-01 23:00:00,25.86,25.1,56.2,7.8,12.26,8.57,5.24
2024-09-02 00:00:00,40.26,22.7,49.9,5.5,18.53,14.3,7.94
2024-09-02 01:00:00,34.71,22.0,56.3,2.7,15.3,11.9,6.97
2024-09-02 02:00:00,26.44,23.6,57.7,0.7,12.0,8.69,5.62
2024-09-02 03:00:00,26.35,23.1,56.9,2.4,13.26,9.39,5.78
2024-09-02 04:00:00,24.14,21.6,54.4,1.5,10.65,7.94,5.43
2024-09-02 05:00:00,25.77,21.8,61.5,3.2,11.66,8.84,5.25
2024-09-02 06:00:00,22.72,23.3,57.3,7.1,10.66,7.8,3.89
2024-09-02 07:00:00,21.38,25.7,42.7,3.6,9.45,7.59,4.61
2024-09-02 08:00:00,31.72,25.2,56.1,3.3,13.47,12.07,6.15
2024-09-02 09:00:00,34.3,28.5,47.7,2.1,16.44,12.83,6.57
2024-09-02 10:00:00,42.56,29.4,46.1,4.2,19.07,14.6,8.19
2024-09-02 11:00:00,35.42,26.8,47.7,3.3,16.44,12.0,7.46
2024-09-02 12:00:00,37.07,29.3,43.9,5.2,16.46,13.13,7.3
2024-09-02 13:00:00,35.96,27.6,52.0,3.6,17.34,12.69,6.44
2024-09-02 14:00:00,34.58,31.5,48.9,6.3,16.47,11.76,7.32
2024-09-02 15:00:00,47.17,33.5,44.6,5.2,21.12,15.57,9.58
2024-09-02 16:00:00,31.26,28.5,54.5,1.7,14.13,10.63,6.46
2024-09-02 17:00:00,25.75,28.6,52.6,1.6,11.52,9.13,5.2
2024-09-02 18:00:00,29.24,29.3,38.8,0.7,13.25,9.79,5.84
2024-09-02 19:00:00,25.76,26.8,47.3,2.9,11.26,9.11,5.03
2024-09-02 20:00:00,27.63,25.5,59.4,1.0,12.3,9.38,5.92
2024-09-02 21:00:00,34.53,26.6,45.8,3.3,14.5,12.28,6.99
2024-09-02 22:00:00,30.68,23.8,41.8,2.2,13.62,11.65,6.53
2024-09-02 23:00:00,31.95,21.3,67.6,3.5,14.08,11.04,6.42
2024-09-03 00:00:00,37.24,19.4,62.2,1.8,16.5,13.44,7.38
2024-09-03 01:00:00,38.22,25.4,50.1,3.8,17.58,13.82,8.1
2024-09-03 02:00:00,31.67,23.6,51.5,7.8,14.16,10.52,6.13
2024-09-03 03:00:00,33.11,21.4,61.5,4.3,15.58,11.27,6.08
2024-09-03 04:00:00,22.82,22.7,59.2,3.9,10.03,8.1,4.49
2024-09-03 05:00:00,18.92,22.6,58.5,5.3,8.09,6.95,3.52
2024-09-03 06:00:00,22.94,25.2,52.9,0.5,10.57,7.16,4.42
2024-09-03 07:00:00,19.95,24.3,48.4,2.4,8.45,7.11,3.85
2024-09-03 08:00:00,28.26,26.1,52.5,8.8,12.67,9.18,5.72
2024-09-03 09:00:00,32.88,28.9,54.7,5.2,14.0,10.91,6.33
2024-09-03 10:00:00,41.77,31.6,43.4,1.3,18.45,14.34,8.35
2024-09-03 11:00:00,50.19,31.5,49.2,2.7,23.29,17.53,10.01
2024-09-03 12:00:00,47.75,33.1,42.3,3.2,21.83,17.32,9.54
2024-09-03 13:00:00,43.03,31.2,50.5,7.0,19.08,15.1,8.49
2024-09-03 14:00:00,44.77,31.0,42.0,4.0,20.33,15.9,8.89
2024-09-03 15:00:00,32.25,28.8,49.5,1.2,14.69,10.69,6.33
2024-09-03 16:00:00,33.17,31.3,48.7,3.6,15.37,11.3,6.48
2024-09-03 17:00:00,33.1,31.0,43.4,2.5,14.13,11.44,6.29
2024-09-03 18:00:00,29.92,28.9,51.1,2.7,11.8,10.33,5.93
2024-09-03 19:00:00,28.74,27.0,51.4,1.5,12.89,10.5,5.83
2024-09-03 20:00:00,29.17,28.8,49.3,3.3,12.87,10.54,5.64
2024-09-03 21:00:00,32.96,26.5,48.8,4.5,14.94,12.12,6.22
2024-09-03 22:00:00,33.78,26.4,57.4,5.1,15.78,11.61,6.87
2024-09-03 23:00:00,32.65,21.9,53.0,4.6,14.89,10.8,6.05
2024-09-04 00:00:00,38.19,21.3,59.8,4.4,17.68,14.37,7.65
2024-09-04 01:00:00,32.8,23.7,51.3,6.1,14.77,11.12,6.63
2024-09-04 02:00:00,32.13,21.6,57.7,2.7,14.47,10.59,6.29
2024-09-04 03:00:00,28.07,21.0,62.0,2.1,13.1,9.61,6.34
2024-09-04 04:00:00,21.25,21.6,56.6,1.3,10.0,7.71,4.43
2024-09-04 05:00:00,42.48,23.2,40.8,1.8,19.69,15.25,8.63
2024-09-04 06:00:00,24.16,25.7,46.4,1.7,10.98,8.71,4.64
2024-09-04 07:00:00,17.99,25.2,43.0,6.6,7.72,6.6,3.6
2024-09-04 08:00:00,30.48,27.9,50.9,1.9,13.68,11.23,6.57
2024-09-04 09:00:00,32.81,28.7,49.5,1.3,15.19,11.21,7.1
2024-09-04 10:00:00,40.02,27.9,48.8,3.0,18.45,13.96,7.83
2024-09-04 11:00:00,37.96,28.9,46.1,1.8,16.88,13.87,7.2
2024-09-04 12:00:00,43.84,30.4,48.7,1.6,19.44,15.36,8.77
2024-09-04 13:00:00,43.39,29.5,41.3,2.8,19.79,15.35,9.0
2024-09-04 14:00:00,41.98,30.9,51.6,6.7,18.16,16.25,8.59
2024-09-04 15:00:00,44.31,33.8,43.8,0.7,19.43,15.9,8.71
2024-09-04 16:00:00,30.63,31.0,42.1,2.0,13.86,10.36,5.84
2024-09-04 17:00:00,75.82,29.1,47.0,5.6,33.92,27.24,15.46
2024-09-04 18:00:00,33.63,32.1,44.8,2.3,15.11,11.82,6.68
2024-09-04 19:00:00,28.5,26.6,45.2,3.2,12.46,10.42,5.9
2024-09-04 20:00:00,28.02,25.3,57.0,1.4,12.61,9.04,5.68
2024-09-04 21:00:00,32.55,27.3,56.1,5.3,14.72,11.18,6.63
2024-09-04 22:00:00,30.03,25.2,54.3,4.9,13.76,11.23,6.55
2024-09-04 23:00:00,32.77,23.0,61.1,1.6,14.51,10.87,7.19
2024-09-05 00:00:00,39.17,23.5,69.1,7.3,18.34,13.74,7.89
2024-09-05 01:00:00,37.65,22.2,48.0,4.0,16.58,13.37,7.97
2024-09-05 02:00:00,29.89,19.8,60.5,5.4,13.27,9.52,6.03
2024-09-05 03:00:00,20.65,18.1,55.5,5.1,10.41,7.4,4.53
2024-09-05 04:00:00,23.41,21.4,66.2,3.6,9.64,8.29,4.15
2024-09-05 05:00:00,21.43,24.6,55.7,5.0,9.99,7.86,4.58
2024-09-05 06:00:00,19.57,23.4,52.4,2.2,8.83,6.46,4.15
2024-09-05 07:00:00,25.43,25.9,51.6,0.6,11.27,9.33,4.84
2024-09-05 08:00:00,30.36,26.8,58.5,2.7,14.61,10.47,5.87
2024-09-05 09:00:00,32.11,25.3,55.9,1.7,13.98,10.86,6.24
2024-09-05 10:00:00,39.21,28.4,52.8,8.5,18.3,14.36,8.04
2024-09-05 11:00:00,39.61,30.6,54.7,6.8,17.96,14.15,7.99
2024-09-05 12:00:00,42.88,29.7,53.1,1.7,19.4,14.67,9.05
2024-09-05 13:00:00,50.19,30.8,52.6,2.8,22.18,17.03,9.39
2024-09-05 14:00:00,44.57,32.1,44.8,3.6,19.8,15.44,8.91
2024-09-05 15:00:00,39.83,31.5,35.0,3.0,17.33,14.41,7.99
2024-09-05 16:00:00,37.51,32.4,45.6,4.7,17.29,13.66,7.31
2024-09-05 17:00:00,32.22,30.7,43.9,3.6,15.23,10.7,6.5
2024-09-05 18:00:00,19.65,27.6,54.8,3.9,8.74,6.29,3.66
2024-09-05 19:00:00,25.28,27.1,42.6,4.5,11.54,9.11,5.67
2024-09-05 20:00:00,27.71,26.6,56.3,0.7,13.0,10.68,5.62
2024-09-05 21:00:00,35.78,27.3,52.2,0.5,15.74,12.34,7.05
2024-09-05 22:00:00,31.56,23.3,57.8,1.9,14.16,11.87,6.58
2024-09-05 23:00:00,30.07,20.4,62.6,4.8,13.98,10.79,6.04
2024-09-06 00:00:00,36.28,22.7,56.6,2.2,16.83,11.67,8.04
2024-09-06 01:00:00,32.19,20.4,57.8,6.7,14.88,10.69,6.32
2024-09-06 02:00:00,28.41,19.4,66.3,1.2,12.33,9.85,5.33
2024-09-06 03:00:00,25.62,21.6,61.1,4.0,11.89,9.47,4.87
2024-09-06 04:00:00,25.31,23.5,59.2,0.7,10.83,9.07,5.07
2024-09-06 05:00:00,24.35,22.0,57.2,8.0,11.75,9.08,4.8
2024-09-06 06:00:00,22.33,24.6,55.0,2.1,9.26,7.45,4.03
2024-09-06 07:00:00,25.93,26.1,52.6,4.0,11.9,8.8,5.61
2024-09-06 08:00:00,30.47,27.6,42.2,7.4,13.52,10.74,6.54
2024-09-06 09:00:00,31.8,26.6,45.2,0.7,14.4,10.92,6.28
2024-09-06 10:00:00,37.97,27.2,50.8,3.6,16.37,13.57,7.08
2024-09-06 11:00:00,34.79,28.4,40.5,3.7,15.18,12.03,6.32
2024-09-06 12:00:00,47.31,31.9,45.2,2.8,21.57,16.78,9.63
2024-09-06 13:00:00,43.88,32.2,40.9,4.4,19.88,15.72,8.13
2024-09-06 14:00:00,43.26,29.9,47.7,3.8,19.93,15.48,8.9
2024-09-06 15:00:00,42.93,34.4,43.6,2.3,19.33,15.12,9.36
2024-09-06 16:00:00,31.65,29.1,39.8,4.7,12.72,10.84,6.42
2024-09-06 17:00:00,28.55,31.4,47.9,3.4,13.26,10.34,5.81
2024-09-06 18:00:00,33.47,31.1,44.4,3.4,15.45,10.2,6.5
2024-09-06 19:00:00,28.52,27.8,39.0,7.4,13.75,9.66,5.61
2024-09-06 20:00:00,27.16,25.2,51.4,3.7,12.21,8.92,5.49
2024-09-06 21:00:00,25.67,24.0,57.2,5.3,10.66,9.06,5.09
2024-09-06 22:00:00,29.52,23.5,53.8,6.0,12.92,10.23,6.06
2024-09-06 23:00:00,35.44,24.5,52.3,4.0,16.42,13.0,7.21
2024-09-07 00:00:00,24.72,20.1,60.7,5.3,11.21,8.3,4.55
2024-09-07 01:00:00,26.79,18.6,59.3,2.6,12.75,10.03,5.53
2024-09-07 02:00:00,18.24,21.7,56.6,1.9,8.84,6.14,3.66
2024-09-07 03:00:00,19.61,22.2,50.7,4.6,8.28,7.16,3.63
2024-09-07 04:00:00,23.73,24.8,51.6,6.8,10.31,8.51,4.37
2024-09-07 05:00:00,17.06,20.6,68.7,0.9,7.18,6.19,3.05
2024-09-07 06:00:00,15.63,23.5,56.7,5.1,7.21,5.16,3.12
2024-09-07 07:00:00,24.89,26.6,53.4,0.7,10.4,9.09,4.82
2024-09-07 08:00:00,15.74,26.4,49.1,3.3,6.91,5.53,3.22
2024-09-07 09:00:00,23.59,27.2,49.4,4.5,10.77,7.64,4.28
2024-09-07 10:00:00,31.46,29.9,47.0,3.1,15.08,10.91,6.35
2024-09-07 11:00:00,35.09,28.8,53.8,2.5,15.86,13.22,7.41
2024-09-07 12:00:00,40.35,31.8,51.8,1.9,17.7,13.55,8.67
2024-09-07 13:00:00,31.25,29.1,46.8,8.3,13.28,9.74,6.46
2024-09-07 14:00:00,33.51,28.9,49.2,3.9,15.46,11.65,7.0
2024-09-07 15:00:00,29.74,30.6,46.1,1.6,13.79,10.58,5.96
2024-09-07 16:00:00,25.07,26.7,55.8,0.9,11.1,10.13,4.82
2024-09-07 17:00:00,22.16,29.9,50.5,2.2,9.63,7.76,3.9
2024-09-07 18:00:00,18.04,26.1,52.2,3.7,7.74,6.06,3.39
2024-09-07 19:00:00,20.6,27.9,55.6,5.0,9.55,6.96,4.26
2024-09-07 20:00:00,24.37,26.5,54.8,8.4,10.9,8.43,5.02
2024-09-07 21:00:00,20.72,24.8,50.4,5.7,9.46,7.15,4.13
2024-09-07 22:00:00,24.06,24.3,54.8,4.1,11.05,8.74,4.82
2024-09-07 23:00:00,26.97,23.0,55.6,4.4,12.19,9.86,4.9
2024-09-08 00:00:00,27.83,21.2,53.6,3.6,13.25,10.34,5.74
2024-09-08 01:00:00,27.93,23.9,54.2,3.2,13.22,9.62,5.1
2024-09-08 02:00:00,24.18,21.6,63.8,5.3,10.97,9.06,5.07
2024-09-08 03:00:00,19.79,22.3,62.7,1.9,9.55,7.66,3.66
2024-09-08 04:00:00,17.15,23.3,60.6,2.7,7.86,5.76,3.17
2024-09-08 05:00:00,36.87,23.5,59.7,8.3,17.5,14.05,6.94
2024-09-08 06:00:00,19.75,26.6,53.1,3.9,9.16,6.91,3.53
2024-09-08 07:00:00,17.05,25.0,51.0,3.5,6.65,5.83,3.33
2024-09-08 08:00:00,21.08,26.0,55.6,5.9,9.91,8.2,4.53
2024-09-08 09:00:00,20.55,26.3,44.2,5.1,9.4,7.52,3.71
2024-09-08 10:00:00,31.52,28.1,46.9,2.7,14.26,11.62,6.08
2024-09-08 11:00:00,32.84,28.5,55.4,4.2,14.16,11.62,5.94
2024-09-08 12:00:00,40.01,31.4,43.9,1.9,18.13,14.63,8.21
2024-09-08 13:00:00,33.92,29.5,51.8,1.0,16.09,12.21,6.78
2024-09-08 14:00:00,29.99,31.1,44.8,9.1,13.57,9.92,6.12
2024-09-08 15:00:00,31.47,31.7,48.7,4.9,14.03,10.74,6.14
2024-09-08 16:00:00,27.38,30.6,39.6,6.9,11.64,9.17,5.15
2024-09-08 17:00:00,24.13,28.2,56.5,5.7,10.57,8.11,4.58
2024-09-08 18:00:00,18.38,29.6,42.9,3.2,8.39,7.37,3.46
2024-09-08 19:00:00,47.94,27.2,44.6,6.0,21.9,17.28,9.97
2024-09-08 20:00:00,19.31,21.7,64.0,5.3,8.25,6.58,3.46
2024-09-08 21:00:00,19.18,23.2,56.1,2.3,8.33,7.08,3.64
2024-09-08 22:00:00,26.26,25.6,51.7,4.2,11.68,9.44,5.12
2024-09-08 23:00:00,25.2,24.7,62.2,2.6,10.94,8.67,5.19
2024-09-09 00:00:00,33.39,22.3,60.9,2.2,15.36,11.82,6.84
2024-09-09 01:00:00,33.19,22.2,55.1,1.2,15.06,11.72,6.01
2024-09-09 02:00:00,29.69,19.7,59.7,3.8,12.95,10.73,5.8
2024-09-09 03:00:00,29.43,20.6,64.6,3.0,13.22,10.07,5.82
2024-09-09 04:00:00,22.13,23.4,51.2,1.3,10.4,7.25,3.98
2024-09-09 05:00:00,18.96,22.9,63.7,4.8,8.74,5.68,3.97
2024-09-09 06:00:00,24.64,23.4,53.7,4.8,10.37,8.81,5.21
2024-09-09 07:00:00,24.02,24.3,50.5,2.2,11.09,8.47,5.76
2024-09-09 08:00:00,24.71,27.6,56.3,7.5,11.21,9.79,4.8
2024-09-09 09:00:00,33.02,28.8,53.1,5.2,14.83,11.98,7.06
2024-09-09 10:00:00,40.04,29.3,39.9,5.4,18.12,13.91,8.13
2024-09-09 11:00:00,43.23,29.5,48.1,0.5,19.77,15.28,8.66
2024-09-09 12:00:00,39.94,29.6,42.9,8.3,18.18,14.5,7.68
2024-09-09 13:00:00,48.67,31.7,49.9,9.1,22.39,17.01,9.79
2024-09-09 14:00:00,41.3,29.2,57.6,3.6,18.78,14.06,8.22
2024-09-09 15:00:00,36.91,29.3,51.5,8.7,17.84,12.27,7.5
2024-09-09 16:00:00,33.34,28.0,46.6,4.1,15.28,12.25,6.85
2024-09-09 17:00:00,33.19,31.2,51.0,1.6,14.81,12.25,7.16
2024-09-09 18:00:00,26.22,27.3,51.0,5.5,11.39,8.92,5.26
2024-09-09 19:00:00,30.72,27.7,50.3,3.8,14.25,10.88,6.07
2024-09-09 20:00:00,29.19,25.6,50.8,2.7,13.03,9.98,5.85
2024-09-09 21:00:00,32.94,28.9,49.9,2.2,14.96,12.77,6.19
2024-09-09 22:00:00,33.05,24.0,54.8,3.6,14.84,11.36,6.08
2024-09-09 23:00:00,32.55,19.5,48.6,4.6,14.58,11.58,6.62
2024-09-10 00:00:00,36.48,23.1,56.4,6.1,15.58,13.27,7.48
2024-09-10 01:00:00,35.41,20.2,59.0,4.1,16.2,12.78,6.73
2024-09-10 02:00:00,28.01,20.4,61.3,3.1,12.71,10.14,5.35
2024-09-10 03:00:00,27.41,19.8,50.2,4.2,11.79,9.36,5.67
2024-09-10 04:00:00,24.63,21.6,60.6,3.5,11.61,9.02,5.23
2024-09-10 05:00:00,20.13,22.4,57.3,4.4,8.23,7.58,4.11
2024-09-10 06:00:00,21.01,22.2,59.9,4.1,9.68,7.6,3.85
2024-09-10 07:00:00,23.24,23.6,47.5,8.3,10.72,7.4,4.69
2024-09-10 08:00:00,26.6,25.8,46.9,4.2,12.01,8.45,5.51
2024-09-10 09:00:00,28.28,23.4,46.5,4.6,14.15,9.99,6.07
2024-09-10 10:00:00,37.92,26.0,53.5,6.3,18.48,12.58,7.52
2024-09-10 11:00:00,46.94,31.7,44.2,6.6,20.65,16.35,9.27
2024-09-10 12:00:00,45.43,30.5,46.7,1.7,20.07,16.55,9.42
2024-09-10 13:00:00,40.36,29.7,41.4,3.3,18.32,14.28,8.2
2024-09-10 14:00:00,39.31,28.1,44.2,7.2,17.31,13.13,7.74
2024-09-10 15:00:00,38.14,30.4,35.0,7.6,17.48,12.72,7.84
2024-09-10 16:00:00,38.37,31.5,39.5,1.9,18.65,14.01,7.99
2024-09-10 17:00:00,35.06,33.1,41.0,3.2,15.87,12.27,6.63
2024-09-10 18:00:00,26.17,31.0,43.8,2.4,12.05,9.69,5.18
2024-09-10 19:00:00,19.4,25.6,52.9,5.3,8.07,6.74,3.68
2024-09-10 20:00:00,27.17,24.9,57.9,5.9,11.85,8.5,5.63
2024-09-10 21:00:00,26.29,22.2,54.0,3.4,10.83,10.18,5.05
2024-09-10 22:00:00,32.56,21.9,60.2,4.5,14.52,11.3,6.36
2024-09-10 23:00:00,34.5,21.8,61.7,6.1,16.16,11.49,6.89
2024-09-11 00:00:00,34.8,20.6,65.0,4.7,15.12,12.61,7.27
2024-09-11 01:00:00,33.97,23.7,58.0,1.7,15.57,12.47,6.89
2024-09-11 02:00:00,29.31,18.5,62.2,4.7,13.09,11.01,5.72
2024-09-11 03:00:00,27.68,20.6,53.9,1.8,12.56,9.51,6.01
2024-09-11 04:00:00,22.51,18.0,63.7,4.4,11.19,7.1,4.6
2024-09-11 05:00:00,20.29,22.4,55.2,2.7,9.72,7.43,4.41
2024-09-11 06:00:00,19.41,21.0,65.7,1.0,8.64,6.99,4.1
2024-09-11 07:00:00,23.4,25.8,53.5,2.2,10.34,7.76,5.13
2024-09-11 08:00:00,27.83,25.0,53.2,3.4,12.16,9.49,5.57
2024-09-11 09:00:00,28.39,24.7,61.5,9.6,13.71,9.66,6.01
2024-09-11 10:00:00,35.25,24.8,51.8,2.3,16.25,12.59,7.24
2024-09-11 11:00:00,43.37,27.5,50.9,8.3,20.02,15.28,8.58
2024-09-11 12:00:00,46.6,30.2,57.9,2.9,20.67,16.62,9.29
2024-09-11 13:00:00,45.95,30.9,48.2,7.6,20.78,15.39,9.09
2024-09-11 14:00:00,40.87,29.7,54.0,7.5,18.39,14.48,7.98
2024-09-11 15:00:00,41.42,31.7,53.5,1.7,18.02,14.56,8.34
2024-09-11 16:00:00,30.34,28.1,47.5,5.6,13.09,11.7,6.17
2024-09-11 17:00:00,24.61,24.6,59.0,3.6,10.41,8.36,5.17
2024-09-11 18:00:00,28.35,28.4,48.3,4.6,12.73,9.79,5.73
2024-09-11 19:00:00,27.37,28.7,59.8,5.2,11.61,9.9,5.48
2024-09-11 20:00:00,31.34,27.4,58.3,1.5,15.02,11.06,6.22
2024-09-11 21:00:00,27.95,22.2,61.0,5.4,13.38,8.39,5.86
2024-09-11 22:00:00,31.2,22.2,62.6,2.5,13.65,10.54,6.62
2024-09-11 23:00:00,33.02,23.0,52.9,4.9,14.21,11.8,6.74
2024-09-12 00:00:00,35.63,20.0,68.6,3.9,16.13,12.16,7.16
2024-09-12 01:00:00,36.7,20.6,54.7,4.6,16.6,12.99,6.7
2024-09-12 02:00:00,33.69,19.2,63.0,4.2,15.03,12.54,7.16
2024-09-12 03:00:00,28.6,18.8,57.8,5.5,13.25,9.27,5.41
2024-09-12 04:00:00,25.47,19.6,64.8,6.4,11.03,9.12,4.88
2024-09-12 05:00:00,24.4,23.2,64.9,3.3,11.03,8.1,5.34
2024-09-12 06:00:00,19.84,22.8,58.9,3.0,8.5,7.23,3.98
2024-09-12 07:00:00,21.28,25.9,54.5,2.2,9.11,8.74,4.6
2024-09-12 08:00:00,30.32,26.1,52.2,5.5,13.95,9.84,5.93
2024-09-12 09:00:00,33.88,29.0,49.7,7.8,15.29,10.73,6.28
2024-09-12 10:00:00,37.26,29.0,47.5,2.0,17.53,12.14,7.45
2024-09-12 11:00:00,38.66,30.0,56.2,3.3,16.67,14.46,7.92
2024-09-12 12:00:00,44.8,29.4,52.6,5.1,19.49,14.83,9.01
2024-09-12 13:00:00,46.1,34.6,40.7,4.3,21.38,15.84,9.23
2024-09-12 14:00:00,39.27,30.5,47.8,5.5,17.37,14.14,7.47
2024-09-12 15:00:00,33.92,27.2,66.0,0.5,15.32,12.06,6.73
2024-09-12 16:00:00,34.8,30.0,49.3,6.6,15.82,11.95,7.02
2024-09-12 17:00:00,24.62,27.3,58.4,1.1,10.88,8.7,5.43
2024-09-12 18:00:00,27.85,29.3,45.9,3.3,12.39,10.14,5.87
2024-09-12 19:00:00,24.54,27.7,53.2,2.4,11.11,8.42,4.84
2024-09-12 20:00:00,24.09,25.0,50.9,6.9,10.43,8.27,4.75
2024-09-12 21:00:00,28.38,22.7,54.1,2.4,12.67,10.12,5.56
2024-09-12 22:00:00,30.21,23.0,60.4,2.9,14.06,11.34,5.82
2024-09-12 23:00:00,33.6,20.8,54.6,6.3,15.03,11.53,7.2
2024-09-13 00:00:00,31.55,22.0,51.7,3.7,13.62,10.72,6.34
2024-09-13 01:00:00,37.04,21.1,62.1,6.4,16.99,13.11,7.69
2024-09-13 02:00:00,33.5,24.5,52.2,4.4,15.41,11.55,6.45
2024-09-13 03:00:00,29.7,19.6,59.1,1.2,13.14,10.43,6.38
2024-09-13 04:00:00,27.19,20.3,50.6,3.2,11.01,9.66,5.09
2024-09-13 05:00:00,19.16,21.3,52.1,1.9,8.73,5.58,4.12
2024-09-13 06:00:00,19.32,22.4,58.2,1.1,9.84,5.9,3.8
2024-09-13 07:00:00,18.5,25.3,52.4,2.9,8.72,5.69,4.06
2024-09-13 08:00:00,32.84,24.7,58.9,6.6,14.41,11.46,6.28
2024-09-13 09:00:00,35.37,29.4,44.3,1.5,14.95,11.88,7.44
2024-09-13 10:00:00,40.77,28.5,49.0,0.5,17.96,14.52,8.27
2024-09-13 11:00:00,85.04,27.9,50.7,7.0,38.59,30.22,16.58
2024-09-13 12:00:00,44.18,28.3,49.0,3.7,19.7,15.56,9.14
2024-09-13 13:00:00,50.09,31.5,49.2,3.8,23.07,18.81,9.89
2024-09-13 14:00:00,40.53,30.1,42.4,6.9,17.71,14.5,7.96
2024-09-13 15:00:00,34.1,29.9,50.6,4.7,14.82,11.92,6.82
2024-09-13 16:00:00,30.42,28.5,55.5,5.6,13.28,10.91,6.31
2024-09-13 17:00:00,22.47,28.5,45.6,5.1,10.43,7.75,4.05
2024-09-13 18:00:00,24.08,26.6,54.0,4.1,10.78,8.69,4.71
2024-09-13 19:00:00,29.93,28.4,51.7,4.6,13.2,10.49,6.08
2024-09-13 20:00:00,27.14,26.2,55.5,3.8,12.61,8.12,5.43
2024-09-13 21:00:00,27.0,23.5,55.8,2.8,12.78,9.7,5.2
2024-09-13 22:00:00,32.78,22.3,64.3,2.5,13.95,11.58,6.28
2024-09-13 23:00:00,35.72,21.7,68.5,1.9,16.59,12.7,7.61
2024-09-14 00:00:00,22.31,20.6,62.4,2.8,9.94,8.6,4.51
2024-09-14 01:00:00,25.93,18.6,63.2,3.9,12.22,9.61,4.82
2024-09-14 02:00:00,29.74,17.1,63.6,4.0,13.46,10.21,6.0
2024-09-14 03:00:00,17.5,18.9,54.8,4.6,8.3,5.75,3.63
2024-09-14 04:00:00,17.81,20.4,52.4,6.2,7.46,6.11,3.77
2024-09-14 05:00:00,20.82,20.3,53.9,4.4,8.92,7.47,4.06
2024-09-14 06:00:00,17.97,23.6,57.0,1.8,7.99,5.63,3.56
2024-09-14 07:00:00,14.68,23.3,55.1,0.7,5.83,4.93,3.32
2024-09-14 08:00:00,24.12,27.7,58.4,2.0,10.28,8.46,5.25
2024-09-14 09:00:00,22.88,25.4,41.0,6.6,10.82,7.15,4.89
2024-09-14 10:00:00,27.21,27.6,51.1,3.9,11.51,8.78,5.03
2024-09-14 11:00:00,31.54,28.0,52.5,5.8,13.73,11.09,6.0
2024-09-14 12:00:00,34.61,29.9,52.6,2.2,15.46,11.9,6.8
2024-09-14 13:00:00,37.0,31.3,47.1,4.7,16.67,13.41,7.31
2024-09-14 14:00:00,32.01,30.8,48.8,4.9,13.67,11.62,6.7
2024-09-14 15:00:00,21.69,26.7,52.8,5.5,9.48,7.46,4.64
2024-09-14 16:00:00,26.91,30.0,50.2,3.7,12.12,8.71,5.84
2024-09-14 17:00:00,24.65,26.9,51.6,5.3,11.34,8.45,4.84
2024-09-14 18:00:00,19.84,26.9,62.2,7.0,8.41,7.07,3.61
2024-09-14 19:00:00,19.99,27.2,54.2,7.5,8.32,6.68,3.87
2024-09-14 20:00:00,19.91,23.2,57.1,1.6,8.36,7.24,4.12
2024-09-14 21:00:00,22.47,25.4,49.9,4.2,10.05,7.58,5.52
2024-09-14 22:00:00,28.32,21.9,56.0,1.5,12.49,9.92,5.52
2024-09-14 23:00:00,26.65,24.6,62.0,6.8,11.93,9.82,5.41
2024-09-15 00:00:00,28.2,20.5,47.0,7.5,12.58,9.5,5.92
2024-09-15 01:00:00,23.81,22.5,57.3,3.5,10.56,8.41,4.51
2024-09-15 02:00:00,24.9,21.5,58.1,7.6,11.08,9.04,4.94
2024-09-15 03:00:00,21.52,19.0,63.7,5.1,9.86,7.66,3.98
2024-09-15 04:00:00,17.87,18.4,63.2,4.6,8.56,6.76,3.61
2024-09-15 05:00:00,14.7,21.4,65.9,4.0,6.68,4.88,3.11
2024-09-15 06:00:00,13.61,21.3,58.9,3.1,6.37,4.69,2.47
2024-09-15 07:00:00,19.36,25.8,52.7,7.7,8.16,6.3,3.75
2024-09-15 08:00:00,20.12,24.4,59.5,2.0,9.76,6.71,4.56
2024-09-15 09:00:00,22.86,25.6,61.0,5.4,10.54,7.49,4.56
2024-09-15 10:00:00,26.05,25.1,57.3,2.9,12.49,8.71,4.99
2024-09-15 11:00:00,32.94,28.9,54.4,5.0,14.7,11.58,6.46
2024-09-15 12:00:00,31.64,27.3,50.2,1.8,14.11,10.18,6.38
2024-09-15 13:00:00,34.52,30.2,48.4,2.9,14.87,11.74,6.82
2024-09-15 14:00:00,33.58,30.6,54.7,7.3,15.53,11.9,6.91
2024-09-15 15:00:00,34.22,28.4,52.5,3.8,14.71,12.16,6.98
2024-09-15 16:00:00,28.53,30.5,46.2,3.5,12.93,9.89,5.59
2024-09-15 17:00:00,23.34,27.8,50.7,5.0,11.04,8.34,4.99
2024-09-15 18:00:00,17.82,25.0,59.2,3.1,7.9,6.47,3.49
2024-09-15 19:00:00,21.8,28.3,55.6,3.5,9.75,7.86,4.58
2024-09-15 20:00:00,21.25,23.3,51.8,3.8,10.54,7.44,3.74
2024-09-15 21:00:00,20.38,24.2,56.8,9.1,7.96,6.62,4.06
2024-09-15 22:00:00,26.28,22.9,56.5,5.4,11.73,9.29,5.3
2024-09-15 23:00:00,24.86,21.8,57.5,0.9,10.65,9.77,5.39
2024-09-16 00:00:00,32.8,20.8,65.7,5.2,15.02,11.94,6.56
2024-09-16 01:00:00,35.1,18.2,60.9,3.5,16.43,12.6,7.39
2024-09-16 02:00:00,28.68,22.1,54.6,2.2,12.34,10.89,5.91
2024-09-16 03:00:00,29.03,21.1,54.6,5.9,13.36,10.14,5.48
2024-09-16 04:00:00,48.21,20.9,58.0,2.4,21.86,16.71,9.1
2024-09-16 05:00:00,20.4,19.0,57.5,2.6,9.59,6.6,4.67
2024-09-16 06:00:00,16.62,20.6,55.0,1.1,7.25,5.55,3.87
2024-09-16 07:00:00,28.6,24.2,50.5,8.3,13.43,9.78,5.94
2024-09-16 08:00:00,19.81,21.5,54.0,5.3,9.28,7.62,3.87
2024-09-16 09:00:00,31.22,26.3,48.6,1.7,14.05,9.71,6.16
2024-09-16 10:00:00,35.86,25.0,56.0,3.5,16.05,12.33,7.21
2024-09-16 11:00:00,40.93,26.8,42.1,2.7,18.78,13.8,8.02
2024-09-16 12:00:00,41.44,26.7,48.4,0.8,18.91,14.08,7.68
2024-09-16 13:00:00,41.99,29.7,47.8,6.9,18.71,14.78,8.8
2024-09-16 14:00:00,45.63,31.2,52.3,5.7,19.59,15.41,9.47
2024-09-16 15:00:00,38.8,29.9,46.9,8.8,16.53,13.15,7.14
2024-09-16 16:00:00,32.8,29.5,47.8,2.2,15.34,11.09,6.57
2024-09-16 17:00:00,28.28,28.3,49.6,4.7,12.35,10.16,6.15
2024-09-16 18:00:00,25.52,28.1,41.2,1.5,10.93,7.9,5.37
2024-09-16 19:00:00,22.72,26.5,55.5,3.2,10.18,7.91,4.76
2024-09-16 20:00:00,27.04,20.5,62.5,5.8,12.28,9.49,4.93
2024-09-16 21:00:00,31.87,24.6,58.6,0.5,13.97,11.71,6.14
2024-09-16 22:00:00,29.23,23.2,68.6,3.4,12.11,10.45,5.85
2024-09-16 23:00:00,33.81,20.5,53.0,3.2,15.03,12.21,7.14
2024-09-17 00:00:00,34.83,17.0,56.1,4.6,15.12,12.49,7.1
2024-09-17 01:00:00,34.1,19.9,63.7,2.2,14.7,11.45,7.0
2024-09-17 02:00:00,31.6,19.8,58.5,1.9,14.61,10.39,7.07
2024-09-17 03:00:00,30.05,18.9,56.5,4.4,12.85,10.71,6.35
2024-09-17 04:00:00,22.07,20.3,58.2,4.3,10.26,7.72,4.92
2024-09-17 05:00:00,19.08,22.4,54.0,5.0,8.84,6.83,4.07
2024-09-17 06:00:00,25.43,25.4,62.1,2.3,11.41,9.5,5.53
2024-09-17 07:00:00,20.03,23.3,67.4,0.5,9.64,7.02,4.03
2024-09-17 08:00:00,22.04,24.8,46.0,6.2,10.4,7.38,4.5
2024-09-17 09:00:00,27.07,24.4,47.3,2.0,11.4,9.58,5.24
2024-09-17 10:00:00,33.74,26.1,48.9,3.1,15.22,11.67,6.72
2024-09-17 11:00:00,43.58,27.7,47.3,3.4,19.54,16.22,8.58
2024-09-17 12:00:00,47.15,30.4,43.6,1.9,21.83,17.62,9.52
2024-09-17 13:00:00,46.65,30.4,46.6,3.6,20.02,16.34,9.27
2024-09-17 14:00:00,45.84,32.2,43.1,6.6,20.65,15.92,9.17
2024-09-17 15:00:00,34.45,26.9,44.9,2.4,15.57,12.43,6.63
2024-09-17 16:00:00,47.24,26.7,46.8,3.6,21.83,17.07,9.62
2024-09-17 17:00:00,28.99,29.5,56.3,2.6,13.15,10.3,6.18
2024-09-17 18:00:00,25.23,29.0,47.4,8.4,11.54,8.44,4.8
2024-09-17 19:00:00,23.19,25.7,51.1,2.1,11.26,7.92,4.24
2024-09-17 20:00:00,25.65,17.6,55.2,1.4,11.38,8.88,5.26
2024-09-17 21:00:00,28.02,21.9,55.4,1.7,12.64,9.7,5.42
2024-09-17 22:00:00,34.72,22.3,62.0,2.9,15.86,11.38,6.35
2024-09-17 23:00:00,31.33,19.5,63.6,3.8,13.59,11.46,6.75
2024-09-18 00:00:00,36.43,20.1,63.9,4.5,15.66,13.48,6.88
2024-09-18 01:00:00,31.05,22.2,51.4,3.9,14.13,11.02,6.74
2024-09-18 02:00:00,31.66,21.3,52.4,6.5,14.29,11.48,5.85
2024-09-18 03:00:00,29.53,20.5,65.0,2.8,14.21,10.43,5.75
2024-09-18 04:00:00,23.39,19.7,64.5,4.7,10.4,7.84,5.09
2024-09-18 05:00:00,22.56,19.9,58.9,2.4,10.37,7.88,4.08
2024-09-18 06:00:00,17.78,22.8,60.9,4.5,7.42,5.62,3.49
2024-09-18 07:00:00,17.02,22.9,50.5,6.8,7.4,6.44,2.86
2024-09-18 08:00:00,25.67,24.2,48.7,8.3,12.35,9.95,5.4
2024-09-18 09:00:00,32.04,23.1,48.2,4.9,13.79,10.63,6.37
2024-09-18 10:00:00,31.3,25.6,55.1,7.2,14.4,11.18,6.16
2024-09-18 11:00:00,44.44,28.8,50.5,4.5,20.64,16.45,8.9
2024-09-18 12:00:00,39.52,26.8,49.2,7.7,17.71,13.83,7.79
2024-09-18 13:00:00,38.9,29.4,44.8,6.4,16.96,14.38,7.82
2024-09-18 14:00:00,37.25,29.8,60.4,1.4,17.33,13.79,7.65
2024-09-18 15:00:00,36.24,29.7,47.1,3.4,16.8,12.43,7.29
2024-09-18 16:00:00,30.89,29.3,55.8,2.8,13.89,9.88,6.26
2024-09-18 17:00:00,24.84,28.6,48.9,0.7,11.43,8.89,4.68
2024-09-18 18:00:00,18.51,25.7,50.6,3.4,8.02,6.7,3.78
2024-09-18 19:00:00,19.06,23.2,63.2,1.7,8.27,6.41,3.72
2024-09-18 20:00:00,24.41,22.8,60.5,0.8,10.99,9.38,4.68
2024-09-18 21:00:00,27.66,23.9,55.1,3.3,12.44,10.49,5.58
2024-09-18 22:00:00,30.17,19.8,65.9,2.2,12.91,11.66,6.03
2024-09-18 23:00:00,34.68,19.1,73.7,7.0,15.28,12.26,7.35
2024-09-19 00:00:00,37.77,18.1,58.7,5.5,16.38,13.1,7.95
2024-09-19 01:00:00,35.15,16.4,66.7,7.5,16.23,12.59,6.71
2024-09-19 02:00:00,31.11,17.2,61.3,6.2,14.23,11.5,6.26
2024-09-19 03:00:00,29.99,20.6,54.6,4.8,13.72,10.79,5.5
2024-09-19 04:00:00,21.52,18.5,56.9,4.0,8.24,7.86,4.4
2024-09-19 05:00:00,20.61,17.8,70.6,1.1,8.68,6.8,3.6
2024-09-19 06:00:00,19.66,20.7,50.1,2.4,9.01,7.42,4.11
2024-09-19 07:00:00,18.08,23.4,58.4,4.7,8.76,6.14,4.32
2024-09-19 08:00:00,22.87,21.2,54.4,3.0,10.49,8.52,4.66
2024-09-19 09:00:00,26.49,26.7,60.9,2.7,12.26,8.72,5.18
2024-09-19 10:00:00,36.63,24.3,53.5,1.4,16.76,13.65,7.32
2024-09-19 11:00:00,36.16,26.9,49.9,1.1,16.5,12.69,7.34
2024-09-19 12:00:00,44.64,27.7,58.6,2.1,20.06,15.52,8.59
2024-09-19 13:00:00,40.17,27.9,54.9,5.7,17.59,14.14,7.85
2024-09-19 14:00:00,40.11,28.9,52.1,4.4,18.49,13.59,7.84
2024-09-19 15:00:00,7.07,30.0,52.1,2.7,3.49,2.04,1.2
2024-09-19 16:00:00,30.77,28.2,44.7,1.1,14.05,10.04,6.68
2024-09-19 17:00:00,26.67,26.6,55.8,1.9,12.12,9.48,5.2
2024-09-19 18:00:00,26.53,27.1,50.4,3.3,11.61,9.91,5.38
2024-09-19 19:00:00,25.44,25.6,55.1,1.7,12.05,9.03,5.21
2024-09-19 20:00:00,22.99,22.9,58.9,5.1,9.45,8.27,5.02
2024-09-19 21:00:00,26.46,22.7,51.2,5.3,11.79,8.76,5.71
2024-09-19 22:00:00,27.43,20.3,62.6,1.6,12.91,9.67,5.52
2024-09-19 23:00:00,35.47,19.1,60.1,4.8,15.9,12.35,7.14
2024-09-20 00:00:00,37.86,20.6,53.0,3.6,16.99,13.54,7.71
2024-09-20 01:00:00,38.19,19.6,59.7,7.7,16.82,12.66,7.73
2024-09-20 02:00:00,32.17,19.9,60.2,5.3,15.36,11.07,6.14
2024-09-20 03:00:00,25.74,19.9,63.1,4.0,12.12,9.09,5.36
2024-09-20 04:00:00,19.66,18.1,50.3,4.1,9.85,6.23,4.05
2024-09-20 05:00:00,23.76,21.7,59.9,1.9,10.59,8.72,4.37
2024-09-20 06:00:00,15.66,20.8,56.5,6.4,6.46,5.7,2.92
2024-09-20 07:00:00,36.55,23.9,59.4,3.8,15.18,11.38,7.29
2024-09-20 08:00:00,23.34,23.6,55.7,3.9,11.12,7.55,4.29
2024-09-20 09:00:00,29.76,25.5,51.7,3.9,13.54,10.48,5.9
2024-09-20 10:00:00,35.65,26.8,51.0,2.4,16.04,13.59,6.23
2024-09-20 11:00:00,41.26,28.5,51.5,5.5,18.12,14.73,8.19
2024-09-20 12:00:00,31.57,25.6,57.8,6.0,14.59,9.52,5.8
2024-09-20 13:00:00,37.52,26.2,48.1,2.5,16.88,12.73,7.44
2024-09-20 14:00:00,34.48,29.8,46.6,3.2,15.56,12.27,6.85
2024-09-20 15:00:00,37.17,29.1,56.4,1.9,15.82,12.3,7.6
2024-09-20 16:00:00,26.9,26.9,49.9,2.2,12.75,9.79,5.58
2024-09-20 17:00:00,21.52,27.8,52.4,2.7,9.57,7.58,4.3
2024-09-20 18:00:00,18.34,24.1,48.9,6.5,8.14,7.13,4.07
2024-09-20 19:00:00,28.65,29.9,39.5,4.2,12.94,9.56,5.79
2024-09-20 20:00:00,29.47,25.7,47.9,4.0,13.61,10.64,5.86
2024-09-20 21:00:00,28.14,23.4,52.5,7.3,12.63,10.17,5.83
2024-09-20 22:00:00,32.26,21.4,63.6,5.3,14.71,12.29,6.69
2024-09-20 23:00:00,37.1,19.3,66.6,0.5,15.94,13.51,7.42
2024-09-21 00:00:00,26.15,17.3,53.7,1.5,11.7,9.22,5.07
2024-09-21 01:00:00,27.52,18.6,59.0,2.3,12.48,8.89,5.13
2024-09-21 02:00:00,25.29,17.3,66.8,2.6,11.24,8.45,4.67
2024-09-21 03:00:00,17.55,17.5,62.4,5.7,8.56,6.43,4.15
2024-09-21 04:00:00,21.63,17.1,71.0,5.1,9.5,7.59,3.73
2024-09-21 05:00:00,12.34,20.4,62.9,1.7,5.95,4.87,2.07
2024-09-21 06:00:00,17.43,20.5,58.1,3.7,7.8,5.58,3.06
2024-09-21 07:00:00,12.1,23.1,55.4,1.4,5.75,4.05,2.9
2024-09-21 08:00:00,19.82,24.2,54.6,1.8,9.48,7.65,3.69
2024-09-21 09:00:00,27.22,25.2,49.5,2.2,12.59,9.67,5.07
2024-09-21 10:00:00,32.12,30.0,52.6,6.5,13.96,11.22,5.87
2024-09-21 11:00:00,31.49,28.3,53.7,2.9,14.43,10.03,6.26
2024-09-21 12:00:00,30.92,26.0,55.1,6.7,14.26,10.54,5.83
2024-09-21 13:00:00,32.43,29.1,50.3,5.0,14.61,10.98,6.17
2024-09-21 14:00:00,34.84,28.5,44.7,5.0,15.6,12.98,7.35
2024-09-21 15:00:00,24.81,26.4,54.9,5.4,11.64,9.35,5.14
2024-09-21 16:00:00,19.79,25.8,53.7,1.3,8.53,6.87,3.75
2024-09-21 17:00:00,20.21,27.8,60.7,5.5,8.84,7.14,3.95
2024-09-21 18:00:00,17.47,27.1,45.0,2.3,8.01,6.28,4.26
2024-09-21 19:00:00,14.32,23.3,52.4,8.6,6.79,5.16,2.42
2024-09-21 20:00:00,18.6,25.0,46.0,5.8,8.23,6.59,3.48
2024-09-21 21:00:00,19.55,22.7,55.7,10.1,9.48,7.2,3.81
2024-09-21 22:00:00,21.93,22.9,47.9,7.1,8.18,7.64,4.22
2024-09-21 23:00:00,30.88,21.7,63.9,2.8,13.63,10.05,5.91
2024-09-22 00:00:00,23.8,18.8,66.9,7.2,10.46,7.93,4.39
2024-09-22 01:00:00,25.99,21.0,58.0,2.7,11.69,9.16,4.96
2024-09-22 02:00:00,25.04,16.7,58.9,4.4,11.32,9.63,5.19
2024-09-22 03:00:00,22.33,22.1,49.8,5.5,10.85,8.48,4.56
2024-09-22 04:00:00,17.79,17.7,59.2,2.9,7.15,5.34,3.29
2024-09-22 05:00:00,15.28,19.8,63.4,2.0,7.08,5.2,2.45
2024-09-22 06:00:00,16.25,20.0,56.1,6.4,7.77,5.25,3.45
2024-09-22 07:00:00,16.55,21.5,67.7,1.4,7.79,6.01,3.15
2024-09-22 08:00:00,22.91,27.7,58.2,2.9,9.91,8.1,4.19
2024-09-22 09:00:00,16.85,24.0,55.2,3.7,7.67,5.78,3.4
2024-09-22 10:00:00,27.1,27.1,49.1,5.4,12.24,9.62,5.26
2024-09-22 11:00:00,26.57,26.5,49.3,6.0,11.84,9.46,5.4
2024-09-22 12:00:00,32.35,29.1,57.1,3.6,15.06,11.16,6.67
2024-09-22 13:00:00,30.77,27.4,47.9,3.9,14.77,11.06,5.71
2024-09-22 14:00:00,31.58,28.7,54.2,5.9,13.96,11.74,6.56
2024-09-22 15:00:00,32.91,29.1,49.1,3.4,14.87,12.3,6.76
2024-09-22 16:00:00,20.51,26.6,55.6,3.8,8.6,6.93,4.08
2024-09-22 17:00:00,28.37,31.0,42.7,0.6,12.71,10.75,5.65
2024-09-22 18:00:00,20.22,26.9,50.1,7.4,8.8,7.81,4.05
2024-09-22 19:00:00,19.6,24.3,54.7,3.9,9.53,6.52,3.84
2024-09-22 20:00:00,34.88,22.3,54.1,4.8,16.41,12.76,6.58
2024-09-22 21:00:00,18.23,22.2,63.6,2.3,7.84,6.38,3.35
2024-09-22 22:00:00,19.26,19.0,57.3,4.4,8.55,7.56,3.7
2024-09-22 23:00:00,26.4,22.5,54.1,3.3,11.54,9.25,5.77
2024-09-23 00:00:00,33.79,19.5,67.4,1.5,15.32,12.5,6.75
2024-09-23 01:00:00,31.66,18.2,68.0,5.6,14.59,11.32,6.37
2024-09-23 02:00:00,28.19,19.7,68.3,5.7,12.38,9.72,5.07
2024-09-23 03:00:00,28.01,17.3,53.8,1.1,12.36,9.41,5.99
2024-09-23 04:00:00,27.63,17.1,64.5,3.0,13.14,9.25,5.28
2024-09-23 05:00:00,20.09,19.4,61.1,2.4,8.96,6.89,4.06
2024-09-23 06:00:00,21.59,20.9,56.2,3.6,9.24,7.41,4.1
2024-09-23 07:00:00,20.86,22.7,58.4,3.5,9.59,7.55,4.51
2024-09-23 08:00:00,20.64,20.9,57.3,4.4,8.89,7.19,4.8
2024-09-23 09:00:00,29.45,23.8,56.3,2.3,13.06,11.07,6.03
2024-09-23 10:00:00,28.62,21.0,75.8,2.1,12.83,10.18,5.44
2024-09-23 11:00:00,35.55,24.9,55.7,4.8,15.76,12.72,7.15
2024-09-23 12:00:00,41.11,28.6,51.5,8.2,19.02,14.35,8.19
2024-09-23 13:00:00,44.49,29.4,52.8,7.3,20.45,16.38,8.98
2024-09-23 14:00:00,32.39,26.5,53.2,5.3,14.78,11.01,6.29
2024-09-23 15:00:00,33.85,27.5,45.5,1.1,15.03,10.68,6.29
2024-09-23 16:00:00,27.06,27.5,42.7,2.2,11.9,9.12,5.1
2024-09-23 17:00:00,26.31,28.3,49.9,4.6,12.12,9.2,4.98
2024-09-23 18:00:00,16.96,28.0,49.1,2.5,7.65,5.78,2.95
2024-09-23 19:00:00,27.38,24.7,44.6,3.0,12.88,9.29,5.65
2024-09-23 20:00:00,25.24,22.8,64.8,7.4,11.43,8.49,4.91
2024-09-23 21:00:00,25.69,19.7,60.9,1.3,11.64,8.92,5.55
2024-09-23 22:00:00,28.55,20.8,66.2,6.0,12.78,11.29,5.93
2024-09-23 23:00:00,32.87,22.7,45.6,1.0,14.84,11.18,6.36
2024-09-24 00:00:00,36.89,20.6,66.6,2.7,16.62,13.21,7.18
2024-09-24 01:00:00,29.36,18.4,59.5,3.8,13.32,10.68,6.39
2024-09-24 02:00:00,30.99,18.4,68.2,2.8,13.68,11.18,6.02
2024-09-24 03:00:00,32.02,17.1,64.6,7.5,13.87,11.44,6.38
2024-09-24 04:00:00,21.01,18.1,64.5,3.6,9.02,7.4,4.28
2024-09-24 05:00:00,21.3,19.7,62.7,4.9,10.13,7.62,4.83
2024-09-24 06:00:00,25.6,20.7,57.0,4.7,11.45,8.65,4.67
2024-09-24 07:00:00,22.68,23.2,52.9,5.7,9.99,7.27,4.87
2024-09-24 08:00:00,24.77,24.4,52.9,6.0,11.5,8.81,4.98
2024-09-24 09:00:00,30.42,25.0,46.6,3.4,13.49,11.54,6.26
2024-09-24 10:00:00,30.34,24.0,52.8,6.0,13.58,10.41,5.78
2024-09-24 11:00:00,38.93,25.1,50.4,4.4,17.13,13.47,7.99
2024-09-24 12:00:00,37.04,26.0,45.4,4.6,16.94,14.02,7.26
2024-09-24 13:00:00,35.41,28.1,52.5,1.9,15.54,12.55,6.99
2024-09-24 14:00:00,31.75,24.9,54.1,2.2,13.5,10.38,6.47
2024-09-24 15:00:00,30.86,27.8,51.9,4.6,14.53,11.97,6.32
2024-09-24 16:00:00,56.26,29.4,52.2,2.4,25.12,19.73,10.61
2024-09-24 17:00:00,25.7,27.5,49.8,3.5,11.22,8.83,5.14
2024-09-24 18:00:00,24.5,24.9,49.4,3.5,11.02,7.67,4.67
2024-09-24 19:00:00,22.84,23.2,57.7,2.2,9.47,8.08,4.81
2024-09-24 20:00:00,24.76,24.2,40.4,3.9,11.56,8.99,5.01
2024-09-24 21:00:00,5.52,22.1,56.9,3.9,1.93,2.43,0.71
2024-09-24 22:00:00,28.7,20.1,63.7,1.6,12.61,10.05,5.54
2024-09-24 23:00:00,28.64,18.5,67.0,2.9,12.73,10.26,6.13
2024-09-25 00:00:00,35.36,18.5,59.1,2.9,15.66,12.47,7.11
2024-09-25 01:00:00,36.06,17.5,51.8,3.9,16.09,12.61,7.53
2024-09-25 02:00:00,31.06,18.9,48.1,5.0,14.36,9.52,6.27
2024-09-25 03:00:00,26.24,19.8,63.4,0.6,12.43,9.23,5.31
2024-09-25 04:00:00,24.99,16.4,62.6,1.6,12.01,8.9,4.94
2024-09-25 05:00:00,20.88,17.4,73.2,2.5,9.2,6.89,3.66
2024-09-25 06:00:00,24.29,22.3,50.2,5.5,10.74,8.67,5.0
2024-09-25 07:00:00,24.17,21.7,59.6,3.4,10.53,8.47,4.94
2024-09-25 08:00:00,26.23,21.1,67.0,3.6,11.37,8.59,5.29
2024-09-25 09:00:00,31.77,25.5,54.4,3.1,13.93,11.01,6.64
2024-09-25 10:00:00,30.77,25.8,45.1,3.1,12.77,11.21,6.42
2024-09-25 11:00:00,44.14,29.6,62.3,8.3,20.42,15.13,8.64
2024-09-25 12:00:00,8.03,26.7,59.8,6.4,2.73,2.13,1.31
2024-09-25 13:00:00,43.48,29.3,47.8,4.8,20.23,14.77,8.7
2024-09-25 14:00:00,34.95,25.6,57.4,2.7,15.64,11.97,7.42
2024-09-25 15:00:00,37.24,29.7,52.5,3.6,16.28,13.17,7.48
2024-09-25 16:00:00,37.35,28.5,53.0,4.6,15.87,13.43,7.51
2024-09-25 17:00:00,27.95,28.7,42.6,3.0,12.82,10.13,5.42
2024-09-25 18:00:00,26.82,26.9,53.3,3.7,11.23,8.83,5.15
2024-09-25 19:00:00,19.91,23.9,62.6,1.7,8.64,7.24,3.94
2024-09-25 20:00:00,25.81,21.0,61.3,1.3,12.05,8.77,5.34
2024-09-25 21:00:00,29.93,20.6,61.3,1.8,13.36,10.47,5.99
2024-09-25 22:00:00,32.24,17.6,60.2,5.0,14.23,11.7,6.1
2024-09-25 23:00:00,38.25,17.8,58.1,1.9,17.17,12.8,7.79
2024-09-26 00:00:00,32.85,18.9,53.5,6.8,15.3,10.98,6.56
2024-09-26 01:00:00,32.84,17.7,66.6,2.9,14.53,11.29,6.37
2024-09-26 02:00:00,31.84,17.2,62.2,1.8,14.38,11.28,6.99
2024-09-26 03:00:00,29.77,16.5,57.4,5.6,13.77,10.22,6.36
2024-09-26 04:00:00,24.26,15.6,70.2,3.3,10.57,8.09,4.39
2024-09-26 05:00:00,24.28,19.3,57.9,3.0,10.62,9.15,5.46
2024-09-26 06:00:00,18.41,20.6,55.0,2.7,8.45,5.99,3.8
2024-09-26 07:00:00,18.22,19.8,57.8,2.7,8.26,6.18,3.91
2024-09-26 08:00:00,24.58,21.8,56.9,4.4,11.72,8.58,4.95
2024-09-26 09:00:00,6.13,26.2,54.9,3.7,2.43,3.06,1.23
2024-09-26 10:00:00,36.87,26.8,47.5,3.4,16.36,12.63,7.36
2024-09-26 11:00:00,33.99,23.9,60.4,3.3,15.14,12.3,6.89
2024-09-26 12:00:00,38.36,26.8,54.3,1.7,16.66,13.29,7.44
2024-09-26 13:00:00,42.23,29.6,45.9,5.6,18.85,13.73,8.13
2024-09-26 14:00:00,36.24,27.2,50.5,6.9,16.76,13.06,7.32
2024-09-26 15:00:00,31.28,27.0,49.5,5.4,13.61,11.16,6.09
2024-09-26 16:00:00,30.1,28.5,50.1,3.3,13.74,10.84,6.03
2024-09-26 17:00:00,25.43,27.6,58.5,8.0,11.37,8.68,5.12
2024-09-26 18:00:00,25.9,26.5,50.1,4.2,11.32,8.81,5.42
2024-09-26 19:00:00,21.55,23.5,56.8,5.2,9.49,7.91,4.2
2024-09-26 20:00:00,29.46,23.6,52.2,4.9,13.02,9.9,5.71
2024-09-26 21:00:00,27.97,23.5,58.4,4.7,12.5,9.79,5.46
2024-09-26 22:00:00,29.94,20.0,61.4,4.3,13.43,10.3,5.82
2024-09-26 23:00:00,40.74,18.4,68.5,2.1,18.43,13.79,8.28
2024-09-27 00:00:00,36.08,19.9,56.0,2.5,16.94,12.76,7.05
2024-09-27 01:00:00,36.52,20.6,62.7,6.3,15.58,13.12,7.81
2024-09-27 02:00:00,32.78,20.5,65.7,1.9,14.28,11.74,6.28
2024-09-27 03:00:00,29.1,17.0,61.4,1.7,13.49,10.25,5.68
2024-09-27 04:00:00,25.14,17.6,62.2,2.5,11.76,8.11,4.47
2024-09-27 05:00:00,18.3,17.3,64.2,2.8,8.26,6.31,3.46
2024-09-27 06:00:00,20.97,20.0,58.8,3.8,9.07,6.46,4.24
2024-09-27 07:00:00,17.74,19.5,61.5,4.1,6.95,5.33,3.57
2024-09-27 08:00:00,23.36,21.6,61.5,5.3,10.65,7.81,4.51
2024-09-27 09:00:00,26.79,24.7,53.8,1.2,12.61,9.81,5.58
2024-09-27 10:00:00,34.36,25.4,52.9,2.1,16.15,10.81,6.73
2024-09-27 11:00:00,34.88,23.2,57.5,3.6,15.43,12.59,6.6
2024-09-27 12:00:00,43.82,29.0,47.1,2.3,19.84,14.87,8.88
2024-09-27 13:00:00,66.78,25.6,51.6,6.1,30.06,23.32,13.41
2024-09-27 14:00:00,32.66,25.9,48.4,4.3,13.98,12.42,6.41
2024-09-27 15:00:00,28.89,25.3,53.4,3.5,13.11,10.59,5.72
2024-09-27 16:00:00,28.65,25.7,55.4,0.5,11.9,9.95,5.88
2024-09-27 17:00:00,24.55,24.6,53.2,5.9,10.91,8.24,5.4
2024-09-27 18:00:00,17.18,23.6,51.9,3.3,8.14,6.45,3.3
2024-09-27 19:00:00,17.22,20.0,59.6,3.7,8.3,5.59,3.97
2024-09-27 20:00:00,21.98,22.6,58.9,4.6,9.82,7.72,4.8
2024-09-27 21:00:00,30.16,21.4,58.9,7.1,14.52,10.94,5.88
2024-09-27 22:00:00,34.33,23.2,67.3,1.8,15.23,12.43,6.78
2024-09-27 23:00:00,31.73,19.6,57.3,1.2,13.61,10.1,7.12
2024-09-28 00:00:00,27.05,17.1,62.7,1.5,12.61,9.64,5.01
2024-09-28 01:00:00,30.11,15.5,69.3,4.9,13.63,10.34,5.85
2024-09-28 02:00:00,24.51,17.0,60.1,1.6,10.44,8.36,4.71
2024-09-28 03:00:00,24.21,18.0,72.0,3.5,10.85,8.49,4.16
2024-09-28 04:00:00,20.34,17.1,63.5,4.7,8.97,8.3,4.42
2024-09-28 05:00:00,13.51,18.7,64.3,4.7,6.81,4.7,2.93
2024-09-28 06:00:00,14.56,22.5,57.1,3.1,6.93,4.92,3.04
2024-09-28 07:00:00,15.87,20.3,64.7,4.6,6.78,5.04,3.46
2024-09-28 08:00:00,18.1,19.3,55.5,7.3,8.16,6.28,3.71
2024-09-28 09:00:00,24.09,24.8,62.1,0.7,10.55,7.54,5.11
2024-09-28 10:00:00,26.18,25.1,55.0,4.5,12.47,9.68,5.76
2024-09-28 11:00:00,18.19,23.1,59.5,3.6,7.9,6.33,3.68
2024-09-28 12:00:00,27.69,27.1,47.8,2.1,12.07,9.52,6.49
2024-09-28 13:00:00,22.29,25.5,55.1,2.6,9.5,8.09,4.45
2024-09-28 14:00:00,29.63,27.8,45.8,5.7,13.63,10.07,5.54
2024-09-28 15:00:00,30.03,29.8,54.1,4.0,13.62,10.71,6.08
2024-09-28 16:00:00,21.88,26.2,46.1,0.5,9.47,6.96,4.83
2024-09-28 17:00:00,18.36,27.3,52.0,7.8,7.88,5.72,3.87
2024-09-28 18:00:00,16.72,22.8,54.7,4.4,8.53,4.48,3.31
2024-09-28 19:00:00,17.57,21.2,50.8,3.2,8.55,6.48,3.76
2024-09-28 20:00:00,16.48,25.2,49.1,4.7,7.43,6.27,3.33
2024-09-28 21:00:00,16.99,21.3,60.7,2.0,8.08,6.08,3.22
2024-09-28 22:00:00,23.47,20.6,54.8,2.3,10.37,8.81,5.25
2024-09-28 23:00:00,30.01,20.3,56.2,1.7,13.52,10.86,6.31
2024-09-29 00:00:00,30.51,16.8,65.7,3.0,14.27,10.98,6.43
2024-09-29 01:00:00,26.92,18.4,66.5,6.5,12.16,9.35,5.58
2024-09-29 02:00:00,21.63,18.0,65.7,3.0,9.16,8.14,5.09
2024-09-29 03:00:00,22.86,15.2,65.5,2.5,9.96,7.65,4.85
2024-09-29 04:00:00,16.69,19.9,61.2,4.7,7.65,6.11,2.93
2024-09-29 05:00:00,13.85,20.4,60.1,6.1,6.55,5.32,2.82
2024-09-29 06:00:00,9.65,17.5,57.8,2.2,5.05,3.09,2.06
2024-09-29 07:00:00,16.02,21.0,60.2,5.4,6.76,5.82,3.31
2024-09-29 08:00:00,16.25,21.6,52.8,2.6,7.54,5.76,3.44
2024-09-29 09:00:00,22.94,25.4,56.6,2.3,9.86,7.54,4.42
2024-09-29 10:00:00,17.7,22.3,57.9,3.4,7.43,6.64,3.65
2024-09-29 11:00:00,36.27,30.9,36.1,1.1,16.43,12.5,7.17
2024-09-29 12:00:00,23.22,26.0,57.7,6.0,9.87,8.47,4.45
2024-09-29 13:00:00,34.07,27.9,47.9,6.1,15.25,11.36,7.26
2024-09-29 14:00:00,32.31,29.0,46.1,4.5,14.41,10.97,6.06
2024-09-29 15:00:00,23.68,26.5,57.0,2.5,10.27,8.03,4.25
2024-09-29 16:00:00,22.4,26.1,51.9,1.8,10.47,7.53,4.2
2024-09-29 17:00:00,14.42,24.7,57.3,4.6,6.3,4.6,2.8
2024-09-29 18:00:00,15.19,23.1,53.0,1.4,6.68,4.79,3.55
2024-09-29 19:00:00,17.75,23.7,59.6,3.1,7.56,6.24,3.64
2024-09-29 20:00:00,10.09,21.8,58.9,1.3,5.63,3.38,2.16
2024-09-29 21:00:00,19.52,19.9,62.1,3.2,8.46,6.95,3.72
2024-09-29 22:00:00,23.39,18.8,60.6,1.6,10.22,8.36,4.87
2024-09-29 23:00:00,25.02,19.3,69.0,0.8,11.43,8.05,5.4
2024-09-30 00:00:00,38.64,16.2,73.9,3.3,17.49,13.66,7.39
2024-09-30 01:00:00,31.18,16.5,53.1,3.9,13.56,11.18,6.35
2024-09-30 02:00:00,29.69,18.1,66.9,3.2,11.97,10.02,6.06
2024-09-30 03:00:00,22.71,17.3,57.9,1.9,10.52,8.35,4.83
2024-09-30 04:00:00,27.52,15.8,67.5,1.2,11.95,9.38,4.99
2024-09-30 05:00:00,20.38,18.2,53.3,1.6,9.43,7.57,3.89
2024-09-30 06:00:00,18.9,19.9,62.1,4.8,8.51,4.98,3.67
2024-09-30 07:00:00,20.87,21.9,53.5,0.5,9.54,7.92,4.39
2024-09-30 08:00:00,25.34,20.6,57.0,6.0,11.29,9.55,5.35
2024-09-30 09:00:00,28.36,22.2,55.2,5.7,13.12,9.9,5.29
2024-09-30 10:00:00,37.87,23.2,52.5,6.2,16.35,13.85,7.08
2024-09-30 11:00:00,35.6,24.3,51.3,6.2,15.71,12.32,7.56
2024-09-30 12:00:00,37.86,26.7,50.0,4.5,16.33,13.1,7.39
2024-09-30 13:00:00,37.79,27.5,50.3,5.8,16.58,13.99,8.08
2024-09-30 14:00:00,36.75,28.3,51.6,4.9,16.02,12.64,7.52
2024-09-30 15:00:00,27.4,26.4,61.6,2.5,12.5,10.21,5.44
2024-09-30 16:00:00,23.85,24.0,50.5,5.0,9.68,7.89,5.03
2024-09-30 17:00:00,26.39,26.3,53.1,4.1,12.01,9.36,5.64
2024-09-30 18:00:00,19.19,24.5,58.5,0.7,9.38,5.81,3.77
2024-09-30 19:00:00,18.98,23.1,52.7,5.3,8.92,6.7,3.63
2024-09-30 20:00:00,27.54,19.8,48.9,6.1,11.78,10.38,5.53
2024-09-30 21:00:00,23.93,20.2,50.3,3.6,11.0,8.34,5.15
2024-09-30 22:00:00,26.08,17.5,51.9,3.5,12.25,9.57,5.12
2024-09-30 23:00:00,31.11,18.9,69.0,3.2,13.88,10.57,6.14
2024-10-01 00:00:00,31.13,16.6,67.2,4.8,14.7,11.06,6.06
2024-10-01 01:00:00,34.94,15.9,68.7,2.1,15.82,12.37,6.71
2024-10-01 02:00:00,30.33,14.2,71.8,5.2,13.99,10.37,6.17
2024-10-01 03:00:00,26.93,18.3,59.2,2.5,11.81,9.5,5.22
2024-10-01 04:00:00,26.61,16.8,75.3,2.3,12.14,9.74,5.74
2024-10-01 05:00:00,19.25,18.1,63.9,5.5,8.52,6.65,4.3
2024-10-01 06:00:00,21.92,17.9,62.1,1.9,9.9,7.23,3.87
2024-10-01 07:00:00,24.76,17.8,68.2,6.0,11.4,8.21,4.99
2024-10-01 08:00:00,22.59,20.7,62.4,8.3,9.74,8.03,4.88
2024-10-01 09:00:00,29.32,22.3,63.9,2.6,13.17,10.28,6.07
2024-10-01 10:00:00,31.35,24.5,61.6,6.9,15.13,11.62,6.68
2024-10-01 11:00:00,37.11,24.5,52.8,3.9,17.22,13.33,7.2
2024-10-01 12:00:00,32.25,24.8,55.2,2.3,14.77,11.47,5.97
2024-10-01 13:00:00,30.04,24.1,50.5,3.3,13.6,9.91,6.03
2024-10-01 14:00:00,34.18,26.6,43.9,5.4,15.86,11.94,6.93
2024-10-01 15:00:00,27.03,25.2,58.0,4.4,11.9,8.85,5.72
2024-10-01 16:00:00,28.22,27.9,55.4,3.5,13.04,10.65,5.58
2024-10-01 17:00:00,22.39,25.3,43.7,2.3,9.55,7.61,5.0
2024-10-01 18:00:00,23.11,24.9,50.5,4.8,10.08,7.76,4.81
2024-10-01 19:00:00,19.96,22.5,57.3,2.6,8.81,6.89,3.85
2024-10-01 20:00:00,21.67,21.8,58.5,2.7,10.49,7.79,3.91
2024-10-01 21:00:00,61.18,18.9,71.5,5.0,28.25,20.23,12.51
2024-10-01 22:00:00,29.31,17.3,60.1,3.8,13.36,9.9,5.87
2024-10-01 23:00:00,31.64,18.0,61.5,1.9,14.01,11.99,6.58
2024-10-02 00:00:00,30.93,17.9,65.8,4.6,13.7,11.02,6.4
2024-10-02 01:00:00,34.13,13.6,65.9,2.3,15.94,12.1,6.74
2024-10-02 02:00:00,29.79,15.6,62.8,5.1,13.4,10.68,5.6
2024-10-02 03:00:00,29.88,19.3,57.9,3.4,13.75,9.81,6.07
2024-10-02 04:00:00,20.09,17.7,63.9,4.0,9.28,8.32,4.08
2024-10-02 05:00:00,19.61,20.1,59.0,4.1,9.87,7.26,3.89
2024-10-02 06:00:00,24.49,17.9,65.9,1.7,10.72,8.35,4.88
2024-10-02 07:00:00,18.62,19.4,62.6,4.3,8.51,6.9,3.44
2024-10-02 08:00:00,23.12,22.8,42.1,6.0,9.9,8.62,5.26
2024-10-02 09:00:00,24.42,23.6,47.0,6.3,10.88,8.06,5.1
2024-10-02 10:00:00,5.57,23.7,53.1,4.6,2.65,3.21,0.92
2024-10-02 11:00:00,37.82,23.0,61.3,7.9,17.36,13.31,7.72
2024-10-02 12:00:00,40.5,27.4,47.9,4.1,17.68,13.88,7.91
2024-10-02 13:00:00,43.19,29.9,50.0,2.3,19.72,15.76,8.66
2024-10-02 14:00:00,26.97,24.0,58.2,4.4,11.65,9.03,5.51
2024-10-02 15:00:00,34.77,28.3,52.8,6.6,15.45,11.31,7.28
2024-10-02 16:00:00,28.06,25.0,51.3,2.8,12.82,9.15,5.28
2024-10-02 17:00:00,24.4,24.4,49.0,2.4,10.18,7.63,4.68
2024-10-02 18:00:00,22.0,24.2,48.3,7.8,9.7,7.38,4.51
2024-10-02 19:00:00,18.14,20.8,73.9,5.1,8.34,6.66,3.48
2024-10-02 20:00:00,24.49,21.3,60.7,1.0,10.94,8.72,4.97
2024-10-02 21:00:00,29.13,17.6,72.0,3.9,13.03,10.04,5.18
2024-10-02 22:00:00,26.73,19.6,56.4,2.2,12.51,8.95,5.06
2024-10-02 23:00:00,31.15,21.2,64.9,2.5,13.52,10.8,6.54
2024-10-03 00:00:00,37.17,15.8,62.6,1.3,16.17,12.86,7.62
2024-10-03 01:00:00,36.13,16.1,64.6,2.2,15.74,12.65,7.05
2024-10-03 02:00:00,27.32,16.0,63.4,3.6,12.75,8.68,5.3
2024-10-03 03:00:00,29.43,17.8,58.3,1.2,13.01,11.34,6.5
2024-10-03 04:00:00,23.93,17.4,58.8,6.3,11.31,7.73,5.19
2024-10-03 05:00:00,22.9,19.0,61.0,5.2,10.67,7.51,4.42
2024-10-03 06:00:00,33.04,17.9,59.6,2.9,15.24,11.59,6.79
2024-10-03 07:00:00,22.56,20.5,60.0,1.6,9.83,8.54,4.2
2024-10-03 08:00:00,25.8,16.1,60.5,9.6,11.32,9.53,4.92
2024-10-03 09:00:00,26.57,23.4,59.4,3.9,13.25,8.72,5.15
2024-10-03 10:00:00,31.24,21.8,55.5,3.1,14.7,10.11,6.11
2024-10-03 11:00:00,32.59,24.2,63.2,2.0,15.51,11.86,6.69
2024-10-03 12:00:00,42.95,26.6,51.8,2.0,18.43,14.73,8.4
2024-10-03 13:00:00,33.64,23.7,55.1,5.4,15.09,11.92,6.48
2024-10-03 14:00:00,34.54,27.8,58.7,3.6,16.03,12.21,6.66
2024-10-03 15:00:00,28.32,25.8,50.6,8.6,13.26,9.37,5.4
2024-10-03 16:00:00,29.48,27.6,48.8,7.4,13.79,10.28,6.26
2024-10-03 17:00:00,22.83,23.3,52.5,2.0,10.61,8.42,4.14
2024-10-03 18:00:00,3.32,20.9,59.9,11.5,1.71,1.22,0.21
2024-10-03 19:00:00,25.57,22.4,53.5,8.8,11.77,8.38,5.48
2024-10-03 20:00:00,24.47,22.0,61.5,5.4,11.41,8.62,4.61
2024-10-03 21:00:00,28.61,20.8,58.8,3.0,12.73,10.34,6.06
2024-10-03 22:00:00,30.95,16.9,67.9,2.1,14.57,10.89,6.3
2024-10-03 23:00:00,33.99,15.2,69.4,1.4,15.78,11.95,7.01
2024-10-04 00:00:00,34.56,16.1,62.1,1.0,15.55,12.19,6.54
2024-10-04 01:00:00,36.47,16.9,60.1,5.6,16.48,12.05,7.65
2024-10-04 02:00:00,31.16,16.6,62.4,7.2,13.92,10.56,6.22
2024-10-04 03:00:00,29.35,18.5,61.9,5.2,12.76,10.2,5.77
2024-10-04 04:00:00,22.59,16.0,66.4,5.1,10.38,7.75,4.68
2024-10-04 05:00:00,21.42,14.6,68.7,3.1,10.44,7.28,4.3
2024-10-04 06:00:00,17.92,20.2,59.6,4.3,7.77,5.96,3.37
2024-10-04 07:00:00,23.97,19.9,56.7,4.5,11.26,8.56,5.17
2024-10-04 08:00:00,21.59,21.4,55.4,2.3,10.27,7.72,4.03
2024-10-04 09:00:00,26.62,23.4,58.5,4.9,12.2,10.05,4.73
2024-10-04 10:00:00,32.38,25.3,50.4,1.7,14.3,11.26,6.61
2024-10-04 11:00:00,33.68,24.4,57.5,2.5,15.31,12.5,6.95
2024-10-04 12:00:00,41.27,27.0,54.5,4.0,18.01,13.14,8.29
2024-10-04 13:00:00,37.01,26.6,59.8,3.7,16.19,13.28,7.25
2024-10-04 14:00:00,36.08,24.9,51.7,4.7,16.6,12.03,6.79
2024-10-04 15:00:00,27.49,25.4,51.9,4.0,12.59,10.42,5.63
2024-10-04 16:00:00,27.38,26.2,41.0,1.0,11.71,8.59,5.38
2024-10-04 17:00:00,18.99,23.4,51.2,8.3,7.76,6.47,3.7
2024-10-04 18:00:00,22.12,24.8,49.5,5.1,10.7,7.54,4.17
2024-10-04 19:00:00,20.89,22.5,59.6,6.2,9.51,6.45,3.7
2024-10-04 20:00:00,23.29,21.5,67.2,5.4,10.28,7.7,4.47
2024-10-04 21:00:00,30.4,21.8,60.7,2.1,13.44,10.56,5.95
2024-10-04 22:00:00,29.54,19.0,66.2,7.0,13.58,9.97,5.93
2024-10-04 23:00:00,35.39,17.5,59.4,8.6,16.0,12.15,7.41
2024-10-05 00:00:00,24.24,16.3,58.5,1.2,10.96,8.53,4.65
2024-10-05 01:00:00,25.69,15.7,64.0,1.8,10.54,7.98,4.98
2024-10-05 02:00:00,20.36,16.2,61.5,9.1,9.97,7.74,3.74
2024-10-05 03:00:00,18.88,17.9,58.2,2.5,9.18,6.73,3.74
2024-10-05 04:00:00,17.52,15.5,66.5,5.6,8.0,5.43,3.28
2024-10-05 05:00:00,20.2,16.2,58.7,1.2,9.65,7.04,3.77
2024-10-05 06:00:00,15.16,20.2,64.0,4.9,7.83,5.61,3.01
2024-10-05 07:00:00,19.8,18.6,59.7,4.7,8.73,6.9,4.13
2024-10-05 08:00:00,18.28,21.0,58.5,7.1,8.19,6.61,3.89
2024-10-05 09:00:00,19.57,21.1,59.1,4.8,8.83,7.22,3.72
2024-10-05 10:00:00,27.2,20.7,56.8,0.9,11.65,8.74,5.31
2024-10-05 11:00:00,27.33,24.6,60.9,3.3,11.76,9.22,5.98
2024-10-05 12:00:00,28.64,26.7,43.9,2.8,13.13,11.02,5.77
2024-10-05 13:00:00,28.77,25.5,59.9,3.9,13.08,9.81,5.77
2024-10-05 14:00:00,22.62,23.5,54.1,3.2,11.18,8.23,4.74
2024-10-05 15:00:00,18.14,25.7,57.7,2.4,8.33,6.99,3.91
2024-10-05 16:00:00,20.06,23.9,56.3,4.4,10.05,7.11,4.07
2024-10-05 17:00:00,18.4,20.3,63.9,2.6,7.39,6.15,3.16
2024-10-05 18:00:00,19.51,23.1,55.7,5.9,8.43,7.15,3.52
2024-10-05 19:00:00,16.72,22.8,57.8,2.6,7.59,6.09,3.44
2024-10-05 20:00:00,17.1,22.5,62.5,3.6,8.27,5.77,3.59
2024-10-05 21:00:00,22.62,22.1,58.0,5.6,10.03,7.89,4.24
2024-10-05 22:00:00,25.47,19.2,67.6,5.6,11.87,8.73,5.24
2024-10-05 23:00:00,29.5,18.6,63.5,4.0,13.95,9.79,5.33
2024-10-06 00:00:00,26.03,14.3,63.2,2.9,12.41,9.15,4.8
2024-10-06 01:00:00,24.98,18.1,60.5,3.8,12.27,9.74,4.68
2024-10-06 02:00:00,21.54,17.4,67.5,5.8,8.95,7.99,4.88
2024-10-06 03:00:00,21.86,15.1,59.6,2.1,9.64,8.6,4.55
2024-10-06 04:00:00,13.84,17.2,67.3,1.5,7.31,5.13,2.91
2024-10-06 05:00:00,17.59,17.9,60.7,4.0,7.53,6.62,3.55
2024-10-06 06:00:00,16.37,20.2,53.3,3.9,7.06,5.63,3.25
2024-10-06 07:00:00,17.11,19.0,62.2,2.5,7.69,5.69,3.34
2024-10-06 08:00:00,18.05,19.4,57.2,3.2,8.94,6.02,3.29
2024-10-06 09:00:00,24.35,21.1,55.9,1.3,10.48,9.01,4.93
2024-10-06 10:00:00,26.06,24.4,51.6,1.6,11.08,9.53,4.79
2024-10-06 11:00:00,23.88,21.2,59.2,5.6,10.43,8.49,4.72
2024-10-06 12:00:00,24.67,20.4,57.6,3.4,11.77,8.76,5.1
2024-10-06 13:00:00,27.22,26.7,53.9,1.4,12.43,10.18,5.46
2024-10-06 14:00:00,27.6,25.9,57.9,7.7,11.2,8.92,5.92
2024-10-06 15:00:00,20.08,25.4,56.3,2.1,9.09,7.07,3.42
2024-10-06 16:00:00,20.42,22.9,65.6,2.6,9.08,7.97,3.71
2024-10-06 17:00:00,18.96,21.5,68.5,8.0,8.88,7.04,3.87
2024-10-06 18:00:00,12.7,22.1,56.1,1.9,5.75,3.75,2.48
2024-10-06 19:00:00,15.19,22.4,51.4,7.9,6.95,5.61,2.96
2024-10-06 20:00:00,17.75,19.6,59.0,4.8,7.96,6.27,4.05
2024-10-06 21:00:00,22.73,20.6,59.9,3.2,9.76,8.51,4.29
2024-10-06 22:00:00,27.36,16.6,75.2,4.0,12.45,9.36,5.4
2024-10-06 23:00:00,21.18,16.2,62.7,3.6,9.22,7.81,4.04
2024-10-07 00:00:00,34.09,17.0,64.9,5.4,15.38,11.27,6.55
2024-10-07 01:00:00,33.21,14.9,62.7,1.1,15.89,12.87,6.74
2024-10-07 02:00:00,27.63,14.8,64.5,5.5,12.11,10.6,5.76
2024-10-07 03:00:00,26.17,14.5,60.5,8.0,11.72,9.23,5.08
2024-10-07 04:00:00,24.7,14.7,59.0,3.2,11.05,8.12,4.61
2024-10-07 05:00:00,20.19,17.3,70.0,2.0,8.69,7.64,3.86
2024-10-07 06:00:00,16.02,18.5,67.1,1.4,7.66,6.11,2.94
2024-10-07 07:00:00,28.07,19.4,58.9,2.8,12.8,10.73,5.72
2024-10-07 08:00:00,24.3,19.4,66.1,1.6,11.45,8.37,4.75
2024-10-07 09:00:00,27.66,21.3,51.9,2.2,11.34,9.69,5.51
2024-10-07 10:00:00,30.19,25.2,52.9,4.4,14.08,10.43,5.84
2024-10-07 11:00:00,34.53,21.7,58.8,3.1,15.6,12.01,6.69
2024-10-07 12:00:00,39.67,27.5,57.4,6.5,18.07,13.23,7.46
2024-10-07 13:00:00,31.09,25.3,54.6,3.3,13.91,11.62,6.19
2024-10-07 14:00:00,30.02,25.0,56.7,1.7,13.13,10.25,6.29
2024-10-07 15:00:00,33.22,26.6,49.8,1.6,15.13,11.37,6.06
2024-10-07 16:00:00,28.49,21.5,59.5,4.6,12.53,8.98,5.22
2024-10-07 17:00:00,24.68,25.9,59.2,4.3,11.1,8.14,4.99
2024-10-07 18:00:00,25.03,25.6,45.2,4.7,11.36,9.02,4.67
2024-10-07 19:00:00,20.5,23.2,61.8,2.7,9.2,6.79,4.33
2024-10-07 20:00:00,23.41,17.2,62.4,6.7,10.28,7.5,4.23
2024-10-07 21:00:00,30.11,20.2,52.8,1.5,14.02,10.8,6.33
2024-10-07 22:00:00,35.29,20.3,58.3,0.8,15.41,13.06,7.22
2024-10-07 23:00:00,37.13,19.1,67.5,4.9,16.12,12.98,7.68
2024-10-08 00:00:00,32.2,13.7,65.2,4.5,13.66,11.91,6.89
2024-10-08 01:00:00,33.69,16.8,65.3,3.5,14.06,11.77,6.95
2024-10-08 02:00:00,31.81,17.8,54.6,0.9,14.22,11.29,6.71
2024-10-08 03:00:00,26.72,15.3,56.5,1.5,11.84,9.37,5.11
2024-10-08 04:00:00,24.59,13.6,62.3,2.0,9.82,9.46,4.82
2024-10-08 05:00:00,22.92,17.8,67.7,4.3,10.34,8.15,4.35
2024-10-08 06:00:00,22.37,19.2,60.7,4.4,10.45,7.5,4.68
2024-10-08 07:00:00,25.09,18.6,67.2,4.5,10.99,8.44,5.14
2024-10-08 08:00:00,22.79,18.3,67.8,5.4,10.21,7.37,4.79
2024-10-08 09:00:00,23.96,22.9,52.8,0.7,11.0,8.08,4.95
2024-10-08 10:00:00,32.01,21.5,66.1,4.3,14.1,12.24,6.38
2024-10-08 11:00:00,38.92,24.2,52.2,2.3,17.46,13.57,7.75
2024-10-08 12:00:00,37.83,26.8,56.9,3.9,17.25,12.57,8.06
2024-10-08 13:00:00,35.58,22.4,61.9,4.9,15.97,12.57,6.8
2024-10-08 14:00:00,36.55,26.5,52.6,4.8,16.56,12.86,7.04
2024-10-08 15:00:00,28.78,24.6,54.8,2.5,13.01,10.0,5.67
2024-10-08 16:00:00,23.88,24.2,56.6,2.8,11.01,8.0,4.27
2024-10-08 17:00:00,19.18,24.4,55.3,6.7,7.86,7.1,4.02
2024-10-08 18:00:00,14.16,21.4,56.3,5.8,6.46,5.98,2.57
2024-10-08 19:00:00,18.09,19.6,58.1,2.3,8.38,6.45,3.63
2024-10-08 20:00:00,22.64,17.4,61.2,4.0,10.35,7.71,5.04
2024-10-08 21:00:00,30.11,20.7,65.3,1.4,14.25,11.47,5.95
2024-10-08 22:00:00,30.86,17.0,55.6,4.4,13.39,9.65,6.02
2024-10-08 23:00:00,32.56,17.4,60.6,4.2,14.55,10.13,6.62
2024-10-09 00:00:00,32.63,14.8,64.6,2.3,15.57,10.8,6.71
2024-10-09 01:00:00,35.49,13.3,66.9,3.1,16.4,13.66,7.57
2024-10-09 02:00:00,34.5,15.9,66.4,5.2,15.12,12.74,6.68
2024-10-09 03:00:00,30.01,15.6,58.6,2.3,13.33,10.47,5.77
2024-10-09 04:00:00,25.12,15.2,70.9,5.1,10.94,8.7,4.85
2024-10-09 05:00:00,17.17,16.8,68.3,2.6,7.2,5.29,3.36
2024-10-09 06:00:00,18.97,16.0,68.2,5.7,7.96,6.88,3.97
2024-10-09 07:00:00,25.73,20.2,58.7,0.7,11.49,9.94,5.29
2024-10-09 08:00:00,26.41,21.8,54.1,2.3,11.45,8.95,4.89
2024-10-09 09:00:00,23.51,22.3,55.6,1.9,11.1,8.08,4.8
2024-10-09 10:00:00,30.96,21.8,58.1,6.3,13.91,11.46,6.33
2024-10-09 11:00:00,34.76,23.5,59.1,3.2,15.54,12.65,7.56
2024-10-09 12:00:00,36.82,26.6,51.7,3.8,16.84,12.95,7.1
2024-10-09 13:00:00,32.05,26.6,53.8,2.2,14.41,11.09,6.42
2024-10-09 14:00:00,37.18,27.9,48.4,1.6,17.01,13.03,7.01
2024-10-09 15:00:00,25.38,23.6,57.2,4.1,11.35,9.0,4.87
2024-10-09 16:00:00,21.64,22.9,55.2,2.4,9.34,7.59,4.77
2024-10-09 17:00:00,19.97,23.6,57.0,6.9,8.57,7.16,3.73
2024-10-09 18:00:00,19.52,23.0,47.6,3.4,7.63,7.43,3.56
2024-10-09 19:00:00,20.84,21.0,61.3,1.6,9.63,7.85,3.94
2024-10-09 20:00:00,21.39,19.3,63.5,0.7,8.83,7.92,4.46
2024-10-09 21:00:00,26.8,20.5,62.0,2.2,11.75,9.76,5.5
2024-10-09 22:00:00,26.71,17.3,58.4,2.6,12.22,10.1,5.31
2024-10-09 23:00:00,34.63,14.5,63.0,2.0,14.8,12.3,7.1
2024-10-10 00:00:00,27.7,13.7,63.2,2.9,12.6,9.75,5.32
2024-10-10 01:00:00,33.11,15.2,67.4,6.2,14.49,10.75,6.49
2024-10-10 02:00:00,33.39,19.2,64.3,0.9,15.29,11.55,6.31
2024-10-10 03:00:00,24.69,13.4,64.4,5.4,11.2,8.02,4.95
2024-10-10 04:00:00,25.38,14.9,72.7,3.2,10.97,8.72,4.28
2024-10-10 05:00:00,23.73,19.8,66.8,6.5,11.36,8.27,4.83
2024-10-10 06:00:00,11.57,16.5,64.9,4.4,6.07,4.54,2.56
2024-10-10 07:00:00,20.47,19.1,63.0,1.8,8.83,6.64,4.0
2024-10-10 08:00:00,16.4,22.5,48.6,7.6,7.41,6.14,2.88
2024-10-10 09:00:00,27.05,19.6,57.9,1.7,12.35,9.42,5.29
2024-10-10 10:00:00,31.07,21.7,51.7,2.7,14.72,10.38,5.94
2024-10-10 11:00:00,27.63,22.5,52.5,8.3,11.59,8.52,5.0
2024-10-10 12:00:00,39.65,21.7,60.5,2.1,18.2,13.83,7.72
2024-10-10 13:00:00,38.86,26.9,55.5,4.2,17.09,13.64,7.78
2024-10-10 14:00:00,66.63,23.8,59.4,8.3,29.79,23.31,13.55
2024-10-10 15:00:00,31.0,23.2,57.4,4.6,14.06,11.26,6.04
2024-10-10 16:00:00,19.1,23.4,58.6,4.4,8.88,7.13,3.98
2024-10-10 17:00:00,18.7,24.6,46.5,4.2,8.88,7.06,3.82
2024-10-10 18:00:00,14.09,22.4,50.7,3.8,5.84,4.79,2.79
2024-10-10 19:00:00,25.35,19.8,59.2,7.3,11.63,8.56,4.43
2024-10-10 20:00:00,24.42,20.3,62.6,3.8,11.39,8.47,5.06
2024-10-10 21:00:00,28.99,19.6,58.2,4.4,12.59,10.25,5.64
2024-10-10 22:00:00,31.84,17.2,56.6,4.9,13.97,11.21,6.53
2024-10-10 23:00:00,35.27,15.8,61.6,3.7,15.76,12.22,7.37
2024-10-11 00:00:00,35.02,16.7,59.3,6.3,15.32,11.89,6.77
2024-10-11 01:00:00,34.5,14.4,58.1,0.6,15.39,11.29,7.2
2024-10-11 02:00:00,31.35,16.9,74.8,3.0,14.1,11.93,6.22
2024-10-11 03:00:00,25.81,13.5,73.9,4.2,11.8,8.75,5.22
2024-10-11 04:00:00,23.46,14.0,57.3,0.6,11.09,7.78,4.19
2024-10-11 05:00:00,21.52,14.6,56.9,7.1,9.29,8.14,4.73
2024-10-11 06:00:00,20.11,16.6,60.0,5.6,8.86,6.98,3.71
2024-10-11 07:00:00,17.14,18.2,54.7,2.1,8.02,6.08,3.94
2024-10-11 08:00:00,20.22,17.5,74.9,2.7,10.2,7.48,4.12
2024-10-11 09:00:00,30.04,20.9,54.9,4.5,13.51,10.98,6.44
2024-10-11 10:00:00,30.31,22.8,58.4,2.7,13.82,10.85,5.96
2024-10-11 11:00:00,35.29,20.8,56.5,5.9,15.99,12.36,6.75
2024-10-11 12:00:00,32.1,23.0,50.5,2.3,14.33,11.8,6.43
2024-10-11 13:00:00,31.89,25.2,59.0,5.5,14.08,11.11,6.23
2024-10-11 14:00:00,28.97,22.8,59.9,3.4,13.41,10.07,6.28
2024-10-11 15:00:00,26.77,23.8,55.1,3.3,13.22,9.05,5.4
2024-10-11 16:00:00,24.09,25.4,65.4,1.8,11.32,8.66,4.85
2024-10-11 17:00:00,26.64,25.7,54.3,8.6,12.01,9.14,5.36
2024-10-11 18:00:00,4.06,22.6,54.5,2.8,1.69,1.91,0.86
2024-10-11 19:00:00,25.46,20.5,68.9,2.0,11.63,7.63,5.35
2024-10-11 20:00:00,24.59,18.7,63.5,0.8,11.12,8.12,4.93
2024-10-11 21:00:00,21.3,19.6,68.7,3.5,9.48,8.31,3.95
2024-10-11 22:00:00,33.72,18.7,61.4,0.8,14.74,11.1,6.94
2024-10-11 23:00:00,30.05,14.2,51.9,3.3,13.76,9.92,5.58
2024-10-12 00:00:00,26.64,16.3,56.6,6.5,12.87,9.92,5.75
2024-10-12 01:00:00,23.38,13.5,73.2,3.5,10.69,7.59,4.68
2024-10-12 02:00:00,28.61,13.0,65.5,0.9,12.36,9.38,5.84
2024-10-12 03:00:00,24.04,14.2,68.2,2.4,10.52,8.57,4.49
2024-10-12 04:00:00,15.78,16.4,69.9,0.9,8.21,6.55,2.95
2024-10-12 05:00:00,15.25,16.2,65.5,6.2,6.45,5.63,3.26
2024-10-12 06:00:00,15.43,17.2,59.1,2.2,7.55,4.43,2.94
2024-10-12 07:00:00,17.73,18.5,61.7,1.1,7.57,6.1,4.1
2024-10-12 08:00:00,17.7,20.0,60.6,7.8,7.67,6.69,3.28
2024-10-12 09:00:00,17.88,20.4,57.5,3.5,8.67,5.95,3.15
2024-10-12 10:00:00,21.46,22.7,49.8,3.1,9.88,6.55,3.85
2024-10-12 11:00:00,25.3,21.8,56.0,6.9,11.4,8.62,5.0
2024-10-12 12:00:00,30.03,24.6,54.0,3.7,13.21,10.26,6.49
2024-10-12 13:00:00,28.47,25.4,46.3,2.4,13.45,9.55,6.16
2024-10-12 14:00:00,23.31,25.3,49.0,5.3,10.18,8.3,5.53
2024-10-12 15:00:00,23.91,25.2,50.1,2.4,10.22,7.5,4.7
2024-10-12 16:00:00,17.12,24.3,45.5,3.2,7.97,6.37,3.7
2024-10-12 17:00:00,18.66,24.6,55.2,5.4,8.07,5.91,3.83
2024-10-12 18:00:00,21.14,18.4,63.1,6.9,9.39,7.31,4.63
2024-10-12 19:00:00,14.68,21.9,55.1,4.1,7.36,4.53,3.07
2024-10-12 20:00:00,19.64,22.2,50.5,3.6,7.99,6.99,3.71
2024-10-12 21:00:00,18.58,17.1,65.6,1.2,8.3,5.75,3.65
2024-10-12 22:00:00,22.98,15.7,67.9,4.2,10.59,8.14,4.48
2024-10-12 23:00:00,25.39,17.7,63.3,2.7,11.4,8.45,4.52
2024-10-13 00:00:00,25.57,13.4,68.2,3.6,10.83,8.76,5.72
2024-10-13 01:00:00,31.46,13.2,71.1,5.0,13.78,11.86,6.59
2024-10-13 02:00:00,22.48,14.3,66.3,4.3,10.54,7.42,5.56
2024-10-13 03:00:00,21.9,13.0,63.8,1.4,10.12,7.46,3.84
2024-10-13 04:00:00,12.8,16.1,64.4,3.0,5.35,4.24,2.69
2024-10-13 05:00:00,16.64,14.3,64.8,2.0,8.48,5.65,3.79
2024-10-13 06:00:00,17.66,17.1,63.1,1.7,8.06,6.41,3.36
2024-10-13 07:00:00,14.24,18.2,66.6,2.1,6.98,4.93,2.37
2024-10-13 08:00:00,11.35,21.6,52.1,6.8,4.86,3.7,1.84
2024-10-13 09:00:00,20.34,22.1,58.4,4.7,10.08,7.43,4.06
2024-10-13 10:00:00,23.29,20.8,52.8,6.6,10.04,7.15,4.66
2024-10-13 11:00:00,27.12,20.7,54.6,3.6,12.78,10.63,5.69
2024-10-13 12:00:00,32.07,24.7,62.3,0.5,13.45,11.25,5.96
2024-10-13 13:00:00,24.36,22.9,58.8,0.8,11.65,8.63,5.05
2024-10-13 14:00:00,21.11,23.6,56.5,1.7,9.65,7.68,4.08
2024-10-13 15:00:00,17.52,22.3,48.9,5.2,7.79,6.22,3.42
2024-10-13 16:00:00,18.75,24.4,53.5,2.0,8.3,6.55,3.23
2024-10-13 17:00:00,16.76,21.6,47.7,1.4,7.57,5.24,3.45
2024-10-13 18:00:00,13.44,21.5,58.4,6.0,5.11,5.08,2.52
2024-10-13 19:00:00,17.51,20.3,53.4,2.2,7.65,6.91,3.11
2024-10-13 20:00:00,18.78,19.3,63.6,3.5,8.95,6.6,3.67
2024-10-13 21:00:00,20.54,18.8,62.3,2.7,9.87,6.69,3.84
2024-10-13 22:00:00,20.99,16.2,58.5,6.4,8.92,7.59,4.11
2024-10-13 23:00:00,24.1,14.4,68.6,4.7,11.52,7.96,5.21
2024-10-14 00:00:00,28.73,11.7,80.4,3.3,12.2,10.42,5.91
2024-10-14 01:00:00,34.39,14.2,66.0,6.0,15.76,11.64,6.81
2024-10-14 02:00:00,31.12,13.6,72.0,4.8,14.15,11.29,6.52
2024-10-14 03:00:00,27.77,13.0,57.9,5.5,12.25,8.84,5.36
2024-10-14 04:00:00,24.81,14.6,68.8,8.3,11.96,10.14,4.77
2024-10-14 05:00:00,21.77,16.6,61.2,2.0,9.65,8.1,4.6
2024-10-14 06:00:00,19.52,18.0,61.0,2.0,9.55,7.32,3.91
2024-10-14 07:00:00,20.93,15.3,68.7,3.8,9.52,7.63,4.03
2024-10-14 08:00:00,20.04,18.3,60.8,3.7,8.82,7.49,3.73
2024-10-14 09:00:00,25.84,21.6,50.0,6.0,12.16,8.62,5.27
2024-10-14 10:00:00,31.18,23.8,63.1,1.7,13.51,11.02,6.54
2024-10-14 11:00:00,31.96,21.2,51.3,3.2,14.7,10.96,6.0
2024-10-14 12:00:00,38.85,25.3,49.5,3.7,17.98,12.9,7.52
2024-10-14 13:00:00,32.15,21.7,58.6,3.4,14.0,11.79,5.89
2024-10-14 14:00:00,33.97,25.6,54.0,1.1,15.48,11.37,7.19
2024-10-14 15:00:00,27.59,23.3,58.2,1.7,12.81,9.9,5.3
2024-10-14 16:00:00,27.73,25.5,54.0,1.7,12.96,10.06,5.12
2024-10-14 17:00:00,23.06,21.7,63.7,4.0,10.56,8.26,4.42
2024-10-14 18:00:00,4.31,20.9,61.4,3.2,2.39,1.6,1.37
2024-10-14 19:00:00,15.54,20.0,54.1,1.9,7.41,5.46,3.73
2024-10-14 20:00:00,26.54,16.6,51.1,4.9,11.83,9.56,5.21
2024-10-14 21:00:00,31.12,14.9,66.8,5.4,13.75,10.97,6.41
2024-10-14 22:00:00,29.85,17.1,70.8,2.1,13.49,11.15,5.96
2024-10-14 23:00:00,34.39,16.8,57.6,4.8,15.5,11.89,6.94
2024-10-15 00:00:00,32.57,15.2,60.5,1.1,14.67,11.97,6.36
2024-10-15 01:00:00,28.92,11.9,71.4,5.9,13.57,10.03,5.66
2024-10-15 02:00:00,29.2,14.4,69.2,7.7,12.98,9.75,6.04
2024-10-15 03:00:00,25.94,12.3,74.8,1.7,11.26,8.69,4.65
2024-10-15 04:00:00,22.66,14.9,74.3,5.3,10.86,7.53,4.14
2024-10-15 05:00:00,18.4,16.8,65.0,1.4,8.64,6.88,3.6
2024-10-15 06:00:00,17.96,16.7,59.3,7.6,7.94,5.73,3.77
2024-10-15 07:00:00,20.77,19.6,56.0,3.3,8.65,7.45,3.78
2024-10-15 08:00:00,21.62,18.4,59.2,3.7,10.33,8.1,4.37
2024-10-15 09:00:00,28.65,19.6,65.6,5.1,12.55,8.9,5.76
2024-10-15 10:00:00,32.75,21.3,56.0,2.3,14.2,11.82,6.45
2024-10-15 11:00:00,39.74,20.2,64.6,3.0,18.73,14.94,7.69
2024-10-15 12:00:00,37.61,22.4,49.5,1.1,17.42,13.27,7.55
2024-10-15 13:00:00,34.4,23.0,57.8,4.1,15.48,12.51,6.85
2024-10-15 14:00:00,29.49,23.2,52.4,5.4,13.39,10.59,6.07
2024-10-15 15:00:00,28.03,23.9,57.9,5.9,12.8,9.64,4.82
2024-10-15 16:00:00,24.36,20.8,57.8,3.7,10.83,8.31,4.28
2024-10-15 17:00:00,19.52,20.5,63.4,5.1,9.2,7.11,2.98
2024-10-15 18:00:00,21.75,22.9,54.4,1.7,10.53,7.28,4.9
2024-10-15 19:00:00,17.3,16.9,63.5,4.9,8.28,5.78,3.43
2024-10-15 20:00:00,22.93,19.6,64.5,0.5,10.26,8.33,4.96
2024-10-15 21:00:00,28.68,16.8,63.3,2.0,12.98,9.64,5.19
2024-10-15 22:00:00,30.32,16.4,64.6,4.3,13.25,10.94,6.23
2024-10-15 23:00:00,33.27,17.5,66.8,2.6,15.29,11.39,7.34
2024-10-16 00:00:00,34.44,13.9,66.9,3.1,14.6,11.79,7.14
2024-10-16 01:00:00,31.69,14.6,58.6,5.6,14.31,11.11,6.55
2024-10-16 02:00:00,33.97,13.5,64.9,3.9,14.83,12.13,6.94
2024-10-16 03:00:00,24.74,13.5,58.2,3.0,10.76,8.57,4.67
2024-10-16 04:00:00,24.33,13.8,66.2,3.4,10.96,9.23,4.98
2024-10-16 05:00:00,21.83,16.0,67.2,5.8,9.57,7.13,4.42
2024-10-16 06:00:00,31.35,14.9,66.8,3.5,13.92,12.16,6.02
2024-10-16 07:00:00,20.98,15.5,72.4,6.1,8.53,7.84,4.44
2024-10-16 08:00:00,21.26,18.6,68.1,2.3,9.47,7.56,4.05
2024-10-16 09:00:00,30.77,20.0,61.2,3.7,15.21,11.06,6.12
2024-10-16 10:00:00,28.19,18.2,50.2,2.9,13.08,9.02,5.86
2024-10-16 11:00:00,32.15,22.0,61.0,4.0,14.56,10.57,6.89
2024-10-16 12:00:00,31.73,20.9,55.0,3.9,14.18,10.97,6.62
2024-10-16 13:00:00,30.73,24.2,59.3,3.9,13.06,10.64,6.12
2024-10-16 14:00:00,35.02,20.7,60.7,3.7,15.88,13.16,7.47
2024-10-16 15:00:00,31.9,26.2,55.9,3.3,14.67,11.36,6.39
2024-10-16 16:00:00,23.89,22.3,59.8,6.6,11.35,8.83,4.58
2024-10-16 17:00:00,19.15,20.7,71.1,2.4,7.96,6.69,3.72
2024-10-16 18:00:00,22.06,20.5,62.0,3.2,10.46,7.35,4.43
2024-10-16 19:00:00,18.73,20.6,52.9,2.1,8.87,6.83,3.89
2024-10-16 20:00:00,25.52,19.8,65.6,2.7,10.31,9.0,5.04
2024-10-16 21:00:00,25.11,16.7,61.7,2.3,10.58,8.98,5.01
2024-10-16 22:00:00,29.43,13.8,74.2,4.5,12.56,10.18,5.69
2024-10-16 23:00:00,35.68,13.1,76.0,4.7,16.62,11.86,6.77
2024-10-17 00:00:00,36.94,14.3,69.9,2.4,16.6,14.01,7.69
2024-10-17 01:00:00,35.27,14.9,59.7,8.6,15.84,12.0,6.83
2024-10-17 02:00:00,28.41,14.9,63.8,2.5,13.5,9.88,6.19
2024-10-17 03:00:00,26.17,13.7,74.3,5.6,11.52,9.41,5.13
2024-10-17 04:00:00,23.93,15.4,75.5,2.5,10.86,7.48,4.3
2024-10-17 05:00:00,18.67,17.6,63.2,3.1,7.76,7.22,3.27
2024-10-17 06:00:00,23.21,17.5,61.6,4.4,10.8,7.68,4.72
2024-10-17 07:00:00,14.78,18.3,56.1,3.8,6.74,5.62,2.7
2024-10-17 08:00:00,21.59,17.0,57.7,3.6,9.95,6.86,5.14
2024-10-17 09:00:00,26.01,21.0,60.0,5.3,12.1,9.44,5.16
2024-10-17 10:00:00,23.92,21.4,61.8,4.7,10.88,7.42,5.12
2024-10-17 11:00:00,30.29,22.8,49.2,6.6,13.38,11.24,6.28
2024-10-17 12:00:00,37.06,24.5,58.8,2.2,17.44,13.15,7.46
2024-10-17 13:00:00,33.86,23.6,62.5,0.5,15.94,11.97,6.78
2024-10-17 14:00:00,34.97,23.1,59.4,12.6,15.85,12.68,6.8
2024-10-17 15:00:00,31.15,21.5,66.5,2.4,13.88,10.43,6.29
2024-10-17 16:00:00,24.62,22.1,59.2,0.9,11.84,8.28,4.97
2024-10-17 17:00:00,21.57,22.1,59.3,2.3,9.95,6.96,3.92
2024-10-17 18:00:00,19.95,21.2,60.3,4.5,9.3,6.44,3.31
2024-10-17 19:00:00,14.15,19.9,66.9,4.0,6.76,5.13,2.63
2024-10-17 20:00:00,20.05,19.7,63.1,2.0,8.98,6.95,4.07
2024-10-17 21:00:00,27.54,18.3,59.4,1.9,11.74,8.85,5.31
2024-10-17 22:00:00,32.57,15.7,67.3,3.3,13.84,11.4,6.83
2024-10-17 23:00:00,34.5,13.4,70.0,0.5,15.12,12.24,6.68
2024-10-18 00:00:00,32.55,14.3,65.8,0.5,15.09,11.71,6.98
2024-10-18 01:00:00,36.12,16.6,69.2,4.2,16.59,13.32,7.58
2024-10-18 02:00:00,34.74,13.5,68.2,2.7,15.94,11.82,6.78
2024-10-18 03:00:00,29.63,12.8,72.2,0.7,12.93,10.73,5.82
2024-10-18 04:00:00,26.01,14.5,69.1,3.3,12.42,9.06,4.99
2024-10-18 05:00:00,19.39,15.4,61.9,7.0,9.99,6.95,3.89
2024-10-18 06:00:00,22.47,16.4,59.4,2.3,9.42,8.67,4.0
2024-10-18 07:00:00,21.15,18.8,57.8,2.3,9.36,6.88,4.24
2024-10-18 08:00:00,24.81,18.6,61.2,3.4,10.7,9.34,4.61
2024-10-18 09:00:00,28.2,21.3,66.4,1.7,12.43,10.45,5.59
2024-10-18 10:00:00,30.73,20.9,58.7,4.3,13.44,10.51,6.78
2024-10-18 11:00:00,31.63,23.9,57.2,5.7,13.21,11.42,6.12
2024-10-18 12:00:00,34.86,24.2,59.3,2.0,16.54,12.13,6.69
2024-10-18 13:00:00,36.63,24.3,53.1,4.4,16.6,12.05,6.98
2024-10-18 14:00:00,30.27,24.2,52.9,6.3,13.66,10.28,6.16
2024-10-18 15:00:00,33.01,26.3,57.7,6.5,15.06,11.43,6.72
2024-10-18 16:00:00,25.37,24.0,58.1,3.8,9.86,9.18,5.44
2024-10-18 17:00:00,20.04,20.3,56.8,1.7,8.78,6.37,4.7
2024-10-18 18:00:00,23.25,20.9,56.8,4.4,10.41,7.89,4.29
2024-10-18 19:00:00,35.82,18.9,61.7,4.9,16.72,12.13,6.72
2024-10-18 20:00:00,27.31,21.1,60.3,5.0,12.34,9.5,5.28
2024-10-18 21:00:00,28.37,18.6,67.9,7.0,13.61,10.85,5.59
2024-10-18 22:00:00,30.99,18.6,64.3,4.1,14.72,9.68,6.05
2024-10-18 23:00:00,31.56,13.4,63.0,3.4,13.67,11.03,6.18
2024-10-19 00:00:00,25.81,15.2,61.9,3.5,11.48,9.29,5.18
2024-10-19 01:00:00,24.77,11.0,72.4,2.6,11.35,8.72,4.96
2024-10-19 02:00:00,20.07,10.5,72.2,1.0,8.6,7.83,4.37
2024-10-19 03:00:00,19.86,12.4,64.9,4.8,8.62,7.19,3.5
2024-10-19 04:00:00,15.58,15.8,70.3,0.6,6.96,5.57,3.25
2024-10-19 05:00:00,17.0,12.8,57.4,1.1,7.58,5.39,3.39
2024-10-19 06:00:00,18.05,15.3,67.3,2.7,7.71,6.89,3.66
2024-10-19 07:00:00,12.47,18.3,54.3,6.9,5.4,3.86,2.83
2024-10-19 08:00:00,21.87,19.1,65.5,3.4,10.02,7.81,4.12
2024-10-19 09:00:00,20.08,22.5,55.7,2.1,9.0,6.4,4.31
2024-10-19 10:00:00,20.78,20.3,63.3,6.4,8.85,8.15,3.67
2024-10-19 11:00:00,27.17,20.7,57.2,3.9,13.04,9.56,5.81
2024-10-19 12:00:00,24.91,20.5,66.0,2.9,12.7,9.32,5.06
2024-10-19 13:00:00,25.07,22.1,48.1,4.8,11.78,9.19,5.3
2024-10-19 14:00:00,22.21,21.2,63.0,3.2,10.0,7.84,4.51
2024-10-19 15:00:00,18.36,20.0,57.0,4.9,8.06,6.81,3.59
2024-10-19 16:00:00,21.08,25.1,55.7,2.1,9.44,7.36,4.58
2024-10-19 17:00:00,14.82,21.5,60.3,1.7,6.66,3.92,3.34
2024-10-19 18:00:00,11.53,24.2,48.0,3.3,5.16,3.51,2.39
2024-10-19 19:00:00,16.91,17.9,67.5,2.6,7.77,6.31,3.43
2024-10-19 20:00:00,14.58,17.2,65.3,4.1,6.86,4.74,3.33
2024-10-19 21:00:00,17.52,15.4,66.1,5.3,8.76,6.05,3.05
2024-10-19 22:00:00,26.2,14.4,68.7,6.5,12.09,9.44,5.69
2024-10-19 23:00:00,22.29,15.6,65.9,5.1,9.77,7.86,4.88
2024-10-20 00:00:00,20.24,14.2,71.2,2.7,8.68,6.38,3.53
2024-10-20 01:00:00,26.84,14.1,64.7,4.8,12.19,8.71,5.06
2024-10-20 02:00:00,22.46,14.7,70.6,3.7,10.06,7.98,4.54
2024-10-20 03:00:00,19.86,14.5,69.5,6.5,9.67,7.5,3.98
2024-10-20 04:00:00,16.81,11.8,69.0,4.7,7.92,6.77,3.46
2024-10-20 05:00:00,16.11,13.3,77.2,1.7,6.82,6.62,3.39
2024-10-20 06:00:00,12.9,15.3,67.9,1.2,5.69,4.8,2.56
2024-10-20 07:00:00,19.23,21.9,58.6,3.8,8.28,7.24,3.19
2024-10-20 08:00:00,13.9,18.8,64.3,2.9,7.15,5.16,2.09
2024-10-20 09:00:00,21.52,19.1,60.6,1.8,9.3,7.07,4.21
2024-10-20 10:00:00,24.82,21.1,64.6,5.4,10.54,8.18,4.7
2024-10-20 11:00:00,23.38,20.3,59.6,2.9,10.28,8.24,5.07
2024-10-20 12:00:00,23.47,22.4,61.3,1.3,9.92,8.76,4.95
2024-10-20 13:00:00,27.82,23.9,50.0,2.3,11.88,9.36,5.27
2024-10-20 14:00:00,20.74,22.6,47.9,4.5,9.58,7.24,4.31
2024-10-20 15:00:00,18.89,21.3,60.4,4.3,8.54,7.0,4.18
2024-10-20 16:00:00,19.81,21.9,55.9,2.3,10.06,6.9,3.71
2024-10-20 17:00:00,15.62,20.7,58.2,2.7,8.14,5.49,3.6
2024-10-20 18:00:00,10.29,18.1,50.6,1.0,4.75,4.2,2.01
2024-10-20 19:00:00,19.9,18.1,70.8,7.4,9.37,8.73,3.85
2024-10-20 20:00:00,16.27,15.6,65.9,2.7,7.23,5.07,3.87
2024-10-20 21:00:00,19.4,14.5,73.3,6.9,9.25,6.74,3.59
2024-10-20 22:00:00,23.86,13.4,60.9,5.5,10.75,9.36,4.63
2024-10-20 23:00:00,26.84,15.5,65.9,2.7,11.89,9.45,5.94
2024-10-21 00:00:00,39.69,15.3,67.6,4.6,17.55,13.51,7.74
2024-10-21 01:00:00,29.63,10.3,72.3,3.4,13.26,10.66,5.86
2024-10-21 02:00:00,33.1,14.8,67.4,8.2,14.92,11.54,6.47
2024-10-21 03:00:00,29.14,10.9,63.9,4.3,13.63,9.55,5.7
2024-10-21 04:00:00,23.19,14.2,68.5,3.6,10.46,7.91,4.42
2024-10-21 05:00:00,22.76,14.3,62.6,4.3,9.66,8.35,4.42
2024-10-21 06:00:00,22.12,15.9,61.8,2.1,10.68,7.37,4.8
2024-10-21 07:00:00,39.87,14.4,66.8,2.6,17.99,14.19,8.09
2024-10-21 08:00:00,27.91,14.7,64.6,4.7,13.04,10.91,5.77
2024-10-21 09:00:00,23.39,17.5,61.5,1.3,9.49,7.62,4.36
2024-10-21 10:00:00,28.2,20.6,64.9,2.5,12.08,9.75,5.51
2024-10-21 11:00:00,33.13,23.9,54.5,4.2,13.56,11.83,5.72
2024-10-21 12:00:00,39.6,20.2,57.7,9.9,17.46,14.03,7.98
2024-10-21 13:00:00,33.01,22.1,56.8,6.8,15.28,11.8,7.02
2024-10-21 14:00:00,30.95,21.3,52.9,5.7,14.04,10.76,5.95
2024-10-21 15:00:00,30.86,22.2,58.1,3.5,13.98,11.1,6.03
2024-10-21 16:00:00,22.78,18.9,65.0,5.4,11.06,7.77,4.57
2024-10-21 17:00:00,17.84,23.2,57.7,3.8,8.21,5.98,3.19
2024-10-21 18:00:00,18.74,20.0,60.2,3.3,8.44,6.47,3.62
2024-10-21 19:00:00,24.22,20.1,62.9,2.1,10.19,9.17,4.82
2024-10-21 20:00:00,23.71,17.1,60.7,7.4,11.18,8.17,4.3
2024-10-21 21:00:00,32.11,16.4,64.5,4.1,15.64,12.03,5.71
2024-10-21 22:00:00,32.88,16.6,71.0,4.5,13.82,10.76,6.88
2024-10-21 23:00:00,32.17,14.1,65.6,1.7,14.61,11.84,6.41
2024-10-22 00:00:00,34.92,13.2,71.3,3.2,15.47,12.82,6.65
2024-10-22 01:00:00,31.65,11.2,73.7,7.8,13.57,11.03,6.51
2024-10-22 02:00:00,29.37,11.4,66.5,5.1,12.83,11.27,6.18
2024-10-22 03:00:00,38.49,10.9,74.4,6.2,17.04,13.46,7.35
2024-10-22 04:00:00,26.09,11.8,66.8,3.0,11.49,9.45,5.23
2024-10-22 05:00:00,22.95,15.6,67.5,1.1,10.02,7.53,4.62
2024-10-22 06:00:00,18.23,17.4,59.9,2.8,8.22,6.5,4.39
2024-10-22 07:00:00,24.72,14.1,68.5,2.9,10.75,8.23,4.85
2024-10-22 08:00:00,26.29,17.8,63.3,2.5,12.2,8.05,5.35
2024-10-22 09:00:00,31.99,18.1,62.9,3.7,14.0,11.81,6.15
2024-10-22 10:00:00,35.62,21.8,59.2,2.0,15.97,12.62,7.05
2024-10-22 11:00:00,30.09,21.0,56.2,7.1,14.67,11.14,6.29
2024-10-22 12:00:00,32.01,21.6,52.3,6.5,14.14,11.24,6.42
2024-10-22 13:00:00,31.27,20.9,59.3,2.3,13.57,10.11,5.82
2024-10-22 14:00:00,28.68,19.9,65.6,4.4,12.27,10.24,5.41
2024-10-22 15:00:00,28.1,23.2,59.1,3.5,11.99,10.0,6.04
2024-10-22 16:00:00,22.12,22.1,59.7,2.3,9.46,7.49,4.7
2024-10-22 17:00:00,25.98,21.3,55.8,6.4,11.21,8.98,5.05
2024-10-22 18:00:00,24.55,18.8,62.3,2.2,11.62,8.83,4.77
2024-10-22 19:00:00,20.78,18.3,57.9,4.2,7.8,7.12,4.68
2024-10-22 20:00:00,28.43,18.4,59.8,2.7,12.38,10.08,5.88
2024-10-22 21:00:00,31.01,17.4,64.9,5.6,14.69,10.9,6.2
2024-10-22 22:00:00,29.91,13.0,59.4,4.2,13.0,10.41,5.96
2024-10-22 23:00:00,28.76,12.8,77.3,5.7,13.07,9.89,6.42
2024-10-23 00:00:00,34.25,10.6,64.6,2.8,15.75,11.13,6.59
2024-10-23 01:00:00,32.18,12.5,78.4,0.5,13.27,10.79,6.6
2024-10-23 02:00:00,31.56,13.4,63.8,2.1,15.13,10.91,6.43
2024-10-23 03:00:00,27.52,11.8,65.6,5.5,11.07,8.81,5.4
2024-10-23 04:00:00,23.7,11.7,68.0,2.6,9.7,7.81,4.41
2024-10-23 05:00:00,22.11,13.0,66.2,2.6,9.73,8.01,4.34
2024-10-23 06:00:00,16.76,18.0,59.4,3.3,7.46,5.55,4.11
2024-10-23 07:00:00,21.83,17.5,61.1,2.4,10.39,7.96,4.6
2024-10-23 08:00:00,22.45,18.1,62.7,5.4,10.56,8.28,5.05
2024-10-23 09:00:00,27.8,18.8,56.9,2.6,12.14,8.86,5.73
2024-10-23 10:00:00,33.44,19.5,64.8,4.1,15.42,12.7,6.62
2024-10-23 11:00:00,30.73,19.2,68.0,3.3,14.52,10.63,6.31
2024-10-23 12:00:00,34.09,19.8,50.5,2.5,16.02,11.23,7.06
2024-10-23 13:00:00,33.49,21.0,68.1,2.4,15.2,12.21,6.54
2024-10-23 14:00:00,29.76,20.6,63.1,3.5,13.21,10.45,5.91
2024-10-23 15:00:00,29.54,21.0,60.1,2.1,13.26,9.13,5.79
2024-10-23 16:00:00,21.74,21.2,55.7,2.8,11.09,7.23,3.81
2024-10-23 17:00:00,19.41,20.5,60.2,0.9,8.71,6.48,4.13
2024-10-23 18:00:00,18.02,18.6,66.2,5.3,7.83,6.83,3.34
2024-10-23 19:00:00,23.53,19.1,74.2,0.9,10.4,7.98,4.8
2024-10-23 20:00:00,22.31,16.8,74.9,6.1,10.55,7.55,5.12
2024-10-23 21:00:00,28.45,16.1,57.1,0.9,12.97,10.17,5.24
2024-10-23 22:00:00,35.98,13.4,66.9,5.8,16.8,12.43,6.91
2024-10-23 23:00:00,33.6,14.5,66.9,4.3,14.77,11.59,6.6
2024-10-24 00:00:00,37.58,11.7,76.7,3.6,16.13,13.79,7.88
2024-10-24 01:00:00,37.98,14.4,66.3,1.7,17.53,13.42,7.21
2024-10-24 02:00:00,33.62,11.5,66.4,2.3,15.27,11.42,6.7
2024-10-24 03:00:00,27.26,11.9,70.0,4.6,11.85,10.27,5.34
2024-10-24 04:00:00,25.16,13.4,66.0,3.6,12.0,9.65,5.2
2024-10-24 05:00:00,17.59,14.5,71.5,3.6,8.29,6.49,3.64
2024-10-24 06:00:00,17.85,15.7,77.1,1.6,7.36,6.6,3.24
2024-10-24 07:00:00,19.3,18.2,66.7,3.4,8.58,7.17,3.68
2024-10-24 08:00:00,29.15,17.8,67.4,4.0,12.77,10.14,5.85
2024-10-24 09:00:00,25.27,18.0,68.5,1.5,11.65,9.5,4.43
2024-10-24 10:00:00,28.98,18.5,64.0,8.1,12.85,9.98,6.0
2024-10-24 11:00:00,31.19,20.2,57.8,5.6,13.62,10.77,5.95
2024-10-24 12:00:00,36.2,23.4,54.4,2.6,16.46,12.03,7.68
2024-10-24 13:00:00,34.16,19.6,66.0,3.9,16.11,11.42,6.96
2024-10-24 14:00:00,33.77,20.6,60.7,3.8,15.23,11.56,6.57
2024-10-24 15:00:00,28.98,21.3,53.5,1.4,13.13,9.93,5.81
2024-10-24 16:00:00,20.1,19.9,66.6,3.2,8.57,6.9,4.02
2024-10-24 17:00:00,18.79,19.8,56.4,2.0,8.08,7.59,3.66
2024-10-24 18:00:00,23.22,22.0,51.9,2.7,10.78,7.98,4.59
2024-10-24 19:00:00,20.3,17.7,58.4,7.2,9.18,7.2,3.79
2024-10-24 20:00:00,26.52,17.5,64.6,3.8,12.32,8.4,5.36
2024-10-24 21:00:00,26.93,13.1,73.2,1.1,11.4,9.04,5.23
2024-10-24 22:00:00,28.63,12.7,70.1,4.5,13.53,9.43,6.09
2024-10-24 23:00:00,33.04,14.7,63.6,10.9,15.12,12.13,5.95
2024-10-25 00:00:00,32.39,14.8,62.2,1.8,15.27,11.5,6.55
2024-10-25 01:00:00,32.4,12.1,73.3,4.5,14.56,11.01,6.58
2024-10-25 02:00:00,31.57,11.2,70.1,5.6,14.63,11.62,6.15
2024-10-25 03:00:00,28.59,12.6,70.6,5.8,13.53,10.32,5.57
2024-10-25 04:00:00,19.59,8.4,73.2,4.7,9.76,7.55,4.2
2024-10-25 05:00:00,20.78,13.4,69.4,6.6,10.18,7.41,4.0
2024-10-25 06:00:00,18.35,12.6,70.9,0.8,8.56,7.4,3.17
2024-10-25 07:00:00,19.2,16.5,76.3,1.1,8.75,5.88,3.89
2024-10-25 08:00:00,23.9,13.3,70.0,1.6,10.32,8.49,4.74
2024-10-25 09:00:00,25.94,17.0,61.7,0.9,11.0,9.25,5.32
2024-10-25 10:00:00,34.52,19.1,62.0,1.5,14.43,11.61,7.14
2024-10-25 11:00:00,36.78,19.0,56.4,5.5,16.07,13.07,7.19
2024-10-25 12:00:00,37.77,20.4,54.7,6.4,16.91,12.83,7.77
2024-10-25 13:00:00,32.57,22.8,62.9,2.7,13.65,10.77,5.84
2024-10-25 14:00:00,28.66,21.6,59.6,7.5,12.37,10.84,5.62
2024-10-25 15:00:00,27.52,20.1,65.5,3.1,12.6,9.63,5.41
2024-10-25 16:00:00,23.19,22.4,49.0,1.8,10.09,7.78,4.72
2024-10-25 17:00:00,19.3,20.5,54.5,4.5,8.93,6.52,3.99
2024-10-25 18:00:00,16.87,19.6,62.0,3.1,7.72,5.11,3.01
2024-10-25 19:00:00,20.71,16.6,60.0,0.6,9.47,8.17,3.83
2024-10-25 20:00:00,22.55,12.8,61.5,7.8,10.3,7.26,4.41
2024-10-25 21:00:00,29.03,14.0,61.8,4.0,13.19,10.08,5.79
2024-10-25 22:00:00,32.73,12.6,67.2,4.1,14.83,11.56,6.25
2024-10-25 23:00:00,36.56,12.2,71.4,8.5,16.04,12.77,7.52
2024-10-26 00:00:00,22.93,10.8,79.6,5.7,10.33,7.31,5.01
2024-10-26 01:00:00,26.33,11.8,64.6,2.8,12.43,10.09,5.25
2024-10-26 02:00:00,21.45,12.8,63.7,0.9,9.76,6.73,4.28
2024-10-26 03:00:00,17.4,13.2,60.9,2.1,8.32,5.94,3.45
2024-10-26 04:00:00,16.57,13.4,70.8,2.8,8.13,5.63,3.41
2024-10-26 05:00:00,18.25,11.6,70.8,7.6,8.39,6.89,3.66
2024-10-26 06:00:00,13.9,14.0,62.3,6.3,6.66,4.65,3.0
2024-10-26 07:00:00,19.49,17.5,58.9,0.6,8.93,6.9,3.34
2024-10-26 08:00:00,19.01,14.1,66.5,8.9,8.46,7.52,4.03
2024-10-26 09:00:00,19.47,19.8,60.0,2.3,9.06,6.69,4.41
2024-10-26 10:00:00,26.16,17.4,57.9,5.2,11.97,8.81,4.93
2024-10-26 11:00:00,26.44,20.4,60.4,1.5,12.14,9.79,4.58
2024-10-26 12:00:00,23.74,21.4,51.5,2.1,9.95,8.2,4.53
2024-10-26 13:00:00,29.97,21.6,58.4,3.6,13.05,11.55,5.97
2024-10-26 14:00:00,25.09,24.8,53.4,4.7,10.7,8.21,4.93
2024-10-26 15:00:00,20.5,20.8,61.0,2.8,9.49,5.85,4.09
2024-10-26 16:00:00,15.5,18.3,68.1,6.1,7.4,5.28,3.1
2024-10-26 17:00:00,18.53,20.5,57.5,7.1,8.66,6.84,3.54
2024-10-26 18:00:00,16.12,18.7,61.6,1.5,7.08,5.68,3.02
2024-10-26 19:00:00,17.15,18.6,51.8,4.8,8.14,6.02,3.64
2024-10-26 20:00:00,16.37,17.8,72.5,1.6,7.05,6.35,2.95
2024-10-26 21:00:00,22.54,15.1,56.6,2.7,10.24,7.36,4.1
2024-10-26 22:00:00,25.54,14.6,66.1,5.6,11.8,8.71,5.45
2024-10-26 23:00:00,23.65,13.1,55.5,2.7,10.72,8.54,4.96
2024-10-27 00:00:00,22.55,14.6,62.4,6.5,10.5,7.87,4.43
2024-10-27 01:00:00,26.79,10.9,79.6,3.1,11.99,9.86,5.57
2024-10-27 02:00:00,19.35,10.2,77.5,2.6,9.06,6.73,3.86
2024-10-27 03:00:00,20.85,12.7,73.6,9.0,9.0,8.13,4.95
2024-10-27 04:00:00,16.54,10.5,70.4,3.2,7.04,5.74,3.24
2024-10-27 05:00:00,18.64,13.3,76.3,4.9,8.4,7.06,4.38
2024-10-27 06:00:00,13.86,13.5,69.1,4.1,5.6,4.65,2.86
2024-10-27 07:00:00,18.36,14.8,69.7,2.0,9.01,6.75,3.4
2024-10-27 08:00:00,16.37,19.9,73.4,3.5,7.48,5.65,3.16
2024-10-27 09:00:00,22.97,19.4,66.2,1.2,10.61,7.88,4.49
2024-10-27 10:00:00,28.43,20.3,59.3,4.7,12.66,10.45,5.63
2024-10-27 11:00:00,22.67,20.6,61.9,3.6,10.46,8.09,4.48
2024-10-27 12:00:00,26.82,19.5,67.6,1.5,12.41,9.21,5.17
2024-10-27 13:00:00,32.21,21.5,61.4,5.1,14.46,11.18,6.44
2024-10-27 14:00:00,23.44,22.1,61.4,5.4,10.27,8.57,4.98
2024-10-27 15:00:00,20.62,21.4,64.8,4.9,8.71,7.16,3.99
2024-10-27 16:00:00,19.62,20.7,71.8,2.7,9.35,5.95,3.61
2024-10-27 17:00:00,15.7,19.2,56.3,4.8,6.29,5.16,3.62
2024-10-27 18:00:00,10.57,19.2,64.5,3.9,4.6,3.33,2.56
2024-10-27 19:00:00,18.43,16.7,66.2,3.8,7.8,7.3,3.62
2024-10-27 20:00:00,12.65,17.3,61.3,4.3,5.5,4.08,2.82
2024-10-27 21:00:00,19.42,11.9,66.5,4.2,8.71,6.98,4.02
2024-10-27 22:00:00,26.3,15.8,73.3,5.4,11.83,8.79,5.24
2024-10-27 23:00:00,24.45,10.7,66.0,8.8,11.06,8.51,4.91
2024-10-28 00:00:00,33.12,10.1,64.8,4.8,14.5,12.11,6.53
2024-10-28 01:00:00,36.05,11.8,67.0,3.2,16.56,13.01,7.05
2024-10-28 02:00:00,28.98,11.9,60.9,3.3,12.45,10.73,5.88
2024-10-28 03:00:00,24.3,14.3,62.6,0.7,10.55,8.35,5.15
2024-10-28 04:00:00,24.29,12.2,64.1,1.8,10.89,8.71,5.24
2024-10-28 05:00:00,20.41,12.5,69.5,2.2,10.29,6.41,4.27
2024-10-28 06:00:00,16.75,13.8,74.6,9.1,7.78,6.13,3.41
2024-10-28 07:00:00,22.45,17.1,60.5,5.1,9.3,7.32,4.15
2024-10-28 08:00:00,24.77,19.7,64.7,1.7,11.34,8.41,5.52
2024-10-28 09:00:00,26.46,17.1,67.3,3.5,11.87,8.69,5.59
2024-10-28 10:00:00,30.38,19.4,49.7,2.1,13.47,11.06,6.17
2024-10-28 11:00:00,35.03,19.5,57.9,2.5,15.49,12.93,6.49
2024-10-28 12:00:00,37.83,20.2,57.8,4.1,17.13,12.27,7.04
2024-10-28 13:00:00,33.15,23.7,57.5,4.1,14.8,11.18,6.67
2024-10-28 14:00:00,32.74,19.7,63.3,6.1,15.05,11.23,6.27
2024-10-28 15:00:00,28.77,17.4,64.8,1.8,12.29,8.34,5.13
2024-10-28 16:00:00,25.81,20.9,54.5,3.5,11.01,9.46,4.87
2024-10-28 17:00:00,20.96,21.4,55.2,4.1,9.53,7.14,4.22
2024-10-28 18:00:00,17.58,18.9,53.8,6.9,8.05,5.28,3.38
2024-10-28 19:00:00,19.71,18.1,62.6,3.6,9.31,6.96,3.92
2024-10-28 20:00:00,24.46,17.2,61.6,2.7,10.57,7.63,4.85
2024-10-28 21:00:00,31.9,14.9,68.8,2.5,13.92,10.9,7.14
2024-10-28 22:00:00,29.9,14.4,70.2,2.1,12.72,11.0,6.11
2024-10-28 23:00:00,64.56,13.3,66.3,7.7,29.1,22.17,13.3
2024-10-29 00:00:00,34.06,8.6,75.1,4.1,14.75,12.22,6.5
2024-10-29 01:00:00,34.15,11.2,69.5,2.6,15.66,12.35,6.98
2024-10-29 02:00:00,34.92,8.5,68.2,5.0,16.22,13.35,7.39
2024-10-29 03:00:00,29.29,11.0,66.8,2.5,13.94,10.52,5.75
2024-10-29 04:00:00,20.52,10.8,59.7,3.6,8.69,7.3,4.07
2024-10-29 05:00:00,19.45,13.9,65.4,0.7,9.08,6.6,3.84
2024-10-29 06:00:00,23.02,13.7,64.6,5.8,11.44,7.46,4.34
2024-10-29 07:00:00,21.24,15.3,60.2,7.5,9.37,6.79,4.32
2024-10-29 08:00:00,20.75,15.6,69.4,6.0,9.6,7.22,3.71
2024-10-29 09:00:00,25.33,18.7,64.2,1.8,11.09,8.94,4.62
2024-10-29 10:00:00,32.89,16.0,67.6,5.6,14.32,11.8,6.56
2024-10-29 11:00:00,36.36,18.0,65.8,2.8,16.21,12.98,7.6
2024-10-29 12:00:00,34.92,22.1,57.5,7.0,15.74,11.49,7.28
2024-10-29 13:00:00,40.06,20.0,59.9,2.5,18.15,13.88,7.66
2024-10-29 14:00:00,33.19,17.6,67.0,1.3,15.1,11.31,6.16
2024-10-29 15:00:00,26.77,22.9,59.9,5.9,12.6,9.59,6.03
2024-10-29 16:00:00,21.59,21.8,63.0,1.5,9.76,7.51,4.26
2024-10-29 17:00:00,18.44,20.5,59.2,3.7,7.87,6.06,3.19
2024-10-29 18:00:00,20.72,18.5,56.9,2.9,9.37,6.91,4.0
2024-10-29 19:00:00,19.66,19.6,61.6,5.0,8.39,6.45,3.81
2024-10-29 20:00:00,27.81,17.7,59.8,5.0,13.89,8.56,5.76
2024-10-29 21:00:00,31.04,16.9,67.0,5.2,13.45,11.71,6.65
2024-10-29 22:00:00,32.71,14.4,68.2,1.1,15.38,11.62,6.8
2024-10-29 23:00:00,30.92,12.5,69.3,5.9,14.18,10.31,6.59
2024-10-30 00:00:00,33.22,10.7,69.2,3.4,14.87,12.12,6.84
2024-10-30 01:00:00,37.03,8.9,78.3,2.1,17.42,13.16,7.27
2024-10-30 02:00:00,29.74,11.4,74.9,2.5,13.12,10.4,5.57
2024-10-30 03:00:00,30.2,11.7,67.1,6.5,13.21,10.25,6.36
2024-10-30 04:00:00,24.83,10.8,64.9,0.5,10.83,8.31,5.02
2024-10-30 05:00:00,21.03,13.0,69.2,5.4,10.01,8.14,4.0
2024-10-30 06:00:00,18.14,12.7,74.7,6.8,8.16,6.55,3.15
2024-10-30 07:00:00,20.67,15.7,58.9,2.3,10.03,7.43,4.24
2024-10-30 08:00:00,24.12,14.3,69.1,5.6,10.93,7.95,4.59
2024-10-30 09:00:00,29.98,15.4,61.5,1.8,14.31,10.19,5.93
2024-10-30 10:00:00,28.93,17.8,57.6,0.5,12.94,10.2,6.04
2024-10-30 11:00:00,33.24,20.4,64.1,4.1,15.34,12.34,6.47
2024-10-30 12:00:00,35.01,18.3,65.4,4.3,15.48,12.85,6.96
2024-10-30 13:00:00,35.55,22.1,56.8,1.7,15.69,12.81,6.67
2024-10-30 14:00:00,28.88,18.2,66.1,3.6,13.33,10.22,5.66
2024-10-30 15:00:00,24.11,20.1,63.3,3.0,11.13,8.97,4.45
2024-10-30 16:00:00,25.33,17.9,55.1,1.2,11.61,9.7,5.24
2024-10-30 17:00:00,17.11,15.3,66.1,3.6,7.44,6.46,3.18
2024-10-30 18:00:00,23.11,18.7,68.6,4.0,10.74,8.5,4.66
2024-10-30 19:00:00,20.51,16.7,66.3,2.1,9.24,7.31,3.88
2024-10-30 20:00:00,19.78,13.6,54.6,4.9,8.68,6.82,3.66
2024-10-30 21:00:00,26.2,13.6,62.3,1.2,11.96,8.96,4.92
2024-10-30 22:00:00,32.1,13.8,72.4,3.8,14.31,11.88,6.16
2024-10-30 23:00:00,32.56,11.6,67.3,2.6,14.89,11.39,6.41
2024-10-31 00:00:00,34.97,10.8,76.6,3.2,15.26,11.77,7.33
2024-10-31 01:00:00,35.77,10.0,82.2,6.3,15.92,12.62,7.12
2024-10-31 02:00:00,30.67,9.6,71.3,4.5,14.01,10.93,6.02
2024-10-31 03:00:00,25.08,9.7,69.2,1.7,10.61,8.68,5.12
2024-10-31 04:00:00,22.92,10.2,66.7,6.3,10.38,7.61,4.79
2024-10-31 05:00:00,24.46,10.8,74.8,2.9,10.29,9.1,5.19
2024-10-31 06:00:00,24.13,11.4,67.3,2.7,11.13,8.95,5.32
2024-10-31 07:00:00,15.88,13.6,65.7,3.5,7.44,4.62,3.21
2024-10-31 08:00:00,26.4,14.5,61.0,2.0,10.91,9.41,5.29
2024-10-31 09:00:00,28.05,15.2,63.7,6.6,12.46,10.06,5.0
2024-10-31 10:00:00,33.48,19.1,57.5,3.4,14.64,12.29,7.1
2024-10-31 11:00:00,32.54,20.9,49.1,3.0,15.12,10.71,6.48
2024-10-31 12:00:00,30.5,19.8,56.0,1.8,12.84,10.42,6.58
2024-10-31 13:00:00,35.38,20.4,63.3,5.4,14.96,12.9,7.14
2024-10-31 14:00:00,28.82,19.4,67.4,7.4,13.6,10.33,5.59
2024-10-31 15:00:00,23.95,21.9,57.2,6.1,10.96,8.49,5.53
2024-10-31 16:00:00,20.38,22.4,57.3,1.8,9.63,8.26,3.85
2024-10-31 17:00:00,22.43,18.8,62.9,5.0,10.25,8.72,4.42
2024-10-31 18:00:00,20.27,17.2,73.2,2.0,9.79,6.74,3.57
2024-10-31 19:00:00,22.88,17.3,58.2,0.8,9.56,8.2,4.39
2024-10-31 20:00:00,25.34,15.7,58.9,3.5,10.67,8.47,4.49
2024-10-31 21:00:00,26.37,13.4,67.6,4.5,12.13,9.48,4.8
2024-10-31 22:00:00,31.0,13.7,69.6,1.5,13.72,11.56,6.12
2024-10-31 23:00:00,32.64,13.3,67.8,4.1,14.89,11.32,6.78
2024-11-01 00:00:00,34.42,9.8,65.5,5.8,15.69,12.18,6.49
2024-11-01 01:00:00,31.52,14.3,71.3,2.1,14.92,10.04,6.3
2024-11-01 02:00:00,32.17,8.0,73.7,3.2,14.78,11.32,6.34
2024-11-01 03:00:00,30.14,9.2,75.8,3.5,13.55,10.44,5.46
2024-11-01 04:00:00,21.66,11.3,78.2,5.7,10.16,7.73,4.6
2024-11-01 05:00:00,24.16,15.1,58.5,5.2,10.39,8.19,5.22
2024-11-01 06:00:00,20.23,11.9,61.1,5.1,8.04,6.63,4.08
2024-11-01 07:00:00,21.56,12.4,72.0,4.5,9.69,8.14,4.1
2024-11-01 08:00:00,19.45,16.1,54.5,4.2,9.84,6.29,3.04
2024-11-01 09:00:00,22.93,16.2,62.6,3.6,10.65,7.51,4.55
2024-11-01 10:00:00,31.56,18.8,58.6,2.9,13.47,11.14,6.65
2024-11-01 11:00:00,35.92,18.7,63.4,3.6,16.21,13.89,6.85
2024-11-01 12:00:00,33.27,18.3,58.7,5.9,16.1,11.76,6.65
2024-11-01 13:00:00,38.12,23.6,58.1,3.9,17.12,13.03,7.58
2024-11-01 14:00:00,33.04,15.8,59.7,8.7,14.75,11.24,6.92
2024-11-01 15:00:00,25.18,22.8,50.4,1.7,10.81,9.05,5.18
2024-11-01 16:00:00,23.77,21.0,58.9,3.2,10.58,8.67,4.48
2024-11-01 17:00:00,27.15,17.7,63.3,2.0,11.53,9.18,5.46
2024-11-01 18:00:00,16.84,20.6,60.8,2.9,7.32,4.88,3.94
2024-11-01 19:00:00,22.27,14.5,74.0,5.3,11.07,7.63,4.55
2024-11-01 20:00:00,22.89,16.8,70.3,5.6,9.64,8.81,4.47
2024-11-01 21:00:00,29.22,10.9,73.2,0.8,13.39,9.92,5.98
2024-11-01 22:00:00,34.37,11.1,74.8,7.4,16.47,11.95,6.47
2024-11-01 23:00:00,32.98,10.0,73.3,6.1,15.02,10.74,6.46
2024-11-02 00:00:00,29.02,9.6,78.3,6.5,13.65,10.29,5.87
2024-11-02 01:00:00,31.03,10.3,73.5,2.9,13.59,10.54,6.02
2024-11-02 02:00:00,23.58,8.8,70.6,3.5,10.17,8.22,4.74
2024-11-02 03:00:00,22.56,7.2,71.6,1.8,10.2,7.56,4.58
2024-11-02 04:00:00,16.31,11.5,76.0,3.0,6.96,4.94,3.32
2024-11-02 05:00:00,15.78,11.6,69.1,1.6,6.8,5.38,3.35
2024-11-02 06:00:00,14.53,13.2,77.7,6.0,6.71,6.05,2.97
2024-11-02 07:00:00,17.72,14.1,61.6,4.0,8.65,6.81,3.83
2024-11-02 08:00:00,20.8,16.5,70.4,1.6,9.29,7.4,3.85
2024-11-02 09:00:00,20.33,16.3,62.3,6.2,9.51,6.79,4.24
2024-11-02 10:00:00,49.05,19.1,63.1,1.2,23.02,17.02,9.78
2024-11-02 11:00:00,29.3,17.5,56.5,6.9,12.06,10.77,6.02
2024-11-02 12:00:00,28.34,18.3,52.8,1.4,13.0,9.92,5.93
2024-11-02 13:00:00,24.18,22.0,65.0,4.8,10.01,8.31,4.48
2024-11-02 14:00:00,21.88,22.1,55.3,4.3,9.58,7.48,4.63
2024-11-02 15:00:00,18.57,20.8,64.0,5.2,8.92,6.48,3.7
2024-11-02 16:00:00,20.16,18.1,59.0,3.9,9.76,8.35,3.89
2024-11-02 17:00:00,12.7,17.2,68.3,2.8,5.39,4.04,2.23
2024-11-02 18:00:00,16.67,19.6,58.4,2.4,7.08,5.76,2.92
2024-11-02 19:00:00,13.03,18.3,56.0,7.2,5.94,4.67,2.56
2024-11-02 20:00:00,19.85,15.0,69.2,3.2,9.9,7.51,3.89
2024-11-02 21:00:00,20.64,17.3,68.0,5.8,9.53,8.45,4.39
2024-11-02 22:00:00,26.75,13.3,71.3,4.8,12.65,9.91,5.4
2024-11-02 23:00:00,28.33,9.9,71.4,4.4,12.95,9.44,5.49
2024-11-03 00:00:00,29.84,10.2,63.1,8.0,12.62,10.79,6.24
2024-11-03 01:00:00,52.48,10.1,66.6,3.9,23.99,18.88,10.72
2024-11-03 02:00:00,23.8,10.0,68.5,4.9,10.39,8.19,5.08
2024-11-03 03:00:00,17.74,11.9,68.4,5.8,7.83,5.76,3.63
2024-11-03 04:00:00,15.19,9.1,78.7,0.9,6.06,5.52,2.71
2024-11-03 05:00:00,10.54,9.4,72.2,10.0,4.38,3.89,1.98
2024-11-03 06:00:00,12.3,13.3,57.5,2.3,5.47,4.42,2.56
2024-11-03 07:00:00,15.93,12.8,55.6,4.7,6.46,4.77,3.03
2024-11-03 08:00:00,16.42,18.5,58.3,7.4,6.53,5.95,3.29
2024-11-03 09:00:00,20.18,17.6,60.3,5.1,9.6,7.65,4.78
2024-11-03 10:00:00,24.68,16.6,65.8,2.2,10.92,8.95,4.32
2024-11-03 11:00:00,24.74,20.3,52.4,2.8,11.06,8.36,4.76
2024-11-03 12:00:00,23.45,20.3,52.7,3.1,10.57,8.42,5.13
2024-11-03 13:00:00,25.37,20.7,61.5,4.0,10.98,9.41,5.03
2024-11-03 14:00:00,21.2,19.7,67.0,4.1,10.37,7.46,4.56
2024-11-03 15:00:00,19.96,20.4,49.7,5.3,9.43,6.98,4.2
2024-11-03 16:00:00,21.18,16.1,60.9,5.9,10.08,7.4,4.7
2024-11-03 17:00:00,15.08,20.4,65.1,1.3,7.23,5.47,2.51
2024-11-03 18:00:00,19.43,12.2,74.0,2.4,9.29,6.43,3.81
2024-11-03 19:00:00,19.34,15.5,60.7,2.8,9.19,7.36,4.14
2024-11-03 20:00:00,16.37,12.5,74.8,0.5,7.32,5.97,3.38
2024-11-03 21:00:00,17.85,12.9,68.8,3.1,7.81,6.62,3.62
2024-11-03 22:00:00,23.31,12.3,72.6,2.8,9.97,7.98,5.04
2024-11-03 23:00:00,5.68,9.6,69.0,3.7,2.23,2.28,0.98
2024-11-04 00:00:00,33.82,6.2,78.0,1.4,15.68,12.18,6.58
2024-11-04 01:00:00,36.31,10.2,65.9,3.1,15.83,13.17,6.89
2024-11-04 02:00:00,34.31,12.8,65.9,4.0,15.84,11.87,6.71
2024-11-04 03:00:00,25.61,9.4,71.3,5.4,11.59,8.63,5.01
2024-11-04 04:00:00,22.1,11.8,70.5,5.1,9.97,7.4,4.37
2024-11-04 05:00:00,22.83,13.4,79.9,3.1,10.19,7.9,4.8
2024-11-04 06:00:00,20.42,9.4,85.6,3.0,8.1,7.41,3.34
2024-11-04 07:00:00,19.33,12.7,66.8,0.8,8.27,6.84,3.78
2024-11-04 08:00:00,22.91,12.8,76.0,1.2,10.2,8.4,4.63
2024-11-04 09:00:00,27.36,14.8,60.7,6.1,12.25,9.79,5.44
2024-11-04 10:00:00,27.38,19.8,62.3,5.4,12.58,9.62,5.71
2024-11-04 11:00:00,35.95,18.6,58.3,0.6,16.44,13.27,7.34
2024-11-04 12:00:00,33.84,20.2,57.5,6.2,14.56,11.45,6.74
2024-11-04 13:00:00,27.08,19.5,73.9,4.1,11.46,9.89,4.9
2024-11-04 14:00:00,31.23,17.9,60.6,5.4,14.42,11.58,6.3
2024-11-04 15:00:00,25.69,20.6,56.1,3.5,11.18,8.79,5.35
2024-11-04 16:00:00,28.01,20.9,53.9,1.7,13.2,10.42,5.98
2024-11-04 17:00:00,19.58,18.7,57.7,2.8,8.73,7.09,4.34
2024-11-04 18:00:00,17.3,17.9,55.4,3.3,8.31,5.35,3.38
2024-11-04 19:00:00,22.32,14.2,68.1,5.0,9.86,7.93,4.2
2024-11-04 20:00:00,22.14,15.8,66.1,5.5,9.91,8.1,4.21
2024-11-04 21:00:00,25.59,15.4,67.2,4.9,11.92,9.44,5.07
2024-11-04 22:00:00,32.56,12.8,68.6,3.4,14.02,12.86,6.59
2024-11-04 23:00:00,31.43,8.5,71.0,4.4,13.82,11.14,6.24
2024-11-05 00:00:00,31.43,12.7,65.5,2.5,15.09,11.06,6.46
2024-11-05 01:00:00,38.39,8.3,74.9,8.9,17.06,13.32,7.53
2024-11-05 02:00:00,32.78,10.1,71.6,1.8,14.67,11.87,6.52
2024-11-05 03:00:00,26.92,11.1,67.5,4.8,12.12,10.02,5.45
2024-11-05 04:00:00,23.82,11.8,68.4,1.7,11.04,8.13,4.82
2024-11-05 05:00:00,22.35,8.3,81.7,2.4,10.41,7.8,4.77
2024-11-05 06:00:00,22.51,12.2,79.2,5.0,9.95,8.5,4.77
2024-11-05 07:00:00,19.19,13.3,66.9,4.8,8.85,7.08,4.16
2024-11-05 08:00:00,24.74,16.7,60.3,1.5,10.75,8.03,4.59
2024-11-05 09:00:00,26.31,16.5,64.0,4.5,12.01,8.33,5.22
2024-11-05 10:00:00,30.85,19.2,66.6,2.0,13.6,11.03,6.23
2024-11-05 11:00:00,34.47,18.9,61.1,8.1,16.18,11.54,6.95
2024-11-05 12:00:00,35.06,18.7,63.3,4.1,16.75,12.52,6.89
2024-11-05 13:00:00,35.91,19.6,57.1,0.5,15.23,13.26,7.24
2024-11-05 14:00:00,32.54,21.8,52.0,2.1,15.58,11.83,6.67
2024-11-05 15:00:00,23.81,17.4,66.9,2.2,10.61,8.5,4.39
2024-11-05 16:00:00,20.43,20.2,60.7,2.3,9.7,7.27,3.48
2024-11-05 17:00:00,20.16,17.1,66.7,3.8,9.54,7.34,4.1
2024-11-05 18:00:00,24.65,15.8,56.5,2.0,10.25,8.85,5.11
2024-11-05 19:00:00,18.95,17.4,72.3,3.1,8.39,7.14,4.26
2024-11-05 20:00:00,23.31,13.2,69.4,1.9,9.76,7.83,4.99
2024-11-05 21:00:00,26.24,13.8,58.4,4.4,11.09,8.86,5.1
2024-11-05 22:00:00,29.94,11.3,75.4,3.9,14.19,10.48,5.81
2024-11-05 23:00:00,34.52,7.5,73.2,4.2,15.95,11.74,6.94
2024-11-06 00:00:00,38.62,10.7,71.3,7.9,16.53,13.38,7.28
2024-11-06 01:00:00,35.25,9.7,70.0,3.0,15.12,11.88,6.76
2024-11-06 02:00:00,29.36,6.5,75.7,2.1,13.71,10.6,5.44
2024-11-06 03:00:00,34.5,8.5,73.6,11.0,16.02,11.65,7.88
2024-11-06 04:00:00,24.06,7.3,66.9,1.0,11.04,8.29,4.71
2024-11-06 05:00:00,19.68,11.9,74.0,5.5,8.88,6.64,4.58
2024-11-06 06:00:00,23.64,13.9,67.9,1.8,10.26,8.39,4.22
2024-11-06 07:00:00,19.95,14.3,69.0,4.4,8.85,7.72,4.23
2024-11-06 08:00:00,28.02,15.8,69.1,3.4,12.82,9.65,5.16
2024-11-06 09:00:00,25.44,14.9,66.8,5.7,11.4,8.39,5.21
2024-11-06 10:00:00,34.94,17.7,64.5,4.9,15.74,12.15,6.95
2024-11-06 11:00:00,34.61,17.9,55.2,1.8,16.73,12.53,6.95
2024-11-06 12:00:00,38.34,19.0,57.1,4.4,17.08,14.25,7.72
2024-11-06 13:00:00,38.86,20.6,59.7,2.1,16.84,13.03,7.93
2024-11-06 14:00:00,28.53,21.1,59.6,1.8,12.92,9.7,5.37
2024-11-06 15:00:00,30.8,18.6,63.7,1.3,13.84,11.04,6.03
2024-11-06 16:00:00,20.34,16.6,71.2,1.5,8.96,6.64,3.88
2024-11-06 17:00:00,18.5,17.6,62.4,4.7,8.09,6.51,3.39
2024-11-06 18:00:00,18.11,16.5,66.0,9.3,7.59,5.79,3.56
2024-11-06 19:00:00,22.38,16.1,65.0,4.5,10.16,7.84,4.77
2024-11-06 20:00:00,23.95,15.6,64.0,4.7,11.38,8.66,4.26
2024-11-06 21:00:00,27.2,10.2,70.7,5.2,12.35,10.18,5.52
2024-11-06 22:00:00,31.73,10.8,67.1,6.3,14.06,10.48,6.07
2024-11-06 23:00:00,35.59,9.4,72.2,2.4,15.74,12.82,6.67
2024-11-07 00:00:00,36.83,11.7,68.9,4.1,16.54,13.61,6.95
2024-11-07 01:00:00,36.89,9.0,72.4,2.1,16.9,13.22,7.3
2024-11-07 02:00:00,35.96,8.4,65.2,3.7,16.35,12.74,7.45
2024-11-07 03:00:00,27.6,10.1,71.3,2.1,12.53,9.59,5.67
2024-11-07 04:00:00,22.6,8.9,68.9,1.1,9.58,7.17,4.59
2024-11-07 05:00:00,22.69,10.6,71.0,1.3,10.93,7.29,4.79
2024-11-07 06:00:00,17.29,14.4,61.3,8.2,7.68,6.46,3.83
2024-11-07 07:00:00,19.46,15.6,65.6,0.5,9.72,6.7,4.17
2024-11-07 08:00:00,26.4,13.6,66.3,4.6,12.17,9.7,5.0
2024-11-07 09:00:00,27.35,15.2,62.6,6.3,11.27,8.8,5.71
2024-11-07 10:00:00,28.39,15.7,66.6,3.0,11.99,10.36,5.71
2024-11-07 11:00:00,30.43,14.8,68.1,4.7,13.93,10.28,5.78
2024-11-07 12:00:00,35.28,20.0,59.7,2.8,15.44,12.43,6.72
2024-11-07 13:00:00,37.01,22.6,59.7,3.7,16.45,12.86,7.05
2024-11-07 14:00:00,34.23,18.5,59.7,7.0,15.19,12.61,6.91
2024-11-07 15:00:00,27.93,17.8,64.7,0.9,11.0,10.14,5.51
2024-11-07 16:00:00,28.93,18.1,62.1,2.4,13.12,9.35,6.39
2024-11-07 17:00:00,20.9,17.8,57.6,1.4,9.56,6.72,4.14
2024-11-07 18:00:00,19.81,15.0,62.0,3.5,10.0,7.96,3.58
2024-11-07 19:00:00,26.54,14.8,72.1,5.1,11.75,9.53,5.39
2024-11-07 20:00:00,22.79,15.7,73.1,8.2,10.17,8.11,4.3
2024-11-07 21:00:00,29.79,13.1,71.9,1.7,13.24,10.13,6.03
2024-11-07 22:00:00,35.32,13.6,64.8,0.9,17.19,12.22,6.94
2024-11-07 23:00:00,32.08,11.2,77.7,1.6,14.55,11.69,6.29
2024-11-08 00:00:00,36.35,8.0,77.4,7.9,16.11,12.87,7.33
2024-11-08 01:00:00,36.81,8.3,75.7,2.6,16.58,12.81,7.29
2024-11-08 02:00:00,31.48,9.4,82.0,2.4,14.03,10.07,6.13
2024-11-08 03:00:00,21.99,7.5,70.7,4.9,9.74,7.85,4.29
2024-11-08 04:00:00,24.57,7.8,78.5,1.5,10.72,8.42,4.67
2024-11-08 05:00:00,23.11,8.7,69.5,2.8,10.82,7.46,4.81
2024-11-08 06:00:00,17.83,12.3,66.3,1.7,7.8,5.86,3.25
2024-11-08 07:00:00,20.57,12.1,82.4,8.1,9.09,7.31,3.94
2024-11-08 08:00:00,21.06,15.8,67.6,2.5,9.48,8.19,3.83
2024-11-08 09:00:00,21.27,13.9,76.5,2.4,9.61,6.44,4.2
2024-11-08 10:00:00,34.02,12.8,71.4,4.3,15.95,12.09,7.31
2024-11-08 11:00:00,34.18,17.3,65.2,0.5,15.22,12.07,7.38
2024-11-08 12:00:00,39.19,20.8,55.9,4.4,17.64,14.5,7.83
2024-11-08 13:00:00,36.34,18.9,66.2,3.3,16.02,13.67,7.5
2024-11-08 14:00:00,30.56,16.9,63.8,1.9,13.83,10.68,6.49
2024-11-08 15:00:00,27.49,16.4,64.7,3.5,12.43,9.69,5.56
2024-11-08 16:00:00,25.36,20.1,58.6,11.1,11.3,8.94,4.81
2024-11-08 17:00:00,23.62,16.3,63.9,5.7,10.43,6.83,4.19
2024-11-08 18:00:00,21.01,18.8,61.6,8.1,8.22,7.45,4.62
2024-11-08 19:00:00,23.97,16.3,65.1,6.8,10.22,9.29,4.71
2024-11-08 20:00:00,23.21,12.8,68.3,5.6,9.97,7.3,5.07
2024-11-08 21:00:00,25.21,14.4,58.9,2.7,11.75,9.53,4.85
2024-11-08 22:00:00,31.29,10.1,74.6,4.9,13.8,11.03,5.77
2024-11-08 23:00:00,34.71,8.3,73.5,3.0,16.36,11.83,7.4
2024-11-09 00:00:00,23.49,8.2,57.6,3.2,10.57,7.47,4.66
2024-11-09 01:00:00,22.4,10.1,63.9,6.1,10.28,8.31,4.51
2024-11-09 02:00:00,24.8,10.5,69.0,2.0,11.36,9.42,4.88
2024-11-09 03:00:00,19.85,8.4,80.3,2.5,8.33,7.69,4.4
2024-11-09 04:00:00,17.64,6.7,79.0,6.9,8.09,6.85,3.88
2024-11-09 05:00:00,15.1,7.9,71.0,4.7,6.08,4.88,3.12
2024-11-09 06:00:00,19.05,9.7,71.4,1.1,9.05,6.23,4.21
2024-11-09 07:00:00,19.15,10.6,76.8,1.5,8.26,6.8,4.17
2024-11-09 08:00:00,14.96,14.2,63.9,3.9,7.06,5.76,2.93
2024-11-09 09:00:00,19.54,18.0,57.0,5.4,8.45,6.8,4.51
2024-11-09 10:00:00,25.81,17.5,67.4,5.3,11.73,8.76,5.36
2024-11-09 11:00:00,27.25,15.7,70.8,3.2,11.95,9.74,5.35
2024-11-09 12:00:00,5.28,17.1,60.5,2.3,2.88,1.28,1.42
2024-11-09 13:00:00,22.9,17.9,65.0,5.3,10.28,7.72,4.31
2024-11-09 14:00:00,21.98,19.4,60.5,7.2,10.12,7.91,4.84
2024-11-09 15:00:00,19.58,21.0,55.9,3.3,8.53,7.69,3.61
2024-11-09 16:00:00,18.75,17.4,68.9,1.6,8.25,7.45,3.86
2024-11-09 17:00:00,20.26,19.7,57.1,4.1,9.1,7.42,3.98
2024-11-09 18:00:00,13.53,19.5,64.4,1.2,6.16,3.86,2.75
2024-11-09 19:00:00,13.43,14.6,66.8,4.1,5.43,5.19,2.74
2024-11-09 20:00:00,17.79,13.2,67.2,1.8,8.58,6.29,3.49
2024-11-09 21:00:00,23.45,12.0,66.9,3.6,10.74,8.58,4.75
2024-11-09 22:00:00,20.07,11.4,65.4,4.2,8.3,6.66,4.89
2024-11-09 23:00:00,29.38,9.7,71.1,3.3,13.0,10.52,5.77
2024-11-10 00:00:00,26.11,10.6,68.7,5.6,10.53,9.76,5.46
2024-11-10 01:00:00,23.95,6.5,76.7,2.9,10.26,8.07,4.91
2024-11-10 02:00:00,19.73,7.8,68.6,1.7,9.37,7.53,3.34
2024-11-10 03:00:00,22.68,9.3,72.1,3.3,10.27,7.49,4.41
2024-11-10 04:00:00,17.68,10.6,73.3,7.7,7.36,6.91,3.68
2024-11-10 05:00:00,16.47,13.4,64.6,6.2,7.58,5.74,3.6
2024-11-10 06:00:00,13.04,9.2,76.7,2.6,5.5,4.13,2.33
2024-11-10 07:00:00,15.25,11.4,74.6,2.2,6.14,5.76,3.36
2024-11-10 08:00:00,16.89,10.2,65.7,3.4,7.85,5.72,3.43
2024-11-10 09:00:00,20.67,13.3,64.3,4.4,8.9,6.73,4.64
2024-11-10 10:00:00,22.06,13.5,61.1,6.9,9.63,7.32,4.15
2024-11-10 11:00:00,21.95,16.4,66.5,4.1,9.72,7.03,4.22
2024-11-10 12:00:00,33.36,17.6,63.5,5.7,15.36,11.64,6.25
2024-11-10 13:00:00,22.38,19.2,53.0,4.6,10.48,7.46,4.7
2024-11-10 14:00:00,24.18,18.2,58.9,1.4,10.78,7.87,5.29
2024-11-10 15:00:00,16.49,19.2,62.5,6.3,7.29,6.43,3.28
2024-11-10 16:00:00,13.11,18.1,62.8,2.0,5.96,5.15,2.64
2024-11-10 17:00:00,16.29,15.6,71.3,2.9,6.79,6.32,3.06
2024-11-10 18:00:00,15.73,13.6,61.9,5.7,7.07,5.51,3.14
2024-11-10 19:00:00,19.2,15.8,65.0,8.3,8.55,6.22,3.87
2024-11-10 20:00:00,19.1,16.1,59.7,2.6,8.04,6.14,3.94
2024-11-10 21:00:00,20.54,16.1,65.2,2.9,9.08,7.51,4.21
2024-11-10 22:00:00,21.36,12.5,68.1,3.5,10.06,8.64,4.18
2024-11-10 23:00:00,29.54,12.3,70.6,3.5,12.76,11.12,5.63
2024-11-11 00:00:00,37.67,9.8,70.2,5.0,17.31,13.49,7.11
2024-11-11 01:00:00,31.22,9.1,76.9,5.5,13.58,11.16,6.41
2024-11-11 02:00:00,31.69,8.6,70.1,9.2,14.14,10.96,6.39
2024-11-11 03:00:00,28.2,8.5,68.8,5.4,12.88,10.29,5.48
2024-11-11 04:00:00,23.23,10.0,73.1,2.5,10.01,7.79,4.31
2024-11-11 05:00:00,23.28,9.1,82.3,2.8,10.27,7.03,4.51
2024-11-11 06:00:00,22.42,10.7,63.5,4.2,10.39,7.47,4.55
2024-11-11 07:00:00,20.87,10.4,65.8,4.6,9.58,7.21,4.53
2024-11-11 08:00:00,23.39,14.2,68.2,1.3,10.83,7.53,4.25
2024-11-11 09:00:00,31.59,13.3,73.7,2.8,14.47,11.57,6.43
2024-11-11 10:00:00,33.93,16.0,66.3,2.0,15.55,11.46,6.77
2024-11-11 11:00:00,34.52,17.7,59.7,3.6,15.67,12.56,6.31
2024-11-11 12:00:00,31.27,18.7,63.7,1.8,14.06,11.3,6.95
2024-11-11 13:00:00,7.04,19.4,63.2,4.0,4.08,2.46,1.31
2024-11-11 14:00:00,33.34,18.1,58.8,3.4,15.71,11.86,6.4
2024-11-11 15:00:00,20.96,19.0,65.3,3.1,10.59,7.7,3.8
2024-11-11 16:00:00,24.72,17.1,63.4,4.3,11.05,8.58,4.79
2024-11-11 17:00:00,20.31,14.0,58.4,3.1,9.08,7.99,4.1
2024-11-11 18:00:00,19.79,16.8,63.2,3.0,8.18,6.23,4.13
2024-11-11 19:00:00,19.08,15.2,62.9,4.4,7.7,6.45,3.84
2024-11-11 20:00:00,23.72,15.0,72.6,1.0,10.5,8.3,4.88
2024-11-11 21:00:00,31.32,12.1,62.8,3.2,14.9,12.05,5.56
2024-11-11 22:00:00,30.48,8.6,71.3,2.0,14.2,10.24,6.28
2024-11-11 23:00:00,36.75,9.8,73.5,0.8,16.37,13.73,7.2
2024-11-12 00:00:00,6.68,10.3,83.8,0.8,3.22,2.01,1.19
2024-11-12 01:00:00,36.29,9.2,82.8,1.8,15.82,13.18,7.5
2024-11-12 02:00:00,31.65,8.1,74.1,3.2,14.55,10.97,6.51
2024-11-12 03:00:00,28.78,6.0,78.6,3.9,12.99,9.47,5.53
2024-11-12 04:00:00,24.17,7.4,78.1,5.3,11.53,9.09,4.99
2024-11-12 05:00:00,23.01,10.5,66.4,4.1,10.39,7.94,4.98
2024-11-12 06:00:00,13.98,8.3,74.1,3.6,4.67,4.49,2.64
2024-11-12 07:00:00,17.85,11.5,77.0,0.8,7.94,6.08,3.88
2024-11-12 08:00:00,25.19,13.3,68.7,2.5,11.25,8.18,4.54
2024-11-12 09:00:00,22.79,16.3,74.2,4.6,10.21,7.71,5.11
2024-11-12 10:00:00,30.32,16.7,61.7,2.4,12.69,10.62,6.01
2024-11-12 11:00:00,34.26,18.3,61.6,4.0,16.49,12.18,6.6
2024-11-12 12:00:00,33.33,18.1,61.9,4.1,15.06,12.23,6.89
2024-11-12 13:00:00,32.66,16.8,57.3,2.6,14.6,11.66,6.53
2024-11-12 14:00:00,32.33,17.4,68.7,3.9,14.29,9.85,6.67
2024-11-12 15:00:00,30.42,16.7,62.3,1.5,13.41,10.99,5.86
2024-11-12 16:00:00,21.75,18.5,63.1,4.8,9.06,7.05,4.07
2024-11-12 17:00:00,19.97,15.8,62.1,0.6,9.58,7.13,3.93
2024-11-12 18:00:00,18.57,15.2,74.4,0.8,8.37,6.75,3.64
2024-11-12 19:00:00,15.35,14.6,72.6,6.1,6.96,5.94,3.13
2024-11-12 20:00:00,24.5,15.7,65.4,4.0,11.59,9.0,4.96
2024-11-12 21:00:00,30.23,13.0,62.3,1.8,13.38,10.3,6.0
2024-11-12 22:00:00,34.19,9.6,76.2,4.1,16.06,12.73,5.97
2024-11-12 23:00:00,32.22,10.0,77.4,2.9,14.28,11.0,6.63
2024-11-13 00:00:00,32.32,11.3,65.8,2.4,14.17,10.89,6.32
2024-11-13 01:00:00,34.5,9.2,72.2,5.5,15.37,12.56,6.74
2024-11-13 02:00:00,33.78,5.7,77.5,3.4,15.14,12.08,6.73
2024-11-13 03:00:00,28.34,6.9,81.1,2.5,13.34,9.86,5.56
2024-11-13 04:00:00,24.93,7.3,74.5,7.2,11.36,9.14,4.48
2024-11-13 05:00:00,24.31,11.7,74.7,1.8,11.13,8.39,4.72
2024-11-13 06:00:00,18.61,12.5,65.1,1.7,7.77,6.6,3.54
2024-11-13 07:00:00,20.91,10.9,65.7,1.4,9.5,8.01,4.66
2024-11-13 08:00:00,28.29,12.1,78.6,1.5,11.93,10.07,5.64
2024-11-13 09:00:00,27.46,14.5,60.1,2.3,12.03,9.32,5.69
2024-11-13 10:00:00,28.54,15.7,61.4,4.6,12.87,9.81,5.54
2024-11-13 11:00:00,59.0,15.2,69.7,4.5,25.91,21.6,11.94
2024-11-13 12:00:00,33.11,17.1,60.9,5.1,16.06,11.29,6.91
2024-11-13 13:00:00,35.34,15.8,62.3,3.9,15.66,12.35,6.73
2024-11-13 14:00:00,29.46,20.0,59.0,3.5,13.86,9.82,5.91
2024-11-13 15:00:00,28.63,15.3,54.9,3.2,13.33,9.06,5.1
2024-11-13 16:00:00,22.36,14.8,71.9,6.1,10.44,7.59,4.97
2024-11-13 17:00:00,16.15,17.3,64.1,2.8,7.51,5.39,3.5
2024-11-13 18:00:00,21.22,13.8,63.4,6.3,9.08,7.46,3.97
2024-11-13 19:00:00,21.83,13.7,59.0,2.4,10.11,6.76,4.05
2024-11-13 20:00:00,25.5,13.2,61.3,1.8,11.43,8.91,5.21
2024-11-13 21:00:00,26.27,12.8,60.6,2.3,10.9,8.8,4.74
2024-11-13 22:00:00,29.76,10.3,72.8,3.5,13.71,10.53,5.83
2024-11-13 23:00:00,35.45,12.2,70.5,6.8,15.88,11.29,6.78
2024-11-14 00:00:00,39.31,8.6,76.7,1.9,16.83,14.38,7.63
2024-11-14 01:00:00,34.54,9.9,75.8,4.0,16.7,12.19,6.66
2024-11-14 02:00:00,32.82,8.4,77.1,2.1,15.67,12.03,6.51
2024-11-14 03:00:00,27.21,11.3,78.1,4.5,12.45,9.31,5.51
2024-11-14 04:00:00,20.4,10.2,77.7,3.4,9.37,7.26,4.04
2024-11-14 05:00:00,23.94,9.5,77.4,4.9,10.86,7.73,4.61
2024-11-14 06:00:00,22.78,11.4,71.5,5.9,9.15,7.53,4.29
2024-11-14 07:00:00,23.29,11.3,74.1,2.7,10.74,7.55,4.22
2024-11-14 08:00:00,4.76,12.5,66.9,7.1,2.32,1.25,0.77
2024-11-14 09:00:00,29.51,12.3,68.2,3.4,13.5,9.78,5.98
2024-11-14 10:00:00,34.0,14.2,75.5,7.0,14.98,12.7,6.82
2024-11-14 11:00:00,38.56,19.6,57.7,2.2,17.27,12.77,8.1
2024-11-14 12:00:00,37.98,15.5,62.3,6.4,17.23,12.96,7.64
2024-11-14 13:00:00,34.67,16.8,62.0,2.7,15.53,12.18,6.89
2024-11-14 14:00:00,28.49,17.8,59.9,5.0,12.82,10.74,5.46
2024-11-14 15:00:00,28.4,17.7,60.5,7.9,12.96,10.02,5.41
2024-11-14 16:00:00,24.9,17.9,63.8,6.6,11.38,9.34,4.65
2024-11-14 17:00:00,23.29,15.8,66.4,3.3,10.59,8.8,4.69
2024-11-14 18:00:00,23.9,16.1,69.2,2.8,10.96,8.38,5.14
2024-11-14 19:00:00,21.28,16.0,75.8,4.1,9.06,7.0,3.82
2024-11-14 20:00:00,29.52,14.8,64.3,4.7,13.02,10.76,5.58
2024-11-14 21:00:00,23.61,11.3,70.2,3.7,10.05,7.88,5.06
2024-11-14 22:00:00,32.81,11.4,61.2,5.8,14.42,11.55,6.08
2024-11-14 23:00:00,32.51,7.7,68.3,1.0,14.59,11.09,6.15
2024-11-15 00:00:00,30.81,7.4,74.4,4.1,13.37,10.8,6.85
2024-11-15 01:00:00,34.06,6.2,78.9,3.7,16.35,11.36,6.63
2024-11-15 02:00:00,28.18,7.7,77.2,0.9,13.51,9.87,5.93
2024-11-15 03:00:00,27.67,6.7,79.1,0.5,11.79,9.41,5.02
2024-11-15 04:00:00,24.41,6.2,82.9,4.1,11.0,7.9,4.92
2024-11-15 05:00:00,24.38,8.7,82.1,1.5,11.81,9.17,4.99
2024-11-15 06:00:00,16.81,7.7,73.6,5.1,7.22,5.83,3.68
2024-11-15 07:00:00,23.85,13.5,63.8,7.3,11.09,8.67,5.19
2024-11-15 08:00:00,24.57,11.9,72.9,1.9,11.83,9.07,5.16
2024-11-15 09:00:00,30.65,15.6,70.0,5.4,13.99,10.43,6.17
2024-11-15 10:00:00,30.74,14.5,67.2,4.0,14.39,11.06,6.16
2024-11-15 11:00:00,31.24,14.5,65.7,3.3,13.4,10.64,6.14
2024-11-15 12:00:00,32.53,18.9,58.8,4.3,14.37,11.18,6.31
2024-11-15 13:00:00,31.34,17.7,62.5,5.4,14.08,11.3,5.71
2024-11-15 14:00:00,33.02,20.6,62.7,8.0,14.79,11.27,6.2
2024-11-15 15:00:00,31.77,16.9,60.4,4.4,14.82,12.06,6.18
2024-11-15 16:00:00,22.91,16.4,60.3,5.0,10.48,8.99,4.7
2024-11-15 17:00:00,23.15,17.8,65.6,4.1,10.46,8.87,4.93
2024-11-15 18:00:00,16.77,16.8,59.6,3.9,6.55,6.07,3.55
2024-11-15 19:00:00,22.03,14.3,67.6,1.1,9.83,7.54,3.71
2024-11-15 20:00:00,26.0,17.8,63.2,1.7,11.1,9.1,5.07
2024-11-15 21:00:00,24.45,11.1,70.7,2.9,10.64,8.74,4.86
2024-11-15 22:00:00,31.31,8.4,70.7,4.3,13.87,11.15,5.87
2024-11-15 23:00:00,36.36,7.7,83.4,1.2,16.68,12.42,7.16
2024-11-16 00:00:00,19.55,7.9,76.5,3.8,8.79,7.84,3.9
2024-11-16 01:00:00,29.47,10.1,69.3,0.5,14.02,10.15,6.01
2024-11-16 02:00:00,24.96,7.3,76.9,5.1,11.62,8.04,5.05
2024-11-16 03:00:00,23.05,10.1,81.0,4.4,10.19,8.06,4.96
2024-11-16 04:00:00,17.42,8.9,73.7,3.6,7.12,5.47,3.07
2024-11-16 05:00:00,12.08,10.7,78.8,3.9,5.34,4.19,2.38
2024-11-16 06:00:00,16.97,10.7,65.4,7.0,8.15,5.87,3.44
2024-11-16 07:00:00,16.18,11.9,65.5,6.5,6.85,6.08,3.92
2024-11-16 08:00:00,18.53,13.7,56.8,5.3,8.1,7.01,4.07
2024-11-16 09:00:00,23.98,13.1,78.2,2.7,10.43,8.06,4.91
2024-11-16 10:00:00,25.98,14.3,58.4,1.4,11.76,8.54,5.54
2024-11-16 11:00:00,30.94,16.7,64.9,2.6,13.66,10.9,5.98
2024-11-16 12:00:00,27.27,19.9,68.9,5.0,11.99,9.38,5.72
2024-11-16 13:00:00,24.41,15.1,70.7,4.1,10.92,8.27,4.9
2024-11-16 14:00:00,23.6,14.6,68.4,4.7,10.61,8.12,5.3
2024-11-16 15:00:00,22.3,17.1,70.0,1.4,10.28,8.58,5.0
2024-11-16 16:00:00,20.99,18.5,58.5,1.8,9.43,6.69,4.36
2024-11-16 17:00:00,12.72,16.2,67.1,4.4,6.4,4.14,2.38
2024-11-16 18:00:00,15.66,13.4,67.4,2.9,6.95,4.98,3.33
2024-11-16 19:00:00,20.42,14.0,66.5,2.9,8.28,7.52,4.97
2024-11-16 20:00:00,17.85,10.0,72.9,3.0,7.85,6.46,3.8
2024-11-16 21:00:00,23.59,12.3,75.2,5.3,10.32,8.13,4.86
2024-11-16 22:00:00,25.31,9.7,80.2,4.6,11.64,9.01,5.13
2024-11-16 23:00:00,28.52,9.0,71.9,1.4,13.04,9.21,5.77
2024-11-17 00:00:00,24.93,8.8,68.0,2.8,11.38,9.13,5.19
2024-11-17 01:00:00,24.19,7.9,70.4,4.5,11.25,7.98,5.06
2024-11-17 02:00:00,24.19,6.6,85.8,8.2,11.18,8.11,5.21
2024-11-17 03:00:00,17.5,9.2,80.4,6.6,8.43,6.45,3.52
2024-11-17 04:00:00,17.84,9.3,67.4,2.3,8.34,4.97,3.86
2024-11-17 05:00:00,17.09,6.3,84.8,1.1,7.73,5.86,3.34
2024-11-17 06:00:00,20.17,9.6,68.9,3.9,9.63,7.15,4.24
2024-11-17 07:00:00,17.46,9.5,75.9,3.1,8.09,6.12,3.67
2024-11-17 08:00:00,20.08,10.6,67.8,1.9,9.3,7.34,3.9
2024-11-17 09:00:00,24.24,14.6,77.4,4.4,10.6,8.65,4.44
2024-11-17 10:00:00,21.73,14.3,64.0,1.8,9.33,7.6,4.73
2024-11-17 11:00:00,25.79,15.8,59.8,2.8,11.47,8.07,4.93
2024-11-17 12:00:00,33.02,15.8,62.8,5.3,15.34,11.05,6.35
2024-11-17 13:00:00,26.0,17.8,75.7,4.6,11.64,8.95,4.92
2024-11-17 14:00:00,26.93,18.5,63.1,4.1,11.87,8.57,5.53
2024-11-17 15:00:00,23.74,20.5,54.2,6.9,10.41,7.43,4.85
2024-11-17 16:00:00,14.82,16.5,60.2,1.6,7.28,5.84,2.68
2024-11-17 17:00:00,17.23,13.8,58.7,4.6,7.0,6.39,3.53
2024-11-17 18:00:00,28.93,14.2,69.7,1.5,12.42,9.86,5.91
2024-11-17 19:00:00,17.28,15.0,59.7,1.6,7.26,6.28,3.54
2024-11-17 20:00:00,16.63,11.3,76.0,3.6,7.19,5.15,3.51
2024-11-17 21:00:00,18.54,8.9,77.2,0.7,8.61,6.77,3.84
2024-11-17 22:00:00,22.95,8.8,72.9,3.5,10.04,8.02,4.69
2024-11-17 23:00:00,25.96,8.1,80.4,0.5,10.95,9.86,5.94
2024-11-18 00:00:00,38.73,6.3,81.0,4.1,17.8,14.0,8.26
2024-11-18 01:00:00,39.31,7.8,75.4,2.6,17.92,13.59,7.47
2024-11-18 02:00:00,35.51,7.2,71.5,1.3,16.66,13.33,7.24
2024-11-18 03:00:00,30.42,8.7,75.7,5.2,14.86,11.03,6.42
2024-11-18 04:00:00,22.01,7.3,77.3,3.0,9.68,8.15,3.65
2024-11-18 05:00:00,20.76,9.6,74.9,3.3,9.88,7.19,4.14
2024-11-18 06:00:00,21.3,9.1,73.5,2.9,9.15,8.31,4.08
2024-11-18 07:00:00,20.2,9.3,74.5,1.3,9.25,7.02,4.44
2024-11-18 08:00:00,25.97,11.5,71.7,3.3,10.92,8.97,5.41
2024-11-18 09:00:00,30.07,11.2,77.4,4.4,13.57,11.11,6.03
2024-11-18 10:00:00,33.36,17.5,56.7,6.5,15.62,11.66,6.49
2024-11-18 11:00:00,37.33,16.0,59.7,5.1,17.9,12.95,7.26
2024-11-18 12:00:00,33.51,15.4,65.9,1.2,15.13,12.39,6.87
2024-11-18 13:00:00,37.1,16.6,60.3,1.8,16.18,12.86,7.24
2024-11-18 14:00:00,30.28,13.6,68.7,0.9,14.25,11.48,5.99
2024-11-18 15:00:00,25.92,19.3,55.3,1.5,12.11,9.01,4.74
2024-11-18 16:00:00,25.85,18.6,56.9,3.4,11.79,8.88,4.98
2024-11-18 17:00:00,24.82,16.0,75.1,2.1,10.94,8.89,4.64
2024-11-18 18:00:00,21.99,15.3,64.5,4.3,9.46,8.04,4.25
2024-11-18 19:00:00,21.83,11.7,64.1,0.8,9.9,7.24,4.15
2024-11-18 20:00:00,25.3,10.5,70.8,5.9,11.62,8.17,4.6
2024-11-18 21:00:00,28.61,8.5,79.0,4.5,12.78,9.53,5.33
2024-11-18 22:00:00,5.84,9.6,78.6,7.9,2.79,2.24,0.68
2024-11-18 23:00:00,31.66,10.4,64.3,7.4,14.3,11.13,6.35
2024-11-19 00:00:00,35.65,7.2,71.5,4.6,16.89,12.76,7.15
2024-11-19 01:00:00,35.04,7.8,75.7,1.8,16.19,11.84,6.66
2024-11-19 02:00:00,32.12,8.6,73.5,2.1,15.42,11.82,6.38
2024-11-19 03:00:00,30.03,4.9,70.2,2.4,13.09,10.9,5.59
2024-11-19 04:00:00,24.05,10.6,64.1,3.2,11.16,9.19,4.72
2024-11-19 05:00:00,23.26,10.3,66.3,3.9,10.47,8.25,4.44
2024-11-19 06:00:00,20.48,10.4,62.7,4.5,9.44,7.17,4.16
2024-11-19 07:00:00,26.41,12.2,67.0,1.2,11.66,9.23,5.38
2024-11-19 08:00:00,24.8,13.6,73.7,4.1,10.7,8.83,5.57
2024-11-19 09:00:00,34.2,13.9,64.0,1.0,14.88,11.48,6.35
2024-11-19 10:00:00,32.97,16.8,69.3,5.6,15.39,11.35,6.94
2024-11-19 11:00:00,34.3,15.0,66.2,0.9,15.21,12.8,6.9
2024-11-19 12:00:00,33.59,17.2,62.5,3.0,15.29,11.81,7.0
2024-11-19 13:00:00,31.23,19.0,52.9,3.1,13.11,10.95,6.36
2024-11-19 14:00:00,29.61,13.1,74.1,3.9,13.04,10.33,6.05
2024-11-19 15:00:00,26.14,17.6,63.4,1.3,11.91,9.23,5.0
2024-11-19 16:00:00,25.58,17.6,54.9,7.0,11.26,9.24,4.91
2024-11-19 17:00:00,20.53,13.1,70.2,2.9,8.93,6.61,4.66
2024-11-19 18:00:00,21.31,15.1,63.0,3.0,9.95,7.0,4.25
2024-11-19 19:00:00,25.05,12.2,69.6,2.2,11.17,8.75,5.24
2024-11-19 20:00:00,24.37,12.7,69.9,5.2,11.09,8.37,4.78
2024-11-19 21:00:00,33.54,10.7,77.2,0.5,15.05,11.43,6.61
2024-11-19 22:00:00,29.15,8.2,68.5,1.4,13.51,10.08,5.8
2024-11-19 23:00:00,34.46,10.3,74.5,3.4,14.85,11.72,6.68
2024-11-20 00:00:00,34.57,7.0,82.2,7.9,16.12,11.8,7.07
2024-11-20 01:00:00,37.25,7.6,87.5,0.8,17.07,12.44,7.52
2024-11-20 02:00:00,26.57,9.0,78.5,1.1,12.2,9.67,5.5
2024-11-20 03:00:00,24.81,5.8,78.9,4.8,11.48,8.69,4.78
2024-11-20 04:00:00,24.4,7.7,76.2,4.9,10.49,9.09,4.35
2024-11-20 05:00:00,25.8,7.7,82.5,6.4,11.75,8.89,5.55
2024-11-20 06:00:00,21.48,9.1,71.7,3.9,9.87,8.48,3.63
2024-11-20 07:00:00,18.54,13.9,71.3,3.0,8.02,6.95,3.61
2024-11-20 08:00:00,21.67,12.7,79.8,3.3,10.1,7.1,4.26
2024-11-20 09:00:00,32.6,13.7,67.0,3.2,14.69,11.16,6.94
2024-11-20 10:00:00,30.61,15.3,55.6,8.1,14.43,11.45,6.66
2024-11-20 11:00:00,32.55,16.2,60.3,2.9,15.0,11.15,6.78
2024-11-20 12:00:00,39.61,13.6,69.2,1.3,18.17,15.07,7.83
2024-11-20 13:00:00,37.44,20.3,55.5,2.5,16.6,13.69,7.27
2024-11-20 14:00:00,35.35,14.8,64.5,7.6,16.67,12.42,7.27
2024-11-20 15:00:00,26.04,19.4,59.2,3.2,11.79,9.24,4.91
2024-11-20 16:00:00,20.85,17.2,66.1,2.6,9.31,7.94,4.2
2024-11-20 17:00:00,22.25,15.8,60.3,2.6,10.46,8.85,4.59
2024-11-20 18:00:00,21.75,14.0,64.3,0.5,9.54,7.88,4.28
2024-11-20 19:00:00,22.83,17.2,70.4,4.2,11.04,8.01,4.47
2024-11-20 20:00:00,28.36,12.9,66.1,4.8,13.95,9.81,5.84
2024-11-20 21:00:00,24.08,10.7,74.8,2.8,10.12,8.39,5.02
2024-11-20 22:00:00,34.32,8.7,73.7,6.1,16.36,12.08,6.87
2024-11-20 23:00:00,32.17,7.5,74.9,4.9,14.58,11.16,6.91
2024-11-21 00:00:00,38.13,7.6,78.6,4.1,16.7,13.28,7.25
2024-11-21 01:00:00,33.8,5.6,68.0,4.7,14.6,11.78,6.57
2024-11-21 02:00:00,30.21,7.9,76.8,5.1,12.43,9.93,6.29
2024-11-21 03:00:00,26.97,6.0,79.5,3.7,11.61,8.59,5.36
2024-11-21 04:00:00,21.13,9.0,77.4,3.0,9.65,8.13,4.16
2024-11-21 05:00:00,22.1,9.8,70.4,1.6,9.55,7.79,3.88
2024-11-21 06:00:00,19.06,9.2,72.9,3.1,8.09,6.26,3.44
2024-11-21 07:00:00,23.96,11.4,58.0,3.8,10.39,8.47,5.23
2024-11-21 08:00:00,26.34,12.8,65.3,7.3,11.73,9.53,5.24
2024-11-21 09:00:00,32.71,10.9,71.8,1.7,14.48,11.83,6.62
2024-11-21 10:00:00,33.16,16.9,71.0,5.0,14.59,11.81,7.09
2024-11-21 11:00:00,36.29,15.0,75.2,2.2,16.86,13.44,7.37
2024-11-21 12:00:00,39.49,17.2,61.6,7.5,18.38,13.22,7.62
2024-11-21 13:00:00,33.42,17.7,67.1,4.0,13.66,11.55,6.66
2024-11-21 14:00:00,28.52,13.1,67.5,3.2,12.82,9.58,6.01
2024-11-21 15:00:00,28.99,15.7,57.1,2.8,13.05,9.58,5.64
2024-11-21 16:00:00,21.19,17.4,66.1,2.0,8.59,7.98,4.0
2024-11-21 17:00:00,28.13,15.5,74.6,4.8,12.48,10.16,6.07
2024-11-21 18:00:00,24.63,15.4,63.7,4.3,10.93,8.85,5.3
2024-11-21 19:00:00,27.41,13.3,63.5,6.3,12.62,10.01,5.59
2024-11-21 20:00:00,24.9,13.7,67.9,4.0,10.9,8.47,4.78
2024-11-21 21:00:00,29.87,10.7,70.5,1.8,12.86,9.55,5.97
2024-11-21 22:00:00,31.09,11.5,83.3,4.5,14.74,10.62,6.12
2024-11-21 23:00:00,37.2,6.8,80.8,6.2,16.58,11.7,6.83
2024-11-22 00:00:00,33.03,7.2,76.1,9.2,14.65,11.79,6.73
2024-11-22 01:00:00,28.71,6.0,62.4,4.6,12.13,9.99,6.05
2024-11-22 02:00:00,30.34,7.3,74.6,2.5,13.46,10.03,6.05
2024-11-22 03:00:00,24.93,6.4,85.5,3.9,11.4,7.93,5.5
2024-11-22 04:00:00,28.52,7.0,76.0,3.6,12.76,9.63,5.6
2024-11-22 05:00:00,26.61,7.1,79.6,3.6,11.44,9.68,5.51
2024-11-22 06:00:00,17.56,8.5,75.8,1.2,7.73,5.37,3.85
2024-11-22 07:00:00,25.3,10.4,69.1,2.0,11.23,9.14,5.18
2024-11-22 08:00:00,27.2,8.6,82.1,3.7,12.19,9.57,5.08
2024-11-22 09:00:00,24.65,9.5,73.5,5.4,11.83,8.58,4.9
2024-11-22 10:00:00,31.34,14.3,63.3,1.9,14.49,10.88,6.13
2024-11-22 11:00:00,33.62,11.1,70.8,1.8,15.7,11.23,7.31
2024-11-22 12:00:00,37.94,15.7,72.3,5.1,15.98,13.25,7.11
2024-11-22 13:00:00,31.99,15.9,57.5,4.6,14.26,11.09,6.1
2024-11-22 14:00:00,32.07,17.5,64.4,3.5,14.61,11.34,5.88
2024-11-22 15:00:00,26.86,15.5,65.8,1.0,11.83,9.09,5.29
2024-11-22 16:00:00,26.0,18.4,54.3,3.4,11.35,8.72,5.42
2024-11-22 17:00:00,21.53,16.5,68.0,5.7,9.89,7.71,4.65
2024-11-22 18:00:00,19.73,11.9,71.0,0.5,8.73,6.61,3.66
2024-11-22 19:00:00,21.54,12.5,73.3,1.4,9.62,7.86,4.37
2024-11-22 20:00:00,29.91,14.0,72.9,5.5,13.76,10.14,5.28
2024-11-22 21:00:00,27.53,9.3,72.5,3.7,13.74,9.47,5.6
2024-11-22 22:00:00,29.72,9.1,70.3,4.4,13.3,10.4,5.95
2024-11-22 23:00:00,36.52,10.3,64.6,5.0,16.79,13.42,7.16
2024-11-23 00:00:00,27.04,6.4,73.1,2.5,12.64,9.35,5.5
2024-11-23 01:00:00,23.11,8.4,74.0,2.5,11.0,8.64,4.92
2024-11-23 02:00:00,30.17,5.2,73.0,2.3,13.32,10.13,6.44
2024-11-23 03:00:00,20.89,2.4,84.1,1.8,9.67,6.18,3.87
2024-11-23 04:00:00,18.02,9.0,68.6,2.6,8.28,5.11,3.43
2024-11-23 05:00:00,17.3,8.7,64.8,7.4,7.59,5.91,3.67
2024-11-23 06:00:00,20.48,9.8,69.4,1.3,9.1,6.45,3.97
2024-11-23 07:00:00,12.71,8.6,74.6,2.2,5.77,3.05,2.78
2024-11-23 08:00:00,19.65,10.0,65.7,2.6,8.37,6.86,4.08
2024-11-23 09:00:00,26.99,14.6,62.1,1.7,12.22,10.03,5.12
2024-11-23 10:00:00,24.91,14.4,63.6,1.2,11.28,8.49,4.97
2024-11-23 11:00:00,23.56,14.9,63.6,1.8,10.14,8.29,4.99
2024-11-23 12:00:00,25.85,16.2,66.1,3.7,11.47,9.5,5.15
2024-11-23 13:00:00,27.16,18.6,64.8,4.0,12.63,9.19,4.84
2024-11-23 14:00:00,27.92,17.6,60.5,2.1,11.99,10.39,5.38
2024-11-23 15:00:00,20.93,15.7,60.0,3.6,9.98,6.87,4.28
2024-11-23 16:00:00,21.03,13.8,68.2,0.5,9.99,7.39,4.23
2024-11-23 17:00:00,13.32,16.0,67.4,4.1,6.11,4.43,3.02
2024-11-23 18:00:00,12.54,12.6,76.9,0.5,5.99,4.31,3.25
2024-11-23 19:00:00,15.7,11.1,76.5,4.3,7.18,6.45,2.4
2024-11-23 20:00:00,22.56,13.5,61.5,3.4,9.66,7.57,4.25
2024-11-23 21:00:00,21.95,11.5,69.4,1.4,9.54,6.87,4.52
2024-11-23 22:00:00,25.31,9.6,74.7,1.3,11.3,9.78,5.04
2024-11-23 23:00:00,27.34,6.1,72.4,0.5,12.72,9.63,5.41
2024-11-24 00:00:00,30.26,9.7,70.6,3.8,13.12,10.38,5.51
2024-11-24 01:00:00,25.2,8.1,77.6,5.4,11.99,8.29,5.02
2024-11-24 02:00:00,26.39,5.9,78.1,5.9,11.2,9.35,4.97
2024-11-24 03:00:00,19.78,5.8,77.1,3.9,8.99,7.75,3.9
2024-11-24 04:00:00,24.0,7.2,72.1,6.3,11.21,7.62,4.17
2024-11-24 05:00:00,14.99,7.1,68.2,6.0,6.68,4.39,3.28
2024-11-24 06:00:00,14.03,12.2,67.8,4.6,6.51,4.64,2.76
2024-11-24 07:00:00,18.36,9.5,72.1,2.8,7.14,5.72,3.24
2024-11-24 08:00:00,19.25,9.8,64.9,5.6,8.81,6.62,4.36
2024-11-24 09:00:00,22.68,15.1,66.2,3.0,9.73,7.88,4.37
2024-11-24 10:00:00,25.24,13.0,70.3,3.0,10.42,8.4,5.01
2024-11-24 11:00:00,24.0,16.1,61.2,4.5,10.43,6.98,4.92
2024-11-24 12:00:00,31.52,16.7,65.9,6.9,15.15,11.26,6.22
2024-11-24 13:00:00,28.96,16.1,66.0,3.5,13.42,11.05,5.92
2024-11-24 14:00:00,28.07,14.9,64.6,1.9,13.16,9.69,5.58
2024-11-24 15:00:00,20.54,16.1,62.5,1.7,9.76,7.55,4.05
2024-11-24 16:00:00,20.09,14.0,65.6,2.5,8.75,6.76,3.96
2024-11-24 17:00:00,17.48,14.9,61.9,3.3,8.18,6.05,3.51
2024-11-24 18:00:00,19.05,15.0,67.7,2.5,9.26,7.15,4.13
2024-11-24 19:00:00,19.89,15.3,61.5,4.7,8.96,6.94,3.84
2024-11-24 20:00:00,19.53,9.8,68.4,3.8,8.1,7.87,4.15
2024-11-24 21:00:00,18.06,9.7,74.8,3.1,7.94,6.57,3.81
2024-11-24 22:00:00,29.12,8.1,73.1,2.1,13.09,9.16,5.43
2024-11-24 23:00:00,28.12,8.3,74.4,4.1,13.21,10.22,5.12
2024-11-25 00:00:00,34.8,4.6,69.9,4.5,14.72,11.67,7.01
2024-11-25 01:00:00,36.33,5.0,75.4,5.3,16.37,12.83,7.22
2024-11-25 02:00:00,28.79,3.7,88.0,9.2,12.82,10.77,5.74
2024-11-25 03:00:00,31.46,4.3,70.0,2.2,14.35,10.54,6.18
2024-11-25 04:00:00,21.39,5.9,85.6,0.5,9.64,8.28,4.03
2024-11-25 05:00:00,21.77,10.2,73.0,3.5,9.99,7.85,4.51
2024-11-25 06:00:00,21.93,9.3,70.2,6.8,9.84,7.05,4.56
2024-11-25 07:00:00,24.92,10.0,70.9,2.3,10.87,8.62,5.3
2024-11-25 08:00:00,25.33,13.3,74.2,5.0,11.18,9.23,4.99
2024-11-25 09:00:00,30.41,13.1,56.9,2.6,13.72,10.27,6.31
2024-11-25 10:00:00,32.5,14.5,73.7,3.0,14.04,10.83,6.53
2024-11-25 11:00:00,35.23,14.1,68.4,7.3,16.21,11.46,6.75
2024-11-25 12:00:00,36.53,14.6,71.5,3.3,16.64,12.55,7.69
2024-11-25 13:00:00,34.84,14.1,58.3,4.8,15.23,12.48,7.29
2024-11-25 14:00:00,28.35,15.3,64.5,3.8,12.88,9.84,5.99
2024-11-25 15:00:00,26.9,15.7,53.6,5.1,12.22,9.48,5.62
2024-11-25 16:00:00,25.68,16.1,70.7,2.6,11.66,8.79,5.2
2024-11-25 17:00:00,21.7,14.7,61.4,6.1,8.75,7.12,4.27
2024-11-25 18:00:00,20.93,13.2,63.2,3.8,10.16,7.61,4.28
2024-11-25 19:00:00,21.51,11.2,60.9,2.6,10.55,7.94,4.23
2024-11-25 20:00:00,22.91,11.8,72.0,0.8,9.81,7.68,4.11
2024-11-25 21:00:00,27.59,9.2,73.3,0.5,12.11,9.95,5.86
2024-11-25 22:00:00,31.8,9.3,69.1,2.8,14.9,10.99,6.59
2024-11-25 23:00:00,35.33,4.8,79.5,2.1,16.67,11.96,6.63
2024-11-26 00:00:00,37.39,7.3,71.4,1.0,16.49,13.9,7.53
2024-11-26 01:00:00,34.95,7.4,66.3,3.8,15.99,12.33,6.88
2024-11-26 02:00:00,30.08,7.0,73.7,9.0,13.66,10.91,6.32
2024-11-26 03:00:00,25.41,6.0,85.0,3.1,11.09,9.05,5.05
2024-11-26 04:00:00,31.65,8.1,79.1,3.8,14.89,10.72,6.35
2024-11-26 05:00:00,19.59,5.7,79.5,2.1,8.45,6.94,3.75
2024-11-26 06:00:00,20.11,8.5,75.1,2.0,9.01,7.81,4.05
2024-11-26 07:00:00,23.7,9.5,70.8,2.7,9.92,8.21,4.73
2024-11-26 08:00:00,26.06,12.7,72.5,5.7,11.47,8.58,5.35
2024-11-26 09:00:00,30.21,9.4,75.6,7.6,13.84,10.55,5.77
2024-11-26 10:00:00,31.55,12.0,69.2,4.9,15.04,11.57,5.82
2024-11-26 11:00:00,36.0,17.3,64.3,0.6,16.28,13.06,7.16
2024-11-26 12:00:00,36.56,11.8,61.8,3.2,16.76,12.44,7.37
2024-11-26 13:00:00,34.62,17.2,61.0,3.1,15.89,12.72,6.92
2024-11-26 14:00:00,33.27,15.1,60.0,7.0,15.25,12.21,6.38
2024-11-26 15:00:00,31.54,16.3,58.4,5.0,13.96,11.48,5.79
2024-11-26 16:00:00,25.1,17.6,65.3,4.7,11.01,8.12,5.12
2024-11-26 17:00:00,22.37,15.1,59.6,3.9,8.43,6.92,5.2
2024-11-26 18:00:00,24.08,15.8,68.9,4.3,10.92,9.65,5.08
2024-11-26 19:00:00,24.81,11.7,75.2,4.6,11.13,8.6,5.13
2024-11-26 20:00:00,29.11,10.6,71.0,3.8,13.4,9.76,5.67
2024-11-26 21:00:00,24.51,11.0,67.8,5.8,11.66,8.33,5.43
2024-11-26 22:00:00,34.92,7.9,79.6,0.8,15.56,12.33,6.96
2024-11-26 23:00:00,36.9,8.5,76.6,7.1,17.07,12.11,7.76
2024-11-27 00:00:00,34.28,8.4,79.9,5.2,15.1,12.27,7.48
2024-11-27 01:00:00,36.12,7.4,69.7,3.7,15.98,12.82,7.05
2024-11-27 02:00:00,35.37,3.6,78.4,6.0,15.19,12.46,7.39
2024-11-27 03:00:00,26.92,5.6,76.2,5.6,12.09,9.88,5.09
2024-11-27 04:00:00,26.35,7.1,76.6,3.1,12.29,9.02,5.46
2024-11-27 05:00:00,24.68,7.1,78.6,5.7,11.01,8.95,4.61
2024-11-27 06:00:00,18.82,8.6,74.4,1.9,8.79,5.85,4.2
2024-11-27 07:00:00,22.14,10.1,78.5,3.4,10.04,7.6,4.43
2024-11-27 08:00:00,26.0,10.2,69.9,2.2,11.57,9.3,4.93
2024-11-27 09:00:00,27.0,12.0,64.4,1.5,12.56,9.02,5.29
2024-11-27 10:00:00,30.55,11.7,66.6,6.4,13.33,10.88,6.18
2024-11-27 11:00:00,35.15,13.8,63.5,2.9,16.01,11.55,6.68
2024-11-27 12:00:00,38.5,13.0,66.1,4.6,17.36,13.04,7.67
2024-11-27 13:00:00,37.1,16.0,63.5,2.9,17.15,12.19,7.42
2024-11-27 14:00:00,30.59,15.7,64.1,3.8,13.68,11.14,6.38
2024-11-27 15:00:00,30.62,14.4,67.9,2.8,13.43,10.24,6.83
2024-11-27 16:00:00,23.15,18.0,60.1,4.9,10.64,8.15,4.36
2024-11-27 17:00:00,18.47,14.1,72.3,5.3,8.76,6.12,3.86
2024-11-27 18:00:00,20.58,13.9,57.6,3.2,9.95,7.93,4.1
2024-11-27 19:00:00,25.31,11.3,59.3,5.9,11.37,9.37,5.28
2024-11-27 20:00:00,26.88,10.3,76.6,2.8,12.3,9.58,5.52
2024-11-27 21:00:00,28.99,10.2,76.4,5.1,13.93,11.08,6.47
2024-11-27 22:00:00,31.7,8.0,80.6,4.3,14.5,11.0,6.3
2024-11-27 23:00:00,34.51,7.4,78.3,3.3,16.31,11.61,7.36
2024-11-28 00:00:00,36.86,7.7,74.8,6.3,17.32,13.4,7.78
2024-11-28 01:00:00,32.91,5.2,76.4,3.9,15.57,10.81,6.28
2024-11-28 02:00:00,31.96,3.8,71.4,5.7,14.25,11.21,6.59
2024-11-28 03:00:00,28.55,3.7,80.3,4.9,12.5,10.14,5.24
2024-11-28 04:00:00,21.96,8.7,66.4,3.7,10.12,7.88,4.42
2024-11-28 05:00:00,20.49,8.7,85.9,2.7,8.4,7.82,4.19
2024-11-28 06:00:00,22.61,9.3,67.7,7.4,10.47,8.84,4.34
2024-11-28 07:00:00,22.61,8.9,73.0,1.0,9.48,7.57,4.31
2024-11-28 08:00:00,24.56,8.8,80.9,6.4,11.2,8.77,4.93
2024-11-28 09:00:00,26.81,11.7,68.1,3.6,11.92,9.61,5.09
2024-11-28 10:00:00,36.78,13.2,66.4,5.0,16.38,13.21,7.56
2024-11-28 11:00:00,33.48,12.7,55.9,2.7,14.65,11.97,6.29
2024-11-28 12:00:00,37.21,13.0,61.9,3.0,16.82,12.67,7.48
2024-11-28 13:00:00,34.36,13.1,71.1,2.0,16.36,11.78,6.68
2024-11-28 14:00:00,32.93,16.8,72.2,7.5,14.9,10.75,6.67
2024-11-28 15:00:00,30.23,13.9,62.9,0.9,14.38,10.11,6.27
2024-11-28 16:00:00,21.91,15.6,66.2,3.0,9.98,7.13,4.42
2024-11-28 17:00:00,22.57,13.8,81.0,2.7,9.71,7.77,4.78
2024-11-28 18:00:00,24.56,14.2,69.8,5.5,11.07,9.22,5.16
2024-11-28 19:00:00,26.99,12.6,73.7,3.5,11.54,9.29,5.4
2024-11-28 20:00:00,25.01,10.5,67.6,1.8,11.85,9.46,4.99
2024-11-28 21:00:00,29.19,9.7,80.1,3.6,13.23,9.3,5.76
2024-11-28 22:00:00,38.36,8.2,70.7,2.2,17.27,13.18,7.5
2024-11-28 23:00:00,38.42,6.4,72.0,0.6,17.69,13.41,7.7
2024-11-29 00:00:00,35.13,7.8,82.0,3.8,15.53,12.99,7.01
2024-11-29 01:00:00,34.12,5.2,74.5,2.8,15.77,12.39,7.19
2024-11-29 02:00:00,7.06,5.6,77.3,2.2,3.24,3.01,1.51
2024-11-29 03:00:00,26.65,3.7,87.6,1.8,12.12,9.41,5.23
2024-11-29 04:00:00,28.15,6.8,71.3,3.3,12.91,9.86,6.25
2024-11-29 05:00:00,23.52,6.2,75.3,6.1,10.7,9.07,4.45
2024-11-29 06:00:00,22.97,7.5,72.0,5.1,10.29,7.98,4.46
2024-11-29 07:00:00,22.04,8.1,72.6,0.5,9.89,7.69,4.99
2024-11-29 08:00:00,23.85,10.5,71.6,4.9,10.96,8.01,4.81
2024-11-29 09:00:00,32.83,9.0,79.9,1.2,14.78,11.84,6.31
2024-11-29 10:00:00,32.31,14.2,75.1,3.8,14.07,11.16,6.28
2024-11-29 11:00:00,34.64,14.2,67.8,5.2,15.58,12.36,6.76
2024-11-29 12:00:00,36.48,14.3,63.2,3.3,15.89,12.7,7.2
2024-11-29 13:00:00,36.15,13.2,71.5,2.9,17.37,13.1,7.15
2024-11-29 14:00:00,30.35,16.4,64.4,7.1,14.36,10.44,6.16
2024-11-29 15:00:00,27.76,14.6,66.7,0.7,13.4,9.59,5.91
2024-11-29 16:00:00,23.88,17.0,58.5,1.4,10.56,8.62,4.2
2024-11-29 17:00:00,24.8,15.0,58.0,6.1,11.31,9.04,5.28
2024-11-29 18:00:00,19.46,15.5,65.3,6.3,8.52,7.1,4.04
2024-11-29 19:00:00,18.29,12.2,64.0,2.9,9.05,6.57,3.64
2024-11-29 20:00:00,20.51,12.3,66.6,3.7,9.03,7.31,3.86
2024-11-29 21:00:00,25.5,10.1,79.3,1.8,11.56,8.84,5.37
2024-11-29 22:00:00,36.33,7.5,74.6,6.2,16.51,13.51,7.5
2024-11-29 23:00:00,35.71,7.4,80.6,3.4,16.83,12.34,7.29
2024-11-30 00:00:00,29.27,5.0,79.5,3.9,13.59,10.51,5.74
2024-11-30 01:00:00,28.61,8.8,76.3,1.5,12.88,10.24,5.38
2024-11-30 02:00:00,25.35,5.4,74.7,4.1,12.26,8.06,4.73
2024-11-30 03:00:00,22.21,5.8,82.8,4.6,10.09,7.61,4.01
2024-11-30 04:00:00,22.2,6.8,77.4,2.5,10.6,8.51,4.53
2024-11-30 05:00:00,17.89,5.4,76.2,6.4,7.51,6.47,3.33
2024-11-30 06:00:00,20.27,10.1,73.5,2.0,10.06,8.05,4.32
2024-11-30 07:00:00,19.08,7.7,71.1,6.4,8.6,6.51,3.36
2024-11-30 08:00:00,18.04,8.7,72.1,4.7,8.43,6.43,3.75
2024-11-30 09:00:00,21.15,11.6,69.8,5.7,9.19,7.78,4.39
2024-11-30 10:00:00,23.39,11.2,68.0,4.6,10.0,7.92,4.62
2024-11-30 11:00:00,30.31,16.5,72.1,3.2,13.74,10.41,6.65
2024-11-30 12:00:00,27.01,14.6,64.5,2.7,12.42,8.86,5.29
2024-11-30 13:00:00,25.27,10.6,81.7,4.9,10.88,8.68,5.27
2024-11-30 14:00:00,26.01,15.9,65.3,2.5,11.74,9.23,4.9
2024-11-30 15:00:00,22.15,16.2,63.3,1.1,8.91,8.69,4.12
2024-11-30 16:00:00,20.32,14.3,64.4,2.3,8.78,7.43,4.06
2024-11-30 17:00:00,22.25,12.1,71.6,5.0,9.81,7.1,3.97
2024-11-30 18:00:00,19.05,12.9,73.0,5.3,7.59,6.79,3.88
2024-11-30 19:00:00,17.59,11.1,57.9,2.4,8.2,5.78,3.27
2024-11-30 20:00:00,16.06,9.1,73.1,2.7,8.3,5.02,3.56
2024-11-30 21:00:00,21.15,7.7,64.8,3.8,10.01,7.99,4.2
2024-11-30 22:00:00,26.99,8.3,78.9,2.3,11.67,9.4,5.37
2024-11-30 23:00:00,24.34,8.4,78.9,4.1,10.95,8.23,5.0
2024-12-01 00:00:00,33.47,6.8,76.0,2.4,15.14,12.4,6.45
2024-12-01 01:00:00,27.4,3.0,81.4,1.5,12.43,9.11,5.3
2024-12-01 02:00:00,25.43,6.4,69.2,1.7,11.48,8.59,4.77
2024-12-01 03:00:00,20.83,6.8,73.1,2.3,9.28,8.18,3.69
2024-12-01 04:00:00,20.92,8.2,71.1,1.8,9.13,7.78,3.89
2024-12-01 05:00:00,14.73,5.5,75.2,8.1,6.97,5.36,2.47
2024-12-01 06:00:00,22.28,7.9,78.9,4.4,10.74,8.41,4.07
2024-12-01 07:00:00,20.91,10.0,78.4,1.9,9.13,7.26,4.23
2024-12-01 08:00:00,22.14,9.7,75.5,3.2,9.38,7.07,4.38
2024-12-01 09:00:00,19.02,12.6,67.3,2.4,9.11,6.67,3.37
2024-12-01 10:00:00,25.82,12.9,64.8,4.6,11.64,8.42,5.54
2024-12-01 11:00:00,30.39,12.7,69.2,6.0,12.96,10.86,5.88
2024-12-01 12:00:00,29.6,13.6,69.1,3.0,13.03,11.37,5.86
2024-12-01 13:00:00,24.86,17.1,62.3,3.2,11.97,8.69,5.38
2024-12-01 14:00:00,23.68,14.0,64.0,3.0,10.62,8.29,4.56
2024-12-01 15:00:00,21.36,13.5,70.8,3.3,10.02,7.78,3.92
2024-12-01 16:00:00,18.17,15.3,69.2,0.8,7.37,6.81,2.97
2024-12-01 17:00:00,21.44,13.9,60.7,4.0,9.27,8.38,4.17
2024-12-01 18:00:00,12.07,11.0,68.9,7.4,6.1,4.58,2.31
2024-12-01 19:00:00,19.26,11.0,74.7,5.3,8.63,7.91,4.16
2024-12-01 20:00:00,16.45,9.2,77.9,6.0,7.82,5.58,3.64
2024-12-01 21:00:00,20.09,8.2,74.5,2.2,9.55,7.02,4.41
2024-12-01 22:00:00,20.28,11.7,71.7,4.1,9.11,6.94,4.23
2024-12-01 23:00:00,25.99,6.5,77.5,6.3,11.77,9.44,4.88
2024-12-02 00:00:00,40.74,4.7,83.2,1.1,18.02,15.36,8.12
2024-12-02 01:00:00,36.62,8.5,68.2,6.1,15.45,12.6,6.83
2024-12-02 02:00:00,30.22,6.7,77.4,1.1,14.23,10.75,6.14
2024-12-02 03:00:00,32.01,6.6,71.7,8.6,15.3,10.95,6.7
2024-12-02 04:00:00,28.79,4.7,83.7,1.3,12.63,9.7,6.15
2024-12-02 05:00:00,23.23,8.6,68.4,2.9,11.4,8.14,4.82
2024-12-02 06:00:00,27.05,9.0,75.2,1.0,12.6,9.62,5.29
2024-12-02 07:00:00,25.02,9.2,68.5,1.0,10.23,8.21,5.1
2024-12-02 08:00:00,27.42,7.7,78.5,6.0,11.7,10.02,5.68
2024-12-02 09:00:00,27.46,11.6,72.3,1.1,11.03,9.54,6.04
2024-12-02 10:00:00,34.78,15.4,66.7,5.3,16.0,12.66,6.51
2024-12-02 11:00:00,36.5,14.2,76.8,6.5,16.19,13.63,6.94
2024-12-02 12:00:00,38.27,14.1,63.6,7.0,17.1,13.45,7.27
2024-12-02 13:00:00,34.25,14.8,70.9,6.0,15.21,12.88,6.26
2024-12-02 14:00:00,33.54,15.1,71.8,7.5,15.11,11.94,6.68
2024-12-02 15:00:00,27.42,14.0,71.9,1.0,12.65,9.59,5.27
2024-12-02 16:00:00,20.35,14.6,63.1,10.1,9.75,6.79,4.2
2024-12-02 17:00:00,25.47,16.0,63.6,0.6,11.14,8.5,5.11
2024-12-02 18:00:00,18.21,14.8,63.2,1.8,7.65,6.48,3.38
2024-12-02 19:00:00,23.24,10.5,69.9,1.2,10.7,8.19,4.02
2024-12-02 20:00:00,26.55,12.2,65.1,5.0,11.83,8.72,5.13
2024-12-02 21:00:00,30.28,10.2,70.0,1.3,13.71,9.95,6.07
2024-12-02 22:00:00,32.51,8.8,80.8,2.5,15.11,10.92,6.8
2024-12-02 23:00:00,36.64,7.4,73.5,4.3,16.18,12.86,7.48
2024-12-03 00:00:00,38.24,4.5,79.2,3.5,16.13,12.65,7.84
2024-12-03 01:00:00,37.9,4.8,74.7,1.6,16.9,12.98,7.95
2024-12-03 02:00:00,37.65,6.5,76.2,3.6,18.34,13.15,7.56
2024-12-03 03:00:00,69.35,3.6,83.9,2.7,31.18,23.38,13.47
2024-12-03 04:00:00,25.98,4.3,81.3,4.0,11.33,9.23,5.34
2024-12-03 05:00:00,20.8,7.1,82.5,3.7,9.28,7.51,4.42
2024-12-03 06:00:00,23.16,6.5,70.1,9.1,10.8,7.86,4.56
2024-12-03 07:00:00,24.74,10.1,68.0,6.0,10.69,8.15,4.84
2024-12-03 08:00:00,25.33,9.1,71.1,0.5,12.82,8.97,5.03
2024-12-03 09:00:00,30.93,11.9,77.4,1.9,13.47,10.81,6.2
2024-12-03 10:00:00,32.58,13.2,69.7,6.6,14.28,11.38,6.77
2024-12-03 11:00:00,37.74,13.0,61.3,3.7,17.93,13.97,7.48
2024-12-03 12:00:00,39.35,14.2,72.5,5.1,18.01,13.45,8.33
2024-12-03 13:00:00,38.31,14.0,67.7,3.6,18.23,13.17,8.01
2024-12-03 14:00:00,33.61,15.2,70.2,5.3,15.96,11.51,7.26
2024-12-03 15:00:00,26.97,13.6,75.6,1.6,12.54,8.95,5.63
2024-12-03 16:00:00,24.29,14.2,62.1,4.9,10.12,7.86,4.38
2024-12-03 17:00:00,24.56,14.9,74.1,6.1,10.8,8.65,4.85
2024-12-03 18:00:00,28.19,11.0,70.4,2.4,12.17,9.95,5.86
2024-12-03 19:00:00,22.22,10.8,69.0,2.9,9.79,7.82,4.6
2024-12-03 20:00:00,26.96,11.0,71.6,4.0,11.68,8.32,5.4
2024-12-03 21:00:00,28.18,5.8,71.1,6.0,12.29,10.09,5.4
2024-12-03 22:00:00,30.88,10.5,71.3,6.6,14.6,11.34,6.52
2024-12-03 23:00:00,34.37,8.2,72.9,3.7,15.94,12.59,6.64
2024-12-04 00:00:00,31.96,3.4,75.2,4.4,13.63,10.76,6.76
2024-12-04 01:00:00,39.55,2.1,78.3,6.1,18.03,13.66,7.61
2024-12-04 02:00:00,27.84,5.1,83.5,2.2,11.72,9.25,5.73
2024-12-04 03:00:00,29.01,3.6,78.8,5.6,13.18,9.23,5.74
2024-12-04 04:00:00,22.97,7.2,70.5,2.3,9.87,8.17,4.35
2024-12-04 05:00:00,20.96,7.1,77.7,4.0,9.24,7.87,4.34
2024-12-04 06:00:00,25.61,7.8,78.5,7.0,10.94,9.66,4.98
2024-12-04 07:00:00,23.67,7.9,74.5,3.6,11.01,8.54,4.54
2024-12-04 08:00:00,23.5,12.5,62.8,1.3,10.25,8.64,4.75
2024-12-04 09:00:00,28.19,12.5,56.3,6.4,12.58,10.55,5.29
2024-12-04 10:00:00,31.5,13.5,63.3,4.0,13.69,11.19,5.71
2024-12-04 11:00:00,36.05,15.4,70.8,1.2,16.01,12.55,7.6
2024-12-04 12:00:00,37.6,12.9,73.4,0.5,17.07,12.69,7.41
2024-12-04 13:00:00,40.9,16.8,59.8,2.3,18.16,14.13,8.07
2024-12-04 14:00:00,28.63,14.7,65.2,1.5,11.93,10.46,5.54
2024-12-04 15:00:00,29.58,15.4,69.0,4.2,13.68,10.51,5.73
2024-12-04 16:00:00,25.13,14.2,66.3,4.0,11.65,9.48,5.12
2024-12-04 17:00:00,25.54,10.8,75.7,5.8,11.27,8.68,5.2
2024-12-04 18:00:00,23.05,14.0,66.7,3.6,10.78,7.23,4.64
2024-12-04 19:00:00,24.65,8.6,76.0,2.3,10.9,8.91,5.03
2024-12-04 20:00:00,26.78,8.6,72.0,1.0,11.47,9.97,5.49
2024-12-04 21:00:00,27.34,8.1,70.3,0.5,12.53,10.12,5.44
2024-12-04 22:00:00,36.44,4.7,84.2,6.8,17.02,13.51,7.28
2024-12-04 23:00:00,38.16,4.9,70.6,1.7,17.35,13.78,7.66
2024-12-05 00:00:00,39.56,6.0,73.8,3.5,18.23,13.33,7.75
2024-12-05 01:00:00,39.42,4.6,78.0,5.3,17.55,13.45,7.49
2024-12-05 02:00:00,34.56,4.6,82.8,6.9,15.51,11.22,6.95
2024-12-05 03:00:00,33.47,3.8,75.1,2.0,15.73,12.16,6.19
2024-12-05 04:00:00,26.96,5.7,77.8,2.2,12.59,8.86,5.44
2024-12-05 05:00:00,22.73,5.9,69.9,1.9,10.71,7.65,4.73
2024-12-05 06:00:00,22.25,5.0,80.2,1.8,9.8,7.14,4.6
2024-12-05 07:00:00,23.21,8.4,83.1,3.3,10.38,7.61,4.73
2024-12-05 08:00:00,24.72,8.1,64.5,4.3,11.27,8.65,4.91
2024-12-05 09:00:00,33.85,12.6,65.2,4.7,14.68,12.09,6.97
2024-12-05 10:00:00,34.26,11.9,73.9,2.7,14.56,11.82,6.8
2024-12-05 11:00:00,36.5,17.3,78.0,4.2,16.86,12.8,6.94
2024-12-05 12:00:00,38.24,15.7,68.0,0.5,16.55,13.65,7.72
2024-12-05 13:00:00,43.71,14.6,62.8,6.3,19.6,15.64,8.18
2024-12-05 14:00:00,30.69,15.8,64.3,6.1,14.23,11.51,5.89
2024-12-05 15:00:00,27.66,11.7,63.9,3.8,12.2,9.72,5.71
2024-12-05 16:00:00,22.57,15.7,69.1,2.2,9.9,7.8,4.69
2024-12-05 17:00:00,22.69,12.3,74.5,8.0,10.69,7.33,4.37
2024-12-05 18:00:00,22.88,12.6,75.9,5.5,10.75,8.27,4.19
2024-12-05 19:00:00,22.11,10.2,70.1,0.6,10.75,7.01,4.62
2024-12-05 20:00:00,24.67,9.0,69.1,3.4,11.03,9.52,4.94
2024-12-05 21:00:00,30.13,8.4,81.4,1.4,12.59,11.47,5.66
2024-12-05 22:00:00,32.26,7.6,81.8,1.6,14.57,10.59,6.8
2024-12-05 23:00:00,37.04,6.4,71.4,0.5,16.69,12.78,7.49
2024-12-06 00:00:00,40.16,5.5,75.5,4.6,17.5,13.96,8.06
2024-12-06 01:00:00,38.06,2.6,84.8,2.3,17.32,12.98,7.55
2024-12-06 02:00:00,35.83,8.4,72.7,2.6,15.53,12.88,7.18
2024-12-06 03:00:00,32.59,5.4,77.7,0.9,15.55,10.41,6.44
2024-12-06 04:00:00,26.83,6.2,69.2,0.5,11.79,8.96,5.67
2024-12-06 05:00:00,22.98,5.8,71.4,5.3,9.17,7.09,4.81
2024-12-06 06:00:00,20.44,6.0,76.3,4.4,9.52,7.94,4.35
2024-12-06 07:00:00,22.4,8.8,70.0,2.9,10.47,8.24,4.9
2024-12-06 08:00:00,24.81,10.3,65.9,1.1,10.75,8.51,5.46
2024-12-06 09:00:00,31.7,13.1,66.7,5.2,13.63,10.45,6.7
2024-12-06 10:00:00,6.9,15.5,61.0,6.9,4.02,3.02,1.29
2024-12-06 11:00:00,38.11,15.6,65.4,3.7,18.34,13.2,8.1
2024-12-06 12:00:00,34.47,11.5,75.1,1.6,15.98,12.31,6.77
2024-12-06 13:00:00,39.95,14.0,65.7,4.4,17.87,13.98,7.84
2024-12-06 14:00:00,32.56,15.4,63.4,1.2,14.4,11.44,6.62
2024-12-06 15:00:00,27.12,14.1,72.5,1.8,12.38,9.34,5.42
2024-12-06 16:00:00,25.03,14.1,70.7,3.4,11.55,9.3,5.25
2024-12-06 17:00:00,29.59,10.2,75.8,2.3,13.2,10.58,6.46
2024-12-06 18:00:00,21.4,13.7,54.9,6.9,9.41,7.41,4.6
2024-12-06 19:00:00,22.57,8.3,71.8,5.5,9.91,6.94,4.86
2024-12-06 20:00:00,25.64,7.5,72.1,2.4,10.92,9.19,4.75
2024-12-06 21:00:00,29.5,7.0,71.4,7.7,13.3,10.62,5.82
2024-12-06 22:00:00,31.67,7.2,80.6,2.9,14.4,11.65,6.21
2024-12-06 23:00:00,36.73,3.9,76.6,3.9,16.74,12.73,7.33
2024-12-07 00:00:00,31.42,3.8,72.5,3.9,13.88,12.41,6.68
2024-12-07 01:00:00,28.76,6.6,77.3,4.3,13.47,9.25,5.62
2024-12-07 02:00:00,23.14,4.6,78.5,2.2,10.54,7.2,4.73
2024-12-07 03:00:00,22.24,5.6,72.7,6.8,10.51,8.39,4.99
2024-12-07 04:00:00,18.91,3.6,84.8,2.4,8.49,7.11,3.99
2024-12-07 05:00:00,18.36,6.1,79.3,4.4,8.26,5.84,3.78
2024-12-07 06:00:00,20.8,7.0,78.2,5.1,9.78,7.28,4.09
2024-12-07 07:00:00,17.86,7.3,77.7,6.2,7.85,5.64,3.69
2024-12-07 08:00:00,20.07,9.7,77.8,3.3,8.96,6.52,4.02
2024-12-07 09:00:00,27.55,8.2,73.4,4.7,12.32,8.88,5.38
2024-12-07 10:00:00,28.11,12.9,62.3,1.3,12.56,9.13,5.26
2024-12-07 11:00:00,29.41,12.7,67.7,5.2,13.12,10.2,5.41
2024-12-07 12:00:00,33.62,13.7,59.3,5.0,14.89,12.64,6.83
2024-12-07 13:00:00,29.2,15.9,59.7,3.1,14.25,10.18,5.85
2024-12-07 14:00:00,20.95,15.4,73.6,2.6,10.14,7.61,4.2
2024-12-07 15:00:00,25.18,14.1,61.6,2.9,11.11,8.6,5.48
2024-12-07 16:00:00,16.31,12.4,63.2,1.3,7.23,6.5,3.91
2024-12-07 17:00:00,19.36,15.3,69.0,4.3,9.52,6.56,3.96
2024-12-07 18:00:00,13.19,10.2,76.0,6.6,6.5,4.18,2.64
2024-12-07 19:00:00,17.06,12.0,61.3,4.4,7.9,6.82,3.7
2024-12-07 20:00:00,19.38,7.4,76.4,4.0,8.82,6.58,4.16
2024-12-07 21:00:00,21.18,9.8,69.5,9.2,9.43,7.57,4.44
2024-12-07 22:00:00,25.04,8.8,75.1,3.7,11.28,9.63,4.7
2024-12-07 23:00:00,30.56,3.3,78.5,2.8,13.69,9.99,6.1
2024-12-08 00:00:00,27.05,6.0,70.0,4.7,11.9,9.52,5.42
2024-12-08 01:00:00,29.44,5.4,75.2,3.6,14.14,10.85,6.22
2024-12-08 02:00:00,23.61,5.7,80.3,8.0,10.99,8.09,4.83
2024-12-08 03:00:00,22.74,5.4,87.3,6.4,10.56,7.5,4.74
2024-12-08 04:00:00,21.21,3.9,81.3,7.3,8.85,7.97,4.27
2024-12-08 05:00:00,15.85,5.8,75.1,0.5,7.57,5.83,3.59
2024-12-08 06:00:00,14.31,9.6,66.5,2.7,5.41,4.75,3.29
2024-12-08 07:00:00,19.57,6.7,75.2,4.2,8.22,7.42,3.9
2024-12-08 08:00:00,23.2,10.1,70.0,2.6,10.84,7.31,5.1
2024-12-08 09:00:00,23.01,12.7,70.3,4.4,10.74,7.98,4.49
2024-12-08 10:00:00,24.88,10.7,70.9,4.8,10.17,8.5,5.25
2024-12-08 11:00:00,28.47,11.1,73.1,4.2,13.22,9.47,5.94
2024-12-08 12:00:00,28.97,12.1,67.7,3.3,13.74,10.6,5.79
2024-12-08 13:00:00,28.69,15.1,74.5,4.6,12.46,10.89,5.68
2024-12-08 14:00:00,19.7,12.7,71.6,5.2,9.25,7.11,4.0
2024-12-08 15:00:00,20.54,14.3,63.3,4.6,9.29,7.33,4.4
2024-12-08 16:00:00,18.28,16.0,69.8,5.5,8.36,6.5,3.76
2024-12-08 17:00:00,18.72,13.1,62.5,7.3,8.55,6.29,4.14
2024-12-08 18:00:00,18.05,11.0,66.6,1.4,8.0,5.55,3.47
2024-12-08 19:00:00,19.93,11.1,66.6,6.5,9.9,6.62,4.35
2024-12-08 20:00:00,21.04,9.5,79.2,2.4,10.09,6.95,3.66
2024-12-08 21:00:00,19.96,9.0,72.3,3.9,9.85,6.31,4.07
2024-12-08 22:00:00,29.64,9.6,69.4,7.2,13.39,10.93,6.01
2024-12-08 23:00:00,31.26,6.7,76.8,4.2,14.01,10.7,5.91
2024-12-09 00:00:00,34.55,8.3,76.8,1.3,15.76,12.44,7.27
2024-12-09 01:00:00,37.52,5.4,85.5,3.5,17.43,13.16,7.4
2024-12-09 02:00:00,32.45,3.4,72.4,6.4,14.73,10.78,6.6
2024-12-09 03:00:00,6.11,8.1,80.5,3.1,2.79,3.01,0.91
2024-12-09 04:00:00,29.08,5.0,67.6,5.8,13.13,10.53,5.84
2024-12-09 05:00:00,29.02,4.4,83.2,5.3,13.41,10.18,5.56
2024-12-09 06:00:00,24.57,10.5,77.2,6.5,11.11,9.05,5.22
2024-12-09 07:00:00,24.43,7.1,81.5,2.3,10.76,9.26,4.88
2024-12-09 08:00:00,25.59,8.4,76.8,3.5,11.26,8.59,4.96
2024-12-09 09:00:00,30.65,10.0,66.7,2.7,13.56,10.1,6.39
2024-12-09 10:00:00,37.34,12.3,73.0,3.7,16.13,13.13,7.51
2024-12-09 11:00:00,36.58,14.5,61.3,0.6,16.03,12.48,7.44
2024-12-09 12:00:00,35.48,9.9,67.4,2.2,16.87,13.07,7.26
2024-12-09 13:00:00,32.64,15.8,62.8,8.1,14.96,11.79,6.53
2024-12-09 14:00:00,35.22,13.7,65.7,4.1,16.16,12.11,6.87
2024-12-09 15:00:00,30.81,13.7,68.7,1.9,13.69,11.17,6.24
2024-12-09 16:00:00,24.83,16.4,60.8,3.6,10.15,7.84,5.02
2024-12-09 17:00:00,26.26,13.4,69.6,4.6,12.1,9.35,5.7
2024-12-09 18:00:00,21.64,12.7,61.9,4.1,9.95,7.7,4.51
2024-12-09 19:00:00,53.73,10.8,71.3,3.5,24.44,18.12,10.36
2024-12-09 20:00:00,26.4,10.7,69.8,4.5,11.99,8.72,4.92
2024-12-09 21:00:00,5.86,10.7,76.3,1.8,1.97,2.2,1.91
2024-12-09 22:00:00,34.53,3.3,85.6,3.2,16.4,11.63,7.0
2024-12-09 23:00:00,39.57,7.6,74.0,5.0,18.51,13.87,7.93
2024-12-10 00:00:00,34.94,7.4,65.3,3.9,16.5,12.44,7.3
2024-12-10 01:00:00,38.02,5.4,70.2,6.5,16.19,13.99,7.61
2024-12-10 02:00:00,34.48,3.4,85.5,3.2,15.77,12.86,6.87
2024-12-10 03:00:00,30.68,2.9,79.8,1.6,14.34,11.09,5.79
2024-12-10 04:00:00,28.73,8.7,82.4,0.9,13.23,9.75,6.14
2024-12-10 05:00:00,23.93,4.5,83.0,3.4,10.77,8.1,5.18
2024-12-10 06:00:00,24.0,9.2,74.2,3.2,11.09,8.77,4.61
2024-12-10 07:00:00,25.59,8.7,74.2,2.3,11.89,8.09,4.93
2024-12-10 08:00:00,25.29,12.5,63.2,4.0,11.69,8.84,5.03
2024-12-10 09:00:00,31.05,10.3,68.5,2.3,13.44,11.53,6.36
2024-12-10 10:00:00,33.42,9.5,74.6,2.1,15.8,10.87,6.53
2024-12-10 11:00:00,36.46,13.0,66.7,4.2,17.15,13.05,7.21
2024-12-10 12:00:00,37.0,11.5,72.5,7.2,16.98,12.7,7.59
2024-12-10 13:00:00,37.97,18.3,67.2,2.0,17.44,13.1,7.7
2024-12-10 14:00:00,34.25,15.4,64.6,1.9,14.81,11.33,7.17
2024-12-10 15:00:00,31.29,15.4,63.3,3.6,14.02,10.99,6.2
2024-12-10 16:00:00,26.51,14.9,61.6,1.5,11.27,8.61,5.22
2024-12-10 17:00:00,19.79,11.9,73.9,2.5,10.3,6.65,3.67
2024-12-10 18:00:00,22.88,11.7,73.7,9.2,10.5,7.65,4.57
2024-12-10 19:00:00,23.96,10.9,81.9,5.8,11.2,7.99,4.22
2024-12-10 20:00:00,27.16,12.4,70.1,4.7,12.18,9.03,5.2
2024-12-10 21:00:00,28.82,6.4,75.8,0.7,11.52,9.28,5.72
2024-12-10 22:00:00,31.06,5.8,79.3,2.4,13.49,10.47,5.73
2024-12-10 23:00:00,38.36,5.4,76.1,3.9,16.65,12.69,7.55
2024-12-11 00:00:00,37.23,4.0,74.8,4.7,16.86,12.54,7.88
2024-12-11 01:00:00,37.33,2.3,81.7,4.5,16.53,13.24,7.71
2024-12-11 02:00:00,33.46,0.3,85.9,1.9,15.66,11.24,6.78
2024-12-11 03:00:00,30.39,1.8,84.5,3.4,13.35,10.46,6.18
2024-12-11 04:00:00,25.54,6.7,78.2,2.0,11.6,9.27,5.26
2024-12-11 05:00:00,21.49,5.8,82.4,6.8,9.3,7.73,4.75
2024-12-11 06:00:00,24.09,8.1,76.9,3.8,11.43,8.09,4.75
2024-12-11 07:00:00,22.41,7.2,76.7,3.0,10.43,7.88,4.84
2024-12-11 08:00:00,27.07,9.2,66.6,6.7,11.72,8.42,5.64
2024-12-11 09:00:00,31.44,13.1,69.6,6.5,14.13,10.28,6.28
2024-12-11 10:00:00,32.69,14.2,66.1,3.6,14.34,11.7,6.49
2024-12-11 11:00:00,33.89,14.3,61.2,4.6,15.96,12.14,6.85
2024-12-11 12:00:00,43.97,14.0,69.7,2.6,19.44,15.15,8.97
2024-12-11 13:00:00,35.59,14.9,68.7,2.6,16.42,12.63,7.11
2024-12-11 14:00:00,35.72,14.9,68.2,3.8,16.22,12.45,7.2
2024-12-11 15:00:00,35.26,13.9,70.1,5.8,15.57,11.93,6.99
2024-12-11 16:00:00,28.63,13.1,68.9,4.0,13.68,10.45,6.0
2024-12-11 17:00:00,23.16,14.6,65.3,3.3,10.32,8.68,4.62
2024-12-11 18:00:00,22.74,9.9,81.0,4.4,9.57,7.76,5.0
2024-12-11 19:00:00,21.83,12.9,69.3,5.5,9.85,7.79,4.12
2024-12-11 20:00:00,28.86,8.9,60.6,5.3,12.68,9.51,5.74
2024-12-11 21:00:00,31.83,6.1,64.6,2.9,15.28,9.93,6.21
2024-12-11 22:00:00,32.87,6.0,82.8,7.0,15.2,11.73,6.78
2024-12-11 23:00:00,34.3,4.5,69.4,0.5,16.04,11.25,6.96
2024-12-12 00:00:00,34.72,4.1,76.4,3.3,14.91,12.5,6.75
2024-12-12 01:00:00,39.48,3.5,73.7,6.5,18.58,13.41,8.46
2024-12-12 02:00:00,34.57,3.3,78.5,4.6,15.44,12.1,7.11
2024-12-12 03:00:00,31.06,4.0,81.2,4.7,13.54,10.47,6.28
2024-12-12 04:00:00,24.71,4.8,74.9,1.8,11.43,8.39,4.58
2024-12-12 05:00:00,20.37,6.9,71.7,4.0,8.99,6.46,4.27
2024-12-12 06:00:00,25.43,6.4,80.0,7.8,11.19,8.83,4.64
2024-12-12 07:00:00,24.13,8.4,87.0,2.1,11.47,8.94,4.08
2024-12-12 08:00:00,29.04,9.3,75.6,2.7,12.31,9.7,5.85
2024-12-12 09:00:00,29.55,11.4,65.8,3.0,13.0,9.8,5.97
2024-12-12 10:00:00,33.68,11.8,74.2,2.8,15.36,12.46,6.57
2024-12-12 11:00:00,38.8,11.8,78.5,4.2,17.74,13.96,8.17
2024-12-12 12:00:00,39.85,12.2,74.7,2.2,17.18,13.95,7.72
2024-12-12 13:00:00,39.01,14.4,59.0,3.6,17.9,13.36,7.54
2024-12-12 14:00:00,33.53,16.2,67.3,3.0,15.37,10.81,6.31
2024-12-12 15:00:00,32.06,13.7,65.2,4.3,13.94,10.57,6.4
2024-12-12 16:00:00,29.54,12.5,69.2,2.2,12.24,11.15,5.98
2024-12-12 17:00:00,23.76,12.4,67.2,3.8,10.11,7.96,4.91
2024-12-12 18:00:00,4.35,10.9,74.6,4.9,2.43,1.02,0.91
2024-12-12 19:00:00,27.38,9.5,70.8,4.6,12.27,9.99,5.23
2024-12-12 20:00:00,25.13,7.1,82.6,5.7,10.9,7.9,5.48
2024-12-12 21:00:00,32.09,7.6,74.9,7.5,14.89,11.15,6.04
2024-12-12 22:00:00,34.12,7.1,74.4,5.9,15.08,12.72,6.25
2024-12-12 23:00:00,32.41,4.1,81.9,7.1,15.08,11.09,5.94
2024-12-13 00:00:00,40.95,3.5,81.6,0.6,18.46,14.34,7.89
2024-12-13 01:00:00,30.23,2.9,83.5,4.2,12.78,10.27,6.46
2024-12-13 02:00:00,29.42,2.1,80.8,2.4,13.6,9.67,5.97
2024-12-13 03:00:00,31.95,2.9,87.2,5.5,14.47,10.93,5.94
2024-12-13 04:00:00,64.85,4.5,83.5,5.5,29.44,22.85,13.13
2024-12-13 05:00:00,22.54,3.6,79.6,0.9,9.95,8.16,4.55
2024-12-13 06:00:00,23.5,6.5,80.4,4.0,10.15,8.63,5.27
2024-12-13 07:00:00,17.81,6.8,74.5,5.9,8.5,6.78,4.01
2024-12-13 08:00:00,28.65,7.8,77.5,4.0,13.12,9.19,5.99
2024-12-13 09:00:00,71.89,11.0,74.9,3.2,32.23,25.64,13.68
2024-12-13 10:00:00,34.27,10.7,72.4,1.2,15.51,12.46,6.59
2024-12-13 11:00:00,37.18,12.0,65.5,4.9,16.39,12.43,7.14
2024-12-13 12:00:00,39.36,15.4,59.5,1.2,17.87,13.85,8.24
2024-12-13 13:00:00,37.05,12.6,70.3,4.0,17.17,12.95,7.26
2024-12-13 14:00:00,29.69,16.5,60.6,6.7,14.7,10.46,6.44
2024-12-13 15:00:00,36.12,13.5,73.1,3.1,16.3,12.17,6.93
2024-12-13 16:00:00,29.88,11.8,62.3,5.1,13.93,10.43,6.18
2024-12-13 17:00:00,20.92,11.9,76.3,5.4,9.77,7.1,3.77
2024-12-13 18:00:00,22.27,11.8,70.1,0.5,10.23,8.65,5.03
2024-12-13 19:00:00,23.54,12.3,64.9,6.7,10.42,7.71,4.96
2024-12-13 20:00:00,29.58,10.4,69.3,1.9,12.93,9.77,5.82
2024-12-13 21:00:00,25.23,8.0,73.4,2.4,11.13,8.73,5.1
2024-12-13 22:00:00,33.13,8.5,76.2,6.1,14.86,11.38,6.58
2024-12-13 23:00:00,32.72,2.8,74.5,4.6,14.51,10.87,6.68
2024-12-14 00:00:00,28.78,5.1,73.1,2.9,12.33,10.4,5.75
2024-12-14 01:00:00,27.56,4.7,76.7,1.3,12.72,9.4,5.79
2024-12-14 02:00:00,26.88,4.6,78.4,3.0,11.62,9.2,5.21
2024-12-14 03:00:00,22.35,1.8,85.4,7.8,10.54,6.82,3.99
2024-12-14 04:00:00,19.18,3.2,81.5,1.4,8.43,7.12,3.87
2024-12-14 05:00:00,20.54,5.3,75.7,5.8,8.62,7.14,4.16
2024-12-14 06:00:00,19.38,8.2,75.3,2.7,8.18,7.56,4.21
2024-12-14 07:00:00,20.37,10.7,72.0,4.4,9.21,7.5,4.23
2024-12-14 08:00:00,20.61,8.1,73.1,4.2,9.28,7.09,4.48
2024-12-14 09:00:00,22.44,8.4,74.5,2.7,9.52,7.8,4.54
2024-12-14 10:00:00,26.38,12.8,57.9,1.0,11.59,8.98,5.07
2024-12-14 11:00:00,29.99,16.5,68.8,1.7,13.82,10.29,5.88
2024-12-14 12:00:00,24.05,15.1,68.7,3.9,10.98,9.49,4.28
2024-12-14 13:00:00,29.72,12.8,76.2,7.3,13.17,9.53,5.78
2024-12-14 14:00:00,27.45,18.4,57.9,6.8,13.03,9.42,5.57
2024-12-14 15:00:00,24.02,14.9,68.9,1.5,9.71,7.8,5.49
2024-12-14 16:00:00,20.68,12.2,59.8,6.1,8.78,6.33,4.09
2024-12-14 17:00:00,12.58,15.5,56.6,2.2,5.21,4.49,2.59
2024-12-14 18:00:00,17.14,10.3,70.5,6.6,8.3,5.88,2.67
2024-12-14 19:00:00,23.47,9.4,69.8,5.1,10.93,8.19,4.76
2024-12-14 20:00:00,21.09,10.2,77.0,7.6,10.72,8.22,4.33
2024-12-14 21:00:00,23.1,7.7,80.6,3.2,10.67,7.46,4.79
2024-12-14 22:00:00,26.72,6.6,82.5,4.9,12.01,10.67,5.47
2024-12-14 23:00:00,29.62,5.6,80.3,4.9,14.41,9.9,5.54
2024-12-15 00:00:00,31.25,6.3,79.6,3.5,13.59,10.33,6.1
2024-12-15 01:00:00,28.28,0.7,76.8,8.1,12.35,9.75,5.7
2024-12-15 02:00:00,27.85,4.4,85.7,2.2,11.86,10.05,5.5
2024-12-15 03:00:00,28.17,3.7,85.8,8.8,13.05,9.66,5.52
2024-12-15 04:00:00,23.68,3.5,72.9,5.5,10.72,8.13,4.24
2024-12-15 05:00:00,24.96,4.3,81.2,4.2,11.17,9.11,5.14
2024-12-15 06:00:00,16.71,2.5,78.2,1.2,7.57,6.52,2.91
2024-12-15 07:00:00,23.3,6.5,85.5,2.3,10.51,8.68,4.84
2024-12-15 08:00:00,19.19,10.9,66.0,5.8,7.85,7.95,3.48
2024-12-15 09:00:00,24.86,11.5,70.6,4.8,11.92,8.99,4.81
2024-12-15 10:00:00,28.62,11.2,71.5,7.7,12.57,10.7,5.82
2024-12-15 11:00:00,27.57,10.4,71.2,3.0,12.64,9.18,5.27
2024-12-15 12:00:00,29.82,14.6,77.3,6.4,13.07,10.24,5.9
2024-12-15 13:00:00,31.13,15.8,73.5,6.0,13.78,11.07,6.26
2024-12-15 14:00:00,25.01,15.5,57.2,7.8,11.09,8.44,4.28
2024-12-15 15:00:00,28.15,12.4,71.6,2.4,12.71,10.1,6.31
2024-12-15 16:00:00,17.7,12.0,69.5,3.5,8.45,5.89,3.57
2024-12-15 17:00:00,23.96,15.0,70.2,1.2,10.53,8.9,4.58
2024-12-15 18:00:00,20.86,9.7,73.5,4.0,9.18,7.51,3.83
2024-12-15 19:00:00,18.88,11.0,66.7,4.9,8.26,6.27,3.38
2024-12-15 20:00:00,20.16,6.3,71.2,2.2,8.72,8.25,3.76
2024-12-15 21:00:00,22.71,7.2,73.3,1.8,10.41,7.13,4.44
2024-12-15 22:00:00,26.45,7.4,74.6,4.3,12.57,9.08,5.61
2024-12-15 23:00:00,28.73,5.4,78.5,3.0,13.15,10.54,5.53
2024-12-16 00:00:00,41.6,5.4,74.7,3.2,18.63,14.2,8.35
2024-12-16 01:00:00,42.38,2.2,89.8,3.4,19.95,14.06,8.29
2024-12-16 02:00:00,35.21,2.7,83.5,3.6,15.51,11.69,6.25
2024-12-16 03:00:00,28.85,4.8,82.6,2.0,13.05,10.4,6.06
2024-12-16 04:00:00,25.85,5.6,76.6,3.9,12.4,9.19,5.21
2024-12-16 05:00:00,24.01,5.7,72.0,1.1,10.18,8.52,4.89
2024-12-16 06:00:00,20.89,7.8,79.0,1.5,9.3,7.42,4.31
2024-12-16 07:00:00,21.52,5.1,72.9,4.7,9.9,7.92,4.75
2024-12-16 08:00:00,32.46,8.2,64.0,4.9,14.76,10.47,7.17
2024-12-16 09:00:00,31.72,12.9,71.3,2.4,14.08,12.12,6.75
2024-12-16 10:00:00,32.63,13.3,64.2,1.9,15.52,10.85,6.6
2024-12-16 11:00:00,39.5,13.4,66.3,1.0,17.55,13.66,8.01
2024-12-16 12:00:00,35.52,13.0,71.9,3.1,15.63,12.88,7.29
2024-12-16 13:00:00,34.72,15.3,61.0,3.6,15.55,11.98,6.51
2024-12-16 14:00:00,32.71,14.6,58.5,6.4,14.18,11.43,6.31
2024-12-16 15:00:00,35.1,11.5,76.3,0.5,14.98,11.51,6.74
2024-12-16 16:00:00,26.58,14.7,66.0,3.1,12.36,8.65,5.37
2024-12-16 17:00:00,18.37,11.1,76.9,3.1,8.29,5.6,3.85
2024-12-16 18:00:00,26.49,12.5,72.1,6.3,11.69,9.35,5.87
2024-12-16 19:00:00,23.7,7.8,77.9,2.0,11.19,8.44,4.12
2024-12-16 20:00:00,22.59,11.3,71.2,1.1,10.25,8.03,4.57
2024-12-16 21:00:00,30.17,7.2,76.2,2.9,13.45,10.57,5.79
2024-12-16 22:00:00,36.02,4.7,84.0,4.1,15.8,12.91,7.28
2024-12-16 23:00:00,38.47,4.3,82.9,5.9,17.14,14.15,7.88
2024-12-17 00:00:00,43.07,4.0,76.3,2.4,19.27,13.66,8.71
2024-12-17 01:00:00,35.44,4.0,81.7,2.3,16.42,13.14,7.38
2024-12-17 02:00:00,34.94,5.8,73.9,2.7,15.42,12.2,7.15
2024-12-17 03:00:00,29.33,4.1,77.5,1.5,13.31,10.85,5.7
2024-12-17 04:00:00,23.47,1.2,85.3,8.3,10.49,7.47,4.33
2024-12-17 05:00:00,26.8,3.5,76.7,3.7,11.76,9.2,5.24
2024-12-17 06:00:00,24.74,10.5,72.2,2.4,11.27,8.51,5.14
2024-12-17 07:00:00,25.29,7.7,76.6,2.8,11.55,8.89,5.48
2024-12-17 08:00:00,28.39,10.3,70.0,6.0,12.48,10.02,6.22
2024-12-17 09:00:00,29.36,9.7,76.0,4.5,12.97,9.44,6.42
2024-12-17 10:00:00,32.31,9.8,70.0,3.8,14.14,11.38,6.54
2024-12-17 11:00:00,37.67,11.6,74.7,4.8,17.48,12.2,7.49
2024-12-17 12:00:00,41.48,13.4,68.6,5.0,19.37,14.79,8.9
2024-12-17 13:00:00,41.59,13.0,69.3,2.0,18.57,14.36,8.51
2024-12-17 14:00:00,36.82,16.7,59.5,1.8,16.92,12.76,7.86
2024-12-17 15:00:00,31.15,12.7,67.5,7.8,13.64,10.73,6.31
2024-12-17 16:00:00,28.0,11.6,71.1,1.9,12.48,8.61,5.77
2024-12-17 17:00:00,24.61,13.6,72.8,3.4,11.46,7.9,4.31
2024-12-17 18:00:00,21.01,12.7,67.1,8.6,9.22,7.96,4.3
2024-12-17 19:00:00,24.64,10.2,76.9,3.1,10.92,9.13,5.12
2024-12-17 20:00:00,23.99,7.9,70.7,3.6,10.31,9.01,4.84
2024-12-17 21:00:00,30.77,4.7,80.0,5.4,13.62,11.47,6.34
2024-12-17 22:00:00,38.92,8.2,71.7,2.7,17.78,12.61,7.55
2024-12-17 23:00:00,39.63,6.6,83.8,3.2,18.11,12.92,7.1
2024-12-18 00:00:00,36.38,3.8,86.3,2.7,16.07,13.1,7.59
2024-12-18 01:00:00,37.5,4.0,80.6,2.5,16.34,13.18,7.12
2024-12-18 02:00:00,32.85,3.4,77.2,3.4,15.09,12.11,7.18
2024-12-18 03:00:00,31.03,6.4,68.8,5.0,13.09,10.63,6.3
2024-12-18 04:00:00,30.04,2.9,82.4,6.0,13.96,9.69,6.69
2024-12-18 05:00:00,26.33,4.3,79.9,3.4,12.63,10.15,4.94
2024-12-18 06:00:00,29.9,5.2,82.1,2.6,13.99,10.3,5.93
2024-12-18 07:00:00,27.68,7.9,67.2,6.6,12.71,9.52,5.45
2024-12-18 08:00:00,27.95,8.8,74.1,2.7,12.72,10.11,6.08
2024-12-18 09:00:00,32.88,10.4,73.7,5.2,14.64,11.35,6.44
2024-12-18 10:00:00,34.43,9.9,67.6,5.0,15.21,12.32,6.89
2024-12-18 11:00:00,34.87,14.5,67.2,1.0,15.57,11.9,6.79
2024-12-18 12:00:00,41.95,12.4,65.5,1.9,18.26,15.0,8.64
2024-12-18 13:00:00,40.21,15.4,61.4,3.9,17.16,13.81,7.66
2024-12-18 14:00:00,34.34,18.5,59.2,6.0,15.06,12.91,7.21
2024-12-18 15:00:00,31.87,12.3,67.9,4.0,14.25,11.72,6.31
2024-12-18 16:00:00,30.54,13.6,73.9,4.9,13.34,10.97,6.3
2024-12-18 17:00:00,26.81,12.1,67.9,4.9,11.98,9.72,5.07
2024-12-18 18:00:00,20.03,14.3,62.6,3.5,9.11,7.46,3.82
2024-12-18 19:00:00,25.3,9.6,76.5,3.8,12.15,8.53,4.96
2024-12-18 20:00:00,27.02,9.1,78.2,1.2,12.06,9.15,5.61
2024-12-18 21:00:00,33.97,7.8,78.7,6.9,15.24,11.54,6.37
2024-12-18 22:00:00,37.52,6.1,83.5,4.5,16.39,12.65,7.28
2024-12-18 23:00:00,40.98,6.4,77.3,1.7,18.45,14.57,8.97
2024-12-19 00:00:00,36.01,4.5,79.4,2.2,16.5,12.28,7.36
2024-12-19 01:00:00,35.84,4.6,75.0,0.5,16.48,13.62,7.27
2024-12-19 02:00:00,37.84,4.0,86.2,2.3,16.97,13.03,7.77
2024-12-19 03:00:00,29.82,3.0,80.0,2.6,13.29,10.77,5.34
2024-12-19 04:00:00,23.75,4.0,77.7,4.5,10.35,8.33,4.65
2024-12-19 05:00:00,26.14,6.0,74.9,3.4,11.8,9.3,5.34
2024-12-19 06:00:00,22.43,7.0,78.8,5.8,10.6,7.9,4.25
2024-12-19 07:00:00,29.28,9.3,73.3,1.3,13.63,10.39,5.79
2024-12-19 08:00:00,28.29,11.5,71.2,4.7,12.95,9.51,5.93
2024-12-19 09:00:00,31.7,9.2,71.3,6.1,14.41,10.58,6.42
2024-12-19 10:00:00,34.13,11.4,69.3,3.1,15.42,11.82,6.25
2024-12-19 11:00:00,41.77,11.9,68.9,2.5,18.25,14.04,8.18
2024-12-19 12:00:00,39.7,11.4,77.5,3.3,18.44,13.31,7.84
2024-12-19 13:00:00,36.78,14.4,57.8,5.3,16.91,12.47,7.15
2024-12-19 14:00:00,33.07,14.9,68.4,6.7,14.2,11.82,6.87
2024-12-19 15:00:00,31.12,11.9,75.2,1.1,13.89,10.68,6.58
2024-12-19 16:00:00,25.11,12.5,59.9,3.7,10.9,8.86,4.78
2024-12-19 17:00:00,27.38,11.5,69.8,4.3,13.33,10.19,5.32
2024-12-19 18:00:00,19.28,8.9,78.2,0.6,8.04,6.06,3.98
2024-12-19 19:00:00,24.46,9.9,68.3,1.9,11.07,9.48,5.07
2024-12-19 20:00:00,29.08,7.0,77.0,1.1,13.39,10.8,6.04
2024-12-19 21:00:00,32.16,7.6,70.2,2.5,13.86,11.53,6.3
2024-12-19 22:00:00,33.26,6.6,76.3,2.0,15.51,12.37,6.59
2024-12-19 23:00:00,39.45,5.7,83.5,3.5,17.32,13.78,7.71
2024-12-20 00:00:00,36.7,5.0,86.5,4.4,16.05,12.05,7.32
2024-12-20 01:00:00,37.85,6.1,78.0,5.8,17.39,13.87,7.3
2024-12-20 02:00:00,36.79,2.4,74.7,2.6,16.48,12.4,7.39
2024-12-20 03:00:00,32.57,2.7,79.3,1.0,14.1,11.72,6.56
2024-12-20 04:00:00,25.98,5.3,68.6,0.5,11.19,8.46,5.36
2024-12-20 05:00:00,27.91,4.9,76.7,5.8,12.0,10.0,5.73
2024-12-20 06:00:00,24.13,7.8,79.5,6.2,10.49,7.63,5.14
2024-12-20 07:00:00,26.78,8.2,67.4,1.4,11.72,8.76,5.22
2024-12-20 08:00:00,31.49,11.5,69.2,0.5,14.94,11.0,6.5
2024-12-20 09:00:00,34.21,9.8,68.2,5.4,16.3,12.06,6.66
2024-12-20 10:00:00,37.96,8.9,82.3,4.3,16.95,12.16,7.05
2024-12-20 11:00:00,38.39,12.7,70.8,3.8,16.73,13.97,7.32
2024-12-20 12:00:00,40.9,12.8,72.8,3.7,19.26,14.82,8.26
2024-12-20 13:00:00,38.44,14.3,68.4,5.2,17.64,13.88,7.81
2024-12-20 14:00:00,32.14,14.6,70.3,2.5,14.72,11.1,6.47
2024-12-20 15:00:00,32.17,12.6,74.2,3.0,14.14,11.59,6.32
2024-12-20 16:00:00,28.3,11.4,70.5,1.2,12.69,9.91,5.85
2024-12-20 17:00:00,26.38,11.9,67.0,3.9,11.46,8.54,6.1
2024-12-20 18:00:00,23.59,7.5,70.3,7.6,10.41,8.34,4.37
2024-12-20 19:00:00,23.01,10.0,80.8,2.5,11.29,6.99,5.03
2024-12-20 20:00:00,29.3,8.0,78.5,6.9,13.82,9.72,6.16
2024-12-20 21:00:00,28.13,8.6,62.5,4.8,11.93,9.45,5.85
2024-12-20 22:00:00,38.81,3.1,79.0,2.2,17.65,13.64,7.94
2024-12-20 23:00:00,37.33,5.1,80.0,4.4,16.4,13.91,7.2
2024-12-21 00:00:00,30.89,6.6,84.5,2.9,13.37,9.72,5.82
2024-12-21 01:00:00,30.92,4.7,72.8,1.5,13.8,11.54,6.15
2024-12-21 02:00:00,28.94,5.0,80.1,1.3,12.44,10.44,5.3
2024-12-21 03:00:00,21.13,4.2,76.9,0.6,9.97,7.68,4.47
2024-12-21 04:00:00,23.9,1.7,75.9,5.4,11.07,8.03,4.4
2024-12-21 05:00:00,20.54,5.3,84.4,6.2,8.87,7.1,4.49
2024-12-21 06:00:00,17.44,6.7,71.2,3.4,8.94,5.98,3.2
2024-12-21 07:00:00,17.9,5.6,82.1,3.6,8.64,7.0,3.57
2024-12-21 08:00:00,21.0,8.4,66.0,4.6,9.13,7.96,4.61
2024-12-21 09:00:00,21.4,5.5,75.0,4.7,10.94,7.73,4.46
2024-12-21 10:00:00,31.77,10.6,74.2,2.7,14.17,10.9,6.43
2024-12-21 11:00:00,33.24,11.4,73.9,1.8,14.33,11.1,6.55
2024-12-21 12:00:00,31.4,15.0,68.2,3.2,13.62,10.46,6.57
2024-12-21 13:00:00,28.96,12.5,74.0,4.6,13.09,10.78,5.81
2024-12-21 14:00:00,26.97,13.2,66.8,5.4,12.26,10.12,5.81
2024-12-21 15:00:00,26.55,13.3,75.0,1.3,11.9,8.93,5.08
2024-12-21 16:00:00,26.23,12.0,71.4,4.0,11.49,9.48,4.8
2024-12-21 17:00:00,18.35,13.2,71.9,1.0,9.15,7.16,4.24
2024-12-21 18:00:00,16.23,8.1,76.1,5.6,7.11,4.8,3.61
2024-12-21 19:00:00,23.65,11.6,72.6,4.4,10.46,7.58,4.37
2024-12-21 20:00:00,17.37,8.5,68.7,4.6,6.67,5.86,3.26
2024-12-21 21:00:00,22.13,9.2,68.2,5.1,9.32,7.64,4.75
2024-12-21 22:00:00,26.85,1.9,79.0,3.5,12.82,9.54,4.9
2024-12-21 23:00:00,25.62,1.4,84.9,2.5,11.2,8.49,5.12
2024-12-22 00:00:00,33.17,3.7,76.6,5.3,15.52,12.02,7.16
2024-12-22 01:00:00,31.78,4.4,77.2,5.2,13.97,10.44,6.4
2024-12-22 02:00:00,26.14,2.7,80.4,1.6,11.37,9.65,5.17
2024-12-22 03:00:00,27.96,4.5,85.6,6.5,12.7,10.13,6.06
2024-12-22 04:00:00,5.11,5.6,80.2,2.1,2.48,1.36,1.05
2024-12-22 05:00:00,19.61,6.0,69.5,2.6,8.18,6.32,3.67
2024-12-22 06:00:00,18.01,6.2,77.4,2.1,7.86,6.54,3.32
2024-12-22 07:00:00,25.54,7.3,73.7,7.8,11.45,8.2,4.93
2024-12-22 08:00:00,23.75,7.6,73.8,2.5,10.75,8.03,4.57
2024-12-22 09:00:00,25.4,9.7,72.4,8.0,11.64,7.96,6.0
2024-12-22 10:00:00,30.98,9.5,78.3,4.3,13.94,10.33,5.96
2024-12-22 11:00:00,30.39,10.9,66.9,1.9,14.2,11.05,5.42
2024-12-22 12:00:00,29.12,13.6,68.7,3.8,14.26,11.01,5.75
2024-12-22 13:00:00,29.83,12.6,70.3,6.2,12.91,10.18,6.07
2024-12-22 14:00:00,30.17,12.4,68.0,3.9,13.47,10.38,6.14
2024-12-22 15:00:00,19.78,14.0,64.0,1.6,8.5,6.9,4.13
2024-12-22 16:00:00,21.23,13.4,64.1,2.5,9.1,6.92,4.11
2024-12-22 17:00:00,23.35,11.7,67.8,2.1,10.36,8.4,4.57
2024-12-22 18:00:00,17.86,10.8,74.8,1.6,7.53,5.75,3.52
2024-12-22 19:00:00,23.76,10.4,69.7,2.7,11.04,8.54,4.76
2024-12-22 20:00:00,25.49,9.9,71.6,4.4,12.56,8.98,4.94
2024-12-22 21:00:00,24.6,7.5,69.2,2.9,11.05,9.26,5.28
2024-12-22 22:00:00,26.15,4.2,76.6,3.2,11.51,8.83,5.01
2024-12-22 23:00:00,28.91,4.6,79.6,2.6,12.23,9.94,6.23
2024-12-23 00:00:00,45.91,3.5,71.5,9.7,20.39,16.17,9.24
2024-12-23 01:00:00,42.93,2.0,86.8,4.0,19.58,14.65,7.95
2024-12-23 02:00:00,35.81,4.2,76.0,5.7,16.2,12.02,7.09
2024-12-23 03:00:00,30.23,4.5,87.4,3.2,13.15,9.8,6.2
2024-12-23 04:00:00,28.29,5.2,79.9,1.8,13.01,9.43,5.34
2024-12-23 05:00:00,25.86,3.4,70.7,5.8,11.16,8.79,5.72
2024-12-23 06:00:00,21.14,6.2,78.0,5.1,9.72,7.45,4.33
2024-12-23 07:00:00,25.45,7.1,73.8,2.7,11.73,8.8,5.28
2024-12-23 08:00:00,31.3,8.9,74.8,4.1,14.11,11.74,6.61
2024-12-23 09:00:00,27.25,9.9,80.2,1.3,12.97,9.99,5.29
2024-12-23 10:00:00,37.56,10.9,74.4,0.7,16.44,13.37,7.69
2024-12-23 11:00:00,41.68,11.8,68.7,5.5,19.88,15.17,8.27
2024-12-23 12:00:00,37.85,14.4,59.7,7.2,16.3,13.92,7.68
2024-12-23 13:00:00,42.48,12.0,74.0,2.8,18.45,14.82,8.25
2024-12-23 14:00:00,33.77,13.2,70.7,4.0,14.3,12.55,6.65
2024-12-23 15:00:00,32.85,14.9,71.9,4.8,14.56,11.96,6.74
2024-12-23 16:00:00,27.23,11.6,69.4,5.0,11.11,8.73,5.18
2024-12-23 17:00:00,24.49,10.8,72.5,3.4,11.06,7.5,4.74
2024-12-23 18:00:00,22.7,12.0,68.3,4.1,10.26,7.07,4.92
2024-12-23 19:00:00,27.0,7.6,75.3,4.4,11.76,9.23,5.83
2024-12-23 20:00:00,30.12,9.4,65.1,1.4,13.39,10.02,6.27
2024-12-23 21:00:00,31.59,6.4,77.9,4.3,14.14,12.08,6.35
2024-12-23 22:00:00,32.1,6.6,78.0,3.6,14.44,11.28,6.07
2024-12-23 23:00:00,39.25,3.1,77.8,2.9,17.43,13.64,7.47
2024-12-24 00:00:00,40.41,5.8,80.0,2.3,17.99,13.45,7.9
2024-12-24 01:00:00,37.81,1.7,86.3,4.3,17.12,13.24,7.24
2024-12-24 02:00:00,40.28,4.5,85.6,1.8,17.56,13.72,7.79
2024-12-24 03:00:00,27.95,1.8,76.7,5.5,12.34,9.79,5.79
2024-12-24 04:00:00,22.56,6.8,79.2,1.8,10.68,7.17,4.15
2024-12-24 05:00:00,23.54,4.7,85.0,5.2,10.16,8.61,4.94
2024-12-24 06:00:00,26.13,8.8,71.7,5.5,11.26,9.31,5.14
2024-12-24 07:00:00,22.72,5.9,83.9,7.1,9.65,7.65,4.93
2024-12-24 08:00:00,25.66,7.7,71.1,3.3,11.13,9.05,5.98
2024-12-24 09:00:00,34.24,11.5,70.6,1.1,15.79,12.05,6.87
2024-12-24 10:00:00,36.76,8.7,64.9,4.5,16.96,13.42,7.25
2024-12-24 11:00:00,39.3,10.9,61.6,2.4,18.07,13.82,8.07
2024-12-24 12:00:00,41.31,13.5,60.1,1.3,18.82,14.65,8.32
2024-12-24 13:00:00,37.29,11.7,77.1,5.9,16.96,13.81,7.33
2024-12-24 14:00:00,34.66,14.2,63.1,1.6,16.04,11.44,7.46
2024-12-24 15:00:00,33.88,13.5,64.0,3.6,15.01,12.17,6.88
2024-12-24 16:00:00,24.75,10.4,73.5,5.3,11.54,8.4,4.94
2024-12-24 17:00:00,20.01,13.4,64.2,2.0,9.64,6.8,4.0
2024-12-24 18:00:00,23.27,9.0,79.2,6.4,9.68,8.72,4.73
2024-12-24 19:00:00,27.69,10.8,80.3,2.7,12.31,10.28,5.46
2024-12-24 20:00:00,28.75,8.6,62.6,3.0,12.76,9.59,5.85
2024-12-24 21:00:00,34.0,6.4,78.9,1.6,15.29,10.67,6.51
2024-12-24 22:00:00,30.57,4.2,68.6,4.3,13.98,10.4,5.66
2024-12-24 23:00:00,39.14,5.3,70.8,3.5,18.66,13.93,8.1
2024-12-25 00:00:00,41.1,2.7,83.2,8.1,17.82,14.39,8.38
2024-12-25 01:00:00,35.09,5.3,72.9,4.6,15.17,12.33,6.8
2024-12-25 02:00:00,37.87,5.2,79.1,5.1,17.47,12.84,6.88
2024-12-25 03:00:00,31.69,6.0,77.0,2.0,14.47,11.05,6.28
2024-12-25 04:00:00,35.9,4.4,70.4,4.7,15.94,12.38,7.07
2024-12-25 05:00:00,20.03,4.2,82.3,3.8,8.84,8.02,4.02
2024-12-25 06:00:00,27.89,5.4,79.0,3.1,12.5,10.14,6.07
2024-12-25 07:00:00,24.49,6.5,76.4,5.2,11.24,8.6,4.82
2024-12-25 08:00:00,24.17,8.7,70.3,8.3,11.21,8.34,4.31
2024-12-25 09:00:00,30.65,10.3,73.6,1.3,14.24,10.32,6.26
2024-12-25 10:00:00,36.41,12.7,62.3,5.3,17.04,12.31,7.27
2024-12-25 11:00:00,41.06,11.9,64.7,6.7,18.94,14.57,8.0
2024-12-25 12:00:00,43.77,10.6,72.9,2.6,19.59,15.38,9.25
2024-12-25 13:00:00,42.02,12.6,74.1,2.8,18.23,15.04,8.62
2024-12-25 14:00:00,33.3,15.7,62.8,5.3,14.59,11.16,6.67
2024-12-25 15:00:00,34.79,10.8,73.3,7.4,14.65,12.31,7.4
2024-12-25 16:00:00,29.2,13.8,68.5,7.1,14.24,10.51,6.06
2024-12-25 17:00:00,23.84,11.3,72.5,1.0,11.36,8.08,5.44
2024-12-25 18:00:00,23.94,9.5,69.1,6.1,10.52,8.78,4.6
2024-12-25 19:00:00,23.7,10.2,71.0,4.0,10.98,7.83,4.41
2024-12-25 20:00:00,28.31,10.7,71.0,3.1,12.67,9.42,5.56
2024-12-25 21:00:00,30.14,7.6,82.4,5.8,13.94,10.87,5.67
2024-12-25 22:00:00,33.15,5.4,71.9,5.4,15.2,11.41,6.14
2024-12-25 23:00:00,39.66,2.9,73.6,3.6,17.79,14.56,7.78
2024-12-26 00:00:00,41.15,3.8,94.4,3.1,18.6,14.24,8.64
2024-12-26 01:00:00,38.1,1.5,83.8,3.4,16.87,14.27,8.1
2024-12-26 02:00:00,39.25,2.8,83.4,2.6,17.93,13.54,7.8
2024-12-26 03:00:00,31.43,3.4,83.2,4.5,13.21,11.26,5.66
2024-12-26 04:00:00,27.57,0.4,87.4,6.3,12.64,9.81,5.66
2024-12-26 05:00:00,27.23,6.8,80.3,2.3,11.51,9.52,5.5
2024-12-26 06:00:00,24.25,3.9,83.2,5.6,10.9,8.57,5.47
2024-12-26 07:00:00,25.79,6.7,81.6,2.8,11.65,8.48,5.05
2024-12-26 08:00:00,22.03,9.1,73.9,1.6,10.04,8.2,4.51
2024-12-26 09:00:00,32.12,11.5,75.5,0.9,14.04,10.28,6.21
2024-12-26 10:00:00,31.26,9.6,81.9,3.4,13.68,10.39,6.17
2024-12-26 11:00:00,35.52,8.1,75.3,3.9,16.21,12.47,7.06
2024-12-26 12:00:00,36.24,14.2,69.3,0.5,16.03,11.71,6.72
2024-12-26 13:00:00,35.97,11.2,67.6,4.4,16.67,13.07,7.53
2024-12-26 14:00:00,34.45,13.8,66.6,3.6,15.48,11.75,7.2
2024-12-26 15:00:00,30.86,13.7,69.3,10.4,13.89,10.59,6.14
2024-12-26 16:00:00,29.99,7.7,72.8,1.4,13.45,11.11,6.1
2024-12-26 17:00:00,26.14,9.4,73.2,4.7,11.95,9.62,4.93
2024-12-26 18:00:00,19.82,10.1,73.6,2.1,8.92,7.17,3.66
2024-12-26 19:00:00,25.79,5.7,84.8,2.0,11.76,9.26,5.06
2024-12-26 20:00:00,29.12,6.3,72.1,0.6,13.98,11.13,6.29
2024-12-26 21:00:00,31.25,7.2,77.5,0.5,14.92,11.81,6.18
2024-12-26 22:00:00,35.67,5.7,74.2,1.9,16.4,11.42,6.7
2024-12-26 23:00:00,39.05,5.2,81.6,1.9,16.58,13.93,7.75
2024-12-27 00:00:00,74.87,4.6,82.7,0.5,33.31,26.35,14.8
2024-12-27 01:00:00,34.74,0.9,91.3,4.8,15.7,11.53,6.88
2024-12-27 02:00:00,35.32,1.3,80.3,3.6,15.61,12.0,7.29
2024-12-27 03:00:00,35.95,4.6,79.3,3.0,16.37,13.55,7.47
2024-12-27 04:00:00,31.98,6.2,80.6,1.4,14.4,11.14,5.86
2024-12-27 05:00:00,27.82,3.3,83.4,2.7,12.47,9.89,6.41
2024-12-27 06:00:00,26.03,6.1,64.2,3.4,11.62,9.19,5.49
2024-12-27 07:00:00,29.83,8.2,70.8,10.6,12.79,10.21,6.53
2024-12-27 08:00:00,33.23,8.6,76.5,3.6,14.84,11.97,6.27
2024-12-27 09:00:00,31.86,9.2,72.0,0.6,14.92,12.22,6.82
2024-12-27 10:00:00,33.51,9.8,76.3,2.0,15.16,11.78,6.48
2024-12-27 11:00:00,38.0,14.8,71.5,2.8,17.56,13.36,7.76
2024-12-27 12:00:00,47.43,12.7,67.7,3.3,21.48,16.81,9.86
2024-12-27 13:00:00,34.76,13.7,70.6,4.5,15.93,11.91,6.51
2024-12-27 14:00:00,34.76,13.7,74.8,4.0,16.21,12.19,6.75
2024-12-27 15:00:00,28.65,11.9,74.9,3.6,12.54,10.13,5.08
2024-12-27 16:00:00,28.75,12.7,65.0,5.7,13.48,9.67,5.72
2024-12-27 17:00:00,22.68,11.3,69.5,2.0,9.01,7.83,4.89
2024-12-27 18:00:00,24.41,10.2,71.9,1.2,10.84,8.91,5.17
2024-12-27 19:00:00,20.81,10.0,67.3,5.7,10.48,6.44,4.58
2024-12-27 20:00:00,29.98,6.9,81.1,3.3,13.47,10.7,6.04
2024-12-27 21:00:00,35.24,5.1,74.6,3.8,16.44,11.01,7.16
2024-12-27 22:00:00,34.97,6.5,75.7,5.7,15.91,11.9,6.76
2024-12-27 23:00:00,38.34,3.9,84.7,7.2,17.49,14.33,7.32
2024-12-28 00:00:00,30.63,3.4,77.7,3.8,13.21,11.21,5.48
2024-12-28 01:00:00,30.74,0.5,81.7,5.5,13.79,10.65,6.17
2024-12-28 02:00:00,28.13,4.6,80.1,3.8,12.25,9.29,5.87
2024-12-28 03:00:00,27.34,4.2,77.0,0.8,12.82,9.94,5.61
2024-12-28 04:00:00,25.69,4.9,85.7,7.5,12.19,8.23,4.9
2024-12-28 05:00:00,18.51,5.3,73.1,5.5,8.13,6.48,4.07
2024-12-28 06:00:00,19.02,3.4,68.4,5.0,8.42,6.84,3.69
2024-12-28 07:00:00,22.8,7.3,79.5,3.2,10.87,7.74,4.71
2024-12-28 08:00:00,19.05,7.3,73.5,7.2,7.77,6.35,3.9
2024-12-28 09:00:00,20.49,8.1,70.3,3.5,9.8,7.12,4.3
2024-12-28 10:00:00,28.79,11.5,72.2,4.8,12.96,10.05,5.9
2024-12-28 11:00:00,31.53,14.2,69.0,1.4,14.26,9.96,6.16
2024-12-28 12:00:00,29.23,14.8,62.5,2.1,13.18,11.85,5.06
2024-12-28 13:00:00,28.84,14.0,73.2,3.2,13.87,10.34,5.94
2024-12-28 14:00:00,26.33,13.2,72.5,4.0,11.81,9.87,4.92
2024-12-28 15:00:00,23.25,12.7,78.6,5.4,9.82,8.18,4.55
2024-12-28 16:00:00,24.34,11.2,68.3,2.2,10.93,9.58,4.69
2024-12-28 17:00:00,17.59,11.3,71.2,5.2,7.83,6.33,3.67
2024-12-28 18:00:00,19.13,12.1,70.7,6.3,8.48,6.91,3.91
2024-12-28 19:00:00,18.28,12.2,67.7,5.5,8.83,7.46,3.75
2024-12-28 20:00:00,18.96,7.0,77.6,4.2,8.68,6.56,4.2
2024-12-28 21:00:00,27.59,3.9,81.7,5.5,12.76,9.3,5.57
2024-12-28 22:00:00,26.93,4.9,80.5,6.1,10.38,10.12,5.57
2024-12-28 23:00:00,30.76,6.0,75.1,3.8,13.77,10.97,6.05
2024-12-29 00:00:00,27.38,6.9,74.6,5.5,12.17,10.22,5.05
2024-12-29 01:00:00,28.54,5.3,74.8,3.1,13.55,9.21,5.7
2024-12-29 02:00:00,30.22,5.1,74.1,3.6,14.27,10.07,6.71
2024-12-29 03:00:00,31.99,2.1,81.2,1.0,14.92,11.11,6.16
2024-12-29 04:00:00,17.77,2.6,88.5,6.2,7.89,6.71,3.52
2024-12-29 05:00:00,20.15,2.6,91.0,1.7,8.6,6.4,3.83
2024-12-29 06:00:00,20.93,4.7,85.0,2.4,9.19,7.8,3.5
2024-12-29 07:00:00,19.11,8.2,71.8,2.6,8.55,6.2,4.12
2024-12-29 08:00:00,24.83,10.6,73.3,1.5,11.28,9.38,4.75
2024-12-29 09:00:00,23.35,10.0,61.8,6.8,10.61,8.28,4.51
2024-12-29 10:00:00,28.72,10.3,70.9,7.9,12.96,10.41,5.38
2024-12-29 11:00:00,52.36,10.1,69.9,6.0,23.57,18.53,11.36
2024-12-29 12:00:00,34.19,12.3,78.6,2.8,15.9,12.22,7.2
2024-12-29 13:00:00,28.7,13.3,69.3,1.0,13.03,9.15,6.14
2024-12-29 14:00:00,27.45,11.0,71.1,1.9,12.13,10.34,5.76
2024-12-29 15:00:00,27.89,14.4,66.4,5.2,12.72,9.47,5.56
2024-12-29 16:00:00,20.14,11.9,68.3,2.5,9.46,7.39,4.04
2024-12-29 17:00:00,20.82,13.0,71.1,6.3,10.37,7.4,3.88
2024-12-29 18:00:00,15.34,10.7,67.9,5.7,6.67,5.18,2.88
2024-12-29 19:00:00,17.93,9.9,74.9,2.2,7.67,6.55,3.63
2024-12-29 20:00:00,23.66,7.1,82.6,4.6,10.81,7.65,4.59
2024-12-29 21:00:00,23.04,6.4,76.9,3.2,9.94,7.62,4.51
2024-12-29 22:00:00,26.97,6.6,74.5,2.1,12.27,9.06,5.28
2024-12-29 23:00:00,31.63,4.4,78.3,4.0,15.01,11.08,6.03
2024-12-30 00:00:00,38.55,2.1,87.4,5.7,16.9,13.81,7.66
2024-12-30 01:00:00,41.05,3.5,80.5,6.9,18.36,14.26,8.59
2024-12-30 02:00:00,36.79,3.7,76.5,1.0,16.61,12.51,7.53
2024-12-30 03:00:00,33.59,5.4,81.6,3.1,15.43,12.33,6.31
2024-12-30 04:00:00,31.85,5.5,73.8,4.1,13.97,12.02,6.93
2024-12-30 05:00:00,26.8,4.5,77.4,2.7,12.87,9.14,5.49
2024-12-30 06:00:00,28.85,4.8,79.4,2.6,13.33,9.73,5.9
2024-12-30 07:00:00,28.28,6.5,72.2,5.2,12.9,9.86,5.74
2024-12-30 08:00:00,27.44,7.4,66.2,5.2,12.14,9.78,5.89
2024-12-30 09:00:00,35.73,10.2,74.0,4.8,15.17,12.18,6.89
2024-12-30 10:00:00,36.91,12.2,58.4,6.4,16.27,13.12,7.37
2024-12-30 11:00:00,38.01,13.5,63.1,3.5,17.17,13.86,7.42
2024-12-30 12:00:00,40.7,11.8,73.7,5.3,18.82,14.18,8.61
2024-12-30 13:00:00,41.78,12.2,71.5,0.5,19.33,13.78,8.7
2024-12-30 14:00:00,37.39,12.5,68.2,8.9,17.11,13.25,7.32
2024-12-30 15:00:00,37.06,10.1,67.4,6.7,16.4,12.49,7.1
2024-12-30 16:00:00,31.47,10.7,69.1,5.8,15.71,11.15,6.02
2024-12-30 17:00:00,27.31,11.6,72.9,4.0,12.08,9.69,5.23
2024-12-30 18:00:00,22.43,11.2,69.9,3.8,10.79,7.45,4.24
2024-12-30 19:00:00,25.56,10.2,65.6,1.7,11.6,8.71,5.51
2024-12-30 20:00:00,28.93,7.0,71.2,1.0,12.68,9.81,5.87
2024-12-30 21:00:00,34.24,6.1,74.5,2.3,15.46,12.59,6.79
2024-12-30 22:00:00,37.84,5.2,79.6,1.7,16.81,12.93,7.11
2024-12-30 23:00:00,39.42,4.0,79.7,3.8,16.77,13.91,7.55
2024-12-31 00:00:00,40.4,4.8,72.0,2.7,18.23,13.19,7.7
